Time,M1,M2,M3,M4,Pitch,Roll,Yaw,PosX,PosY,Altitude
0.000,0.0,0.0,0.0,0.0,0.000,0.000,0.000,0.32507,-0.27613,0.011
0.010,0.0,0.0,0.0,0.0,0.000,0.000,0.000,0.32507,-0.27613,0.005
0.020,0.0,0.0,0.0,0.0,0.000,0.000,0.000,0.32507,-0.27613,0.005
0.030,0.0,0.0,0.0,0.0,0.000,0.000,0.021,0.32507,-0.27613,0.000
0.040,0.0,0.0,0.0,0.0,0.000,0.000,0.021,0.32507,-0.27613,0.000
0.050,0.0,0.0,0.0,0.0,0.000,0.000,0.021,0.32507,-0.27613,-0.005
0.060,0.0,0.0,0.0,0.0,0.000,0.000,0.021,0.32507,-0.27613,-0.005
0.070,0.0,0.0,0.0,0.0,0.011,-0.003,0.050,0.32507,-0.27613,-0.005
0.080,0.0,0.0,0.0,0.0,-0.005,0.002,0.036,0.32507,-0.27613,-0.005
0.090,0.0,0.0,0.0,0.0,-0.004,0.000,0.036,0.32507,-0.27613,-0.005
0.100,0.0,0.0,0.0,0.0,-0.001,-0.001,0.036,0.32507,-0.27613,-0.005
0.110,0.0,0.0,0.0,0.0,0.001,0.000,0.036,0.32507,-0.27613,-0.005
0.120,0.0,0.0,0.0,0.0,0.001,0.000,0.036,0.32507,-0.27613,-0.005
0.130,0.0,0.0,0.0,0.0,0.000,0.000,0.036,0.32507,-0.27613,-0.005
0.140,0.0,0.0,0.0,0.0,0.000,0.000,0.036,0.32507,-0.27613,-0.005
0.150,0.0,0.0,0.0,0.0,0.000,0.000,0.036,0.32507,-0.27613,-0.005
0.160,0.0,0.0,0.0,0.0,0.000,0.000,0.036,0.32507,-0.27613,-0.005
0.170,0.0,0.0,0.0,0.0,0.000,0.000,0.036,0.32507,-0.27613,-0.005
0.180,0.0,0.0,0.0,0.0,0.000,0.000,0.036,0.32507,-0.27613,-0.005
0.190,0.0,0.0,0.0,0.0,0.000,0.000,0.036,0.32507,-0.27613,-0.005
0.200,0.0,0.0,0.0,0.0,0.000,0.000,0.036,0.32507,-0.27613,-0.005
0.210,0.0,0.0,0.0,0.0,0.000,0.000,0.036,0.32436,-0.27779,-0.005
0.220,0.0,0.0,0.0,0.0,0.000,0.000,0.036,0.32436,-0.27779,-0.005
0.230,0.0,0.0,0.0,0.0,0.000,0.000,0.036,0.32436,-0.27779,-0.005
0.240,0.0,0.0,0.0,0.0,0.000,0.000,0.036,0.32436,-0.27779,-0.005
0.250,0.0,0.0,0.0,0.0,0.000,0.000,0.036,0.32436,-0.27779,-0.005
0.260,0.0,0.0,0.0,0.0,0.000,0.000,0.036,0.32436,-0.27779,-0.005
0.270,0.0,0.0,0.0,0.0,0.000,0.000,0.036,0.32436,-0.27779,-0.005
0.280,0.0,0.0,0.0,0.0,0.000,0.000,0.036,0.32436,-0.27779,-0.005
0.290,0.0,0.0,0.0,0.0,0.000,0.000,0.036,0.32436,-0.27779,-0.005
0.300,0.0,0.0,0.0,0.0,0.000,0.000,0.036,0.32436,-0.27779,-0.005
0.310,0.0,0.0,0.0,0.0,0.000,0.000,0.036,0.32436,-0.27779,-0.005
0.320,0.0,0.0,0.0,0.0,0.000,0.000,0.036,0.32436,-0.27779,-0.005
0.330,0.0,0.0,0.0,0.0,0.000,0.000,0.036,0.32436,-0.27779,-0.005
0.340,0.0,0.0,0.0,0.0,0.000,0.000,0.036,0.32436,-0.27779,-0.005
0.350,0.0,0.0,0.0,0.0,0.000,0.000,0.036,0.32436,-0.27779,-0.005
0.360,0.0,0.0,0.0,0.0,0.000,0.000,0.036,0.32436,-0.27779,-0.005
0.370,0.0,0.0,0.0,0.0,0.000,0.000,0.036,0.32436,-0.27779,-0.005
0.380,0.0,0.0,0.0,0.0,0.000,0.000,0.036,0.32436,-0.27779,-0.005
0.390,0.0,0.0,0.0,0.0,0.000,0.000,0.036,0.32436,-0.27779,-0.005
0.400,0.0,0.0,0.0,0.0,0.000,0.000,0.036,0.32436,-0.27779,-0.005
0.410,0.0,0.0,0.0,0.0,0.000,0.000,0.036,0.32436,-0.27779,-0.005
0.420,0.0,0.0,0.0,0.0,0.000,0.000,0.036,0.32436,-0.27779,-0.005
0.430,0.0,0.0,0.0,0.0,0.000,0.000,0.036,0.32436,-0.27779,-0.005
0.440,0.0,0.0,0.0,0.0,0.000,0.000,0.036,0.32436,-0.27779,-0.005
0.450,0.0,0.0,0.0,0.0,0.000,0.000,0.036,0.32436,-0.27779,-0.005
0.460,0.0,0.0,0.0,0.0,0.000,0.000,0.036,0.32436,-0.27779,-0.005
0.470,0.0,0.0,0.0,0.0,0.000,0.000,0.036,0.32436,-0.27779,-0.005
0.480,0.0,0.0,0.0,0.0,0.000,0.000,0.036,0.32436,-0.27779,-0.005
0.490,0.0,0.0,0.0,0.0,0.000,0.000,0.036,0.32436,-0.27779,-0.005
0.500,0.0,0.0,0.0,0.0,0.000,0.000,0.036,0.32436,-0.27779,-0.005
0.510,0.0,0.0,0.0,0.0,0.000,0.000,0.036,0.32436,-0.27779,-0.005
0.520,0.0,0.0,0.0,0.0,0.000,0.000,0.036,0.32436,-0.27779,-0.005
0.530,0.0,0.0,0.0,0.0,0.000,0.000,0.036,0.32436,-0.27779,-0.005
0.540,0.0,0.0,0.0,0.0,0.000,0.000,0.036,0.32436,-0.27779,-0.005
0.550,0.0,0.0,0.0,0.0,0.000,0.000,0.036,0.32436,-0.27779,-0.005
0.560,0.0,0.0,0.0,0.0,0.000,0.000,0.036,0.32436,-0.27779,-0.005
0.570,0.0,0.0,0.0,0.0,0.000,0.000,0.036,0.32436,-0.27779,-0.005
0.580,0.0,0.0,0.0,0.0,0.000,0.000,0.036,0.32436,-0.27779,-0.005
0.590,0.0,0.0,0.0,0.0,0.000,0.000,0.036,0.32436,-0.27779,-0.005
0.600,0.0,0.0,0.0,0.0,0.000,0.000,0.036,0.32436,-0.27779,-0.005
0.610,0.0,0.0,0.0,0.0,0.000,0.000,0.036,0.32436,-0.27779,-0.005
0.620,0.0,0.0,0.0,0.0,0.000,0.000,0.036,0.32436,-0.27779,-0.005
0.630,0.0,0.0,0.0,0.0,0.000,0.000,0.036,0.32436,-0.27779,-0.005
0.640,0.0,0.0,0.0,0.0,0.000,0.000,0.036,0.32436,-0.27779,-0.005
0.650,0.0,0.0,0.0,0.0,0.000,0.000,0.036,0.32436,-0.27779,-0.005
0.660,0.0,0.0,0.0,0.0,0.000,0.000,0.036,0.32436,-0.27779,-0.005
0.670,0.0,0.0,0.0,0.0,0.000,0.000,0.036,0.32436,-0.27779,-0.005
0.680,0.0,0.0,0.0,0.0,0.000,0.000,0.036,0.32436,-0.27779,-0.005
0.690,0.0,0.0,0.0,0.0,0.000,0.000,0.036,0.32436,-0.27779,-0.005
0.700,0.0,0.0,0.0,0.0,0.000,0.000,0.036,0.32436,-0.27779,-0.005
0.710,0.0,0.0,0.0,0.0,0.000,0.000,0.036,0.32436,-0.27779,-0.005
0.720,0.0,0.0,0.0,0.0,0.000,0.000,0.036,0.32436,-0.27779,-0.005
0.730,0.0,0.0,0.0,0.0,0.000,0.000,0.036,0.32436,-0.27779,-0.005
0.740,0.0,0.0,0.0,0.0,0.000,0.000,0.036,0.32436,-0.27779,-0.005
0.750,0.0,0.0,0.0,0.0,0.000,0.000,0.036,0.32436,-0.27779,-0.005
0.760,0.0,0.0,0.0,0.0,0.000,0.000,0.036,0.32436,-0.27779,-0.005
0.770,0.0,0.0,0.0,0.0,0.000,0.000,0.036,0.32436,-0.27779,-0.005
0.780,0.0,0.0,0.0,0.0,0.000,0.000,0.036,0.32436,-0.27779,-0.005
0.790,0.0,0.0,0.0,0.0,0.000,0.000,0.036,0.32436,-0.27779,-0.005
0.800,0.0,0.0,0.0,0.0,0.000,0.000,0.036,0.32436,-0.27779,-0.005
0.810,0.0,0.0,0.0,0.0,0.000,0.000,0.036,0.32436,-0.27779,-0.005
0.820,0.0,0.0,0.0,0.0,0.000,0.000,0.036,0.32436,-0.27779,-0.005
0.830,0.0,0.0,0.0,0.0,0.000,0.000,0.036,0.32436,-0.27779,-0.005
0.840,0.0,0.0,0.0,0.0,0.000,0.000,0.036,0.32436,-0.27779,-0.005
0.850,0.0,0.0,0.0,0.0,0.000,0.000,0.036,0.32436,-0.27779,-0.005
0.860,0.0,0.0,0.0,0.0,0.000,0.000,0.036,0.32436,-0.27779,-0.005
0.870,0.0,0.0,0.0,0.0,0.000,0.000,0.036,0.32436,-0.27779,-0.005
0.880,0.0,0.0,0.0,0.0,0.000,0.000,0.036,0.32436,-0.27779,-0.005
0.890,0.0,0.0,0.0,0.0,0.000,0.000,0.036,0.32436,-0.27779,-0.005
0.900,0.0,0.0,0.0,0.0,0.000,0.000,0.036,0.32436,-0.27779,-0.005
0.910,0.0,0.0,0.0,0.0,0.000,0.000,0.036,0.32436,-0.27779,-0.005
0.920,0.0,0.0,0.0,0.0,0.000,0.000,0.036,0.32436,-0.27779,-0.005
0.930,0.0,0.0,0.0,0.0,0.000,0.000,0.036,0.32436,-0.27779,-0.005
0.940,0.0,0.0,0.0,0.0,0.000,0.000,0.036,0.32436,-0.27779,-0.005
0.950,0.0,0.0,0.0,0.0,0.000,0.000,0.036,0.32436,-0.27779,-0.005
0.960,0.0,0.0,0.0,0.0,0.000,0.000,0.036,0.32436,-0.27779,-0.005
0.970,0.0,0.0,0.0,0.0,0.000,0.000,0.036,0.32436,-0.27779,-0.005
0.980,0.0,0.0,0.0,0.0,0.000,0.000,0.036,0.32436,-0.27779,-0.005
0.990,0.0,0.0,0.0,0.0,0.000,0.000,0.036,0.32436,-0.27779,-0.005
1.000,0.0,0.0,0.0,0.0,0.000,0.000,0.036,0.32436,-0.27779,-0.005
1.010,0.0,0.0,0.0,0.0,0.000,0.000,0.036,0.32436,-0.27779,-0.005
1.020,0.0,0.0,0.0,0.0,0.000,0.000,0.036,0.32436,-0.27779,-0.005
1.030,0.0,0.0,0.0,0.0,0.000,0.000,0.036,0.32436,-0.27779,-0.005
1.040,0.0,0.0,0.0,0.0,0.000,0.000,0.036,0.32436,-0.27779,-0.005
1.050,0.0,0.0,0.0,0.0,0.000,0.000,0.036,0.32436,-0.27779,-0.005
1.060,0.0,0.0,0.0,0.0,0.000,0.000,0.036,0.32436,-0.27779,-0.005
1.070,0.0,0.0,0.0,0.0,0.000,0.000,0.036,0.32436,-0.27779,-0.005
1.080,0.0,0.0,0.0,0.0,0.000,0.000,0.036,0.32436,-0.27779,-0.005
1.090,0.0,0.0,0.0,0.0,0.000,0.000,0.036,0.32436,-0.27779,-0.005
1.100,0.0,0.0,0.0,0.0,0.000,0.000,0.036,0.32436,-0.27779,-0.005
1.110,0.0,0.0,0.0,0.0,0.000,0.000,0.036,0.32436,-0.27779,-0.005
1.120,0.0,0.0,0.0,0.0,0.000,0.000,0.036,0.32436,-0.27779,-0.005
1.130,0.0,0.0,0.0,0.0,0.000,0.000,0.036,0.32436,-0.27779,-0.005
1.140,0.0,0.0,0.0,0.0,0.000,0.000,0.036,0.32436,-0.27779,-0.005
1.150,0.0,0.0,0.0,0.0,0.000,0.000,0.036,0.32436,-0.27779,-0.005
1.160,0.0,0.0,0.0,0.0,0.000,0.000,0.036,0.32436,-0.27779,-0.005
1.170,0.0,0.0,0.0,0.0,0.000,0.000,0.036,0.32436,-0.27779,-0.005
1.180,0.0,0.0,0.0,0.0,0.000,0.000,0.036,0.32436,-0.27779,-0.005
1.190,0.0,0.0,0.0,0.0,0.000,0.000,0.036,0.32436,-0.27779,-0.005
1.200,0.0,0.0,0.0,0.0,0.000,0.000,0.036,0.32436,-0.27779,-0.005
1.210,0.0,0.0,0.0,0.0,0.000,0.000,0.036,0.32436,-0.27779,-0.005
1.220,0.0,0.0,0.0,0.0,0.000,0.000,0.036,0.32436,-0.27779,-0.005
1.230,0.0,0.0,0.0,0.0,0.000,0.000,0.036,0.32436,-0.27779,-0.005
1.240,0.0,0.0,0.0,0.0,0.000,0.000,0.036,0.32436,-0.27779,-0.005
1.250,0.0,0.0,0.0,0.0,0.000,0.000,0.036,0.32436,-0.27779,-0.005
1.260,0.0,0.0,0.0,0.0,0.000,0.000,0.036,0.32436,-0.27779,-0.005
1.270,0.0,0.0,0.0,0.0,0.000,0.000,0.036,0.32436,-0.27779,-0.005
1.280,0.0,0.0,0.0,0.0,0.000,0.000,0.036,0.32436,-0.27779,-0.005
1.290,0.0,0.0,0.0,0.0,0.000,0.000,0.036,0.32436,-0.27779,-0.005
1.300,0.0,0.0,0.0,0.0,0.000,0.000,0.036,0.32436,-0.27779,-0.005
1.310,0.0,0.0,0.0,0.0,0.000,0.000,0.036,0.32436,-0.27779,-0.005
1.320,0.0,0.0,0.0,0.0,0.000,0.000,0.036,0.32436,-0.27779,-0.005
1.330,0.0,0.0,0.0,0.0,0.000,0.000,0.036,0.32436,-0.27779,-0.005
1.340,0.0,0.0,0.0,0.0,0.000,0.000,0.036,0.32436,-0.27779,-0.005
1.350,0.0,0.0,0.0,0.0,0.000,0.000,0.036,0.32436,-0.27779,-0.005
1.360,0.0,0.0,0.0,0.0,0.000,0.000,0.036,0.32436,-0.27779,-0.005
1.370,0.0,0.0,0.0,0.0,0.000,0.000,0.036,0.32436,-0.27779,-0.005
1.380,0.0,0.0,0.0,0.0,0.000,0.000,0.036,0.32436,-0.27779,-0.005
1.390,0.0,0.0,0.0,0.0,0.000,0.000,0.036,0.32436,-0.27779,-0.005
1.400,0.0,0.0,0.0,0.0,0.000,0.000,0.036,0.32436,-0.27779,-0.005
1.410,0.0,0.0,0.0,0.0,0.000,0.000,0.036,0.32436,-0.27779,-0.005
1.420,0.0,0.0,0.0,0.0,0.000,0.000,0.036,0.32436,-0.27779,-0.005
1.430,0.0,0.0,0.0,0.0,0.000,0.000,0.036,0.32436,-0.27779,-0.005
1.440,0.0,0.0,0.0,0.0,0.000,0.000,0.036,0.32436,-0.27779,-0.005
1.450,0.0,0.0,0.0,0.0,0.000,0.000,0.036,0.32436,-0.27779,-0.005
1.460,0.0,0.0,0.0,0.0,0.000,0.000,0.036,0.32436,-0.27779,-0.005
1.470,0.0,0.0,0.0,0.0,0.000,0.000,0.036,0.32436,-0.27779,-0.005
1.480,0.0,0.0,0.0,0.0,0.000,0.000,0.036,0.32436,-0.27779,-0.005
1.490,0.0,0.0,0.0,0.0,0.000,0.000,0.036,0.32436,-0.27779,-0.005
1.500,0.0,0.0,0.0,0.0,0.000,0.000,0.036,0.32436,-0.27779,-0.005
1.510,0.0,0.0,0.0,0.0,0.000,0.000,0.036,0.32436,-0.27779,-0.005
1.520,0.0,0.0,0.0,0.0,0.000,0.000,0.036,0.32436,-0.27779,-0.005
1.530,0.0,0.0,0.0,0.0,0.000,0.000,0.036,0.32436,-0.27779,-0.005
1.540,0.0,0.0,0.0,0.0,0.000,0.000,0.036,0.32436,-0.27779,-0.005
1.550,0.0,0.0,0.0,0.0,0.000,0.000,0.036,0.32436,-0.27779,-0.005
1.560,0.0,0.0,0.0,0.0,0.000,0.000,0.036,0.32436,-0.27779,-0.005
1.570,0.0,0.0,0.0,0.0,0.000,0.000,0.036,0.32436,-0.27779,-0.005
1.580,0.0,0.0,0.0,0.0,0.000,0.000,0.036,0.32436,-0.27779,-0.005
1.590,0.0,0.0,0.0,0.0,0.000,0.000,0.036,0.32436,-0.27779,-0.005
1.600,0.0,0.0,0.0,0.0,0.000,0.000,0.036,0.32436,-0.27779,-0.005
1.610,0.0,0.0,0.0,0.0,0.000,0.000,0.036,0.32436,-0.27779,-0.005
1.620,0.0,0.0,0.0,0.0,0.000,0.000,0.036,0.32436,-0.27779,-0.005
1.630,0.0,0.0,0.0,0.0,0.000,0.000,0.036,0.32436,-0.27779,-0.005
1.640,0.0,0.0,0.0,0.0,0.000,0.000,0.036,0.32436,-0.27779,-0.005
1.650,0.0,0.0,0.0,0.0,0.000,0.000,0.036,0.32436,-0.27779,-0.005
1.660,0.0,0.0,0.0,0.0,0.000,0.000,0.036,0.32436,-0.27779,-0.005
1.670,0.0,0.0,0.0,0.0,0.000,0.000,0.036,0.32436,-0.27779,-0.005
1.680,0.0,0.0,0.0,0.0,0.000,0.000,0.036,0.32436,-0.27779,-0.005
1.690,0.0,0.0,0.0,0.0,0.000,0.000,0.036,0.32436,-0.27779,-0.005
1.700,0.0,0.0,0.0,0.0,0.000,0.000,0.036,0.32436,-0.27779,-0.005
1.710,0.0,0.0,0.0,0.0,0.000,0.000,0.036,0.32436,-0.27779,-0.005
1.720,0.0,0.0,0.0,0.0,0.000,0.000,0.036,0.32436,-0.27779,-0.005
1.730,0.0,0.0,0.0,0.0,0.000,0.000,0.036,0.32436,-0.27779,-0.005
1.740,0.0,0.0,0.0,0.0,0.000,0.000,0.036,0.32436,-0.27779,-0.005
1.750,0.0,0.0,0.0,0.0,0.000,0.000,0.036,0.32436,-0.27779,-0.005
1.760,0.0,0.0,0.0,0.0,0.000,0.000,0.036,0.32436,-0.27779,-0.005
1.770,0.0,0.0,0.0,0.0,0.000,0.000,0.036,0.32436,-0.27779,-0.005
1.780,0.0,0.0,0.0,0.0,0.000,0.000,0.036,0.32436,-0.27779,-0.005
1.790,0.0,0.0,0.0,0.0,0.000,0.000,0.036,0.32436,-0.27779,-0.005
1.800,0.0,0.0,0.0,0.0,0.000,0.000,0.036,0.32436,-0.27779,-0.005
1.810,0.0,0.0,0.0,0.0,0.000,0.000,0.036,0.32436,-0.27779,-0.005
1.820,0.0,0.0,0.0,0.0,0.000,0.000,0.036,0.32436,-0.27779,-0.005
1.830,0.0,0.0,0.0,0.0,0.000,0.000,0.036,0.32436,-0.27779,-0.005
1.840,0.0,0.0,0.0,0.0,0.000,0.000,0.036,0.32436,-0.27779,-0.005
1.850,0.0,0.0,0.0,0.0,0.000,0.000,0.036,0.32436,-0.27779,-0.005
1.860,0.0,0.0,0.0,0.0,0.000,0.000,0.036,0.32436,-0.27779,-0.005
1.870,0.0,0.0,0.0,0.0,0.000,0.000,0.036,0.32436,-0.27779,-0.005
1.880,0.0,0.0,0.0,0.0,0.000,0.000,0.036,0.32436,-0.27779,-0.005
1.890,0.0,0.0,0.0,0.0,0.000,0.000,0.036,0.32436,-0.27779,-0.005
1.900,0.0,0.0,0.0,0.0,0.000,0.000,0.036,0.32436,-0.27779,-0.005
1.910,0.0,0.0,0.0,0.0,0.000,0.000,0.036,0.32436,-0.27779,-0.005
1.920,0.0,0.0,0.0,0.0,0.000,0.000,0.036,0.32436,-0.27779,-0.005
1.930,0.0,0.0,0.0,0.0,0.000,0.000,0.036,0.32436,-0.27779,-0.005
1.940,0.0,0.0,0.0,0.0,0.000,0.000,0.036,0.32436,-0.27779,-0.005
1.950,0.0,0.0,0.0,0.0,0.000,0.000,0.036,0.32436,-0.27779,-0.005
1.960,0.0,0.0,0.0,0.0,0.000,0.000,0.036,0.32436,-0.27779,-0.005
1.970,0.0,0.0,0.0,0.0,0.000,0.000,0.036,0.32436,-0.27779,-0.005
1.980,0.0,0.0,0.0,0.0,0.000,0.000,0.036,0.32436,-0.27779,-0.005
1.990,0.0,0.0,0.0,0.0,0.000,0.000,0.036,0.32436,-0.27779,-0.005
2.000,0.0,0.0,0.0,0.0,0.000,0.000,0.036,0.32436,-0.27779,-0.005
2.010,0.0,0.0,0.0,0.0,0.000,0.000,0.036,0.32436,-0.27779,-0.005
2.020,0.0,0.0,0.0,0.0,0.000,0.000,0.036,0.32436,-0.27779,-0.005
2.030,0.0,0.0,0.0,0.0,0.000,0.000,0.036,0.32436,-0.27779,-0.005
2.040,0.0,0.0,0.0,0.0,0.000,0.000,0.036,0.32436,-0.27779,-0.005
2.050,0.0,0.0,0.0,0.0,0.000,0.000,0.036,0.32436,-0.27779,-0.005
2.060,0.0,0.0,0.0,0.0,0.000,0.000,0.036,0.32436,-0.27779,-0.005
2.070,0.0,0.0,0.0,0.0,0.000,0.000,0.036,0.32436,-0.27779,-0.005
2.080,0.0,0.0,0.0,0.0,0.000,0.000,0.036,0.32436,-0.27779,-0.005
2.090,0.0,0.0,0.0,0.0,0.000,0.000,0.036,0.32436,-0.27779,-0.005
2.100,0.0,0.0,0.0,0.0,0.000,0.000,0.036,0.32436,-0.27779,-0.005
2.110,0.0,0.0,0.0,0.0,0.000,0.000,0.036,0.32436,-0.27779,-0.005
2.120,0.0,0.0,0.0,0.0,0.000,0.000,0.036,0.32436,-0.27779,-0.005
2.130,0.0,0.0,0.0,0.0,0.000,0.000,0.036,0.32436,-0.27779,-0.005
2.140,0.0,0.0,0.0,0.0,0.000,0.000,0.036,0.32436,-0.27779,-0.005
2.150,0.0,0.0,0.0,0.0,0.000,0.000,0.036,0.32436,-0.27779,-0.005
2.160,0.0,0.0,0.0,0.0,0.000,0.000,0.036,0.32436,-0.27779,-0.005
2.170,0.0,0.0,0.0,0.0,0.000,0.000,0.036,0.32436,-0.27779,-0.005
2.180,0.0,0.0,0.0,0.0,0.000,0.000,0.036,0.32436,-0.27779,-0.005
2.190,0.0,0.0,0.0,0.0,0.000,0.000,0.036,0.32436,-0.27779,-0.005
2.200,0.0,0.0,0.0,0.0,0.000,0.000,0.036,0.32436,-0.27779,-0.005
2.210,0.0,0.0,0.0,0.0,0.000,0.000,0.036,0.32436,-0.27779,-0.005
2.220,0.0,0.0,0.0,0.0,0.000,0.000,0.036,0.32436,-0.27779,-0.005
2.230,0.0,0.0,0.0,0.0,0.000,0.000,0.036,0.32436,-0.27779,-0.005
2.240,0.0,0.0,0.0,0.0,0.000,0.000,0.036,0.32436,-0.27779,-0.005
2.250,0.0,0.0,0.0,0.0,0.000,0.000,0.036,0.32436,-0.27779,-0.005
2.260,0.0,0.0,0.0,0.0,0.000,0.000,0.036,0.32436,-0.27779,-0.005
2.270,0.0,0.0,0.0,0.0,0.000,0.000,0.036,0.32436,-0.27779,-0.005
2.280,0.0,0.0,0.0,0.0,0.000,0.000,0.036,0.32436,-0.27779,-0.005
2.290,0.0,0.0,0.0,0.0,0.000,0.000,0.036,0.32436,-0.27779,-0.005
2.300,0.0,0.0,0.0,0.0,0.000,0.000,0.036,0.32436,-0.27779,-0.005
2.310,0.0,0.0,0.0,0.0,0.000,0.000,0.036,0.32436,-0.27779,-0.005
2.320,0.0,0.0,0.0,0.0,0.000,0.000,0.036,0.32436,-0.27779,-0.005
2.330,0.0,0.0,0.0,0.0,0.000,0.000,0.036,0.32436,-0.27779,-0.005
2.340,0.0,0.0,0.0,0.0,0.000,0.000,0.036,0.32436,-0.27779,-0.005
2.350,0.0,0.0,0.0,0.0,0.000,0.000,0.036,0.32436,-0.27779,-0.005
2.360,0.0,0.0,0.0,0.0,0.000,0.000,0.036,0.32436,-0.27779,-0.005
2.370,0.0,0.0,0.0,0.0,0.000,0.000,0.036,0.32436,-0.27779,-0.005
2.380,0.0,0.0,0.0,0.0,0.000,0.000,0.036,0.32436,-0.27779,-0.005
2.390,0.0,0.0,0.0,0.0,0.000,0.000,0.036,0.32436,-0.27779,-0.005
2.400,0.0,0.0,0.0,0.0,0.000,0.000,0.036,0.32436,-0.27779,-0.005
2.410,0.0,0.0,0.0,0.0,0.000,0.000,0.036,0.32436,-0.27779,-0.005
2.420,0.0,0.0,0.0,0.0,0.000,0.000,0.036,0.32436,-0.27779,-0.005
2.430,0.0,0.0,0.0,0.0,0.000,0.000,0.036,0.32436,-0.27779,-0.005
2.440,0.0,0.0,0.0,0.0,0.000,0.000,0.036,0.32436,-0.27779,-0.005
2.450,0.0,0.0,0.0,0.0,0.000,0.000,0.036,0.32436,-0.27779,-0.005
2.460,0.0,0.0,0.0,0.0,0.000,0.000,0.036,0.32436,-0.27779,-0.005
2.470,0.0,0.0,0.0,0.0,0.000,0.000,0.036,0.32436,-0.27779,-0.005
2.480,0.0,0.0,0.0,0.0,0.000,0.000,0.036,0.32436,-0.27779,-0.005
2.490,0.0,0.0,0.0,0.0,0.000,0.000,0.036,0.32436,-0.27779,-0.005
2.500,0.0,0.0,0.0,0.0,0.000,0.000,0.036,0.32436,-0.27779,-0.005
2.510,0.0,0.0,0.0,0.0,0.000,0.000,0.036,0.32436,-0.27779,-0.005
2.520,0.0,0.0,0.0,0.0,0.000,0.000,0.036,0.32436,-0.27779,-0.005
2.530,0.0,0.0,0.0,0.0,0.000,0.000,0.036,0.32436,-0.27779,-0.005
2.540,0.0,0.0,0.0,0.0,0.000,0.000,0.036,0.32436,-0.27779,-0.005
2.550,0.0,0.0,0.0,0.0,0.000,0.000,0.036,0.32436,-0.27779,-0.005
2.560,0.0,0.0,0.0,0.0,0.000,0.000,0.036,0.32436,-0.27779,-0.005
2.570,0.0,0.0,0.0,0.0,0.000,0.000,0.036,0.32436,-0.27779,-0.005
2.580,0.0,0.0,0.0,0.0,0.000,0.000,0.036,0.32436,-0.27779,-0.005
2.590,0.0,0.0,0.0,0.0,0.000,0.000,0.036,0.32436,-0.27779,-0.005
2.600,0.0,0.0,0.0,0.0,0.000,0.000,0.036,0.32436,-0.27779,-0.005
2.610,0.0,0.0,0.0,0.0,0.000,0.000,0.036,0.32436,-0.27779,-0.005
2.620,0.0,0.0,0.0,0.0,0.000,0.000,0.036,0.32436,-0.27779,-0.005
2.630,0.0,0.0,0.0,0.0,0.000,0.000,0.036,0.32436,-0.27779,-0.005
2.640,0.0,0.0,0.0,0.0,0.000,0.000,0.036,0.32436,-0.27779,-0.005
2.650,0.0,0.0,0.0,0.0,0.000,0.000,0.036,0.32436,-0.27779,-0.005
2.660,0.0,0.0,0.0,0.0,0.000,0.000,0.036,0.32436,-0.27779,-0.005
2.670,0.0,0.0,0.0,0.0,0.000,0.000,0.036,0.32436,-0.27779,-0.005
2.680,0.0,0.0,0.0,0.0,0.000,0.000,0.036,0.32436,-0.27779,-0.005
2.690,0.0,0.0,0.0,0.0,0.000,0.000,0.036,0.32436,-0.27779,-0.005
2.700,0.0,0.0,0.0,0.0,0.000,0.000,0.036,0.32436,-0.27779,-0.005
2.710,0.0,0.0,0.0,0.0,0.000,0.000,0.036,0.32436,-0.27779,-0.005
2.720,0.0,0.0,0.0,0.0,0.000,0.000,0.036,0.32436,-0.27779,-0.005
2.730,0.0,0.0,0.0,0.0,0.000,0.000,0.036,0.32436,-0.27779,-0.005
2.740,0.0,0.0,0.0,0.0,0.000,0.000,0.036,0.32436,-0.27779,-0.005
2.750,0.0,0.0,0.0,0.0,0.000,0.000,0.036,0.32436,-0.27779,-0.005
2.760,0.0,0.0,0.0,0.0,0.000,0.000,0.036,0.32436,-0.27779,-0.005
2.770,0.0,0.0,0.0,0.0,0.000,0.000,0.036,0.32436,-0.27779,-0.005
2.780,0.0,0.0,0.0,0.0,0.000,0.000,0.036,0.32436,-0.27779,-0.005
2.790,0.0,0.0,0.0,0.0,0.000,0.000,0.036,0.32436,-0.27779,-0.005
2.800,0.0,0.0,0.0,0.0,0.000,0.000,0.036,0.32436,-0.27779,-0.005
2.810,0.0,0.0,0.0,0.0,0.000,0.000,0.036,0.32436,-0.27779,-0.005
2.820,0.0,0.0,0.0,0.0,0.000,0.000,0.036,0.32436,-0.27779,-0.005
2.830,0.0,0.0,0.0,0.0,0.000,0.000,0.036,0.32436,-0.27779,-0.005
2.840,0.0,0.0,0.0,0.0,0.000,0.000,0.036,0.32436,-0.27779,-0.005
2.850,0.0,0.0,0.0,0.0,0.000,0.000,0.036,0.32436,-0.27779,-0.005
2.860,0.0,0.0,0.0,0.0,0.000,0.000,0.036,0.32436,-0.27779,-0.005
2.870,0.0,0.0,0.0,0.0,0.000,0.000,0.036,0.32436,-0.27779,-0.005
2.880,0.0,0.0,0.0,0.0,0.000,0.000,0.036,0.32436,-0.27779,-0.005
2.890,0.0,0.0,0.0,0.0,0.000,0.000,0.036,0.32436,-0.27779,-0.005
2.900,0.0,0.0,0.0,0.0,0.000,0.000,0.036,0.32436,-0.27779,-0.005
2.910,0.0,0.0,0.0,0.0,0.000,0.000,0.036,0.32436,-0.27779,-0.005
2.920,0.0,0.0,0.0,0.0,0.000,0.000,0.036,0.32436,-0.27779,-0.005
2.930,0.0,0.0,0.0,0.0,0.000,0.000,0.036,0.32436,-0.27779,-0.005
2.940,0.0,0.0,0.0,0.0,0.000,0.000,0.036,0.32436,-0.27779,-0.005
2.950,0.0,0.0,0.0,0.0,0.000,0.000,0.036,0.32436,-0.27779,-0.005
2.960,0.0,0.0,0.0,0.0,0.000,0.000,0.036,0.32436,-0.27779,-0.005
2.970,0.0,0.0,0.0,0.0,0.000,0.000,0.036,0.32436,-0.27779,-0.005
2.980,0.0,0.0,0.0,0.0,0.000,0.000,0.036,0.32436,-0.27779,-0.005
2.990,0.0,0.0,0.0,0.0,0.000,0.000,0.036,0.32436,-0.27779,-0.005
3.000,0.0,0.0,0.0,0.0,0.000,0.000,0.036,0.32436,-0.27779,-0.005
3.010,0.0,0.0,0.0,0.0,0.000,0.000,0.036,0.32436,-0.27779,-0.005
3.020,0.0,0.0,0.0,0.0,0.000,0.000,0.036,0.32436,-0.27779,-0.005
3.030,0.0,0.0,0.0,0.0,0.000,0.000,0.036,0.32436,-0.27779,-0.005
3.040,0.0,0.0,0.0,0.0,0.000,0.000,0.036,0.32436,-0.27779,-0.005
3.050,0.0,0.0,0.0,0.0,0.000,0.000,0.036,0.32436,-0.27779,-0.005
3.060,0.0,0.0,0.0,0.0,0.000,0.000,0.036,0.32436,-0.27779,-0.005
3.070,0.0,0.0,0.0,0.0,0.000,0.000,0.036,0.32436,-0.27779,-0.005
3.080,0.0,0.0,0.0,0.0,0.000,0.000,0.036,0.32436,-0.27779,-0.005
3.090,0.0,0.0,0.0,0.0,0.000,0.000,0.036,0.32436,-0.27779,-0.005
3.100,0.0,0.0,0.0,0.0,0.000,0.000,0.036,0.32436,-0.27779,-0.005
3.110,0.0,0.0,0.0,0.0,0.000,0.000,0.036,0.32436,-0.27779,-0.005
3.120,0.0,0.0,0.0,0.0,0.000,0.000,0.036,0.32436,-0.27779,-0.005
3.130,0.0,0.0,0.0,0.0,0.000,0.000,0.036,0.32436,-0.27779,-0.005
3.140,0.0,0.0,0.0,0.0,0.000,0.000,0.036,0.32436,-0.27779,-0.005
3.150,0.0,0.0,0.0,0.0,0.000,0.000,0.036,0.32436,-0.27779,-0.005
3.160,0.0,0.0,0.0,0.0,0.000,0.000,0.036,0.32436,-0.27779,-0.005
3.170,0.0,0.0,0.0,0.0,0.000,0.000,0.036,0.32436,-0.27779,-0.005
3.180,0.0,0.0,0.0,0.0,0.000,0.000,0.036,0.32436,-0.27779,-0.005
3.190,0.0,0.0,0.0,0.0,0.000,0.000,0.036,0.32436,-0.27779,-0.005
3.200,0.0,0.0,0.0,0.0,0.000,0.000,0.036,0.32436,-0.27779,-0.005
3.210,0.0,0.0,0.0,0.0,0.000,0.000,0.036,0.32436,-0.27779,-0.005
3.220,0.0,0.0,0.0,0.0,0.000,0.000,0.036,0.32436,-0.27779,-0.005
3.230,0.0,0.0,0.0,0.0,0.000,0.000,0.036,0.32436,-0.27779,-0.005
3.240,0.0,0.0,0.0,0.0,0.000,0.000,0.036,0.32436,-0.27779,-0.005
3.250,0.0,0.0,0.0,0.0,0.000,0.000,0.036,0.32436,-0.27779,-0.005
3.260,0.0,0.0,0.0,0.0,0.000,0.000,0.036,0.32436,-0.27779,-0.005
3.270,0.0,0.0,0.0,0.0,0.000,0.000,0.036,0.32436,-0.27779,-0.005
3.280,0.0,0.0,0.0,0.0,0.000,0.000,0.036,0.32436,-0.27779,-0.005
3.290,0.0,0.0,0.0,0.0,0.000,0.000,0.036,0.32436,-0.27779,-0.005
3.300,0.0,0.0,0.0,0.0,0.000,0.000,0.036,0.32436,-0.27779,-0.005
3.310,0.0,0.0,0.0,0.0,0.000,0.000,0.036,0.32436,-0.27779,-0.005
3.320,0.0,0.0,0.0,0.0,0.000,0.000,0.036,0.32436,-0.27779,-0.005
3.330,0.0,0.0,0.0,0.0,0.000,0.000,0.036,0.32436,-0.27779,-0.005
3.340,0.0,0.0,0.0,0.0,0.000,0.000,0.036,0.32436,-0.27779,-0.005
3.350,0.0,0.0,0.0,0.0,0.000,0.000,0.036,0.32436,-0.27779,-0.005
3.360,0.0,0.0,0.0,0.0,0.000,0.000,0.036,0.32436,-0.27779,-0.005
3.370,0.0,0.0,0.0,0.0,0.000,0.000,0.036,0.32436,-0.27779,-0.005
3.380,0.0,0.0,0.0,0.0,0.000,0.000,0.036,0.32436,-0.27779,-0.005
3.390,0.0,0.0,0.0,0.0,0.000,0.000,0.036,0.32436,-0.27779,-0.005
3.400,0.0,0.0,0.0,0.0,0.000,0.000,0.036,0.32436,-0.27779,-0.005
3.410,0.0,0.0,0.0,0.0,0.000,0.000,0.036,0.32436,-0.27779,-0.005
3.420,0.0,0.0,0.0,0.0,0.000,0.000,0.036,0.32436,-0.27779,-0.005
3.430,0.0,0.0,0.0,0.0,0.000,0.000,0.036,0.32436,-0.27779,-0.005
3.440,0.0,0.0,0.0,0.0,0.000,0.000,0.036,0.32436,-0.27779,-0.005
3.450,0.0,0.0,0.0,0.0,0.000,0.000,0.036,0.32436,-0.27779,-0.005
3.460,0.0,0.0,0.0,0.0,0.000,0.000,0.036,0.32436,-0.27779,-0.005
3.470,0.0,0.0,0.0,0.0,0.000,0.000,0.036,0.32436,-0.27779,-0.005
3.480,0.0,0.0,0.0,0.0,0.000,0.000,0.036,0.32436,-0.27779,-0.005
3.490,0.0,0.0,0.0,0.0,0.000,0.000,0.036,0.32436,-0.27779,-0.005
3.500,0.0,0.0,0.0,0.0,0.000,0.000,0.036,0.32436,-0.27779,-0.005
3.510,0.0,0.0,0.0,0.0,0.000,0.000,0.036,0.32436,-0.27779,-0.005
3.520,0.0,0.0,0.0,0.0,0.000,0.000,0.036,0.32436,-0.27779,-0.005
3.530,0.0,0.0,0.0,0.0,0.000,0.000,0.036,0.32436,-0.27779,-0.005
3.540,0.0,0.0,0.0,0.0,0.000,0.000,0.036,0.32436,-0.27779,-0.005
3.550,0.0,0.0,0.0,0.0,0.000,0.000,0.036,0.32436,-0.27779,-0.005
3.560,0.0,0.0,0.0,0.0,0.000,0.000,0.036,0.32436,-0.27779,-0.005
3.570,0.0,0.0,0.0,0.0,0.000,0.000,0.036,0.32436,-0.27779,-0.005
3.580,0.0,0.0,0.0,0.0,0.000,0.000,0.036,0.32436,-0.27779,-0.005
3.590,0.0,0.0,0.0,0.0,0.000,0.000,0.036,0.32436,-0.27779,-0.005
3.600,0.0,0.0,0.0,0.0,0.000,0.000,0.036,0.32436,-0.27779,-0.005
3.610,0.0,0.0,0.0,0.0,0.000,0.000,0.036,0.32436,-0.27779,-0.005
3.620,0.0,0.0,0.0,0.0,0.000,0.000,0.036,0.32436,-0.27779,-0.005
3.630,0.0,0.0,0.0,0.0,0.000,0.000,0.036,0.32436,-0.27779,-0.005
3.640,0.0,0.0,0.0,0.0,0.000,0.000,0.036,0.32436,-0.27779,-0.005
3.650,0.0,0.0,0.0,0.0,0.000,0.000,0.036,0.32436,-0.27779,-0.005
3.660,0.0,0.0,0.0,0.0,0.000,0.000,0.036,0.32436,-0.27779,-0.005
3.670,0.0,0.0,0.0,0.0,0.000,0.000,0.036,0.32436,-0.27779,-0.005
3.680,0.0,0.0,0.0,0.0,0.000,0.000,0.036,0.32436,-0.27779,-0.005
3.690,0.0,0.0,0.0,0.0,0.000,0.000,0.036,0.32436,-0.27779,-0.005
3.700,0.0,0.0,0.0,0.0,0.000,0.000,0.036,0.32436,-0.27779,-0.005
3.710,0.0,0.0,0.0,0.0,0.000,0.000,0.036,0.32436,-0.27779,-0.005
3.720,0.0,0.0,0.0,0.0,0.000,0.000,0.036,0.32436,-0.27779,-0.005
3.730,0.0,0.0,0.0,0.0,0.000,0.000,0.036,0.32436,-0.27779,-0.005
3.740,0.0,0.0,0.0,0.0,0.000,0.000,0.036,0.32436,-0.27779,-0.005
3.750,0.0,0.0,0.0,0.0,0.000,0.000,0.036,0.32436,-0.27779,-0.005
3.760,0.0,0.0,0.0,0.0,0.000,0.000,0.036,0.32436,-0.27779,-0.005
3.770,0.0,0.0,0.0,0.0,0.000,0.000,0.036,0.32436,-0.27779,-0.005
3.780,0.0,0.0,0.0,0.0,0.000,0.000,0.036,0.32436,-0.27779,-0.005
3.790,0.0,0.0,0.0,0.0,0.000,0.000,0.036,0.32436,-0.27779,-0.005
3.800,0.0,0.0,0.0,0.0,0.000,0.000,0.036,0.32436,-0.27779,-0.005
3.810,0.0,0.0,0.0,0.0,0.000,0.000,0.036,0.32436,-0.27779,-0.005
3.820,0.0,0.0,0.0,0.0,0.000,0.000,0.036,0.32436,-0.27779,-0.005
3.830,0.0,0.0,0.0,0.0,0.000,0.000,0.036,0.32436,-0.27779,-0.005
3.840,0.0,0.0,0.0,0.0,0.000,0.000,0.036,0.32436,-0.27779,-0.005
3.850,0.0,0.0,0.0,0.0,0.000,0.000,0.036,0.32436,-0.27779,-0.005
3.860,0.0,0.0,0.0,0.0,0.000,0.000,0.036,0.32436,-0.27779,-0.005
3.870,0.0,0.0,0.0,0.0,0.000,0.000,0.036,0.32436,-0.27779,-0.005
3.880,0.0,0.0,0.0,0.0,0.000,0.000,0.036,0.32436,-0.27779,-0.005
3.890,0.0,0.0,0.0,0.0,0.000,0.000,0.036,0.32436,-0.27779,-0.005
3.900,0.0,0.0,0.0,0.0,0.000,0.000,0.036,0.32436,-0.27779,-0.005
3.910,0.0,0.0,0.0,0.0,0.000,0.000,0.036,0.32436,-0.27779,-0.005
3.920,0.0,0.0,0.0,0.0,0.000,0.000,0.036,0.32436,-0.27779,-0.005
3.930,0.0,0.0,0.0,0.0,0.000,0.000,0.036,0.32436,-0.27779,-0.005
3.940,0.0,0.0,0.0,0.0,0.000,0.000,0.036,0.32436,-0.27779,-0.005
3.950,0.0,0.0,0.0,0.0,0.000,0.000,0.036,0.32436,-0.27779,-0.005
3.960,0.0,0.0,0.0,0.0,0.000,0.000,0.036,0.32436,-0.27779,-0.005
3.970,0.0,0.0,0.0,0.0,0.000,0.000,0.036,0.32436,-0.27779,-0.005
3.980,0.0,0.0,0.0,0.0,0.000,0.000,0.036,0.32436,-0.27779,-0.005
3.990,0.0,0.0,0.0,0.0,0.000,0.000,0.036,0.32436,-0.27779,-0.005
4.000,0.0,0.0,0.0,0.0,0.000,0.000,0.036,0.32436,-0.27779,-0.005
4.010,0.0,0.0,0.0,0.0,0.000,0.000,0.036,0.32436,-0.27779,-0.005
4.020,0.0,0.0,0.0,0.0,0.000,0.000,0.036,0.32436,-0.27779,-0.005
4.030,0.0,0.0,0.0,0.0,0.000,0.000,0.036,0.32436,-0.27779,-0.005
4.040,0.0,0.0,0.0,0.0,0.000,0.000,0.036,0.32436,-0.27779,-0.005
4.050,0.0,0.0,0.0,0.0,0.000,0.000,0.036,0.32436,-0.27779,-0.005
4.060,0.0,0.0,0.0,0.0,0.000,0.000,0.036,0.32436,-0.27779,-0.005
4.070,0.0,0.0,0.0,0.0,0.000,0.000,0.036,0.32436,-0.27779,-0.005
4.080,0.0,0.0,0.0,0.0,0.000,0.000,0.036,0.32436,-0.27779,-0.005
4.090,0.0,0.0,0.0,0.0,0.000,0.000,0.036,0.32436,-0.27779,-0.005
4.100,0.0,0.0,0.0,0.0,0.000,0.000,0.036,0.32436,-0.27779,-0.005
4.110,0.0,0.0,0.0,0.0,0.000,0.000,0.036,0.32436,-0.27779,-0.005
4.120,0.0,0.0,0.0,0.0,0.000,0.000,0.036,0.32436,-0.27779,-0.005
4.130,0.0,0.0,0.0,0.0,0.000,0.000,0.036,0.32436,-0.27779,-0.005
4.140,0.0,0.0,0.0,0.0,0.000,0.000,0.036,0.32436,-0.27779,-0.005
4.150,0.0,0.0,0.0,0.0,0.000,0.000,0.036,0.32436,-0.27779,-0.005
4.160,0.0,0.0,0.0,0.0,0.000,0.000,0.036,0.32436,-0.27779,-0.005
4.170,0.0,0.0,0.0,0.0,0.000,0.000,0.036,0.32436,-0.27779,-0.005
4.180,0.0,0.0,0.0,0.0,0.000,0.000,0.036,0.32436,-0.27779,-0.005
4.190,0.0,0.0,0.0,0.0,0.000,0.000,0.036,0.32436,-0.27779,-0.005
4.200,0.0,0.0,0.0,0.0,0.000,0.000,0.036,0.32436,-0.27779,-0.005
4.210,0.0,0.0,0.0,0.0,0.000,0.000,0.036,0.32436,-0.27779,-0.005
4.220,0.0,0.0,0.0,0.0,0.000,0.000,0.036,0.32436,-0.27779,-0.005
4.230,0.0,0.0,0.0,0.0,0.000,0.000,0.036,0.32436,-0.27779,-0.005
4.240,0.0,0.0,0.0,0.0,0.000,0.000,0.036,0.32436,-0.27779,-0.005
4.250,0.0,0.0,0.0,0.0,0.000,0.000,0.036,0.32436,-0.27779,-0.005
4.260,0.0,0.0,0.0,0.0,0.000,0.000,0.036,0.32436,-0.27779,-0.005
4.270,0.0,0.0,0.0,0.0,0.000,0.000,0.036,0.32436,-0.27779,-0.005
4.280,0.0,0.0,0.0,0.0,0.000,0.000,0.036,0.32436,-0.27779,-0.005
4.290,0.0,0.0,0.0,0.0,0.000,0.000,0.036,0.32436,-0.27779,-0.005
4.300,0.0,0.0,0.0,0.0,0.000,0.000,0.036,0.32436,-0.27779,-0.005
4.310,0.0,0.0,0.0,0.0,0.000,0.000,0.036,0.32436,-0.27779,-0.005
4.320,0.0,0.0,0.0,0.0,0.000,0.000,0.036,0.32436,-0.27779,-0.005
4.330,0.0,0.0,0.0,0.0,0.000,0.000,0.036,0.32436,-0.27779,-0.005
4.340,0.0,0.0,0.0,0.0,0.000,0.000,0.036,0.32436,-0.27779,-0.005
4.350,0.0,0.0,0.0,0.0,0.000,0.000,0.036,0.32436,-0.27779,-0.005
4.360,0.0,0.0,0.0,0.0,0.000,0.000,0.036,0.32436,-0.27779,-0.005
4.370,0.0,0.0,0.0,0.0,0.000,0.000,0.036,0.32436,-0.27779,-0.005
4.380,0.0,0.0,0.0,0.0,0.000,0.000,0.036,0.32436,-0.27779,-0.005
4.390,0.0,0.0,0.0,0.0,0.000,0.000,0.036,0.32436,-0.27779,-0.005
4.400,0.0,0.0,0.0,0.0,0.000,0.000,0.036,0.32436,-0.27779,-0.005
4.410,0.0,0.0,0.0,0.0,0.000,0.000,0.036,0.32436,-0.27779,-0.005
4.420,0.0,0.0,0.0,0.0,0.000,0.000,0.036,0.32436,-0.27779,-0.005
4.430,0.0,0.0,0.0,0.0,0.000,0.000,0.036,0.32436,-0.27779,-0.005
4.440,0.0,0.0,0.0,0.0,0.000,0.000,0.036,0.32436,-0.27779,-0.005
4.450,0.0,0.0,0.0,0.0,0.000,0.000,0.036,0.32436,-0.27779,-0.005
4.460,0.0,0.0,0.0,0.0,0.000,0.000,0.036,0.32436,-0.27779,-0.005
4.470,0.0,0.0,0.0,0.0,0.000,0.000,0.036,0.32436,-0.27779,-0.005
4.480,0.0,0.0,0.0,0.0,0.000,0.000,0.036,0.32436,-0.27779,-0.005
4.490,0.0,0.0,0.0,0.0,0.000,0.000,0.036,0.32436,-0.27779,-0.005
4.500,0.0,0.0,0.0,0.0,0.000,0.000,0.036,0.32436,-0.27779,-0.005
4.510,0.0,0.0,0.0,0.0,0.000,0.000,0.036,0.32436,-0.27779,-0.005
4.520,0.0,0.0,0.0,0.0,0.000,0.000,0.036,0.32436,-0.27779,-0.005
4.530,0.0,0.0,0.0,0.0,0.000,0.000,0.036,0.32436,-0.27779,-0.005
4.540,0.0,0.0,0.0,0.0,0.000,0.000,0.036,0.32436,-0.27779,-0.005
4.550,0.0,0.0,0.0,0.0,0.000,0.000,0.036,0.32436,-0.27779,-0.005
4.560,0.0,0.0,0.0,0.0,0.000,0.000,0.036,0.32436,-0.27779,-0.005
4.570,0.0,0.0,0.0,0.0,0.000,0.000,0.036,0.32436,-0.27779,-0.005
4.580,0.0,0.0,0.0,0.0,0.000,0.000,0.036,0.32436,-0.27779,-0.005
4.590,0.0,0.0,0.0,0.0,0.000,0.000,0.036,0.32436,-0.27779,-0.005
4.600,0.0,0.0,0.0,0.0,0.000,0.000,0.036,0.32436,-0.27779,-0.005
4.610,0.0,0.0,0.0,0.0,0.000,0.000,0.036,0.32436,-0.27779,-0.005
4.620,0.0,0.0,0.0,0.0,0.000,0.000,0.036,0.32436,-0.27779,-0.005
4.630,0.0,0.0,0.0,0.0,0.000,0.000,0.036,0.32436,-0.27779,-0.005
4.640,0.0,0.0,0.0,0.0,0.000,0.000,0.036,0.32436,-0.27779,-0.005
4.650,0.0,0.0,0.0,0.0,0.000,0.000,0.036,0.32436,-0.27779,-0.005
4.660,0.0,0.0,0.0,0.0,0.000,0.000,0.036,0.32436,-0.27779,-0.005
4.670,0.0,0.0,0.0,0.0,0.000,0.000,0.036,0.32436,-0.27779,-0.005
4.680,0.0,0.0,0.0,0.0,0.000,0.000,0.036,0.32436,-0.27779,-0.005
4.690,0.0,0.0,0.0,0.0,0.000,0.000,0.036,0.32436,-0.27779,-0.005
4.700,0.0,0.0,0.0,0.0,0.000,0.000,0.036,0.32436,-0.27779,-0.005
4.710,0.0,0.0,0.0,0.0,0.000,0.000,0.036,0.32436,-0.27779,-0.005
4.720,0.0,0.0,0.0,0.0,0.000,0.000,0.036,0.32436,-0.27779,-0.005
4.730,0.0,0.0,0.0,0.0,0.000,0.000,0.036,0.32436,-0.27779,-0.005
4.740,0.0,0.0,0.0,0.0,0.000,0.000,0.036,0.32436,-0.27779,-0.005
4.750,0.0,0.0,0.0,0.0,0.000,0.000,0.036,0.32436,-0.27779,-0.005
4.760,0.0,0.0,0.0,0.0,0.000,0.000,0.036,0.32436,-0.27779,-0.005
4.770,0.0,0.0,0.0,0.0,0.000,0.000,0.036,0.32436,-0.27779,-0.005
4.780,0.0,0.0,0.0,0.0,0.000,0.000,0.036,0.32436,-0.27779,-0.005
4.790,0.0,0.0,0.0,0.0,0.000,0.000,0.036,0.32436,-0.27779,-0.005
4.800,0.0,0.0,0.0,0.0,0.000,0.000,0.036,0.32436,-0.27779,-0.005
4.810,0.0,0.0,0.0,0.0,0.000,0.000,0.036,0.32436,-0.27779,-0.005
4.820,0.0,0.0,0.0,0.0,0.000,0.000,0.036,0.32436,-0.27779,-0.005
4.830,0.0,0.0,0.0,0.0,0.000,0.000,0.036,0.32436,-0.27779,-0.005
4.840,0.0,0.0,0.0,0.0,0.000,0.000,0.036,0.32436,-0.27779,-0.005
4.850,0.0,0.0,0.0,0.0,0.000,0.000,0.036,0.32436,-0.27779,-0.005
4.860,0.0,0.0,0.0,0.0,0.000,0.000,0.036,0.32436,-0.27779,-0.005
4.870,0.0,0.0,0.0,0.0,0.000,0.000,0.036,0.32436,-0.27779,-0.005
4.880,0.0,0.0,0.0,0.0,0.000,0.000,0.036,0.32436,-0.27779,-0.005
4.890,0.0,0.0,0.0,0.0,0.000,0.000,0.036,0.32436,-0.27779,-0.005
4.900,0.0,0.0,0.0,0.0,0.000,0.000,0.036,0.32436,-0.27779,-0.005
4.910,0.0,0.0,0.0,0.0,0.000,0.000,0.036,0.32436,-0.27779,-0.005
4.920,0.0,0.0,0.0,0.0,0.000,0.000,0.036,0.32436,-0.27779,-0.005
4.930,0.0,0.0,0.0,0.0,0.000,0.000,0.036,0.32436,-0.27779,-0.005
4.940,0.0,0.0,0.0,0.0,0.000,0.000,0.036,0.32436,-0.27779,-0.005
4.950,0.0,0.0,0.0,0.0,0.000,0.000,0.036,0.32436,-0.27779,-0.005
4.960,0.0,0.0,0.0,0.0,0.000,0.000,0.036,0.32436,-0.27779,-0.005
4.970,0.0,0.0,0.0,0.0,0.000,0.000,0.036,0.32436,-0.27779,-0.005
4.980,0.0,0.0,0.0,0.0,0.000,0.000,0.036,0.32436,-0.27779,-0.005
4.990,0.0,0.0,0.0,0.0,0.000,0.000,0.036,0.32436,-0.27779,-0.005
5.000,0.0,0.0,0.0,0.0,0.000,0.000,0.036,0.32436,-0.27779,-0.005
5.010,0.0,0.0,0.0,0.0,0.000,0.000,0.036,0.32436,-0.27779,-0.005
5.020,0.0,0.0,0.0,0.0,0.000,0.000,0.036,0.32436,-0.27779,-0.005
5.030,0.0,0.0,0.0,0.0,0.000,0.000,0.036,0.32436,-0.27779,-0.005
5.040,0.0,0.0,0.0,0.0,0.000,0.000,0.036,0.32436,-0.27779,-0.005
5.050,0.0,0.0,0.0,0.0,0.000,0.000,0.036,0.32436,-0.27779,-0.005
5.060,0.0,0.0,0.0,0.0,0.000,0.000,0.036,0.32436,-0.27779,-0.005
5.070,0.0,0.0,0.0,0.0,0.000,0.000,0.036,0.32436,-0.27779,-0.005
5.080,0.0,0.0,0.0,0.0,0.000,0.000,0.036,0.32436,-0.27779,-0.005
5.090,0.0,0.0,0.0,0.0,0.000,0.000,0.036,0.32436,-0.27779,-0.005
5.100,0.0,0.0,0.0,0.0,0.000,0.000,0.036,0.32436,-0.27779,-0.005
5.110,0.0,0.0,0.0,0.0,0.000,0.000,0.036,0.32436,-0.27779,-0.005
5.120,0.0,0.0,0.0,0.0,0.000,0.000,0.036,0.32436,-0.27779,-0.005
5.130,0.0,0.0,0.0,0.0,0.000,0.000,0.036,0.32436,-0.27779,-0.005
5.140,0.0,0.0,0.0,0.0,0.000,0.000,0.036,0.32436,-0.27779,-0.005
5.150,0.0,0.0,0.0,0.0,0.000,0.000,0.036,0.32436,-0.27779,-0.005
5.160,0.0,0.0,0.0,0.0,0.000,0.000,0.036,0.32436,-0.27779,-0.005
5.170,0.0,0.0,0.0,0.0,0.000,0.000,0.036,0.32436,-0.27779,-0.005
5.180,0.0,0.0,0.0,0.0,0.000,0.000,0.036,0.32436,-0.27779,-0.005
5.190,0.0,0.0,0.0,0.0,0.000,0.000,0.036,0.32436,-0.27779,-0.005
5.200,0.0,0.0,0.0,0.0,0.000,0.000,0.036,0.32436,-0.27779,-0.005
5.210,0.0,0.0,0.0,0.0,0.000,0.000,0.036,0.32436,-0.27779,-0.005
5.220,0.0,0.0,0.0,0.0,0.000,0.000,0.036,0.32436,-0.27779,-0.005
5.230,0.0,0.0,0.0,0.0,0.000,0.000,0.036,0.32436,-0.27779,-0.005
5.240,0.0,0.0,0.0,0.0,0.000,0.000,0.036,0.32436,-0.27779,-0.005
5.250,0.0,0.0,0.0,0.0,0.000,0.000,0.036,0.32436,-0.27779,-0.005
5.260,0.0,0.0,0.0,0.0,0.000,0.000,0.036,0.32436,-0.27779,-0.005
5.270,0.0,0.0,0.0,0.0,0.000,0.000,0.036,0.32436,-0.27779,-0.005
5.280,0.0,0.0,0.0,0.0,0.000,0.000,0.036,0.32436,-0.27779,-0.005
5.290,0.0,0.0,0.0,0.0,0.000,0.000,0.036,0.32436,-0.27779,-0.005
5.300,0.0,0.0,0.0,0.0,0.000,0.000,0.036,0.32436,-0.27779,-0.005
5.310,0.0,0.0,0.0,0.0,0.000,0.000,0.036,0.32436,-0.27779,-0.005
5.320,0.0,0.0,0.0,0.0,0.000,0.000,0.036,0.32436,-0.27779,-0.005
5.330,0.0,0.0,0.0,0.0,0.000,0.000,0.036,0.32436,-0.27779,-0.005
5.340,0.0,0.0,0.0,0.0,0.000,0.000,0.036,0.32436,-0.27779,-0.005
5.350,0.0,0.0,0.0,0.0,0.000,0.000,0.036,0.32436,-0.27779,-0.005
5.360,0.0,0.0,0.0,0.0,0.000,0.000,0.036,0.32436,-0.27779,-0.005
5.370,0.0,0.0,0.0,0.0,0.000,0.000,0.036,0.32436,-0.27779,-0.005
5.380,0.0,0.0,0.0,0.0,0.000,0.000,0.036,0.32436,-0.27779,-0.005
5.390,0.0,0.0,0.0,0.0,0.000,0.000,0.036,0.32436,-0.27779,-0.005
5.400,0.0,0.0,0.0,0.0,0.000,0.000,0.036,0.32436,-0.27779,-0.005
5.410,0.0,0.0,0.0,0.0,0.000,0.000,0.036,0.32436,-0.27779,-0.005
5.420,0.0,0.0,0.0,0.0,0.000,0.000,0.036,0.32436,-0.27779,-0.005
5.430,0.0,0.0,0.0,0.0,0.000,0.000,0.036,0.32436,-0.27779,-0.005
5.440,0.0,0.0,0.0,0.0,0.000,0.000,0.036,0.32436,-0.27779,-0.005
5.450,0.0,0.0,0.0,0.0,0.000,0.000,0.036,0.32436,-0.27779,-0.005
5.460,0.0,0.0,0.0,0.0,0.000,0.000,0.036,0.32436,-0.27779,-0.005
5.470,0.0,0.0,0.0,0.0,0.000,0.000,0.036,0.32436,-0.27779,-0.005
5.480,0.0,0.0,0.0,0.0,0.000,0.000,0.036,0.32436,-0.27779,-0.005
5.490,0.0,0.0,0.0,0.0,0.000,0.000,0.036,0.32436,-0.27779,-0.005
5.500,0.0,0.0,0.0,0.0,0.000,0.000,0.036,0.32436,-0.27779,-0.005
5.510,0.0,0.0,0.0,0.0,0.000,0.000,0.036,0.32436,-0.27779,-0.005
5.520,0.0,0.0,0.0,0.0,0.000,0.000,0.036,0.32436,-0.27779,-0.005
5.530,0.0,0.0,0.0,0.0,0.000,0.000,0.036,0.32436,-0.27779,-0.005
5.540,0.0,0.0,0.0,0.0,0.000,0.000,0.036,0.32436,-0.27779,-0.005
5.550,0.0,0.0,0.0,0.0,0.000,0.000,0.036,0.32436,-0.27779,-0.005
5.560,0.0,0.0,0.0,0.0,0.000,0.000,0.036,0.32436,-0.27779,-0.005
5.570,0.0,0.0,0.0,0.0,0.000,0.000,0.036,0.32436,-0.27779,-0.005
5.580,0.0,0.0,0.0,0.0,0.000,0.000,0.036,0.32436,-0.27779,-0.005
5.590,0.0,0.0,0.0,0.0,0.000,0.000,0.036,0.32436,-0.27779,-0.005
5.600,187.0,187.0,187.0,187.0,0.000,0.000,0.036,0.32436,-0.27779,-0.005
5.610,187.0,187.0,187.0,187.0,0.000,0.000,0.036,0.32436,-0.27779,-0.005
5.620,187.0,187.0,187.0,187.0,0.000,0.000,0.036,0.32436,-0.27779,-0.005
5.630,187.0,187.0,187.0,187.0,0.000,0.000,0.036,0.32436,-0.27779,-0.005
5.640,188.0,188.0,188.0,188.0,0.000,0.000,0.036,0.32436,-0.27779,-0.005
5.650,188.0,188.0,188.0,188.0,0.000,0.000,0.036,0.32436,-0.27779,-0.005
5.660,188.0,188.0,188.0,188.0,0.000,0.000,0.036,0.32436,-0.27779,0.000
5.670,188.0,188.0,188.0,188.0,0.000,0.000,0.036,0.32436,-0.27779,0.000
5.680,188.0,188.0,188.0,188.0,0.000,0.000,0.036,0.32436,-0.27779,0.000
5.690,188.0,188.0,188.0,188.0,0.000,0.000,0.036,0.32436,-0.27779,0.005
5.700,188.0,188.0,188.0,188.0,0.000,0.000,0.036,0.32436,-0.27779,0.005
5.710,188.0,188.0,188.0,188.0,0.000,0.000,0.036,0.32436,-0.27779,0.005
5.720,189.0,189.0,189.0,189.0,0.000,0.000,0.036,0.32436,-0.27779,0.011
5.730,190.0,190.0,190.0,190.0,0.000,0.000,0.036,0.32436,-0.27779,0.011
5.740,190.0,190.0,190.0,190.0,0.000,0.000,0.036,0.32436,-0.27779,0.013
5.750,190.0,190.0,190.0,190.0,0.000,0.000,0.036,0.32436,-0.27779,0.013
5.760,190.0,190.0,190.0,190.0,0.000,0.000,0.036,0.32436,-0.27779,0.018
5.770,190.0,190.0,190.0,190.0,0.000,0.000,0.036,0.32436,-0.27779,0.024
5.780,190.0,190.0,190.0,190.0,0.000,0.000,0.036,0.32436,-0.27779,0.024
5.790,191.0,191.0,191.0,191.0,0.000,0.000,0.036,0.32436,-0.27779,0.029
5.800,191.0,191.0,191.0,191.0,0.000,0.000,0.036,0.32436,-0.27779,0.032
5.810,191.0,191.0,191.0,191.0,0.000,0.000,0.036,0.32436,-0.27779,0.037
5.820,191.0,191.0,191.0,191.0,0.000,0.000,0.036,0.32436,-0.27779,0.042
5.830,191.0,191.0,191.0,191.0,0.000,0.000,0.036,0.32436,-0.27779,0.042
5.840,191.0,191.0,191.0,191.0,0.000,0.000,0.036,0.32436,-0.27779,0.048
5.850,191.0,191.0,191.0,191.0,0.000,0.000,0.036,0.32436,-0.27779,0.053
5.860,191.0,191.0,191.0,191.0,0.000,0.000,0.036,0.32436,-0.27779,0.055
5.870,191.0,191.0,191.0,191.0,0.000,0.000,0.036,0.32436,-0.27779,0.066
5.880,191.0,191.0,191.0,191.0,0.000,0.000,0.036,0.32436,-0.27779,0.071
5.890,191.0,191.0,191.0,191.0,0.000,0.000,0.036,0.32436,-0.27779,0.074
5.900,192.0,192.0,192.0,192.0,0.000,0.000,0.036,0.32436,-0.27779,0.079
5.910,192.0,192.0,192.0,192.0,0.000,0.000,0.036,0.32436,-0.27779,0.085
5.920,192.0,192.0,192.0,192.0,0.000,0.000,0.036,0.32436,-0.27779,0.095
5.930,192.0,192.0,192.0,192.0,0.000,0.000,0.036,0.32436,-0.27779,0.098
5.940,192.0,192.0,192.0,192.0,0.000,0.000,0.036,0.32436,-0.27779,0.103
5.950,192.0,192.0,192.0,192.0,0.000,0.000,0.036,0.32436,-0.27779,0.114
5.960,192.0,192.0,192.0,192.0,0.000,0.000,0.036,0.32436,-0.27779,0.116
5.970,193.0,193.0,193.0,193.0,0.000,0.000,0.036,0.32436,-0.27779,0.127
5.980,193.0,193.0,193.0,193.0,0.000,0.000,0.036,0.32436,-0.27779,0.132
5.990,193.0,193.0,193.0,193.0,0.000,0.000,0.036,0.32436,-0.27779,0.140
6.000,193.0,193.0,193.0,193.0,0.000,0.000,0.036,0.32436,-0.27779,0.151
6.010,193.0,193.0,193.0,193.0,0.000,0.000,0.036,0.32436,-0.27779,0.156
6.020,193.0,193.0,193.0,193.0,0.000,0.000,0.036,0.32436,-0.27779,0.164
6.030,193.0,193.0,193.0,193.0,0.000,0.000,0.036,0.32436,-0.27779,0.174
6.040,193.0,193.0,193.0,193.0,0.000,0.000,0.036,0.32436,-0.27779,0.182
6.050,194.0,194.0,194.0,194.0,0.000,0.000,0.036,0.32436,-0.27779,0.193
6.060,194.0,194.0,194.0,194.0,0.000,0.000,0.036,0.32436,-0.27779,0.198
6.070,194.0,194.0,194.0,194.0,0.000,0.000,0.036,0.32436,-0.27779,0.206
6.080,194.0,194.0,194.0,194.0,0.000,0.000,0.036,0.32436,-0.27779,0.217
6.090,194.0,194.0,194.0,194.0,0.000,0.000,0.036,0.32436,-0.27779,0.230
6.100,194.0,194.0,194.0,194.0,0.000,0.000,0.036,0.32436,-0.27779,0.240
6.110,194.0,194.0,194.0,194.0,0.000,0.000,0.036,0.32436,-0.27779,0.248
6.120,194.0,194.0,194.0,194.0,0.000,0.000,0.036,0.32436,-0.27779,0.259
6.130,194.0,194.0,194.0,194.0,0.000,0.000,0.036,0.32436,-0.27779,0.267
6.140,194.0,194.0,194.0,194.0,0.000,0.000,0.036,0.32436,-0.27779,0.283
6.150,194.0,194.0,194.0,194.0,0.000,0.000,0.036,0.32436,-0.27779,0.291
6.160,195.0,195.0,195.0,195.0,0.000,0.000,0.036,0.32436,-0.27779,0.301
6.170,195.0,195.0,195.0,195.0,0.000,0.000,0.036,0.32436,-0.27779,0.314
6.180,195.0,195.0,195.0,195.0,0.000,0.000,0.036,0.32436,-0.27779,0.325
6.190,195.0,195.0,195.0,195.0,0.000,0.000,0.036,0.32436,-0.27779,0.338
6.200,195.0,195.0,195.0,195.0,0.000,0.000,0.036,0.32436,-0.27779,0.346
6.210,195.0,195.0,195.0,195.0,0.000,0.000,0.036,0.32436,-0.27779,0.362
6.220,195.0,195.0,195.0,195.0,0.000,0.000,0.036,0.32436,-0.27779,0.375
6.230,195.0,195.0,195.0,195.0,0.000,0.000,0.036,0.32436,-0.27779,0.388
6.240,195.0,195.0,195.0,195.0,0.000,0.000,0.036,0.32436,-0.27779,0.399
6.250,196.0,196.0,196.0,196.0,0.000,0.000,0.036,0.32436,-0.27779,0.412
6.260,196.0,196.0,196.0,196.0,0.000,0.000,0.036,0.32436,-0.27779,0.428
6.270,196.0,196.0,196.0,196.0,0.000,0.000,0.036,0.32436,-0.27779,0.441
6.280,196.0,196.0,196.0,196.0,0.000,0.000,0.036,0.32436,-0.27779,0.454
6.290,196.0,196.0,196.0,196.0,0.000,0.000,0.036,0.32436,-0.27779,0.470
6.300,196.0,196.0,196.0,196.0,0.000,0.000,0.036,0.32436,-0.27779,0.484
6.310,196.0,196.0,196.0,196.0,0.000,0.000,0.036,0.32436,-0.27779,0.497
6.320,196.0,196.0,196.0,196.0,0.000,0.000,0.036,0.32436,-0.27779,0.515
6.330,196.0,196.0,196.0,196.0,0.000,0.000,0.036,0.32436,-0.27779,0.531
6.340,197.0,197.0,197.0,197.0,0.000,0.000,0.036,0.32436,-0.27779,0.544
6.350,197.0,197.0,197.0,197.0,0.000,0.000,0.036,0.32436,-0.27779,0.558
6.360,197.0,197.0,197.0,197.0,0.000,0.000,0.036,0.32436,-0.27779,0.579
6.370,197.0,197.0,197.0,197.0,0.000,0.000,0.036,0.32436,-0.27779,0.592
6.380,197.0,197.0,197.0,197.0,0.000,0.000,0.036,0.32436,-0.27779,0.610
6.390,197.0,197.0,197.0,197.0,0.000,0.000,0.036,0.32436,-0.27779,0.624
6.400,197.0,197.0,197.0,197.0,0.000,0.000,0.036,0.32436,-0.27779,0.642
6.410,197.0,197.0,197.0,197.0,0.000,0.000,0.036,0.32436,-0.27779,0.663
6.420,197.0,197.0,197.0,197.0,0.000,0.000,0.036,0.32436,-0.27779,0.676
6.430,197.0,197.0,197.0,197.0,0.000,0.000,0.036,0.32436,-0.27779,0.695
6.440,197.0,197.0,197.0,197.0,0.000,0.000,0.036,0.32436,-0.27779,0.713
6.450,197.0,197.0,197.0,197.0,0.000,0.000,0.036,0.32436,-0.27779,0.732
6.460,197.0,197.0,197.0,197.0,0.000,0.000,0.036,0.32436,-0.27779,0.750
6.470,197.0,197.0,197.0,197.0,0.000,0.000,0.036,0.32436,-0.27779,0.769
6.480,197.0,197.0,197.0,197.0,0.000,0.000,0.036,0.32436,-0.27779,0.790
6.490,197.0,197.0,197.0,197.0,0.000,0.000,0.036,0.32436,-0.27779,0.809
6.500,197.0,197.0,197.0,197.0,0.000,0.000,0.036,0.32436,-0.27779,0.827
6.510,197.0,197.0,197.0,197.0,0.000,0.000,0.036,0.32436,-0.27779,0.846
6.520,197.0,197.0,197.0,197.0,0.000,0.000,0.036,0.32436,-0.27779,0.864
6.530,197.0,197.0,197.0,197.0,0.000,0.000,0.036,0.32436,-0.27779,0.883
6.540,197.0,197.0,197.0,197.0,0.000,0.000,0.036,0.32436,-0.27779,0.906
6.550,191.0,191.0,191.0,191.0,0.000,0.000,0.036,0.32436,-0.27779,0.925
6.560,197.0,197.0,197.0,197.0,0.000,0.000,0.036,0.32436,-0.27779,0.949
6.570,197.0,197.0,197.0,197.0,0.000,0.000,0.036,0.32436,-0.27779,0.967
6.580,191.0,191.0,191.0,191.0,0.000,0.000,0.036,0.32436,-0.27779,0.991
6.590,197.0,197.0,197.0,197.0,0.000,0.000,0.036,0.32436,-0.27779,1.009
6.600,197.0,197.0,197.0,197.0,0.000,0.000,0.036,0.32436,-0.27779,1.033
6.610,197.0,197.0,197.0,197.0,0.000,0.000,0.036,0.32436,-0.27779,1.052
6.620,197.0,197.0,197.0,197.0,0.000,0.000,0.036,0.32436,-0.27779,1.075
6.630,197.0,197.0,197.0,197.0,0.000,0.000,0.036,0.32436,-0.27779,1.099
6.640,197.0,197.0,197.0,197.0,0.000,0.000,0.036,0.32436,-0.27779,1.123
6.650,197.0,197.0,197.0,197.0,0.000,0.000,0.036,0.32436,-0.27779,1.141
6.660,174.0,174.0,174.0,174.0,0.000,0.000,0.036,0.32436,-0.27779,1.165
6.670,197.0,197.0,197.0,197.0,0.000,0.000,0.036,0.32436,-0.27779,1.189
6.680,197.0,197.0,197.0,197.0,0.000,0.000,0.036,0.32436,-0.27779,1.210
6.690,197.0,197.0,197.0,197.0,0.000,0.000,0.036,0.32436,-0.27779,1.234
6.700,197.0,197.0,197.0,197.0,0.000,0.000,0.036,0.32436,-0.27779,1.258
6.710,193.0,193.0,193.0,193.0,0.000,0.000,0.036,0.32436,-0.27779,1.282
6.720,193.0,193.0,193.0,193.0,0.000,0.000,0.036,0.32436,-0.27779,1.305
6.730,188.0,188.0,188.0,188.0,0.000,0.000,0.036,0.32436,-0.27779,1.334
6.740,188.0,188.0,188.0,188.0,0.000,0.000,0.036,0.32436,-0.27779,1.358
6.750,197.0,197.0,197.0,197.0,0.000,0.000,0.036,0.32436,-0.27779,1.379
6.760,197.0,197.0,197.0,197.0,0.000,0.000,0.036,0.32436,-0.27779,1.403
6.770,188.0,188.0,188.0,188.0,0.000,0.000,0.036,0.32436,-0.27779,1.432
6.780,188.0,188.0,188.0,188.0,0.000,0.000,0.036,0.32436,-0.27779,1.456
6.790,188.0,188.0,188.0,188.0,0.000,0.000,0.036,0.32436,-0.27779,1.480
6.800,197.0,197.0,197.0,197.0,0.000,0.000,0.036,0.32436,-0.27779,1.506
6.810,197.0,197.0,197.0,197.0,0.000,0.000,0.036,0.32436,-0.27779,1.530
6.820,197.0,197.0,197.0,197.0,0.000,0.000,0.036,0.32436,-0.27779,1.559
6.830,197.0,197.0,197.0,197.0,0.000,0.000,0.036,0.32436,-0.27779,1.583
6.840,197.0,197.0,197.0,197.0,0.000,0.000,0.036,0.32436,-0.27779,1.609
6.850,197.0,197.0,197.0,197.0,0.000,0.000,0.036,0.32436,-0.27779,1.638
6.860,197.0,197.0,197.0,197.0,0.000,0.000,0.036,0.32436,-0.27779,1.662
6.870,197.0,197.0,197.0,197.0,0.000,0.000,0.036,0.32436,-0.27779,1.691
6.880,148.0,148.0,148.0,148.0,0.000,0.000,0.036,0.32436,-0.27779,1.718
6.890,148.0,148.0,148.0,148.0,0.000,0.000,0.036,0.32436,-0.27779,1.747
6.900,148.0,148.0,148.0,148.0,0.000,0.000,0.036,0.32436,-0.27779,1.776
6.910,197.0,197.0,197.0,197.0,0.000,0.000,0.036,0.32436,-0.27779,1.799
6.920,197.0,197.0,197.0,197.0,0.000,0.000,0.036,0.32436,-0.27779,1.826
6.930,128.0,128.0,128.0,128.0,0.000,0.000,0.036,0.32436,-0.27779,1.855
6.940,128.0,128.0,128.0,128.0,0.000,0.000,0.036,0.32436,-0.27779,1.879
6.950,162.0,162.0,162.0,162.0,0.000,0.000,0.036,0.32436,-0.27779,1.905
6.960,162.0,162.0,162.0,162.0,0.000,0.000,0.036,0.32436,-0.27779,1.934
6.970,153.0,153.0,153.0,153.0,0.000,0.000,0.036,0.32436,-0.27779,1.958
6.980,181.0,181.0,181.0,181.0,0.000,0.000,0.036,0.32436,-0.27779,1.987
6.990,153.0,153.0,153.0,153.0,0.000,0.000,0.036,0.32436,-0.27779,2.008
7.000,153.0,153.0,153.0,153.0,0.000,0.000,0.036,0.32436,-0.27779,2.037
7.010,176.0,176.0,176.0,176.0,0.000,0.000,0.036,0.32436,-0.27779,2.061
7.020,176.0,176.0,176.0,176.0,0.000,0.000,0.036,0.32436,-0.27779,2.090
7.030,176.0,176.0,176.0,176.0,0.000,0.000,0.036,0.32436,-0.27779,2.114
7.040,197.0,197.0,197.0,197.0,0.000,0.000,0.036,0.32436,-0.27779,2.140
7.050,117.0,117.0,117.0,117.0,0.000,0.000,0.036,0.32436,-0.27779,2.164
7.060,147.0,147.0,147.0,147.0,0.000,0.000,0.036,0.32436,-0.27779,2.193
7.070,147.0,147.0,147.0,147.0,0.000,0.000,0.036,0.32436,-0.27779,2.217
7.080,133.0,133.0,133.0,133.0,0.000,0.000,0.036,0.32436,-0.27779,2.243
7.090,133.0,133.0,133.0,133.0,0.000,0.000,0.036,0.32436,-0.27779,2.267
7.100,147.0,147.0,147.0,147.0,0.000,0.000,0.036,0.32436,-0.27779,2.291
7.110,147.0,147.0,147.0,147.0,0.000,0.000,0.036,0.32436,-0.27779,2.315
7.120,197.0,197.0,197.0,197.0,0.000,0.000,0.036,0.32436,-0.27779,2.338
7.130,197.0,197.0,197.0,197.0,0.000,0.000,0.036,0.32436,-0.27779,2.362
7.140,197.0,197.0,197.0,197.0,0.000,0.000,0.036,0.32436,-0.27779,2.389
7.150,197.0,197.0,197.0,197.0,0.000,0.000,0.036,0.32436,-0.27779,2.412
7.160,197.0,197.0,197.0,197.0,0.000,0.000,0.036,0.32436,-0.27779,2.436
7.170,197.0,197.0,197.0,197.0,0.000,0.000,0.036,0.32437,-0.27779,2.465
7.180,197.0,197.0,197.0,197.0,0.000,0.000,0.036,0.32437,-0.27779,2.489
7.190,126.0,126.0,126.0,126.0,0.000,0.000,0.036,0.32437,-0.27779,2.515
7.200,126.0,126.0,126.0,126.0,0.000,0.000,0.036,0.32437,-0.27779,2.539
7.210,126.0,126.0,126.0,126.0,0.000,0.000,0.036,0.32437,-0.27779,2.563
7.220,126.0,126.0,126.0,126.0,0.000,0.000,0.036,0.32437,-0.27779,2.587
7.230,169.0,169.0,169.0,169.0,0.000,0.000,0.036,0.32437,-0.27779,2.616
7.240,169.0,169.0,169.0,169.0,0.000,0.000,0.036,0.32437,-0.27779,2.640
7.250,197.0,197.0,197.0,197.0,0.000,0.000,0.036,0.32437,-0.27779,2.661
7.260,197.0,197.0,197.0,197.0,0.000,0.000,0.036,0.32437,-0.27779,2.685
7.270,160.0,160.0,160.0,160.0,0.000,0.000,0.036,0.32437,-0.27779,2.708
7.280,125.0,125.0,125.0,125.0,0.000,0.000,0.036,0.32437,-0.27779,2.732
7.290,125.0,125.0,125.0,125.0,0.000,0.000,0.036,0.32437,-0.27779,2.761
7.300,114.0,114.0,114.0,114.0,0.000,0.000,0.036,0.32437,-0.27779,2.785
7.310,114.0,114.0,114.0,114.0,0.000,0.000,0.036,0.32437,-0.27779,2.809
7.320,119.0,119.0,119.0,119.0,0.000,0.000,0.036,0.32437,-0.27779,2.827
7.330,119.0,119.0,119.0,119.0,0.000,0.000,0.036,0.32437,-0.27779,2.851
7.340,113.0,113.0,113.0,113.0,0.000,0.000,0.036,0.32437,-0.27779,2.872
7.350,197.0,197.0,197.0,197.0,0.000,0.000,0.036,0.32437,-0.27779,2.893
7.360,197.0,197.0,197.0,197.0,0.000,0.000,0.036,0.32437,-0.27779,2.914
7.370,197.0,197.0,197.0,197.0,0.000,0.000,0.036,0.32437,-0.27779,2.938
7.380,197.0,197.0,197.0,197.0,0.000,0.000,0.036,0.32437,-0.27779,2.957
7.390,197.0,197.0,197.0,197.0,0.000,0.000,0.036,0.32437,-0.27779,2.981
7.400,197.0,197.0,197.0,197.0,0.000,0.000,0.036,0.32437,-0.27779,3.004
7.410,197.0,197.0,197.0,197.0,0.000,0.000,0.036,0.32437,-0.27779,3.028
7.420,197.0,197.0,197.0,197.0,0.000,0.000,0.036,0.32437,-0.27779,3.052
7.430,197.0,197.0,197.0,197.0,0.000,0.000,0.036,0.32437,-0.27779,3.076
7.440,197.0,197.0,197.0,197.0,0.000,0.000,0.036,0.32437,-0.27779,3.099
7.450,105.0,105.0,105.0,105.0,0.000,0.000,0.036,0.32437,-0.27779,3.123
7.460,105.0,105.0,105.0,105.0,0.000,0.000,0.036,0.32437,-0.27779,3.144
7.470,157.0,157.0,157.0,157.0,0.000,0.000,0.036,0.32437,-0.27779,3.165
7.480,157.0,157.0,157.0,157.0,0.000,0.000,0.036,0.32437,-0.27779,3.187
7.490,196.0,196.0,196.0,196.0,0.000,0.000,0.036,0.32437,-0.27779,3.210
7.500,10.0,10.0,10.0,10.0,0.000,0.000,0.036,0.32437,-0.27779,3.234
7.510,91.0,91.0,91.0,91.0,0.000,0.000,0.036,0.32437,-0.27779,3.253
7.520,91.0,91.0,91.0,91.0,0.000,0.000,0.036,0.32437,-0.27779,3.276
7.530,103.0,103.0,103.0,103.0,0.000,0.000,0.036,0.32437,-0.27779,3.295
7.540,103.0,103.0,103.0,103.0,0.000,0.000,0.036,0.32437,-0.27779,3.319
7.550,96.0,96.0,96.0,96.0,0.000,0.000,0.036,0.32437,-0.27779,3.337
7.560,195.0,195.0,195.0,195.0,0.000,0.000,0.036,0.32437,-0.27779,3.356
7.570,195.0,195.0,195.0,195.0,0.000,0.000,0.036,0.32438,-0.27779,3.377
7.580,159.0,159.0,159.0,159.0,0.000,0.000,0.036,0.32438,-0.27779,3.395
7.590,159.0,159.0,159.0,159.0,0.000,0.000,0.036,0.32438,-0.27779,3.414
7.600,5.0,5.0,5.0,5.0,0.000,0.000,0.036,0.32438,-0.27779,3.432
7.610,5.0,5.0,5.0,5.0,0.000,0.000,0.036,0.32438,-0.27779,3.451
7.620,194.0,194.0,194.0,194.0,0.000,0.000,0.036,0.32438,-0.27779,3.464
7.630,194.0,194.0,194.0,194.0,0.000,0.000,0.036,0.32438,-0.27779,3.483
7.640,194.0,194.0,194.0,194.0,0.000,0.000,0.036,0.32438,-0.27779,3.504
7.650,194.0,194.0,194.0,194.0,0.000,0.000,0.036,0.32438,-0.27779,3.522
7.660,105.0,105.0,105.0,105.0,0.000,0.000,0.036,0.32438,-0.27779,3.535
7.670,105.0,105.0,105.0,105.0,0.000,0.000,0.036,0.32438,-0.27779,3.554
7.680,105.0,105.0,105.0,105.0,0.000,0.000,0.036,0.32438,-0.27779,3.572
7.690,105.0,105.0,105.0,105.0,0.000,0.000,0.036,0.32438,-0.27779,3.588
7.700,105.0,105.0,105.0,105.0,0.000,0.000,0.036,0.32438,-0.27779,3.601
7.710,98.0,98.0,98.0,98.0,0.000,0.000,0.036,0.32438,-0.27779,3.620
7.720,98.0,98.0,98.0,98.0,0.000,0.000,0.036,0.32438,-0.27779,3.633
7.730,192.0,192.0,192.0,192.0,0.000,0.000,0.036,0.32438,-0.27779,3.649
7.740,192.0,192.0,192.0,192.0,0.000,0.000,0.036,0.32438,-0.27779,3.662
7.750,192.0,192.0,192.0,192.0,0.000,0.000,0.036,0.32438,-0.27779,3.675
7.760,192.0,192.0,192.0,192.0,0.000,0.000,0.036,0.32438,-0.27779,3.691
7.770,191.0,191.0,191.0,191.0,0.000,0.000,0.036,0.32438,-0.27780,3.705
7.780,191.0,191.0,191.0,191.0,0.000,0.000,0.036,0.32438,-0.27780,3.723
7.790,191.0,191.0,191.0,191.0,0.000,0.000,0.036,0.32438,-0.27780,3.736
7.800,191.0,191.0,191.0,191.0,0.000,0.000,0.036,0.32438,-0.27780,3.752
7.810,191.0,191.0,191.0,191.0,0.000,0.000,0.036,0.32438,-0.27780,3.765
7.820,191.0,191.0,191.0,191.0,0.000,0.000,0.036,0.32438,-0.27780,3.784
7.830,190.0,190.0,190.0,190.0,0.000,0.000,0.036,0.32438,-0.27780,3.797
7.840,190.0,190.0,190.0,190.0,0.000,0.000,0.036,0.32438,-0.27780,3.818
7.850,190.0,190.0,190.0,190.0,0.000,0.000,0.036,0.32438,-0.27780,3.831
7.860,190.0,190.0,190.0,190.0,0.000,0.000,0.036,0.32438,-0.27780,3.850
7.870,106.0,106.0,106.0,106.0,0.000,0.000,0.036,0.32438,-0.27780,3.863
7.880,106.0,106.0,106.0,106.0,0.000,0.000,0.036,0.32438,-0.27780,3.882
7.890,106.0,106.0,106.0,106.0,0.000,0.000,0.036,0.32438,-0.27780,3.897
7.900,189.0,189.0,189.0,189.0,0.000,0.000,0.036,0.32438,-0.27780,3.911
7.910,189.0,189.0,189.0,189.0,0.000,0.000,0.036,0.32438,-0.27780,3.929
7.920,189.0,189.0,189.0,189.0,0.000,0.000,0.036,0.32438,-0.27780,3.945
7.930,189.0,189.0,189.0,189.0,0.000,0.000,0.036,0.32438,-0.27780,3.958
7.940,189.0,189.0,189.0,189.0,0.000,0.000,0.036,0.32438,-0.27780,3.977
7.950,189.0,189.0,189.0,189.0,0.000,0.000,0.036,0.32438,-0.27780,3.990
7.960,31.0,31.0,31.0,31.0,0.000,0.000,0.036,0.32438,-0.27780,4.008
7.970,31.0,31.0,31.0,31.0,0.000,0.000,0.036,0.32439,-0.27780,4.024
7.980,109.0,109.0,109.0,109.0,0.000,0.000,0.036,0.32439,-0.27780,4.037
7.990,109.0,109.0,109.0,109.0,0.000,0.000,0.036,0.32439,-0.27780,4.051
8.000,103.0,103.0,103.0,103.0,0.000,0.000,0.036,0.32439,-0.27780,4.067
8.010,103.0,103.0,103.0,103.0,0.000,0.000,0.036,0.32439,-0.27780,4.080
8.020,108.0,108.0,108.0,108.0,0.000,0.000,0.036,0.32439,-0.27780,4.090
8.030,108.0,108.0,108.0,108.0,0.000,0.000,0.036,0.32439,-0.27780,4.104
8.040,108.0,108.0,108.0,108.0,0.000,0.000,0.036,0.32439,-0.27780,4.114
8.050,187.0,187.0,187.0,187.0,0.000,0.000,0.036,0.32439,-0.27780,4.127
8.060,154.0,154.0,154.0,154.0,0.000,0.000,0.036,0.32439,-0.27780,4.135
8.070,154.0,154.0,154.0,154.0,0.000,0.000,0.036,0.32439,-0.27780,4.146
8.080,186.0,186.0,186.0,186.0,0.000,0.000,0.036,0.32439,-0.27780,4.159
8.090,186.0,186.0,186.0,186.0,0.000,0.000,0.036,0.32439,-0.27780,4.170
8.100,186.0,186.0,186.0,186.0,0.000,0.000,0.036,0.32439,-0.27780,4.178
8.110,186.0,186.0,186.0,186.0,0.000,0.000,0.036,0.32439,-0.27780,4.193
8.120,162.0,162.0,162.0,162.0,0.000,0.000,0.036,0.32439,-0.27780,4.201
8.130,162.0,162.0,162.0,162.0,0.000,0.000,0.036,0.32439,-0.27780,4.212
8.140,148.0,148.0,148.0,148.0,0.000,0.000,0.036,0.32439,-0.27780,4.225
8.150,148.0,148.0,148.0,148.0,0.000,0.000,0.036,0.32439,-0.27780,4.236
8.160,87.0,87.0,87.0,87.0,0.000,0.000,0.036,0.32439,-0.27780,4.249
8.170,185.0,185.0,185.0,185.0,0.000,0.000,0.036,0.32440,-0.27781,4.259
8.180,161.0,161.0,161.0,161.0,0.000,0.000,0.036,0.32440,-0.27781,4.267
8.190,161.0,161.0,161.0,161.0,0.000,0.000,0.036,0.32440,-0.27781,4.278
8.200,131.0,131.0,131.0,131.0,0.000,0.000,0.036,0.32440,-0.27781,4.286
8.210,131.0,131.0,131.0,131.0,0.000,0.000,0.036,0.32440,-0.27781,4.296
8.220,184.0,184.0,184.0,184.0,0.000,0.000,0.036,0.32440,-0.27781,4.304
8.230,184.0,184.0,184.0,184.0,0.000,0.000,0.036,0.32440,-0.27781,4.320
8.240,184.0,184.0,184.0,184.0,0.000,0.000,0.036,0.32440,-0.27781,4.328
8.250,184.0,184.0,184.0,184.0,0.000,0.001,0.036,0.32440,-0.27781,4.339
8.260,151.0,151.0,151.0,151.0,0.000,0.001,0.036,0.32440,-0.27781,4.347
8.270,156.0,156.0,156.0,156.0,0.000,0.001,0.036,0.32440,-0.27781,4.357
8.280,156.0,156.0,156.0,156.0,0.000,0.001,0.036,0.32440,-0.27781,4.365
8.290,183.0,183.0,183.0,183.0,0.000,0.001,0.036,0.32440,-0.27781,4.376
8.300,183.0,183.0,183.0,183.0,0.000,0.001,0.036,0.32440,-0.27781,4.386
8.310,183.0,183.0,183.0,183.0,0.000,0.001,0.036,0.32440,-0.27781,4.394
8.320,183.0,183.0,183.0,183.0,0.000,0.001,0.036,0.32440,-0.27781,4.407
8.330,183.0,183.0,183.0,183.0,0.000,0.001,0.036,0.32440,-0.27781,4.418
8.340,154.0,154.0,154.0,154.0,0.000,0.001,0.036,0.32440,-0.27781,4.429
8.350,154.0,154.0,154.0,154.0,0.000,0.001,0.036,0.32440,-0.27781,4.436
8.360,118.0,118.0,118.0,118.0,0.000,0.001,0.036,0.32440,-0.27781,4.447
8.370,118.0,118.0,118.0,118.0,0.000,0.001,0.036,0.32442,-0.27781,4.455
8.380,123.0,123.0,123.0,123.0,0.000,0.001,0.036,0.32442,-0.27781,4.466
8.390,123.0,123.0,123.0,123.0,0.000,0.001,0.036,0.32442,-0.27781,4.473
8.400,158.0,158.0,158.0,158.0,0.000,0.001,0.036,0.32442,-0.27781,4.484
8.410,158.0,158.0,158.0,158.0,0.000,0.001,0.036,0.32442,-0.27781,4.492
8.420,128.0,128.0,128.0,128.0,0.000,0.001,0.036,0.32442,-0.27781,4.497
8.430,128.0,128.0,128.0,128.0,0.000,0.001,0.036,0.32442,-0.27781,4.508
8.440,128.0,128.0,128.0,128.0,0.000,0.001,0.036,0.32442,-0.27781,4.516
8.450,181.0,181.0,181.0,181.0,0.000,0.001,0.036,0.32442,-0.27781,4.521
8.460,181.0,181.0,181.0,181.0,0.000,0.001,0.036,0.32442,-0.27781,4.532
8.470,181.0,181.0,181.0,181.0,0.000,0.001,0.036,0.32442,-0.27781,4.534
8.480,181.0,181.0,181.0,181.0,0.000,0.001,0.036,0.32442,-0.27781,4.545
8.490,181.0,181.0,181.0,181.0,0.000,0.001,0.036,0.32442,-0.27781,4.550
8.500,181.0,181.0,181.0,181.0,0.000,0.001,0.036,0.32442,-0.27781,4.558
8.510,181.0,181.0,181.0,181.0,0.000,0.001,0.036,0.32442,-0.27781,4.569
8.520,148.0,148.0,148.0,148.0,0.000,0.001,0.036,0.32442,-0.27781,4.574
8.530,148.0,148.0,148.0,148.0,0.000,0.001,0.036,0.32442,-0.27781,4.582
8.540,138.0,138.0,138.0,138.0,0.000,0.001,0.036,0.32442,-0.27781,4.592
8.550,180.0,180.0,180.0,180.0,0.000,0.001,0.036,0.32442,-0.27781,4.598
8.560,180.0,180.0,180.0,180.0,0.000,0.001,0.036,0.32442,-0.27781,4.606
8.570,180.0,180.0,180.0,180.0,0.000,0.001,0.036,0.32443,-0.27782,4.611
8.580,180.0,180.0,180.0,180.0,0.000,0.001,0.036,0.32443,-0.27782,4.619
8.590,180.0,180.0,180.0,180.0,0.000,0.001,0.036,0.32443,-0.27782,4.629
8.600,180.0,180.0,180.0,180.0,0.000,0.001,0.036,0.32443,-0.27782,4.635
8.610,180.0,180.0,180.0,180.0,0.000,0.001,0.036,0.32443,-0.27782,4.643
8.620,180.0,180.0,180.0,180.0,0.000,0.001,0.036,0.32443,-0.27782,4.653
8.630,151.0,151.0,151.0,151.0,0.000,0.001,0.036,0.32443,-0.27782,4.658
8.640,151.0,151.0,151.0,151.0,0.000,0.001,0.036,0.32443,-0.27782,4.666
8.650,161.0,161.0,161.0,161.0,0.000,0.001,0.036,0.32443,-0.27782,4.677
8.660,161.0,161.0,161.0,161.0,0.000,0.001,0.036,0.32443,-0.27782,4.682
8.670,146.0,146.0,146.0,146.0,0.000,0.001,0.036,0.32443,-0.27782,4.690
8.680,179.0,179.0,179.0,179.0,0.000,0.001,0.036,0.32443,-0.27782,4.695
8.690,141.0,141.0,141.0,141.0,0.000,0.001,0.036,0.32443,-0.27782,4.703
8.700,141.0,141.0,141.0,141.0,0.000,0.001,0.036,0.32443,-0.27782,4.709
8.710,141.0,141.0,141.0,141.0,0.000,0.001,0.036,0.32443,-0.27782,4.719
8.720,141.0,141.0,141.0,141.0,0.000,0.001,0.036,0.32443,-0.27782,4.724
8.730,141.0,141.0,141.0,141.0,0.000,0.001,0.036,0.32443,-0.27782,4.732
8.740,145.0,145.0,145.0,145.0,0.000,0.001,0.036,0.32443,-0.27782,4.738
8.750,145.0,145.0,145.0,145.0,0.000,0.001,0.036,0.32443,-0.27782,4.743
8.760,145.0,145.0,145.0,145.0,0.000,0.001,0.036,0.32443,-0.27782,4.751
8.770,145.0,145.0,145.0,145.0,0.000,0.001,0.036,0.32446,-0.27782,4.756
8.780,178.0,178.0,178.0,178.0,0.000,0.001,0.036,0.32446,-0.27782,4.761
8.790,178.0,178.0,178.0,178.0,0.000,0.001,0.036,0.32446,-0.27782,4.767
8.800,160.0,160.0,160.0,160.0,0.000,0.001,0.036,0.32446,-0.27782,4.769
8.810,160.0,160.0,160.0,160.0,0.000,0.001,0.036,0.32446,-0.27782,4.775
8.820,149.0,149.0,149.0,149.0,0.000,0.001,0.036,0.32446,-0.27782,4.780
8.830,149.0,149.0,149.0,149.0,0.000,0.001,0.036,0.32446,-0.27782,4.788
8.840,154.0,154.0,154.0,154.0,0.000,0.001,0.036,0.32446,-0.27782,4.793
8.850,154.0,154.0,154.0,154.0,0.000,0.001,0.036,0.32446,-0.27782,4.798
8.860,178.0,178.0,178.0,178.0,0.000,0.001,0.036,0.32446,-0.27782,4.804
8.870,178.0,178.0,178.0,178.0,0.000,0.001,0.036,0.32446,-0.27782,4.806
8.880,178.0,178.0,178.0,178.0,0.000,0.001,0.036,0.32446,-0.27782,4.812
8.890,178.0,178.0,178.0,178.0,0.000,0.001,0.036,0.32446,-0.27782,4.817
8.900,177.0,177.0,177.0,177.0,0.000,0.001,0.036,0.32446,-0.27782,4.822
8.910,177.0,177.0,177.0,177.0,0.000,0.001,0.036,0.32446,-0.27782,4.828
8.920,177.0,177.0,177.0,177.0,0.000,0.001,0.036,0.32446,-0.27782,4.830
8.930,177.0,177.0,177.0,177.0,0.000,0.001,0.036,0.32446,-0.27782,4.835
8.940,177.0,177.0,177.0,177.0,0.000,0.001,0.036,0.32446,-0.27782,4.841
8.950,177.0,177.0,177.0,177.0,0.000,0.001,0.036,0.32446,-0.27782,4.846
8.960,177.0,177.0,177.0,177.0,0.000,0.001,0.036,0.32446,-0.27782,4.854
8.970,177.0,177.0,177.0,177.0,0.000,0.001,0.036,0.32448,-0.27782,4.859
8.980,177.0,177.0,177.0,177.0,0.000,0.001,0.036,0.32448,-0.27782,4.865
8.990,177.0,177.0,177.0,177.0,0.000,0.001,0.036,0.32448,-0.27782,4.870
9.000,177.0,177.0,177.0,177.0,0.000,0.001,0.036,0.32448,-0.27782,4.872
9.010,153.0,153.0,153.0,153.0,0.000,0.001,0.036,0.32448,-0.27782,4.883
9.020,177.0,177.0,177.0,177.0,0.000,0.001,0.036,0.32448,-0.27782,4.888
9.030,177.0,177.0,177.0,177.0,0.000,0.001,0.036,0.32448,-0.27782,4.891
9.040,138.0,138.0,138.0,138.0,0.000,0.001,0.036,0.32448,-0.27782,4.896
9.050,138.0,138.0,138.0,138.0,0.000,0.001,0.036,0.32448,-0.27782,4.902
9.060,152.0,152.0,152.0,152.0,0.000,0.001,0.036,0.32448,-0.27782,4.912
9.070,152.0,152.0,152.0,152.0,0.000,0.001,0.036,0.32448,-0.27782,4.915
9.080,152.0,152.0,152.0,152.0,0.000,0.001,0.036,0.32448,-0.27782,4.920
9.090,152.0,152.0,152.0,152.0,0.000,0.001,0.036,0.32448,-0.27782,4.925
9.100,158.0,158.0,158.0,158.0,0.000,0.001,0.036,0.32448,-0.27782,4.931
9.110,158.0,158.0,158.0,158.0,0.000,0.001,0.036,0.32448,-0.27782,4.933
9.120,171.0,171.0,171.0,171.0,0.000,0.001,0.036,0.32448,-0.27782,4.938
9.130,171.0,171.0,171.0,171.0,0.000,0.001,0.036,0.32448,-0.27782,4.944
9.140,176.0,176.0,176.0,176.0,0.000,0.001,0.036,0.32448,-0.27782,4.949
9.150,176.0,176.0,176.0,176.0,0.000,0.001,0.036,0.32448,-0.27782,4.954
9.160,176.0,176.0,176.0,176.0,0.000,0.001,0.036,0.32448,-0.27782,4.957
9.170,157.0,157.0,157.0,157.0,0.000,0.001,0.036,0.32451,-0.27783,4.962
9.180,162.0,162.0,162.0,162.0,0.000,0.001,0.036,0.32451,-0.27783,4.962
9.190,162.0,162.0,162.0,162.0,0.000,0.001,0.036,0.32451,-0.27783,4.968
9.200,157.0,157.0,157.0,157.0,0.000,0.001,0.036,0.32451,-0.27783,4.973
9.210,157.0,157.0,157.0,157.0,0.000,0.001,0.036,0.32451,-0.27783,4.975
9.220,161.0,161.0,161.0,161.0,0.000,0.001,0.036,0.32451,-0.27783,4.981
9.230,157.0,157.0,157.0,157.0,0.000,0.001,0.036,0.32451,-0.27783,4.986
9.240,157.0,157.0,157.0,157.0,0.000,0.001,0.036,0.32451,-0.27783,4.991
9.250,175.0,175.0,175.0,175.0,0.000,0.001,0.036,0.32451,-0.27783,4.997
9.260,151.0,151.0,151.0,151.0,0.000,0.001,0.036,0.32451,-0.27783,4.999
9.270,157.0,157.0,157.0,157.0,0.000,0.001,0.036,0.32451,-0.27783,4.999
9.280,157.0,157.0,157.0,157.0,0.000,0.001,0.036,0.32451,-0.27783,5.005
9.290,161.0,161.0,161.0,161.0,0.000,0.001,0.036,0.32451,-0.27783,5.010
9.300,161.0,161.0,161.0,161.0,0.000,0.001,0.036,0.32451,-0.27783,5.015
9.310,175.0,175.0,175.0,175.0,0.000,0.001,0.036,0.32451,-0.27783,5.018
9.320,161.0,161.0,161.0,161.0,0.000,0.001,0.036,0.32451,-0.27783,5.018
9.330,146.0,146.0,146.0,146.0,0.000,0.001,0.036,0.32451,-0.27783,5.023
9.340,146.0,146.0,146.0,146.0,0.000,0.001,0.036,0.32451,-0.27783,5.028
9.350,156.0,156.0,156.0,156.0,0.000,0.001,0.036,0.32451,-0.27783,5.028
9.360,156.0,156.0,156.0,156.0,0.000,0.001,0.036,0.32451,-0.27783,5.034
9.370,156.0,156.0,156.0,156.0,0.000,0.001,0.036,0.32454,-0.27783,5.039
9.380,161.0,161.0,161.0,161.0,0.000,0.001,0.036,0.32454,-0.27783,5.039
9.390,161.0,161.0,161.0,161.0,0.000,0.001,0.036,0.32454,-0.27783,5.042
9.400,156.0,156.0,156.0,156.0,0.000,0.001,0.036,0.32454,-0.27783,5.042
9.410,156.0,156.0,156.0,156.0,0.000,0.001,0.036,0.32454,-0.27783,5.047
9.420,160.0,160.0,160.0,160.0,0.000,0.001,0.036,0.32454,-0.27783,5.047
9.430,160.0,160.0,160.0,160.0,0.000,0.001,0.036,0.32454,-0.27783,5.052
9.440,174.0,174.0,174.0,174.0,0.000,0.001,0.036,0.32454,-0.27783,5.052
9.450,174.0,174.0,174.0,174.0,0.000,0.001,0.036,0.32454,-0.27783,5.057
9.460,169.0,169.0,169.0,169.0,0.000,0.001,0.036,0.32454,-0.27783,5.057
9.470,169.0,169.0,169.0,169.0,0.000,0.001,0.036,0.32454,-0.27783,5.060
9.480,156.0,156.0,156.0,156.0,0.000,0.001,0.036,0.32454,-0.27783,5.060
9.490,156.0,156.0,156.0,156.0,0.000,0.001,0.036,0.32454,-0.27783,5.065
9.500,164.0,164.0,164.0,164.0,0.000,0.001,0.036,0.32454,-0.27783,5.065
9.510,174.0,174.0,174.0,174.0,0.000,0.001,0.036,0.32454,-0.27783,5.071
9.520,174.0,174.0,174.0,174.0,0.000,0.001,0.036,0.32454,-0.27783,5.071
9.530,174.0,174.0,174.0,174.0,0.000,0.001,0.036,0.32454,-0.27783,5.076
9.540,160.0,160.0,160.0,160.0,0.000,0.001,0.036,0.32454,-0.27783,5.076
9.550,160.0,160.0,160.0,160.0,0.000,0.001,0.036,0.32454,-0.27783,5.076
9.560,164.0,164.0,164.0,164.0,0.000,0.001,0.036,0.32454,-0.27783,5.081
9.570,164.0,164.0,164.0,164.0,0.000,0.001,0.036,0.32458,-0.27784,5.081
9.580,155.0,155.0,155.0,155.0,0.000,0.001,0.036,0.32458,-0.27784,5.084
9.590,155.0,155.0,155.0,155.0,0.000,0.001,0.036,0.32458,-0.27784,5.084
9.600,164.0,164.0,164.0,164.0,0.000,0.001,0.036,0.32458,-0.27784,5.084
9.610,164.0,164.0,164.0,164.0,0.000,0.001,0.036,0.32458,-0.27784,5.089
9.620,174.0,174.0,174.0,174.0,0.000,0.001,0.036,0.32458,-0.27784,5.089
9.630,174.0,174.0,174.0,174.0,0.000,0.001,0.036,0.32458,-0.27784,5.089
9.640,164.0,164.0,164.0,164.0,0.000,0.001,0.036,0.32458,-0.27784,5.094
9.650,164.0,164.0,164.0,164.0,0.000,0.001,0.036,0.32458,-0.27784,5.094
9.660,164.0,164.0,164.0,164.0,0.000,0.001,0.036,0.32458,-0.27784,5.100
9.670,164.0,164.0,164.0,164.0,0.000,0.001,0.036,0.32458,-0.27784,5.100
9.680,168.0,168.0,168.0,168.0,0.000,0.001,0.036,0.32458,-0.27784,5.100
9.690,168.0,168.0,168.0,168.0,0.000,0.001,0.036,0.32458,-0.27784,5.102
9.700,164.0,164.0,164.0,164.0,0.000,0.001,0.036,0.32458,-0.27784,5.102
9.710,164.0,164.0,164.0,164.0,0.000,0.001,0.036,0.32458,-0.27784,5.102
9.720,164.0,164.0,164.0,164.0,0.000,0.001,0.036,0.32458,-0.27784,5.102
9.730,164.0,164.0,164.0,164.0,0.000,0.001,0.036,0.32458,-0.27784,5.108
9.740,164.0,164.0,164.0,164.0,0.000,0.001,0.036,0.32458,-0.27784,5.108
9.750,164.0,164.0,164.0,164.0,0.000,0.001,0.036,0.32458,-0.27784,5.108
9.760,173.0,173.0,173.0,173.0,0.000,0.001,0.036,0.32458,-0.27784,5.113
9.770,173.0,173.0,173.0,173.0,0.000,0.001,0.036,0.32462,-0.27784,5.113
9.780,168.0,168.0,168.0,168.0,0.000,0.001,0.036,0.32462,-0.27784,5.113
9.790,173.0,173.0,173.0,173.0,0.000,0.001,0.036,0.32462,-0.27784,5.113
9.800,173.0,173.0,173.0,173.0,0.000,0.001,0.036,0.32462,-0.27784,5.118
9.810,173.0,173.0,173.0,173.0,0.000,0.001,0.036,0.32462,-0.27784,5.118
9.820,173.0,173.0,173.0,173.0,0.000,0.001,0.036,0.32462,-0.27784,5.118
9.830,173.0,173.0,173.0,173.0,0.000,0.001,0.036,0.32462,-0.27784,5.123
9.840,173.0,173.0,173.0,173.0,0.000,0.001,0.036,0.32462,-0.27784,5.123
9.850,173.0,173.0,173.0,173.0,0.000,0.001,0.036,0.32462,-0.27784,5.123
9.860,173.0,173.0,173.0,173.0,0.000,0.001,0.036,0.32462,-0.27784,5.126
9.870,173.0,173.0,173.0,173.0,0.000,0.001,0.036,0.32462,-0.27784,5.126
9.880,169.0,169.0,169.0,169.0,0.000,0.001,0.036,0.32462,-0.27784,5.126
9.890,173.0,173.0,173.0,173.0,0.000,0.001,0.036,0.32462,-0.27784,5.131
9.900,173.0,173.0,173.0,173.0,0.000,0.001,0.036,0.32462,-0.27784,5.131
9.910,163.0,163.0,163.0,163.0,0.000,0.001,0.036,0.32462,-0.27784,5.131
9.920,163.0,163.0,163.0,163.0,0.000,0.001,0.036,0.32462,-0.27784,5.137
9.930,173.0,173.0,173.0,173.0,0.000,0.001,0.036,0.32462,-0.27784,5.137
9.940,173.0,173.0,173.0,173.0,0.000,0.001,0.036,0.32462,-0.27784,5.142
9.950,173.0,173.0,173.0,173.0,0.000,0.001,0.036,0.32462,-0.27784,5.142
9.960,163.0,163.0,163.0,163.0,0.000,0.001,0.036,0.32462,-0.27784,5.142
9.970,173.0,173.0,173.0,173.0,0.000,0.001,0.036,0.32467,-0.27785,5.145
9.980,173.0,173.0,173.0,173.0,0.000,0.001,0.036,0.32467,-0.27785,5.145
9.990,173.0,173.0,173.0,173.0,0.000,0.001,0.036,0.32467,-0.27785,5.145
10.000,173.0,173.0,173.0,173.0,0.000,0.001,0.036,0.32467,-0.27785,5.150
10.010,173.0,173.0,173.0,173.0,0.000,0.001,0.036,0.32467,-0.27785,5.150
10.020,168.0,168.0,168.0,168.0,0.000,0.001,0.036,0.32467,-0.27785,5.155
10.030,173.0,173.0,173.0,173.0,0.000,0.001,0.036,0.32467,-0.27785,5.155
10.040,173.0,173.0,173.0,173.0,0.000,0.001,0.036,0.32467,-0.27785,5.155
10.050,173.0,173.0,173.0,173.0,0.000,0.001,0.036,0.32467,-0.27785,5.160
10.060,173.0,173.0,173.0,173.0,0.000,0.001,0.036,0.32467,-0.27785,5.160
10.070,173.0,173.0,173.0,173.0,0.000,0.001,0.036,0.32467,-0.27785,5.166
10.080,173.0,173.0,173.0,173.0,0.000,0.001,0.036,0.32467,-0.27785,5.166
10.090,173.0,173.0,173.0,173.0,0.000,0.001,0.036,0.32467,-0.27785,5.168
10.100,173.0,173.0,173.0,173.0,0.000,0.001,0.036,0.32467,-0.27785,5.168
10.110,168.0,168.0,168.0,168.0,0.000,0.001,0.036,0.32467,-0.27785,5.168
10.120,168.0,168.0,168.0,168.0,0.000,0.001,0.036,0.32467,-0.27785,5.174
10.130,173.0,173.0,173.0,173.0,0.000,0.001,0.036,0.32467,-0.27785,5.174
10.140,173.0,173.0,173.0,173.0,0.000,0.001,0.036,0.32467,-0.27785,5.179
10.150,173.0,173.0,173.0,173.0,0.000,0.001,0.036,0.32467,-0.27785,5.179
10.160,163.0,163.0,163.0,163.0,0.000,0.001,0.036,0.32467,-0.27785,5.184
10.170,163.0,163.0,163.0,163.0,0.000,0.001,0.036,0.32472,-0.27785,5.184
10.180,163.0,163.0,163.0,163.0,0.000,0.001,0.036,0.32472,-0.27785,5.187
10.190,172.0,172.0,172.0,172.0,0.000,0.001,0.036,0.32472,-0.27785,5.187
10.200,172.0,172.0,172.0,172.0,0.000,0.001,0.036,0.32472,-0.27785,5.192
10.210,172.0,172.0,172.0,172.0,0.000,0.001,0.036,0.32472,-0.27785,5.192
10.220,172.0,172.0,172.0,172.0,0.000,0.001,0.036,0.32472,-0.27785,5.197
10.230,172.0,172.0,172.0,172.0,0.000,0.001,0.036,0.32472,-0.27785,5.197
10.240,172.0,172.0,172.0,172.0,0.000,0.001,0.036,0.32472,-0.27785,5.203
10.250,163.0,163.0,163.0,163.0,0.000,0.001,0.036,0.32472,-0.27785,5.203
10.260,172.0,172.0,172.0,172.0,0.000,0.001,0.036,0.32472,-0.27785,5.203
10.270,172.0,172.0,172.0,172.0,0.000,0.001,0.036,0.32472,-0.27785,5.208
10.280,172.0,172.0,172.0,172.0,0.000,0.001,0.036,0.32472,-0.27785,5.208
10.290,162.0,162.0,162.0,162.0,0.000,0.001,0.036,0.32472,-0.27785,5.211
10.300,172.0,172.0,172.0,172.0,0.000,0.001,0.036,0.32472,-0.27785,5.211
10.310,172.0,172.0,172.0,172.0,0.000,0.001,0.036,0.32472,-0.27785,5.216
10.320,172.0,172.0,172.0,172.0,0.000,0.001,0.036,0.32472,-0.27785,5.216
10.330,172.0,172.0,172.0,172.0,0.000,0.001,0.036,0.32472,-0.27785,5.221
10.340,162.0,162.0,162.0,162.0,0.000,0.001,0.036,0.32472,-0.27785,5.221
10.350,162.0,162.0,162.0,162.0,0.000,0.001,0.036,0.32472,-0.27785,5.227
10.360,162.0,162.0,162.0,162.0,0.000,0.001,0.036,0.32472,-0.27785,5.227
10.370,172.0,172.0,172.0,172.0,0.000,0.001,0.036,0.32478,-0.27786,5.229
10.380,172.0,172.0,172.0,172.0,0.000,0.001,0.036,0.32478,-0.27786,5.229
10.390,172.0,172.0,172.0,172.0,0.000,0.001,0.036,0.32478,-0.27786,5.234
10.400,162.0,162.0,162.0,162.0,0.000,0.001,0.036,0.32478,-0.27786,5.234
10.410,162.0,162.0,162.0,162.0,0.000,0.001,0.036,0.32478,-0.27786,5.240
10.420,162.0,162.0,162.0,162.0,0.000,0.001,0.036,0.32478,-0.27786,5.240
10.430,153.0,153.0,153.0,153.0,0.000,0.001,0.036,0.32478,-0.27786,5.245
10.440,153.0,153.0,153.0,153.0,0.000,0.001,0.036,0.32478,-0.27786,5.245
10.450,172.0,172.0,172.0,172.0,0.000,0.001,0.036,0.32478,-0.27786,5.245
10.460,172.0,172.0,172.0,172.0,0.000,0.001,0.036,0.32478,-0.27786,5.250
10.470,172.0,172.0,172.0,172.0,0.000,0.001,0.036,0.32478,-0.27786,5.250
10.480,172.0,172.0,172.0,172.0,0.000,0.001,0.036,0.32478,-0.27786,5.253
10.490,172.0,172.0,172.0,172.0,0.000,0.001,0.036,0.32478,-0.27786,5.253
10.500,172.0,172.0,172.0,172.0,0.000,0.001,0.036,0.32478,-0.27786,5.253
10.510,171.0,171.0,171.0,171.0,0.000,0.001,0.036,0.32478,-0.27786,5.258
10.520,171.0,171.0,171.0,171.0,0.000,0.001,0.036,0.32478,-0.27786,5.258
10.530,171.0,171.0,171.0,171.0,0.000,0.001,0.036,0.32478,-0.27786,5.264
10.540,171.0,171.0,171.0,171.0,0.000,0.001,0.036,0.32478,-0.27786,5.264
10.550,171.0,171.0,171.0,171.0,0.000,0.001,0.036,0.32478,-0.27786,5.269
10.560,171.0,171.0,171.0,171.0,0.000,0.001,0.036,0.32478,-0.27786,5.269
10.570,171.0,171.0,171.0,171.0,0.000,0.001,0.036,0.32485,-0.27786,5.269
10.580,162.0,162.0,162.0,162.0,0.000,0.001,0.036,0.32485,-0.27786,5.271
10.590,171.0,171.0,171.0,171.0,0.000,0.001,0.036,0.32485,-0.27786,5.271
10.600,171.0,171.0,171.0,171.0,0.000,0.001,0.036,0.32485,-0.27786,5.277
10.610,161.0,161.0,161.0,161.0,0.000,0.001,0.036,0.32485,-0.27786,5.277
10.620,171.0,171.0,171.0,171.0,0.000,0.001,0.036,0.32485,-0.27786,5.282
10.630,171.0,171.0,171.0,171.0,0.000,0.001,0.036,0.32485,-0.27786,5.282
10.640,161.0,161.0,161.0,161.0,0.000,0.001,0.036,0.32485,-0.27786,5.282
10.650,161.0,161.0,161.0,161.0,0.000,0.001,0.036,0.32485,-0.27786,5.287
10.660,161.0,161.0,161.0,161.0,0.000,0.001,0.036,0.32485,-0.27786,5.287
10.670,161.0,161.0,161.0,161.0,0.000,0.001,0.036,0.32485,-0.27786,5.293
10.680,171.0,171.0,171.0,171.0,0.000,0.001,0.036,0.32485,-0.27786,5.293
10.690,171.0,171.0,171.0,171.0,0.000,0.001,0.036,0.32485,-0.27786,5.293
10.700,161.0,161.0,161.0,161.0,0.000,0.001,0.036,0.32485,-0.27786,5.295
10.710,171.0,171.0,171.0,171.0,0.000,0.001,0.036,0.32485,-0.27786,5.295
10.720,171.0,171.0,171.0,171.0,0.000,0.001,0.036,0.32485,-0.27786,5.300
10.730,171.0,171.0,171.0,171.0,0.000,0.001,0.036,0.32485,-0.27786,5.300
10.740,171.0,171.0,171.0,171.0,0.000,0.001,0.036,0.32485,-0.27786,5.300
10.750,171.0,171.0,171.0,171.0,0.000,0.001,0.036,0.32485,-0.27786,5.306
10.760,171.0,171.0,171.0,171.0,0.000,0.001,0.036,0.32485,-0.27786,5.306
10.770,161.0,161.0,161.0,161.0,0.000,0.001,0.036,0.32492,-0.27787,5.311
10.780,171.0,171.0,171.0,171.0,0.000,0.001,0.036,0.32492,-0.27787,5.311
10.790,161.0,161.0,161.0,161.0,0.000,0.001,0.036,0.32492,-0.27787,5.311
10.800,161.0,161.0,161.0,161.0,0.000,0.001,0.036,0.32492,-0.27787,5.314
10.810,171.0,171.0,171.0,171.0,0.000,0.001,0.036,0.32492,-0.27787,5.314
10.820,171.0,171.0,171.0,171.0,0.000,0.001,0.036,0.32492,-0.27787,5.314
10.830,171.0,171.0,171.0,171.0,0.000,0.001,0.036,0.32492,-0.27787,5.319
10.840,171.0,171.0,171.0,171.0,0.000,0.001,0.036,0.32492,-0.27787,5.319
10.850,171.0,171.0,171.0,171.0,0.000,0.001,0.036,0.32492,-0.27787,5.319
10.860,162.0,162.0,162.0,162.0,0.000,0.001,0.036,0.32492,-0.27787,5.324
10.870,162.0,162.0,162.0,162.0,0.000,0.001,0.036,0.32492,-0.27787,5.324
10.880,170.0,170.0,170.0,170.0,0.000,0.001,0.036,0.32492,-0.27787,5.330
10.890,170.0,170.0,170.0,170.0,0.000,0.001,0.036,0.32492,-0.27787,5.330
10.900,170.0,170.0,170.0,170.0,0.000,0.001,0.036,0.32492,-0.27787,5.330
10.910,170.0,170.0,170.0,170.0,0.000,0.001,0.036,0.32492,-0.27787,5.335
10.920,170.0,170.0,170.0,170.0,0.000,0.001,0.036,0.32492,-0.27787,5.335
10.930,170.0,170.0,170.0,170.0,0.000,0.001,0.036,0.32492,-0.27787,5.335
10.940,170.0,170.0,170.0,170.0,0.000,0.002,0.036,0.32492,-0.27787,5.337
10.950,170.0,170.0,170.0,170.0,0.000,0.002,0.036,0.32492,-0.27787,5.337
10.960,170.0,170.0,170.0,170.0,0.000,0.002,0.036,0.32492,-0.27787,5.337
10.970,170.0,170.0,170.0,170.0,0.000,0.002,0.036,0.32500,-0.27787,5.343
10.980,170.0,170.0,170.0,170.0,0.000,0.002,0.036,0.32500,-0.27787,5.343
10.990,161.0,161.0,161.0,161.0,0.000,0.002,0.036,0.32500,-0.27787,5.348
11.000,170.0,170.0,170.0,170.0,0.000,0.002,0.036,0.32500,-0.27787,5.348
11.010,170.0,170.0,170.0,170.0,0.000,0.002,0.036,0.32500,-0.27787,5.348
11.020,170.0,170.0,170.0,170.0,0.000,0.002,0.036,0.32500,-0.27787,5.353
11.030,170.0,170.0,170.0,170.0,0.000,0.002,0.036,0.32500,-0.27787,5.353
11.040,161.0,161.0,161.0,161.0,0.000,0.002,0.036,0.32500,-0.27787,5.353
11.050,170.0,170.0,170.0,170.0,0.000,0.002,0.036,0.32500,-0.27787,5.356
11.060,170.0,170.0,170.0,170.0,0.000,0.002,0.036,0.32500,-0.27787,5.356
11.070,166.0,166.0,166.0,166.0,0.000,0.002,0.036,0.32500,-0.27787,5.356
11.080,166.0,166.0,166.0,166.0,0.000,0.002,0.036,0.32500,-0.27787,5.361
11.090,170.0,170.0,170.0,170.0,0.000,0.002,0.036,0.32500,-0.27787,5.361
11.100,161.0,161.0,161.0,161.0,0.000,0.002,0.036,0.32500,-0.27787,5.361
11.110,170.0,170.0,170.0,170.0,0.000,0.002,0.036,0.32500,-0.27787,5.367
11.120,170.0,170.0,170.0,170.0,0.000,0.002,0.036,0.32500,-0.27787,5.367
11.130,170.0,170.0,170.0,170.0,0.000,0.002,0.036,0.32500,-0.27787,5.367
11.140,170.0,170.0,170.0,170.0,0.000,0.002,0.036,0.32500,-0.27787,5.372
11.150,170.0,170.0,170.0,170.0,0.000,0.002,0.036,0.32500,-0.27787,5.372
11.160,161.0,161.0,161.0,161.0,0.000,0.002,0.036,0.32500,-0.27787,5.372
11.170,161.0,161.0,161.0,161.0,0.000,0.002,0.036,0.32509,-0.27788,5.374
11.180,170.0,170.0,170.0,170.0,0.000,0.002,0.036,0.32509,-0.27788,5.374
11.190,170.0,170.0,170.0,170.0,0.000,0.002,0.036,0.32509,-0.27788,5.374
11.200,170.0,170.0,170.0,170.0,0.000,0.002,0.036,0.32509,-0.27788,5.380
11.210,170.0,170.0,170.0,170.0,0.000,0.002,0.036,0.32509,-0.27788,5.380
11.220,161.0,161.0,161.0,161.0,0.000,0.002,0.036,0.32509,-0.27788,5.380
11.230,161.0,161.0,161.0,161.0,0.000,0.002,0.036,0.32509,-0.27788,5.385
11.240,170.0,170.0,170.0,170.0,0.000,0.002,0.036,0.32509,-0.27788,5.385
11.250,170.0,170.0,170.0,170.0,0.000,0.002,0.036,0.32509,-0.27788,5.385
11.260,170.0,170.0,170.0,170.0,0.000,0.002,0.036,0.32509,-0.27788,5.390
11.270,170.0,170.0,170.0,170.0,0.000,0.002,0.036,0.32509,-0.27788,5.390
11.280,169.0,169.0,169.0,169.0,0.000,0.002,0.036,0.32509,-0.27788,5.390
11.290,169.0,169.0,169.0,169.0,0.000,0.002,0.036,0.32509,-0.27788,5.396
11.300,169.0,169.0,169.0,169.0,0.000,0.002,0.036,0.32509,-0.27788,5.396
11.310,169.0,169.0,169.0,169.0,0.000,0.002,0.036,0.32509,-0.27788,5.396
11.320,161.0,161.0,161.0,161.0,0.000,0.002,0.036,0.32509,-0.27788,5.396
11.330,169.0,169.0,169.0,169.0,0.000,0.002,0.036,0.32509,-0.27788,5.398
11.340,169.0,169.0,169.0,169.0,0.000,0.002,0.036,0.32509,-0.27788,5.398
11.350,169.0,169.0,169.0,169.0,0.000,0.002,0.036,0.32509,-0.27788,5.398
11.360,165.0,165.0,165.0,165.0,0.000,0.002,0.036,0.32509,-0.27788,5.404
11.370,169.0,169.0,169.0,169.0,0.000,0.002,0.036,0.32519,-0.27788,5.404
11.380,160.0,160.0,160.0,160.0,0.000,0.002,0.036,0.32519,-0.27788,5.404
11.390,160.0,160.0,160.0,160.0,0.000,0.002,0.036,0.32519,-0.27788,5.404
11.400,169.0,169.0,169.0,169.0,0.000,0.002,0.036,0.32519,-0.27788,5.409
11.410,169.0,169.0,169.0,169.0,0.000,0.002,0.036,0.32519,-0.27788,5.409
11.420,169.0,169.0,169.0,169.0,0.000,0.002,0.036,0.32519,-0.27788,5.409
11.430,169.0,169.0,169.0,169.0,0.000,0.002,0.036,0.32519,-0.27788,5.409
11.440,169.0,169.0,169.0,169.0,0.000,0.002,0.036,0.32519,-0.27788,5.414
11.450,169.0,169.0,169.0,169.0,0.000,0.002,0.036,0.32519,-0.27788,5.414
11.460,169.0,169.0,169.0,169.0,0.000,0.002,0.036,0.32519,-0.27788,5.414
11.470,169.0,169.0,169.0,169.0,0.000,0.002,0.036,0.32519,-0.27788,5.417
11.480,169.0,169.0,169.0,169.0,0.000,0.002,0.036,0.32519,-0.27788,5.417
11.490,165.0,165.0,165.0,165.0,0.000,0.002,0.036,0.32519,-0.27788,5.417
11.500,169.0,169.0,169.0,169.0,0.000,0.002,0.036,0.32519,-0.27788,5.417
11.510,169.0,169.0,169.0,169.0,0.000,0.002,0.036,0.32519,-0.27788,5.422
11.520,169.0,169.0,169.0,169.0,0.000,0.002,0.036,0.32519,-0.27788,5.422
11.530,160.0,160.0,160.0,160.0,0.000,0.002,0.036,0.32519,-0.27788,5.422
11.540,169.0,169.0,169.0,169.0,0.000,0.002,0.036,0.32519,-0.27788,5.422
11.550,169.0,169.0,169.0,169.0,0.000,0.002,0.036,0.32519,-0.27788,5.422
11.560,169.0,169.0,169.0,169.0,0.000,0.002,0.036,0.32519,-0.27788,5.427
11.570,169.0,169.0,169.0,169.0,0.000,0.002,0.036,0.32530,-0.27789,5.427
11.580,160.0,160.0,160.0,160.0,0.000,0.002,0.036,0.32530,-0.27789,5.427
11.590,169.0,169.0,169.0,169.0,0.000,0.002,0.036,0.32530,-0.27789,5.427
11.600,169.0,169.0,169.0,169.0,0.000,0.002,0.036,0.32530,-0.27789,5.433
11.610,169.0,169.0,169.0,169.0,0.000,0.002,0.036,0.32530,-0.27789,5.433
11.620,160.0,160.0,160.0,160.0,0.000,0.002,0.036,0.32530,-0.27789,5.433
11.630,160.0,160.0,160.0,160.0,0.000,0.002,0.036,0.32530,-0.27789,5.433
11.640,169.0,169.0,169.0,169.0,0.000,0.002,0.036,0.32530,-0.27789,5.433
11.650,169.0,169.0,169.0,169.0,0.000,0.002,0.036,0.32530,-0.27789,5.438
11.660,169.0,169.0,169.0,169.0,0.000,0.002,0.036,0.32530,-0.27789,5.438
11.670,169.0,169.0,169.0,169.0,0.000,0.002,0.036,0.32530,-0.27789,5.438
11.680,169.0,169.0,169.0,169.0,0.000,0.002,0.036,0.32530,-0.27789,5.438
11.690,169.0,169.0,169.0,169.0,0.000,0.002,0.036,0.32530,-0.27789,5.438
11.700,169.0,169.0,169.0,169.0,0.000,0.002,0.036,0.32530,-0.27789,5.441
11.710,169.0,169.0,169.0,169.0,0.000,0.002,0.036,0.32530,-0.27789,5.441
11.720,164.0,164.0,164.0,164.0,0.000,0.002,0.036,0.32530,-0.27789,5.441
11.730,169.0,169.0,169.0,169.0,0.000,0.002,0.036,0.32530,-0.27789,5.441
11.740,169.0,169.0,169.0,169.0,0.000,0.002,0.036,0.32530,-0.27789,5.441
11.750,169.0,169.0,169.0,169.0,0.000,0.002,0.036,0.32530,-0.27789,5.446
11.760,168.0,168.0,168.0,168.0,0.000,0.002,0.036,0.32530,-0.27789,5.446
11.770,168.0,168.0,168.0,168.0,0.000,0.002,0.036,0.32541,-0.27789,5.446
11.780,168.0,168.0,168.0,168.0,0.000,0.002,0.036,0.32541,-0.27789,5.446
11.790,168.0,168.0,168.0,168.0,0.000,0.002,0.036,0.32541,-0.27789,5.446
11.800,168.0,168.0,168.0,168.0,0.000,0.002,0.036,0.32541,-0.27789,5.451
11.810,168.0,168.0,168.0,168.0,0.000,0.002,0.036,0.32541,-0.27789,5.451
11.820,168.0,168.0,168.0,168.0,0.000,0.002,0.036,0.32541,-0.27789,5.451
11.830,168.0,168.0,168.0,168.0,0.000,0.002,0.036,0.32541,-0.27789,5.451
11.840,168.0,168.0,168.0,168.0,0.000,0.002,0.036,0.32541,-0.27789,5.451
11.850,168.0,168.0,168.0,168.0,0.000,0.002,0.036,0.32541,-0.27789,5.451
11.860,168.0,168.0,168.0,168.0,0.000,0.002,0.036,0.32541,-0.27789,5.456
11.870,168.0,168.0,168.0,168.0,0.000,0.002,0.036,0.32541,-0.27789,5.456
11.880,168.0,168.0,168.0,168.0,0.000,0.002,0.036,0.32541,-0.27789,5.456
11.890,168.0,168.0,168.0,168.0,0.000,0.002,0.036,0.32541,-0.27789,5.456
11.900,168.0,168.0,168.0,168.0,0.000,0.002,0.036,0.32541,-0.27789,5.456
11.910,168.0,168.0,168.0,168.0,0.000,0.002,0.036,0.32541,-0.27789,5.456
11.920,168.0,168.0,168.0,168.0,0.000,0.002,0.036,0.32541,-0.27789,5.459
11.930,168.0,168.0,168.0,168.0,0.000,0.002,0.036,0.32541,-0.27789,5.459
11.940,168.0,168.0,168.0,168.0,0.000,0.002,0.036,0.32541,-0.27789,5.459
11.950,164.0,164.0,164.0,164.0,0.000,0.002,0.036,0.32541,-0.27789,5.459
11.960,168.0,168.0,168.0,168.0,0.000,0.002,0.036,0.32541,-0.27789,5.459
11.970,168.0,168.0,168.0,168.0,0.000,0.002,0.036,0.32554,-0.27790,5.459
11.980,168.0,168.0,168.0,168.0,0.000,0.002,0.036,0.32554,-0.27790,5.464
11.990,168.0,168.0,168.0,168.0,0.000,0.002,0.036,0.32554,-0.27790,5.464
12.000,159.0,159.0,159.0,159.0,0.000,0.002,0.036,0.32554,-0.27790,5.464
12.010,168.0,168.0,168.0,168.0,0.000,0.002,0.036,0.32554,-0.27790,5.464
12.020,168.0,168.0,168.0,168.0,0.000,0.002,0.036,0.32554,-0.27790,5.464
12.030,168.0,168.0,168.0,168.0,0.000,0.002,0.036,0.32554,-0.27790,5.464
12.040,168.0,168.0,168.0,168.0,0.000,0.002,0.036,0.32554,-0.27790,5.464
12.050,168.0,168.0,168.0,168.0,0.000,0.002,0.036,0.32554,-0.27790,5.470
12.060,168.0,168.0,168.0,168.0,0.000,0.002,0.036,0.32554,-0.27790,5.470
12.070,159.0,159.0,159.0,159.0,0.000,0.002,0.036,0.32554,-0.27790,5.470
12.080,168.0,168.0,168.0,168.0,0.000,0.002,0.036,0.32554,-0.27790,5.470
12.090,168.0,168.0,168.0,168.0,0.000,0.002,0.036,0.32554,-0.27790,5.470
12.100,168.0,168.0,168.0,168.0,0.000,0.002,0.036,0.32554,-0.27790,5.470
12.110,168.0,168.0,168.0,168.0,0.000,0.002,0.036,0.32554,-0.27790,5.470
12.120,168.0,168.0,168.0,168.0,0.000,0.002,0.036,0.32554,-0.27790,5.470
12.130,168.0,168.0,168.0,168.0,0.000,0.002,0.036,0.32554,-0.27790,5.470
12.140,168.0,168.0,168.0,168.0,0.000,0.002,0.036,0.32554,-0.27790,5.470
12.150,168.0,168.0,168.0,168.0,0.000,0.002,0.036,0.32554,-0.27790,5.475
12.160,168.0,168.0,168.0,168.0,0.000,0.002,0.036,0.32554,-0.27790,5.475
12.170,168.0,168.0,168.0,168.0,0.000,0.002,0.036,0.32567,-0.27790,5.475
12.180,168.0,168.0,168.0,168.0,0.000,0.002,0.036,0.32567,-0.27790,5.475
12.190,159.0,159.0,159.0,159.0,0.000,0.002,0.036,0.32567,-0.27790,5.475
12.200,168.0,168.0,168.0,168.0,0.000,0.002,0.036,0.32567,-0.27790,5.475
12.210,168.0,168.0,168.0,168.0,0.000,0.002,0.036,0.32567,-0.27790,5.475
12.220,168.0,168.0,168.0,168.0,0.000,0.002,0.036,0.32567,-0.27790,5.475
12.230,168.0,168.0,168.0,168.0,0.000,0.002,0.036,0.32567,-0.27790,5.475
12.240,168.0,168.0,168.0,168.0,0.000,0.002,0.036,0.32567,-0.27790,5.475
12.250,168.0,168.0,168.0,168.0,0.000,0.002,0.036,0.32567,-0.27790,5.475
12.260,168.0,168.0,168.0,168.0,0.000,0.002,0.036,0.32567,-0.27790,5.475
12.270,168.0,168.0,168.0,168.0,0.000,0.002,0.036,0.32567,-0.27790,5.475
12.280,168.0,168.0,168.0,168.0,0.000,0.002,0.036,0.32567,-0.27790,5.480
12.290,168.0,168.0,168.0,168.0,0.000,0.002,0.036,0.32567,-0.27790,5.480
12.300,159.0,159.0,159.0,159.0,0.000,0.002,0.036,0.32567,-0.27790,5.480
12.310,167.0,167.0,167.0,167.0,0.000,0.002,0.036,0.32567,-0.27790,5.480
12.320,167.0,167.0,167.0,167.0,0.000,0.002,0.036,0.32567,-0.27790,5.480
12.330,167.0,167.0,167.0,167.0,0.000,0.002,0.036,0.32567,-0.27790,5.480
12.340,167.0,167.0,167.0,167.0,0.000,0.002,0.036,0.32567,-0.27790,5.480
12.350,167.0,167.0,167.0,167.0,0.000,0.002,0.036,0.32567,-0.27790,5.480
12.360,167.0,167.0,167.0,167.0,0.000,0.002,0.036,0.32567,-0.27790,5.480
12.370,167.0,167.0,167.0,167.0,0.000,0.002,0.036,0.32582,-0.27791,5.480
12.380,167.0,167.0,167.0,167.0,0.000,0.002,0.036,0.32582,-0.27791,5.480
12.390,167.0,167.0,167.0,167.0,0.000,0.002,0.036,0.32582,-0.27791,5.480
12.400,167.0,167.0,167.0,167.0,0.000,0.002,0.036,0.32582,-0.27791,5.480
12.410,167.0,167.0,167.0,167.0,0.000,0.002,0.036,0.32582,-0.27791,5.480
12.420,167.0,167.0,167.0,167.0,0.000,0.002,0.036,0.32582,-0.27791,5.480
12.430,167.0,167.0,167.0,167.0,0.000,0.002,0.036,0.32582,-0.27791,5.480
12.440,167.0,167.0,167.0,167.0,0.000,0.002,0.036,0.32582,-0.27791,5.480
12.450,167.0,167.0,167.0,167.0,0.000,0.002,0.036,0.32582,-0.27791,5.480
12.460,167.0,167.0,167.0,167.0,0.000,0.002,0.036,0.32582,-0.27791,5.480
12.470,167.0,167.0,167.0,167.0,0.000,0.002,0.036,0.32582,-0.27791,5.480
12.480,167.0,167.0,167.0,167.0,0.000,0.002,0.036,0.32582,-0.27791,5.480
12.490,167.0,167.0,167.0,167.0,0.000,0.002,0.036,0.32582,-0.27791,5.480
12.500,167.0,167.0,167.0,167.0,0.000,0.002,0.036,0.32582,-0.27791,5.480
12.510,167.0,167.0,167.0,167.0,0.000,0.002,0.036,0.32582,-0.27791,5.480
12.520,167.0,167.0,167.0,167.0,0.000,0.002,0.036,0.32582,-0.27791,5.480
12.530,167.0,167.0,167.0,167.0,0.000,0.002,0.036,0.32582,-0.27791,5.480
12.540,167.0,167.0,167.0,167.0,0.000,0.002,0.036,0.32582,-0.27791,5.480
12.550,167.0,167.0,167.0,167.0,0.000,0.002,0.036,0.32582,-0.27791,5.480
12.560,167.0,167.0,167.0,167.0,0.000,0.002,0.036,0.32582,-0.27791,5.480
12.570,167.0,167.0,167.0,167.0,0.000,0.002,0.036,0.32597,-0.27791,5.480
12.580,167.0,167.0,167.0,167.0,0.000,0.002,0.036,0.32597,-0.27791,5.480
12.590,167.0,167.0,167.0,167.0,0.000,0.002,0.036,0.32597,-0.27791,5.480
12.600,167.0,167.0,167.0,167.0,0.000,0.002,0.036,0.32597,-0.27791,5.480
12.610,167.0,167.0,167.0,167.0,0.000,0.002,0.036,0.32597,-0.27791,5.480
12.620,167.0,167.0,167.0,167.0,0.000,0.002,0.036,0.32597,-0.27791,5.480
12.630,167.0,167.0,167.0,167.0,0.000,0.002,0.036,0.32597,-0.27791,5.480
12.640,167.0,167.0,167.0,167.0,0.000,0.002,0.036,0.32597,-0.27791,5.480
12.650,167.0,167.0,167.0,167.0,0.000,0.002,0.036,0.32597,-0.27791,5.475
12.660,167.0,167.0,167.0,167.0,0.000,0.002,0.036,0.32597,-0.27791,5.475
12.670,167.0,167.0,167.0,167.0,0.000,0.002,0.036,0.32597,-0.27791,5.475
12.680,167.0,167.0,167.0,167.0,0.000,0.002,0.036,0.32597,-0.27791,5.475
12.690,167.0,167.0,167.0,167.0,0.000,0.002,0.036,0.32597,-0.27791,5.475
12.700,167.0,167.0,167.0,167.0,0.000,0.002,0.036,0.32597,-0.27791,5.475
12.710,167.0,167.0,167.0,167.0,0.000,0.002,0.036,0.32597,-0.27791,5.475
12.720,167.0,167.0,167.0,167.0,0.000,0.002,0.036,0.32597,-0.27791,5.475
12.730,167.0,167.0,167.0,167.0,0.000,0.002,0.036,0.32597,-0.27791,5.475
12.740,167.0,167.0,167.0,167.0,0.000,0.002,0.036,0.32597,-0.27791,5.475
12.750,167.0,167.0,167.0,167.0,0.000,0.002,0.036,0.32597,-0.27791,5.475
12.760,167.0,167.0,167.0,167.0,0.000,0.002,0.036,0.32597,-0.27791,5.475
12.770,167.0,167.0,167.0,167.0,0.000,0.002,0.036,0.32613,-0.27792,5.475
12.780,167.0,167.0,167.0,167.0,0.000,0.002,0.036,0.32613,-0.27792,5.475
12.790,167.0,167.0,167.0,167.0,0.000,0.002,0.036,0.32613,-0.27792,5.470
12.800,167.0,167.0,167.0,167.0,0.000,0.002,0.036,0.32613,-0.27792,5.470
12.810,177.0,177.0,177.0,177.0,0.000,0.002,0.036,0.32613,-0.27792,5.470
12.820,167.0,167.0,167.0,167.0,0.000,0.002,0.036,0.32613,-0.27792,5.470
12.830,167.0,167.0,167.0,167.0,0.000,0.002,0.036,0.32613,-0.27792,5.470
12.840,167.0,167.0,167.0,167.0,0.000,0.002,0.036,0.32613,-0.27792,5.470
12.850,167.0,167.0,167.0,167.0,0.000,0.002,0.036,0.32613,-0.27792,5.470
12.860,167.0,167.0,167.0,167.0,0.000,0.002,0.036,0.32613,-0.27792,5.470
12.870,167.0,167.0,167.0,167.0,0.000,0.002,0.036,0.32613,-0.27792,5.470
12.880,167.0,167.0,167.0,167.0,0.000,0.002,0.036,0.32613,-0.27792,5.470
12.890,167.0,167.0,167.0,167.0,0.000,0.002,0.036,0.32613,-0.27792,5.464
12.900,167.0,167.0,167.0,167.0,0.000,0.002,0.036,0.32613,-0.27792,5.464
12.910,177.0,177.0,177.0,177.0,0.000,0.002,0.036,0.32613,-0.27792,5.464
12.920,177.0,177.0,177.0,177.0,0.000,0.002,0.036,0.32613,-0.27792,5.464
12.930,167.0,167.0,167.0,167.0,0.000,0.002,0.036,0.32613,-0.27792,5.464
12.940,167.0,167.0,167.0,167.0,0.000,0.002,0.036,0.32613,-0.27792,5.464
12.950,167.0,167.0,167.0,167.0,0.000,0.002,0.036,0.32613,-0.27792,5.464
12.960,167.0,167.0,167.0,167.0,0.000,0.002,0.036,0.32613,-0.27792,5.464
12.970,167.0,167.0,167.0,167.0,0.000,0.002,0.036,0.32631,-0.27792,5.464
12.980,167.0,167.0,167.0,167.0,0.000,0.002,0.036,0.32631,-0.27792,5.464
12.990,167.0,167.0,167.0,167.0,0.000,0.002,0.036,0.32631,-0.27792,5.464
13.000,167.0,167.0,167.0,167.0,0.000,0.002,0.036,0.32631,-0.27792,5.459
13.010,167.0,167.0,167.0,167.0,0.000,0.002,0.036,0.32631,-0.27792,5.459
13.020,167.0,167.0,167.0,167.0,0.000,0.002,0.036,0.32631,-0.27792,5.459
13.030,167.0,167.0,167.0,167.0,0.000,0.002,0.036,0.32631,-0.27792,5.459
13.040,167.0,167.0,167.0,167.0,0.000,0.002,0.036,0.32631,-0.27792,5.459
13.050,167.0,167.0,167.0,167.0,0.000,0.003,0.036,0.32631,-0.27792,5.459
13.060,167.0,167.0,167.0,167.0,0.000,0.003,0.036,0.32631,-0.27792,5.459
13.070,167.0,167.0,167.0,167.0,0.000,0.003,0.036,0.32631,-0.27792,5.459
13.080,168.0,168.0,168.0,168.0,0.000,0.003,0.036,0.32631,-0.27792,5.459
13.090,168.0,168.0,168.0,168.0,0.000,0.003,0.036,0.32631,-0.27792,5.459
13.100,168.0,168.0,168.0,168.0,0.000,0.003,0.036,0.32631,-0.27792,5.456
13.110,168.0,168.0,168.0,168.0,0.000,0.003,0.036,0.32631,-0.27792,5.456
13.120,168.0,168.0,168.0,168.0,0.000,0.003,0.036,0.32631,-0.27792,5.456
13.130,168.0,168.0,168.0,168.0,0.000,0.003,0.036,0.32631,-0.27792,5.456
13.140,168.0,168.0,168.0,168.0,0.000,0.003,0.036,0.32631,-0.27792,5.456
13.150,168.0,168.0,168.0,168.0,0.000,0.003,0.036,0.32631,-0.27792,5.456
13.160,168.0,168.0,168.0,168.0,0.000,0.003,0.036,0.32631,-0.27792,5.456
13.170,168.0,168.0,168.0,168.0,0.000,0.003,0.036,0.32650,-0.27793,5.456
13.180,168.0,168.0,168.0,168.0,0.000,0.003,0.036,0.32650,-0.27793,5.451
13.190,168.0,168.0,168.0,168.0,0.000,0.003,0.036,0.32650,-0.27793,5.451
13.200,176.0,176.0,176.0,176.0,0.000,0.003,0.036,0.32650,-0.27793,5.451
13.210,168.0,168.0,168.0,168.0,0.000,0.003,0.036,0.32650,-0.27793,5.451
13.220,168.0,168.0,168.0,168.0,0.000,0.003,0.036,0.32650,-0.27793,5.451
13.230,168.0,168.0,168.0,168.0,0.000,0.003,0.036,0.32650,-0.27793,5.451
13.240,168.0,168.0,168.0,168.0,0.000,0.003,0.036,0.32650,-0.27793,5.451
13.250,168.0,168.0,168.0,168.0,0.000,0.003,0.036,0.32650,-0.27793,5.451
13.260,168.0,168.0,168.0,168.0,0.000,0.003,0.036,0.32650,-0.27793,5.446
13.270,168.0,168.0,168.0,168.0,0.000,0.003,0.036,0.32650,-0.27793,5.446
13.280,176.0,176.0,176.0,176.0,0.000,0.003,0.036,0.32650,-0.27793,5.446
13.290,168.0,168.0,168.0,168.0,0.000,0.003,0.036,0.32650,-0.27793,5.446
13.300,168.0,168.0,168.0,168.0,0.000,0.003,0.036,0.32650,-0.27793,5.446
13.310,168.0,168.0,168.0,168.0,0.000,0.003,0.036,0.32650,-0.27793,5.446
13.320,168.0,168.0,168.0,168.0,0.000,0.003,0.036,0.32650,-0.27793,5.446
13.330,168.0,168.0,168.0,168.0,0.000,0.003,0.036,0.32650,-0.27793,5.446
13.340,168.0,168.0,168.0,168.0,0.000,0.003,0.036,0.32650,-0.27793,5.446
13.350,168.0,168.0,168.0,168.0,0.000,0.003,0.036,0.32650,-0.27793,5.441
13.360,168.0,168.0,168.0,168.0,0.000,0.003,0.036,0.32650,-0.27793,5.441
13.370,168.0,168.0,168.0,168.0,0.000,0.003,0.036,0.32670,-0.27793,5.441
13.380,168.0,168.0,168.0,168.0,0.000,0.003,0.036,0.32670,-0.27793,5.441
13.390,168.0,168.0,168.0,168.0,0.000,0.003,0.036,0.32670,-0.27793,5.441
13.400,168.0,168.0,168.0,168.0,0.000,0.003,0.036,0.32670,-0.27793,5.441
13.410,168.0,168.0,168.0,168.0,0.000,0.003,0.036,0.32670,-0.27793,5.441
13.420,168.0,168.0,168.0,168.0,0.000,0.003,0.036,0.32670,-0.27793,5.441
13.430,168.0,168.0,168.0,168.0,0.000,0.003,0.036,0.32670,-0.27793,5.441
13.440,168.0,168.0,168.0,168.0,0.000,0.003,0.036,0.32670,-0.27793,5.438
13.450,168.0,168.0,168.0,168.0,0.000,0.003,0.036,0.32670,-0.27793,5.438
13.460,172.0,172.0,172.0,172.0,0.000,0.003,0.036,0.32670,-0.27793,5.438
13.470,168.0,168.0,168.0,168.0,0.000,0.003,0.036,0.32670,-0.27793,5.438
13.480,168.0,168.0,168.0,168.0,0.000,0.003,0.036,0.32670,-0.27793,5.438
13.490,167.0,167.0,167.0,167.0,0.000,0.003,0.036,0.32670,-0.27793,5.438
13.500,167.0,167.0,167.0,167.0,0.000,0.003,0.036,0.32670,-0.27793,5.438
13.510,167.0,167.0,167.0,167.0,0.000,0.003,0.036,0.32670,-0.27793,5.438
13.520,167.0,167.0,167.0,167.0,0.000,0.003,0.036,0.32670,-0.27793,5.433
13.530,167.0,167.0,167.0,167.0,0.000,0.003,0.036,0.32670,-0.27793,5.433
13.540,167.0,167.0,167.0,167.0,0.000,0.003,0.036,0.32670,-0.27793,5.433
13.550,167.0,167.0,167.0,167.0,0.000,0.003,0.036,0.32670,-0.27793,5.433
13.560,167.0,167.0,167.0,167.0,0.000,0.003,0.036,0.32670,-0.27793,5.433
13.570,167.0,167.0,167.0,167.0,0.000,0.003,0.036,0.32691,-0.27793,5.433
13.580,167.0,167.0,167.0,167.0,0.000,0.003,0.036,0.32691,-0.27793,5.433
13.590,167.0,167.0,167.0,167.0,0.000,0.003,0.036,0.32691,-0.27793,5.427
13.600,167.0,167.0,167.0,167.0,0.000,0.003,0.036,0.32691,-0.27793,5.427
13.610,167.0,167.0,167.0,167.0,0.000,0.003,0.036,0.32691,-0.27793,5.427
13.620,176.0,176.0,176.0,176.0,0.000,0.003,0.036,0.32691,-0.27793,5.427
13.630,167.0,167.0,167.0,167.0,0.000,0.003,0.036,0.32691,-0.27793,5.427
13.640,167.0,167.0,167.0,167.0,0.000,0.003,0.036,0.32691,-0.27793,5.427
13.650,167.0,167.0,167.0,167.0,0.000,0.003,0.036,0.32691,-0.27793,5.427
13.660,167.0,167.0,167.0,167.0,0.000,0.003,0.036,0.32691,-0.27793,5.422
13.670,167.0,167.0,167.0,167.0,0.000,0.003,0.036,0.32691,-0.27793,5.422
13.680,167.0,167.0,167.0,167.0,0.000,0.003,0.036,0.32691,-0.27793,5.422
13.690,167.0,167.0,167.0,167.0,0.000,0.003,0.036,0.32691,-0.27793,5.422
13.700,167.0,167.0,167.0,167.0,0.000,0.003,0.036,0.32691,-0.27793,5.422
13.710,167.0,167.0,167.0,167.0,0.000,0.003,0.036,0.32691,-0.27793,5.422
13.720,167.0,167.0,167.0,167.0,0.000,0.003,0.036,0.32691,-0.27793,5.422
13.730,167.0,167.0,167.0,167.0,0.000,0.003,0.036,0.32691,-0.27793,5.417
13.740,167.0,167.0,167.0,167.0,0.000,0.003,0.036,0.32691,-0.27793,5.417
13.750,167.0,167.0,167.0,167.0,0.000,0.003,0.036,0.32691,-0.27793,5.417
13.760,167.0,167.0,167.0,167.0,0.000,0.003,0.036,0.32691,-0.27793,5.417
13.770,176.0,176.0,176.0,176.0,0.000,0.003,0.036,0.32713,-0.27794,5.417
13.780,167.0,167.0,167.0,167.0,0.000,0.003,0.036,0.32713,-0.27794,5.417
13.790,167.0,167.0,167.0,167.0,0.000,0.003,0.036,0.32713,-0.27794,5.414
13.800,167.0,167.0,167.0,167.0,0.000,0.003,0.036,0.32713,-0.27794,5.414
13.810,167.0,167.0,167.0,167.0,0.000,0.003,0.036,0.32713,-0.27794,5.414
13.820,167.0,167.0,167.0,167.0,0.000,0.003,0.036,0.32713,-0.27794,5.414
13.830,167.0,167.0,167.0,167.0,0.000,0.003,0.036,0.32713,-0.27794,5.414
13.840,167.0,167.0,167.0,167.0,0.000,0.003,0.036,0.32713,-0.27794,5.414
13.850,167.0,167.0,167.0,167.0,0.000,0.003,0.036,0.32713,-0.27794,5.409
13.860,167.0,167.0,167.0,167.0,0.000,0.003,0.036,0.32713,-0.27794,5.409
13.870,167.0,167.0,167.0,167.0,0.000,0.003,0.036,0.32713,-0.27794,5.409
13.880,167.0,167.0,167.0,167.0,0.000,0.003,0.036,0.32713,-0.27794,5.409
13.890,167.0,167.0,167.0,167.0,0.000,0.003,0.036,0.32713,-0.27794,5.409
13.900,167.0,167.0,167.0,167.0,0.000,0.003,0.036,0.32713,-0.27794,5.404
13.910,167.0,167.0,167.0,167.0,0.000,0.003,0.036,0.32713,-0.27794,5.404
13.920,176.0,176.0,176.0,176.0,0.000,0.003,0.036,0.32713,-0.27794,5.404
13.930,167.0,167.0,167.0,167.0,0.000,0.003,0.036,0.32713,-0.27794,5.404
13.940,167.0,167.0,167.0,167.0,0.000,0.003,0.036,0.32713,-0.27794,5.404
13.950,167.0,167.0,167.0,167.0,0.000,0.003,0.036,0.32713,-0.27794,5.398
13.960,167.0,167.0,167.0,167.0,0.000,0.003,0.036,0.32713,-0.27794,5.398
13.970,167.0,167.0,167.0,167.0,0.000,0.003,0.036,0.32736,-0.27794,5.398
13.980,167.0,167.0,167.0,167.0,0.000,0.003,0.036,0.32736,-0.27794,5.398
13.990,167.0,167.0,167.0,167.0,0.000,0.003,0.036,0.32736,-0.27794,5.398
14.000,167.0,167.0,167.0,167.0,0.000,0.003,0.036,0.32736,-0.27794,5.396
14.010,167.0,167.0,167.0,167.0,0.000,0.003,0.036,0.32736,-0.27794,5.396
14.020,172.0,172.0,172.0,172.0,0.000,0.003,0.036,0.32736,-0.27794,5.396
14.030,172.0,172.0,172.0,172.0,0.000,0.003,0.036,0.32736,-0.27794,5.396
14.040,167.0,167.0,167.0,167.0,0.000,0.003,0.036,0.32736,-0.27794,5.396
14.050,167.0,167.0,167.0,167.0,0.000,0.003,0.036,0.32736,-0.27794,5.390
14.060,167.0,167.0,167.0,167.0,0.000,0.003,0.036,0.32736,-0.27794,5.390
14.070,167.0,167.0,167.0,167.0,0.000,0.003,0.036,0.32736,-0.27794,5.390
14.080,167.0,167.0,167.0,167.0,0.000,0.003,0.036,0.32736,-0.27794,5.390
14.090,167.0,167.0,167.0,167.0,0.000,0.003,0.036,0.32736,-0.27794,5.390
14.100,167.0,167.0,167.0,167.0,0.000,0.003,0.036,0.32736,-0.27794,5.385
14.110,167.0,167.0,167.0,167.0,0.000,0.003,0.036,0.32736,-0.27794,5.385
14.120,167.0,167.0,167.0,167.0,0.000,0.003,0.036,0.32736,-0.27794,5.385
14.130,176.0,176.0,176.0,176.0,0.000,0.003,0.036,0.32736,-0.27794,5.385
14.140,167.0,167.0,167.0,167.0,0.000,0.003,0.036,0.32736,-0.27794,5.385
14.150,167.0,167.0,167.0,167.0,0.000,0.003,0.036,0.32736,-0.27794,5.380
14.160,167.0,167.0,167.0,167.0,0.000,0.003,0.036,0.32736,-0.27794,5.380
14.170,167.0,167.0,167.0,167.0,0.000,0.003,0.036,0.32761,-0.27795,5.380
14.180,167.0,167.0,167.0,167.0,0.000,0.003,0.036,0.32761,-0.27795,5.380
14.190,167.0,167.0,167.0,167.0,0.000,0.003,0.036,0.32761,-0.27795,5.380
14.200,167.0,167.0,167.0,167.0,0.000,0.003,0.036,0.32761,-0.27795,5.374
14.210,167.0,167.0,167.0,167.0,0.000,0.003,0.036,0.32761,-0.27795,5.374
14.220,167.0,167.0,167.0,167.0,0.000,0.003,0.036,0.32761,-0.27795,5.374
14.230,167.0,167.0,167.0,167.0,0.000,0.003,0.036,0.32761,-0.27795,5.374
14.240,167.0,167.0,167.0,167.0,0.000,0.003,0.036,0.32761,-0.27795,5.372
14.250,167.0,167.0,167.0,167.0,0.000,0.003,0.036,0.32761,-0.27795,5.372
14.260,172.0,172.0,172.0,172.0,0.000,0.003,0.036,0.32761,-0.27795,5.372
14.270,167.0,167.0,167.0,167.0,0.000,0.003,0.036,0.32761,-0.27795,5.372
14.280,167.0,167.0,167.0,167.0,0.000,0.003,0.036,0.32761,-0.27795,5.372
14.290,167.0,167.0,167.0,167.0,0.000,0.003,0.036,0.32761,-0.27795,5.367
14.300,167.0,167.0,167.0,167.0,0.000,0.003,0.036,0.32761,-0.27795,5.367
14.310,176.0,176.0,176.0,176.0,0.000,0.003,0.036,0.32761,-0.27795,5.367
14.320,167.0,167.0,167.0,167.0,0.000,0.003,0.036,0.32761,-0.27795,5.367
14.330,167.0,167.0,167.0,167.0,0.000,0.003,0.036,0.32761,-0.27795,5.361
14.340,167.0,167.0,167.0,167.0,0.000,0.003,0.036,0.32761,-0.27795,5.361
14.350,167.0,167.0,167.0,167.0,0.000,0.003,0.036,0.32761,-0.27795,5.361
14.360,167.0,167.0,167.0,167.0,0.000,0.003,0.036,0.32761,-0.27795,5.361
14.370,167.0,167.0,167.0,167.0,0.000,0.003,0.036,0.32787,-0.27795,5.356
14.380,167.0,167.0,167.0,167.0,0.000,0.003,0.036,0.32787,-0.27795,5.356
14.390,176.0,176.0,176.0,176.0,0.000,0.003,0.036,0.32787,-0.27795,5.356
14.400,176.0,176.0,176.0,176.0,0.000,0.003,0.036,0.32787,-0.27795,5.356
14.410,167.0,167.0,167.0,167.0,0.000,0.003,0.036,0.32787,-0.27795,5.356
14.420,167.0,167.0,167.0,167.0,0.000,0.003,0.036,0.32787,-0.27795,5.353
14.430,167.0,167.0,167.0,167.0,0.000,0.003,0.036,0.32787,-0.27795,5.353
14.440,172.0,172.0,172.0,172.0,0.000,0.003,0.036,0.32787,-0.27795,5.353
14.450,172.0,172.0,172.0,172.0,0.000,0.003,0.036,0.32787,-0.27795,5.353
14.460,167.0,167.0,167.0,167.0,0.000,0.003,0.036,0.32787,-0.27795,5.348
14.470,167.0,167.0,167.0,167.0,0.000,0.003,0.036,0.32787,-0.27795,5.348
14.480,167.0,167.0,167.0,167.0,0.000,0.003,0.036,0.32787,-0.27795,5.348
14.490,167.0,167.0,167.0,167.0,0.000,0.003,0.036,0.32787,-0.27795,5.348
14.500,167.0,167.0,167.0,167.0,0.000,0.003,0.036,0.32787,-0.27795,5.348
14.510,167.0,167.0,167.0,167.0,0.000,0.003,0.036,0.32787,-0.27795,5.343
14.520,167.0,167.0,167.0,167.0,0.000,0.003,0.036,0.32787,-0.27795,5.343
14.530,167.0,167.0,167.0,167.0,0.000,0.003,0.036,0.32787,-0.27795,5.343
14.540,167.0,167.0,167.0,167.0,0.000,0.003,0.036,0.32787,-0.27795,5.343
14.550,167.0,167.0,167.0,167.0,0.000,0.003,0.036,0.32787,-0.27795,5.337
14.560,167.0,167.0,167.0,167.0,0.000,0.003,0.036,0.32787,-0.27795,5.337
14.570,167.0,167.0,167.0,167.0,0.000,0.003,0.036,0.32815,-0.27796,5.337
14.580,176.0,176.0,176.0,176.0,0.000,0.003,0.036,0.32815,-0.27796,5.337
14.590,167.0,167.0,167.0,167.0,0.000,0.003,0.036,0.32815,-0.27796,5.337
14.600,167.0,167.0,167.0,167.0,0.000,0.003,0.036,0.32815,-0.27796,5.335
14.610,167.0,167.0,167.0,167.0,0.000,0.003,0.036,0.32815,-0.27796,5.335
14.620,172.0,172.0,172.0,172.0,0.000,0.003,0.036,0.32815,-0.27796,5.335
14.630,167.0,167.0,167.0,167.0,0.000,0.003,0.036,0.32815,-0.27796,5.335
14.640,167.0,167.0,167.0,167.0,0.000,0.003,0.036,0.32815,-0.27796,5.330
14.650,167.0,167.0,167.0,167.0,0.000,0.003,0.036,0.32815,-0.27796,5.330
14.660,167.0,167.0,167.0,167.0,0.000,0.003,0.036,0.32815,-0.27796,5.330
14.670,177.0,177.0,177.0,177.0,0.000,0.003,0.036,0.32815,-0.27796,5.330
14.680,167.0,167.0,167.0,167.0,0.000,0.003,0.036,0.32815,-0.27796,5.324
14.690,167.0,167.0,167.0,167.0,0.000,0.003,0.036,0.32815,-0.27796,5.324
14.700,167.0,167.0,167.0,167.0,0.000,0.003,0.036,0.32815,-0.27796,5.324
14.710,167.0,167.0,167.0,167.0,0.000,0.003,0.036,0.32815,-0.27796,5.324
14.720,167.0,167.0,167.0,167.0,0.000,0.003,0.036,0.32815,-0.27796,5.324
14.730,167.0,167.0,167.0,167.0,0.000,0.003,0.036,0.32815,-0.27796,5.319
14.740,167.0,167.0,167.0,167.0,0.000,0.003,0.036,0.32815,-0.27796,5.319
14.750,167.0,167.0,167.0,167.0,0.000,0.003,0.036,0.32815,-0.27796,5.319
14.760,177.0,177.0,177.0,177.0,0.000,0.003,0.036,0.32815,-0.27796,5.319
14.770,177.0,177.0,177.0,177.0,0.000,0.003,0.036,0.32844,-0.27796,5.314
14.780,167.0,167.0,167.0,167.0,0.000,0.003,0.036,0.32844,-0.27796,5.314
14.790,167.0,167.0,167.0,167.0,0.000,0.003,0.036,0.32844,-0.27796,5.314
14.800,167.0,167.0,167.0,167.0,0.000,0.003,0.036,0.32844,-0.27796,5.314
14.810,167.0,167.0,167.0,167.0,0.000,0.003,0.036,0.32844,-0.27796,5.314
14.820,167.0,167.0,167.0,167.0,0.000,0.003,0.036,0.32844,-0.27796,5.311
14.830,167.0,167.0,167.0,167.0,0.000,0.003,0.036,0.32844,-0.27796,5.311
14.840,172.0,172.0,172.0,172.0,0.000,0.003,0.036,0.32844,-0.27796,5.311
14.850,172.0,172.0,172.0,172.0,0.000,0.003,0.036,0.32844,-0.27796,5.311
14.860,167.0,167.0,167.0,167.0,0.000,0.003,0.036,0.32844,-0.27796,5.311
14.870,167.0,167.0,167.0,167.0,0.000,0.003,0.036,0.32844,-0.27796,5.306
14.880,167.0,167.0,167.0,167.0,0.000,0.003,0.036,0.32844,-0.27796,5.306
14.890,167.0,167.0,167.0,167.0,0.000,0.003,0.036,0.32844,-0.27796,5.306
14.900,167.0,167.0,167.0,167.0,0.000,0.003,0.036,0.32844,-0.27796,5.306
14.910,167.0,167.0,167.0,167.0,0.000,0.003,0.036,0.32844,-0.27796,5.300
14.920,167.0,167.0,167.0,167.0,0.000,0.003,0.036,0.32844,-0.27796,5.300
14.930,167.0,167.0,167.0,167.0,0.000,0.003,0.036,0.32844,-0.27796,5.300
14.940,167.0,167.0,167.0,167.0,0.000,0.003,0.036,0.32844,-0.27796,5.300
14.950,167.0,167.0,167.0,167.0,0.000,0.003,0.036,0.32844,-0.27796,5.300
14.960,167.0,167.0,167.0,167.0,0.000,0.003,0.036,0.32844,-0.27796,5.295
14.970,167.0,167.0,167.0,167.0,0.000,0.003,0.036,0.32874,-0.27797,5.295
14.980,167.0,167.0,167.0,167.0,0.000,0.003,0.036,0.32874,-0.27797,5.295
14.990,177.0,177.0,177.0,177.0,0.000,0.003,0.036,0.32874,-0.27797,5.295
15.000,167.0,167.0,167.0,167.0,0.000,0.003,0.036,0.32874,-0.27797,5.293
15.010,167.0,167.0,167.0,167.0,0.000,0.003,0.036,0.32874,-0.27797,5.293
15.020,172.0,172.0,172.0,172.0,0.000,0.003,0.036,0.32874,-0.27797,5.293
15.030,172.0,172.0,172.0,172.0,0.000,0.003,0.036,0.32874,-0.27797,5.293
15.040,167.0,167.0,167.0,167.0,0.000,0.003,0.036,0.32874,-0.27797,5.287
15.050,167.0,167.0,167.0,167.0,0.000,0.003,0.036,0.32874,-0.27797,5.287
15.060,177.0,177.0,177.0,177.0,0.000,0.003,0.036,0.32874,-0.27797,5.287
15.070,177.0,177.0,177.0,177.0,0.000,0.003,0.036,0.32874,-0.27797,5.287
15.080,167.0,167.0,167.0,167.0,0.000,0.003,0.036,0.32874,-0.27797,5.287
15.090,167.0,167.0,167.0,167.0,0.000,0.003,0.036,0.32874,-0.27797,5.282
15.100,167.0,167.0,167.0,167.0,0.000,0.003,0.036,0.32874,-0.27797,5.282
15.110,167.0,167.0,167.0,167.0,0.000,0.003,0.036,0.32874,-0.27797,5.282
15.120,167.0,167.0,167.0,167.0,0.000,0.003,0.036,0.32874,-0.27797,5.282
15.130,167.0,167.0,167.0,167.0,0.000,0.004,0.036,0.32874,-0.27797,5.282
15.140,167.0,167.0,167.0,167.0,0.000,0.004,0.036,0.32874,-0.27797,5.277
15.150,167.0,167.0,167.0,167.0,0.000,0.004,0.036,0.32874,-0.27797,5.277
15.160,177.0,177.0,177.0,177.0,0.000,0.004,0.036,0.32874,-0.27797,5.277
15.170,167.0,167.0,167.0,167.0,0.000,0.004,0.036,0.32906,-0.27797,5.277
15.180,167.0,167.0,167.0,167.0,0.000,0.004,0.036,0.32906,-0.27797,5.277
15.190,167.0,167.0,167.0,167.0,0.000,0.004,0.036,0.32906,-0.27797,5.271
15.200,167.0,167.0,167.0,167.0,0.000,0.004,0.036,0.32906,-0.27797,5.271
15.210,167.0,167.0,167.0,167.0,0.000,0.004,0.036,0.32906,-0.27797,5.271
15.220,167.0,167.0,167.0,167.0,0.000,0.004,0.036,0.32906,-0.27797,5.271
15.230,167.0,167.0,167.0,167.0,0.000,0.004,0.036,0.32906,-0.27797,5.271
15.240,167.0,167.0,167.0,167.0,0.000,0.004,0.036,0.32906,-0.27797,5.269
15.250,167.0,167.0,167.0,167.0,0.000,0.004,0.036,0.32906,-0.27797,5.269
15.260,167.0,167.0,167.0,167.0,0.000,0.004,0.036,0.32906,-0.27797,5.269
15.270,167.0,167.0,167.0,167.0,0.000,0.004,0.036,0.32906,-0.27797,5.269
15.280,167.0,167.0,167.0,167.0,0.000,0.004,0.036,0.32906,-0.27797,5.269
15.290,167.0,167.0,167.0,167.0,0.000,0.004,0.036,0.32906,-0.27797,5.264
15.300,167.0,167.0,167.0,167.0,0.000,0.004,0.036,0.32906,-0.27797,5.264
15.310,167.0,167.0,167.0,167.0,0.000,0.004,0.036,0.32906,-0.27797,5.264
15.320,167.0,167.0,167.0,167.0,0.000,0.004,0.036,0.32906,-0.27797,5.264
15.330,167.0,167.0,167.0,167.0,0.000,0.004,0.036,0.32906,-0.27797,5.258
15.340,167.0,167.0,167.0,167.0,0.000,0.004,0.036,0.32906,-0.27797,5.258
15.350,177.0,177.0,177.0,177.0,0.000,0.004,0.036,0.32906,-0.27797,5.258
15.360,168.0,168.0,168.0,168.0,0.000,0.004,0.036,0.32906,-0.27797,5.258
15.370,168.0,168.0,168.0,168.0,0.000,0.004,0.036,0.32939,-0.27798,5.253
15.380,167.0,167.0,167.0,167.0,0.000,0.004,0.036,0.32939,-0.27798,5.253
15.390,177.0,177.0,177.0,177.0,0.000,0.004,0.036,0.32939,-0.27798,5.253
15.400,168.0,168.0,168.0,168.0,0.000,0.004,0.036,0.32939,-0.27798,5.253
15.410,168.0,168.0,168.0,168.0,0.000,0.004,0.036,0.32939,-0.27798,5.253
15.420,168.0,168.0,168.0,168.0,0.000,0.004,0.036,0.32939,-0.27798,5.250
15.430,168.0,168.0,168.0,168.0,0.000,0.004,0.036,0.32939,-0.27798,5.250
15.440,168.0,168.0,168.0,168.0,0.000,0.004,0.036,0.32939,-0.27798,5.250
15.450,168.0,168.0,168.0,168.0,0.000,0.004,0.036,0.32939,-0.27798,5.250
15.460,168.0,168.0,168.0,168.0,0.000,0.004,0.036,0.32939,-0.27798,5.250
15.470,168.0,168.0,168.0,168.0,0.000,0.004,0.036,0.32939,-0.27798,5.245
15.480,168.0,168.0,168.0,168.0,0.000,0.004,0.036,0.32939,-0.27798,5.245
15.490,177.0,177.0,177.0,177.0,0.000,0.004,0.036,0.32939,-0.27798,5.245
15.500,177.0,177.0,177.0,177.0,0.000,0.004,0.036,0.32939,-0.27798,5.245
15.510,168.0,168.0,168.0,168.0,0.000,0.004,0.036,0.32939,-0.27798,5.245
15.520,168.0,168.0,168.0,168.0,0.000,0.004,0.036,0.32939,-0.27798,5.240
15.530,168.0,168.0,168.0,168.0,0.000,0.004,0.036,0.32939,-0.27798,5.240
15.540,168.0,168.0,168.0,168.0,0.000,0.004,0.036,0.32939,-0.27798,5.240
15.550,168.0,168.0,168.0,168.0,0.000,0.004,0.036,0.32939,-0.27798,5.240
15.560,168.0,168.0,168.0,168.0,0.000,0.004,0.036,0.32939,-0.27798,5.240
15.570,168.0,168.0,168.0,168.0,0.000,0.004,0.036,0.32973,-0.27798,5.234
15.580,168.0,168.0,168.0,168.0,0.000,0.004,0.036,0.32973,-0.27798,5.234
15.590,168.0,168.0,168.0,168.0,0.000,0.004,0.036,0.32973,-0.27798,5.234
15.600,168.0,168.0,168.0,168.0,0.000,0.004,0.036,0.32973,-0.27798,5.234
15.610,168.0,168.0,168.0,168.0,0.000,0.004,0.036,0.32973,-0.27798,5.234
15.620,168.0,168.0,168.0,168.0,0.000,0.004,0.036,0.32973,-0.27798,5.229
15.630,168.0,168.0,168.0,168.0,0.000,0.004,0.036,0.32973,-0.27798,5.229
15.640,168.0,168.0,168.0,168.0,0.000,0.004,0.036,0.32973,-0.27798,5.229
15.650,177.0,177.0,177.0,177.0,0.000,0.004,0.036,0.32973,-0.27798,5.229
15.660,168.0,168.0,168.0,168.0,0.000,0.004,0.036,0.32973,-0.27798,5.229
15.670,168.0,168.0,168.0,168.0,0.000,0.004,0.036,0.32973,-0.27798,5.227
15.680,168.0,168.0,168.0,168.0,0.000,0.004,0.036,0.32973,-0.27798,5.227
15.690,172.0,172.0,172.0,172.0,0.000,0.004,0.036,0.32973,-0.27798,5.227
15.700,168.0,168.0,168.0,168.0,0.000,0.004,0.036,0.32973,-0.27798,5.227
15.710,168.0,168.0,168.0,168.0,0.000,0.004,0.036,0.32973,-0.27798,5.227
15.720,168.0,168.0,168.0,168.0,0.000,0.004,0.036,0.32973,-0.27798,5.227
15.730,168.0,168.0,168.0,168.0,0.000,0.004,0.036,0.32973,-0.27798,5.221
15.740,168.0,168.0,168.0,168.0,0.000,0.004,0.036,0.32973,-0.27798,5.221
15.750,168.0,168.0,168.0,168.0,0.000,0.004,0.036,0.32973,-0.27798,5.221
15.760,168.0,168.0,168.0,168.0,0.000,0.004,0.036,0.32973,-0.27798,5.221
15.770,168.0,168.0,168.0,168.0,0.000,0.004,0.036,0.33009,-0.27799,5.221
15.780,168.0,168.0,168.0,168.0,0.000,0.004,0.036,0.33009,-0.27799,5.221
15.790,168.0,168.0,168.0,168.0,0.000,0.004,0.036,0.33009,-0.27799,5.216
15.800,168.0,168.0,168.0,168.0,0.000,0.004,0.036,0.33009,-0.27799,5.216
15.810,168.0,168.0,168.0,168.0,0.000,0.004,0.036,0.33009,-0.27799,5.216
15.820,177.0,177.0,177.0,177.0,0.000,0.004,0.036,0.33009,-0.27799,5.216
15.830,168.0,168.0,168.0,168.0,0.000,0.004,0.036,0.33009,-0.27799,5.216
15.840,168.0,168.0,168.0,168.0,0.000,0.004,0.036,0.33009,-0.27799,5.211
15.850,168.0,168.0,168.0,168.0,0.000,0.004,0.036,0.33009,-0.27799,5.211
15.860,168.0,168.0,168.0,168.0,0.000,0.004,0.036,0.33009,-0.27799,5.211
15.870,168.0,168.0,168.0,168.0,0.000,0.004,0.036,0.33009,-0.27799,5.211
15.880,168.0,168.0,168.0,168.0,0.000,0.004,0.036,0.33009,-0.27799,5.211
15.890,168.0,168.0,168.0,168.0,0.000,0.004,0.036,0.33009,-0.27799,5.211
15.900,168.0,168.0,168.0,168.0,0.000,0.004,0.036,0.33009,-0.27799,5.208
15.910,168.0,168.0,168.0,168.0,0.000,0.004,0.036,0.33009,-0.27799,5.208
15.920,168.0,168.0,168.0,168.0,0.000,0.004,0.036,0.33009,-0.27799,5.208
15.930,173.0,173.0,173.0,173.0,0.000,0.004,0.036,0.33009,-0.27799,5.208
15.940,168.0,168.0,168.0,168.0,0.000,0.004,0.036,0.33009,-0.27799,5.208
15.950,168.0,168.0,168.0,168.0,0.000,0.004,0.036,0.33009,-0.27799,5.208
15.960,168.0,168.0,168.0,168.0,0.000,0.004,0.036,0.33009,-0.27799,5.203
15.970,168.0,168.0,168.0,168.0,0.000,0.004,0.036,0.33047,-0.27799,5.203
15.980,177.0,177.0,177.0,177.0,0.000,0.004,0.036,0.33047,-0.27799,5.203
15.990,168.0,168.0,168.0,168.0,0.000,0.004,0.036,0.33047,-0.27799,5.203
16.000,168.0,168.0,168.0,168.0,0.000,0.004,0.036,0.33047,-0.27799,5.203
16.010,168.0,168.0,168.0,168.0,0.000,0.004,0.036,0.33047,-0.27799,5.203
16.020,168.0,168.0,168.0,168.0,0.000,0.004,0.036,0.33047,-0.27799,5.197
16.030,168.0,168.0,168.0,168.0,0.000,0.004,0.036,0.33047,-0.27799,5.197
16.040,177.0,177.0,177.0,177.0,0.000,0.004,0.036,0.33047,-0.27799,5.197
16.050,168.0,168.0,168.0,168.0,0.000,0.004,0.036,0.33047,-0.27799,5.197
16.060,168.0,168.0,168.0,168.0,0.000,0.004,0.036,0.33047,-0.27799,5.197
16.070,168.0,168.0,168.0,168.0,0.000,0.004,0.036,0.33047,-0.27799,5.197
16.080,168.0,168.0,168.0,168.0,0.000,0.004,0.036,0.33047,-0.27799,5.197
16.090,168.0,168.0,168.0,168.0,0.000,0.004,0.036,0.33047,-0.27799,5.192
16.100,168.0,168.0,168.0,168.0,0.000,0.004,0.036,0.33047,-0.27799,5.192
16.110,168.0,168.0,168.0,168.0,0.000,0.004,0.036,0.33047,-0.27799,5.192
16.120,168.0,168.0,168.0,168.0,0.000,0.004,0.036,0.33047,-0.27799,5.192
16.130,168.0,168.0,168.0,168.0,0.000,0.004,0.036,0.33047,-0.27799,5.192
16.140,168.0,168.0,168.0,168.0,0.000,0.004,0.036,0.33047,-0.27799,5.192
16.150,168.0,168.0,168.0,168.0,0.000,0.004,0.036,0.33047,-0.27799,5.192
16.160,168.0,168.0,168.0,168.0,0.000,0.004,0.036,0.33047,-0.27799,5.187
16.170,168.0,168.0,168.0,168.0,0.000,0.004,0.036,0.33086,-0.27800,5.187
16.180,168.0,168.0,168.0,168.0,0.000,0.004,0.036,0.33086,-0.27800,5.187
16.190,177.0,177.0,177.0,177.0,0.000,0.004,0.036,0.33086,-0.27800,5.187
16.200,168.0,168.0,168.0,168.0,0.000,0.004,0.036,0.33086,-0.27800,5.187
16.210,168.0,168.0,168.0,168.0,0.000,0.004,0.036,0.33086,-0.27800,5.187
16.220,168.0,168.0,168.0,168.0,0.000,0.004,0.036,0.33086,-0.27800,5.187
16.230,168.0,168.0,168.0,168.0,0.000,0.004,0.036,0.33086,-0.27800,5.184
16.240,168.0,168.0,168.0,168.0,0.000,0.004,0.036,0.33086,-0.27800,5.184
16.250,168.0,168.0,168.0,168.0,0.000,0.004,0.036,0.33086,-0.27800,5.184
16.260,168.0,168.0,168.0,168.0,0.000,0.004,0.036,0.33086,-0.27800,5.184
16.270,168.0,168.0,168.0,168.0,0.000,0.004,0.036,0.33086,-0.27800,5.184
16.280,168.0,168.0,168.0,168.0,0.000,0.004,0.036,0.33086,-0.27800,5.184
16.290,168.0,168.0,168.0,168.0,0.000,0.004,0.036,0.33086,-0.27800,5.184
16.300,168.0,168.0,168.0,168.0,0.000,0.004,0.036,0.33086,-0.27800,5.179
16.310,168.0,168.0,168.0,168.0,0.000,0.004,0.036,0.33086,-0.27800,5.179
16.320,168.0,168.0,168.0,168.0,0.000,0.004,0.036,0.33086,-0.27800,5.179
16.330,177.0,177.0,177.0,177.0,0.000,0.004,0.036,0.33086,-0.27800,5.179
16.340,168.0,168.0,168.0,168.0,0.000,0.004,0.036,0.33086,-0.27800,5.179
16.350,168.0,168.0,168.0,168.0,0.000,0.004,0.036,0.33086,-0.27800,5.179
16.360,168.0,168.0,168.0,168.0,0.000,0.004,0.036,0.33086,-0.27800,5.179
16.370,168.0,168.0,168.0,168.0,0.000,0.004,0.036,0.33086,-0.27800,5.174
16.380,168.0,168.0,168.0,168.0,0.000,0.004,0.036,0.33129,-0.27800,5.174
16.390,168.0,168.0,168.0,168.0,0.000,0.004,0.036,0.33129,-0.27800,5.174
16.400,168.0,168.0,168.0,168.0,0.000,0.004,0.036,0.33129,-0.27800,5.174
16.410,168.0,168.0,168.0,168.0,0.000,0.004,0.036,0.33129,-0.27800,5.174
16.420,168.0,168.0,168.0,168.0,0.000,0.004,0.036,0.33129,-0.27800,5.174
16.430,168.0,168.0,168.0,168.0,0.000,0.004,0.036,0.33129,-0.27800,5.174
16.440,168.0,168.0,168.0,168.0,0.000,0.004,0.036,0.33129,-0.27800,5.168
16.450,168.0,168.0,168.0,168.0,0.000,0.004,0.036,0.33129,-0.27800,5.168
16.460,177.0,177.0,177.0,177.0,0.000,0.004,0.036,0.33129,-0.27800,5.168
16.470,168.0,168.0,168.0,168.0,0.000,0.004,0.036,0.33129,-0.27800,5.168
16.480,168.0,168.0,168.0,168.0,0.000,0.004,0.036,0.33129,-0.27800,5.168
16.490,168.0,168.0,168.0,168.0,0.000,0.004,0.036,0.33129,-0.27800,5.168
16.500,168.0,168.0,168.0,168.0,0.000,0.004,0.036,0.33129,-0.27800,5.168
16.510,168.0,168.0,168.0,168.0,0.000,0.004,0.036,0.33129,-0.27800,5.168
16.520,168.0,168.0,168.0,168.0,0.000,0.004,0.036,0.33129,-0.27800,5.166
16.530,168.0,168.0,168.0,168.0,0.000,0.004,0.036,0.33129,-0.27800,5.166
16.540,168.0,168.0,168.0,168.0,0.000,0.004,0.036,0.33129,-0.27800,5.166
16.550,168.0,168.0,168.0,168.0,0.000,0.004,0.036,0.33129,-0.27800,5.166
16.560,173.0,173.0,173.0,173.0,0.000,0.004,0.036,0.33129,-0.27800,5.166
16.570,168.0,168.0,168.0,168.0,0.000,0.004,0.036,0.33129,-0.27800,5.166
16.580,168.0,168.0,168.0,168.0,0.000,0.004,0.036,0.33171,-0.27801,5.166
16.590,168.0,168.0,168.0,168.0,0.000,0.004,0.036,0.33171,-0.27801,5.166
16.600,168.0,168.0,168.0,168.0,0.000,0.004,0.036,0.33171,-0.27801,5.160
16.610,168.0,168.0,168.0,168.0,0.000,0.004,0.036,0.33171,-0.27801,5.160
16.620,168.0,168.0,168.0,168.0,0.000,0.004,0.036,0.33171,-0.27801,5.160
16.630,168.0,168.0,168.0,168.0,0.000,0.004,0.036,0.33171,-0.27801,5.160
16.640,168.0,168.0,168.0,168.0,0.000,0.004,0.036,0.33171,-0.27801,5.160
16.650,168.0,168.0,168.0,168.0,0.000,0.004,0.036,0.33171,-0.27801,5.160
16.660,168.0,168.0,168.0,168.0,0.000,0.004,0.036,0.33171,-0.27801,5.160
16.670,168.0,168.0,168.0,168.0,0.000,0.004,0.036,0.33171,-0.27801,5.160
16.680,168.0,168.0,168.0,168.0,0.000,0.004,0.036,0.33171,-0.27801,5.155
16.690,168.0,168.0,168.0,168.0,0.000,0.004,0.036,0.33171,-0.27801,5.155
16.700,168.0,168.0,168.0,168.0,0.000,0.004,0.036,0.33171,-0.27801,5.155
16.710,177.0,177.0,177.0,177.0,0.000,0.004,0.036,0.33171,-0.27801,5.155
16.720,168.0,168.0,168.0,168.0,0.000,0.004,0.036,0.33171,-0.27801,5.155
16.730,168.0,168.0,168.0,168.0,0.000,0.004,0.036,0.33171,-0.27801,5.155
16.740,168.0,168.0,168.0,168.0,0.000,0.004,0.036,0.33171,-0.27801,5.155
16.750,168.0,168.0,168.0,168.0,0.000,0.004,0.036,0.33171,-0.27801,5.150
16.760,168.0,168.0,168.0,168.0,0.000,0.004,0.036,0.33171,-0.27801,5.150
16.770,168.0,168.0,168.0,168.0,0.000,0.004,0.036,0.33171,-0.27801,5.150
16.780,168.0,168.0,168.0,168.0,0.000,0.004,0.036,0.33171,-0.27801,5.150
16.790,168.0,168.0,168.0,168.0,0.000,0.004,0.036,0.33217,-0.27801,5.150
16.800,168.0,168.0,168.0,168.0,0.000,0.004,0.036,0.33217,-0.27801,5.150
16.810,168.0,168.0,168.0,168.0,0.000,0.004,0.036,0.33217,-0.27801,5.150
16.820,168.0,168.0,168.0,168.0,0.000,0.004,0.036,0.33217,-0.27801,5.150
16.830,168.0,168.0,168.0,168.0,0.000,0.004,0.036,0.33217,-0.27801,5.145
16.840,168.0,168.0,168.0,168.0,0.000,0.004,0.036,0.33217,-0.27801,5.145
16.850,168.0,168.0,168.0,168.0,0.000,0.004,0.036,0.33217,-0.27801,5.145
16.860,168.0,168.0,168.0,168.0,0.000,0.004,0.036,0.33217,-0.27801,5.145
16.870,168.0,168.0,168.0,168.0,0.000,0.004,0.036,0.33217,-0.27801,5.145
16.880,168.0,168.0,168.0,168.0,0.000,0.004,0.036,0.33217,-0.27801,5.145
16.890,168.0,168.0,168.0,168.0,0.000,0.004,0.036,0.33217,-0.27801,5.145
16.900,168.0,168.0,168.0,168.0,0.000,0.004,0.036,0.33217,-0.27801,5.145
16.910,168.0,168.0,168.0,168.0,0.000,0.004,0.036,0.33217,-0.27801,5.142
16.920,168.0,168.0,168.0,168.0,0.000,0.004,0.036,0.33217,-0.27801,5.142
16.930,173.0,173.0,173.0,173.0,0.000,0.004,0.036,0.33217,-0.27801,5.142
16.940,168.0,168.0,168.0,168.0,0.000,0.004,0.036,0.33217,-0.27801,5.142
16.950,168.0,168.0,168.0,168.0,0.000,0.004,0.036,0.33217,-0.27801,5.142
16.960,168.0,168.0,168.0,168.0,0.000,0.004,0.036,0.33217,-0.27801,5.142
16.970,168.0,168.0,168.0,168.0,0.000,0.004,0.036,0.33217,-0.27801,5.142
16.980,168.0,168.0,168.0,168.0,0.000,0.004,0.036,0.33217,-0.27801,5.137
16.990,168.0,168.0,168.0,168.0,0.000,0.004,0.036,0.33263,-0.27802,5.137
17.000,177.0,177.0,177.0,177.0,0.000,0.004,0.036,0.33263,-0.27802,5.137
17.010,168.0,168.0,168.0,168.0,0.000,0.004,0.036,0.33263,-0.27802,5.137
17.020,168.0,168.0,168.0,168.0,0.000,0.004,0.036,0.33263,-0.27802,5.137
17.030,168.0,168.0,168.0,168.0,0.000,0.004,0.036,0.33263,-0.27802,5.137
17.040,169.0,169.0,169.0,169.0,0.000,0.004,0.036,0.33263,-0.27802,5.137
17.050,169.0,169.0,169.0,169.0,0.000,0.004,0.036,0.33263,-0.27802,5.137
17.060,169.0,169.0,169.0,169.0,0.000,0.004,0.036,0.33263,-0.27802,5.131
17.070,169.0,169.0,169.0,169.0,0.000,0.004,0.036,0.33263,-0.27802,5.131
17.080,169.0,169.0,169.0,169.0,0.000,0.005,0.036,0.33263,-0.27802,5.131
17.090,169.0,169.0,169.0,169.0,0.000,0.005,0.036,0.33263,-0.27802,5.131
17.100,169.0,169.0,169.0,169.0,0.000,0.005,0.036,0.33263,-0.27802,5.131
17.110,169.0,169.0,169.0,169.0,0.000,0.005,0.036,0.33263,-0.27802,5.131
17.120,169.0,169.0,169.0,169.0,0.000,0.005,0.036,0.33263,-0.27802,5.131
17.130,169.0,169.0,169.0,169.0,0.000,0.005,0.036,0.33263,-0.27802,5.131
17.140,169.0,169.0,169.0,169.0,0.000,0.005,0.036,0.33263,-0.27802,5.131
17.150,169.0,169.0,169.0,169.0,0.000,0.005,0.036,0.33263,-0.27802,5.126
17.160,169.0,169.0,169.0,169.0,0.000,0.005,0.036,0.33263,-0.27802,5.126
17.170,177.0,177.0,177.0,177.0,0.000,0.005,0.036,0.33263,-0.27802,5.126
17.180,169.0,169.0,169.0,169.0,0.000,0.005,0.036,0.33263,-0.27802,5.126
17.190,169.0,169.0,169.0,169.0,0.000,0.005,0.036,0.33263,-0.27802,5.126
17.200,169.0,169.0,169.0,169.0,0.000,0.005,0.036,0.33313,-0.27802,5.126
17.210,169.0,169.0,169.0,169.0,0.000,0.005,0.036,0.33313,-0.27802,5.126
17.220,169.0,169.0,169.0,169.0,0.000,0.005,0.036,0.33313,-0.27802,5.126
17.230,169.0,169.0,169.0,169.0,0.000,0.005,0.036,0.33313,-0.27802,5.126
17.240,169.0,169.0,169.0,169.0,0.000,0.005,0.036,0.33313,-0.27802,5.126
17.250,169.0,169.0,169.0,169.0,0.000,0.005,0.036,0.33313,-0.27802,5.126
17.260,169.0,169.0,169.0,169.0,0.000,0.005,0.036,0.33313,-0.27802,5.123
17.270,169.0,169.0,169.0,169.0,0.000,0.005,0.036,0.33313,-0.27802,5.123
17.280,173.0,173.0,173.0,173.0,0.000,0.005,0.036,0.33313,-0.27802,5.123
17.290,169.0,169.0,169.0,169.0,0.000,0.005,0.036,0.33313,-0.27802,5.123
17.300,169.0,169.0,169.0,169.0,0.000,0.005,0.036,0.33313,-0.27802,5.123
17.310,169.0,169.0,169.0,169.0,0.000,0.005,0.036,0.33313,-0.27802,5.123
17.320,169.0,169.0,169.0,169.0,0.000,0.005,0.036,0.33313,-0.27802,5.123
17.330,169.0,169.0,169.0,169.0,0.000,0.005,0.036,0.33313,-0.27802,5.123
17.340,169.0,169.0,169.0,169.0,0.000,0.005,0.036,0.33313,-0.27802,5.123
17.350,169.0,169.0,169.0,169.0,0.000,0.005,0.036,0.33313,-0.27802,5.123
17.360,169.0,169.0,169.0,169.0,0.000,0.005,0.036,0.33313,-0.27802,5.123
17.370,169.0,169.0,169.0,169.0,0.000,0.005,0.036,0.33313,-0.27802,5.123
17.380,169.0,169.0,169.0,169.0,0.000,0.005,0.036,0.33313,-0.27802,5.123
17.390,169.0,169.0,169.0,169.0,0.000,0.005,0.036,0.33313,-0.27802,5.123
17.400,169.0,169.0,169.0,169.0,0.000,0.005,0.036,0.33362,-0.27803,5.118
17.410,169.0,169.0,169.0,169.0,0.000,0.005,0.036,0.33362,-0.27803,5.118
17.420,177.0,177.0,177.0,177.0,0.000,0.005,0.036,0.33362,-0.27803,5.118
17.430,169.0,169.0,169.0,169.0,0.000,0.005,0.036,0.33362,-0.27803,5.118
17.440,169.0,169.0,169.0,169.0,0.000,0.005,0.036,0.33362,-0.27803,5.118
17.450,169.0,169.0,169.0,169.0,0.000,0.005,0.036,0.33362,-0.27803,5.118
17.460,169.0,169.0,169.0,169.0,0.000,0.005,0.036,0.33362,-0.27803,5.118
17.470,169.0,169.0,169.0,169.0,0.000,0.005,0.036,0.33362,-0.27803,5.118
17.480,169.0,169.0,169.0,169.0,0.000,0.005,0.036,0.33362,-0.27803,5.118
17.490,169.0,169.0,169.0,169.0,0.000,0.005,0.036,0.33362,-0.27803,5.118
17.500,169.0,169.0,169.0,169.0,0.000,0.005,0.036,0.33362,-0.27803,5.118
17.510,169.0,169.0,169.0,169.0,0.000,0.005,0.036,0.33362,-0.27803,5.118
17.520,169.0,169.0,169.0,169.0,0.000,0.005,0.036,0.33362,-0.27803,5.118
17.530,169.0,169.0,169.0,169.0,0.000,0.005,0.036,0.33362,-0.27803,5.118
17.540,169.0,169.0,169.0,169.0,0.000,0.005,0.036,0.33362,-0.27803,5.118
17.550,169.0,169.0,169.0,169.0,0.000,0.005,0.036,0.33362,-0.27803,5.118
17.560,169.0,169.0,169.0,169.0,0.000,0.005,0.036,0.33362,-0.27803,5.118
17.570,169.0,169.0,169.0,169.0,0.000,0.005,0.036,0.33362,-0.27803,5.118
17.580,169.0,169.0,169.0,169.0,0.000,0.005,0.036,0.33362,-0.27803,5.118
17.590,169.0,169.0,169.0,169.0,0.000,0.005,0.036,0.33362,-0.27803,5.118
17.600,169.0,169.0,169.0,169.0,0.000,0.005,0.036,0.33362,-0.27803,5.118
17.610,169.0,169.0,169.0,169.0,0.000,0.005,0.036,0.33415,-0.27803,5.118
17.620,169.0,169.0,169.0,169.0,0.000,0.005,0.036,0.33415,-0.27803,5.118
17.630,169.0,169.0,169.0,169.0,0.000,0.005,0.036,0.33415,-0.27803,5.118
17.640,169.0,169.0,169.0,169.0,0.000,0.005,0.036,0.33415,-0.27803,5.118
17.650,169.0,169.0,169.0,169.0,0.000,0.005,0.036,0.33415,-0.27803,5.118
17.660,169.0,169.0,169.0,169.0,0.000,0.005,0.036,0.33415,-0.27803,5.118
17.670,169.0,169.0,169.0,169.0,0.000,0.005,0.036,0.33415,-0.27803,5.118
17.680,169.0,169.0,169.0,169.0,0.000,0.005,0.036,0.33415,-0.27803,5.113
17.690,169.0,169.0,169.0,169.0,0.000,0.005,0.036,0.33415,-0.27803,5.113
17.700,177.0,177.0,177.0,177.0,0.000,0.005,0.036,0.33415,-0.27803,5.113
17.710,169.0,169.0,169.0,169.0,0.000,0.005,0.036,0.33415,-0.27803,5.113
17.720,169.0,169.0,169.0,169.0,0.000,0.005,0.036,0.33415,-0.27803,5.113
17.730,169.0,169.0,169.0,169.0,0.000,0.005,0.036,0.33415,-0.27803,5.113
17.740,169.0,169.0,169.0,169.0,0.000,0.005,0.036,0.33415,-0.27803,5.113
17.750,169.0,169.0,169.0,169.0,0.000,0.005,0.036,0.33415,-0.27803,5.113
17.760,169.0,169.0,169.0,169.0,0.000,0.005,0.036,0.33415,-0.27803,5.113
17.770,169.0,169.0,169.0,169.0,0.000,0.005,0.036,0.33415,-0.27803,5.113
17.780,169.0,169.0,169.0,169.0,0.000,0.005,0.036,0.33415,-0.27803,5.113
17.790,169.0,169.0,169.0,169.0,0.000,0.005,0.036,0.33415,-0.27803,5.113
17.800,169.0,169.0,169.0,169.0,0.000,0.005,0.036,0.33415,-0.27803,5.113
17.810,169.0,169.0,169.0,169.0,0.000,0.005,0.036,0.33468,-0.27804,5.113
17.820,169.0,169.0,169.0,169.0,0.000,0.005,0.036,0.33468,-0.27804,5.113
17.830,169.0,169.0,169.0,169.0,0.000,0.005,0.036,0.33468,-0.27804,5.113
17.840,169.0,169.0,169.0,169.0,0.000,0.005,0.036,0.33468,-0.27804,5.113
17.850,169.0,169.0,169.0,169.0,0.000,0.005,0.036,0.33468,-0.27804,5.113
17.860,169.0,169.0,169.0,169.0,0.000,0.005,0.036,0.33468,-0.27804,5.113
17.870,169.0,169.0,169.0,169.0,0.000,0.005,0.036,0.33468,-0.27804,5.113
17.880,169.0,169.0,169.0,169.0,0.000,0.005,0.036,0.33468,-0.27804,5.113
17.890,169.0,169.0,169.0,169.0,0.000,0.005,0.036,0.33468,-0.27804,5.118
17.900,169.0,169.0,169.0,169.0,0.000,0.005,0.036,0.33468,-0.27804,5.118
17.910,169.0,169.0,169.0,169.0,0.000,0.005,0.036,0.33468,-0.27804,5.118
17.920,169.0,169.0,169.0,169.0,0.000,0.005,0.036,0.33468,-0.27804,5.118
17.930,169.0,169.0,169.0,169.0,0.000,0.005,0.036,0.33468,-0.27804,5.118
17.940,169.0,169.0,169.0,169.0,0.000,0.005,0.036,0.33468,-0.27804,5.118
17.950,169.0,169.0,169.0,169.0,0.000,0.005,0.036,0.33468,-0.27804,5.118
17.960,169.0,169.0,169.0,169.0,0.000,0.005,0.036,0.33468,-0.27804,5.118
17.970,169.0,169.0,169.0,169.0,0.000,0.005,0.036,0.33468,-0.27804,5.118
17.980,169.0,169.0,169.0,169.0,0.000,0.005,0.036,0.33468,-0.27804,5.118
17.990,169.0,169.0,169.0,169.0,0.000,0.005,0.036,0.33468,-0.27804,5.118
18.000,169.0,169.0,169.0,169.0,0.000,0.005,0.036,0.33468,-0.27804,5.118
18.010,169.0,169.0,169.0,169.0,0.000,0.005,0.036,0.33468,-0.27804,5.118
18.020,169.0,169.0,169.0,169.0,0.000,0.005,0.036,0.33525,-0.27804,5.118
18.030,169.0,169.0,169.0,169.0,0.000,0.005,0.036,0.33525,-0.27804,5.118
18.040,169.0,169.0,169.0,169.0,0.000,0.005,0.036,0.33525,-0.27804,5.118
18.050,169.0,169.0,169.0,169.0,0.000,0.005,0.036,0.33525,-0.27804,5.118
18.060,169.0,169.0,169.0,169.0,0.000,0.005,0.036,0.33525,-0.27804,5.118
18.070,169.0,169.0,169.0,169.0,0.000,0.005,0.036,0.33525,-0.27804,5.118
18.080,169.0,169.0,169.0,169.0,0.000,0.005,0.036,0.33525,-0.27804,5.118
18.090,169.0,169.0,169.0,169.0,0.000,0.005,0.036,0.33525,-0.27804,5.118
18.100,169.0,169.0,169.0,169.0,0.000,0.005,0.036,0.33525,-0.27804,5.118
18.110,169.0,169.0,169.0,169.0,0.000,0.005,0.036,0.33525,-0.27804,5.118
18.120,169.0,169.0,169.0,169.0,0.000,0.005,0.036,0.33525,-0.27804,5.118
18.130,169.0,169.0,169.0,169.0,0.000,0.005,0.036,0.33525,-0.27804,5.118
18.140,169.0,169.0,169.0,169.0,0.000,0.005,0.036,0.33525,-0.27804,5.118
18.150,169.0,169.0,169.0,169.0,0.000,0.005,0.036,0.33525,-0.27804,5.118
18.160,169.0,169.0,169.0,169.0,0.000,0.005,0.036,0.33525,-0.27804,5.118
18.170,169.0,169.0,169.0,169.0,0.000,0.005,0.036,0.33525,-0.27804,5.118
18.180,169.0,169.0,169.0,169.0,0.000,0.005,0.036,0.33525,-0.27804,5.118
18.190,169.0,169.0,169.0,169.0,0.000,0.005,0.036,0.33525,-0.27804,5.118
18.200,169.0,169.0,169.0,169.0,0.000,0.005,0.036,0.33525,-0.27804,5.118
18.210,169.0,169.0,169.0,169.0,0.000,0.005,0.036,0.33525,-0.27804,5.118
18.220,169.0,169.0,169.0,169.0,0.000,0.005,0.036,0.33581,-0.27805,5.118
18.230,169.0,169.0,169.0,169.0,0.000,0.005,0.036,0.33581,-0.27805,5.118
18.240,169.0,169.0,169.0,169.0,0.000,0.005,0.036,0.33581,-0.27805,5.118
18.250,169.0,169.0,169.0,169.0,0.000,0.005,0.036,0.33581,-0.27805,5.118
18.260,169.0,169.0,169.0,169.0,0.000,0.005,0.036,0.33581,-0.27805,5.118
18.270,169.0,169.0,169.0,169.0,0.000,0.005,0.036,0.33581,-0.27805,5.118
18.280,169.0,169.0,169.0,169.0,0.000,0.005,0.036,0.33581,-0.27805,5.123
18.290,169.0,169.0,169.0,169.0,0.000,0.005,0.036,0.33581,-0.27805,5.123
18.300,169.0,169.0,169.0,169.0,0.000,0.005,0.036,0.33581,-0.27805,5.123
18.310,159.0,159.0,159.0,159.0,0.000,0.005,0.036,0.33581,-0.27805,5.123
18.320,159.0,159.0,159.0,159.0,0.000,0.005,0.036,0.33581,-0.27805,5.123
18.330,169.0,169.0,169.0,169.0,0.000,0.005,0.036,0.33581,-0.27805,5.123
18.340,169.0,169.0,169.0,169.0,0.000,0.005,0.036,0.33581,-0.27805,5.123
18.350,169.0,169.0,169.0,169.0,0.000,0.005,0.036,0.33581,-0.27805,5.123
18.360,169.0,169.0,169.0,169.0,0.000,0.005,0.036,0.33581,-0.27805,5.123
18.370,169.0,169.0,169.0,169.0,0.000,0.005,0.036,0.33581,-0.27805,5.123
18.380,169.0,169.0,169.0,169.0,0.000,0.005,0.036,0.33581,-0.27805,5.123
18.390,169.0,169.0,169.0,169.0,0.000,0.005,0.036,0.33581,-0.27805,5.123
18.400,169.0,169.0,169.0,169.0,0.000,0.005,0.036,0.33581,-0.27805,5.123
18.410,169.0,169.0,169.0,169.0,0.000,0.005,0.036,0.33581,-0.27805,5.123
18.420,169.0,169.0,169.0,169.0,0.000,0.005,0.036,0.33581,-0.27805,5.123
18.430,169.0,169.0,169.0,169.0,0.000,0.005,0.036,0.33642,-0.27805,5.123
18.440,169.0,169.0,169.0,169.0,0.000,0.005,0.036,0.33642,-0.27805,5.123
18.450,169.0,169.0,169.0,169.0,0.000,0.005,0.036,0.33642,-0.27805,5.123
18.460,169.0,169.0,169.0,169.0,0.000,0.005,0.036,0.33642,-0.27805,5.123
18.470,169.0,169.0,169.0,169.0,0.000,0.005,0.036,0.33642,-0.27805,5.123
18.480,169.0,169.0,169.0,169.0,0.000,0.005,0.036,0.33642,-0.27805,5.123
18.490,169.0,169.0,169.0,169.0,0.000,0.005,0.036,0.33642,-0.27805,5.123
18.500,169.0,169.0,169.0,169.0,0.000,0.005,0.036,0.33642,-0.27805,5.123
18.510,169.0,169.0,169.0,169.0,0.000,0.005,0.036,0.33642,-0.27805,5.123
18.520,169.0,169.0,169.0,169.0,0.000,0.005,0.036,0.33642,-0.27805,5.123
18.530,169.0,169.0,169.0,169.0,0.000,0.005,0.036,0.33642,-0.27805,5.123
18.540,169.0,169.0,169.0,169.0,0.000,0.005,0.036,0.33642,-0.27805,5.123
18.550,169.0,169.0,169.0,169.0,0.000,0.005,0.036,0.33642,-0.27805,5.123
18.560,168.0,168.0,168.0,168.0,0.000,0.005,0.036,0.33642,-0.27805,5.123
18.570,168.0,168.0,168.0,168.0,0.000,0.005,0.036,0.33642,-0.27805,5.123
18.580,168.0,168.0,168.0,168.0,0.000,0.005,0.036,0.33642,-0.27805,5.123
18.590,168.0,168.0,168.0,168.0,0.000,0.005,0.036,0.33642,-0.27805,5.123
18.600,168.0,168.0,168.0,168.0,0.000,0.005,0.036,0.33642,-0.27805,5.123
18.610,168.0,168.0,168.0,168.0,0.000,0.005,0.036,0.33642,-0.27805,5.123
18.620,168.0,168.0,168.0,168.0,0.000,0.005,0.036,0.33642,-0.27805,5.123
18.630,168.0,168.0,168.0,168.0,0.000,0.005,0.036,0.33702,-0.27806,5.123
18.640,168.0,168.0,168.0,168.0,0.000,0.005,0.036,0.33702,-0.27806,5.123
18.650,168.0,168.0,168.0,168.0,0.000,0.005,0.036,0.33702,-0.27806,5.123
18.660,168.0,168.0,168.0,168.0,0.000,0.005,0.036,0.33702,-0.27806,5.123
18.670,168.0,168.0,168.0,168.0,0.000,0.005,0.036,0.33702,-0.27806,5.123
18.680,168.0,168.0,168.0,168.0,0.000,0.005,0.036,0.33702,-0.27806,5.123
18.690,168.0,168.0,168.0,168.0,0.000,0.005,0.036,0.33702,-0.27806,5.123
18.700,168.0,168.0,168.0,168.0,0.000,0.005,0.036,0.33702,-0.27806,5.123
18.710,168.0,168.0,168.0,168.0,0.000,0.005,0.036,0.33702,-0.27806,5.123
18.720,168.0,168.0,168.0,168.0,0.000,0.005,0.036,0.33702,-0.27806,5.123
18.730,168.0,168.0,168.0,168.0,0.000,0.005,0.036,0.33702,-0.27806,5.123
18.740,168.0,168.0,168.0,168.0,0.000,0.005,0.036,0.33702,-0.27806,5.123
18.750,168.0,168.0,168.0,168.0,0.000,0.005,0.036,0.33702,-0.27806,5.123
18.760,168.0,168.0,168.0,168.0,0.000,0.005,0.036,0.33702,-0.27806,5.123
18.770,168.0,168.0,168.0,168.0,0.000,0.005,0.036,0.33702,-0.27806,5.123
18.780,168.0,168.0,168.0,168.0,0.000,0.005,0.036,0.33702,-0.27806,5.123
18.790,168.0,168.0,168.0,168.0,0.000,0.005,0.036,0.33702,-0.27806,5.123
18.800,168.0,168.0,168.0,168.0,0.000,0.005,0.036,0.33702,-0.27806,5.123
18.810,168.0,168.0,168.0,168.0,0.000,0.005,0.036,0.33702,-0.27806,5.123
18.820,168.0,168.0,168.0,168.0,0.000,0.005,0.036,0.33702,-0.27806,5.123
18.830,168.0,168.0,168.0,168.0,0.000,0.005,0.036,0.33702,-0.27806,5.123
18.840,168.0,168.0,168.0,168.0,0.000,0.005,0.036,0.33767,-0.27806,5.123
18.850,168.0,168.0,168.0,168.0,0.000,0.005,0.036,0.33767,-0.27806,5.123
18.860,168.0,168.0,168.0,168.0,0.000,0.005,0.036,0.33767,-0.27806,5.123
18.870,168.0,168.0,168.0,168.0,0.000,0.005,0.036,0.33767,-0.27806,5.123
18.880,168.0,168.0,168.0,168.0,0.000,0.005,0.036,0.33767,-0.27806,5.123
18.890,168.0,168.0,168.0,168.0,0.000,0.005,0.036,0.33767,-0.27806,5.123
18.900,168.0,168.0,168.0,168.0,0.000,0.005,0.036,0.33767,-0.27806,5.123
18.910,168.0,168.0,168.0,168.0,0.000,0.005,0.036,0.33767,-0.27806,5.123
18.920,168.0,168.0,168.0,168.0,0.000,0.005,0.036,0.33767,-0.27806,5.123
18.930,168.0,168.0,168.0,168.0,0.000,0.005,0.036,0.33767,-0.27806,5.123
18.940,168.0,168.0,168.0,168.0,0.000,0.005,0.036,0.33767,-0.27806,5.123
18.950,168.0,168.0,168.0,168.0,0.000,0.005,0.036,0.33767,-0.27806,5.123
18.960,168.0,168.0,168.0,168.0,0.000,0.005,0.036,0.33767,-0.27806,5.123
18.970,168.0,168.0,168.0,168.0,0.000,0.005,0.036,0.33767,-0.27806,5.123
18.980,168.0,168.0,168.0,168.0,0.000,0.005,0.036,0.33767,-0.27806,5.123
18.990,168.0,168.0,168.0,168.0,0.000,0.005,0.036,0.33767,-0.27806,5.123
19.000,168.0,168.0,168.0,168.0,0.000,0.005,0.036,0.33767,-0.27806,5.123
19.010,168.0,168.0,168.0,168.0,0.000,0.005,0.036,0.33767,-0.27806,5.123
19.020,168.0,168.0,168.0,168.0,0.000,0.005,0.036,0.33767,-0.27806,5.123
19.030,168.0,168.0,168.0,168.0,0.000,0.005,0.036,0.33767,-0.27806,5.123
19.040,168.0,168.0,168.0,168.0,0.000,0.006,0.036,0.33767,-0.27806,5.123
19.050,168.0,168.0,168.0,168.0,0.000,0.006,0.036,0.33834,-0.27807,5.123
19.060,168.0,168.0,168.0,168.0,0.000,0.006,0.036,0.33834,-0.27807,5.123
19.070,168.0,168.0,168.0,168.0,0.000,0.006,0.036,0.33834,-0.27807,5.123
19.080,168.0,168.0,168.0,168.0,0.000,0.006,0.036,0.33834,-0.27807,5.123
19.090,168.0,168.0,168.0,168.0,0.000,0.006,0.036,0.33834,-0.27807,5.123
19.100,168.0,168.0,168.0,168.0,0.000,0.006,0.036,0.33834,-0.27807,5.123
19.110,168.0,168.0,168.0,168.0,0.000,0.006,0.036,0.33834,-0.27807,5.123
19.120,168.0,168.0,168.0,168.0,0.000,0.006,0.036,0.33834,-0.27807,5.123
19.130,168.0,168.0,168.0,168.0,0.000,0.006,0.036,0.33834,-0.27807,5.123
19.140,168.0,168.0,168.0,168.0,0.000,0.006,0.036,0.33834,-0.27807,5.123
19.150,168.0,168.0,168.0,168.0,0.000,0.006,0.036,0.33834,-0.27807,5.123
19.160,168.0,168.0,168.0,168.0,0.000,0.006,0.036,0.33834,-0.27807,5.123
19.170,168.0,168.0,168.0,168.0,0.000,0.006,0.036,0.33834,-0.27807,5.123
19.180,168.0,168.0,168.0,168.0,0.000,0.006,0.036,0.33834,-0.27807,5.123
19.190,168.0,168.0,168.0,168.0,0.000,0.006,0.036,0.33834,-0.27807,5.123
19.200,168.0,168.0,168.0,168.0,0.000,0.006,0.036,0.33834,-0.27807,5.123
19.210,168.0,168.0,168.0,168.0,0.000,0.006,0.036,0.33834,-0.27807,5.123
19.220,168.0,168.0,168.0,168.0,0.000,0.006,0.036,0.33834,-0.27807,5.118
19.230,168.0,168.0,168.0,168.0,0.000,0.006,0.036,0.33834,-0.27807,5.118
19.240,178.0,178.0,178.0,178.0,0.000,0.006,0.036,0.33834,-0.27807,5.118
19.250,168.0,168.0,168.0,168.0,0.000,0.006,0.036,0.33899,-0.27807,5.118
19.260,168.0,168.0,168.0,168.0,0.000,0.006,0.036,0.33899,-0.27807,5.118
19.270,168.0,168.0,168.0,168.0,0.000,0.006,0.036,0.33899,-0.27807,5.118
19.280,168.0,168.0,168.0,168.0,0.000,0.006,0.036,0.33899,-0.27807,5.118
19.290,168.0,168.0,168.0,168.0,0.000,0.006,0.036,0.33899,-0.27807,5.118
19.300,168.0,168.0,168.0,168.0,0.000,0.006,0.036,0.33899,-0.27807,5.118
19.310,168.0,168.0,168.0,168.0,0.000,0.006,0.036,0.33899,-0.27807,5.118
19.320,168.0,168.0,168.0,168.0,0.000,0.006,0.036,0.33899,-0.27807,5.118
19.330,168.0,168.0,168.0,168.0,0.000,0.006,0.036,0.33899,-0.27807,5.118
19.340,168.0,168.0,168.0,168.0,0.000,0.006,0.036,0.33899,-0.27807,5.118
19.350,168.0,168.0,168.0,168.0,0.000,0.006,0.036,0.33899,-0.27807,5.118
19.360,168.0,168.0,168.0,168.0,0.000,0.006,0.036,0.33899,-0.27807,5.118
19.370,168.0,168.0,168.0,168.0,0.000,0.006,0.036,0.33899,-0.27807,5.118
19.380,168.0,168.0,168.0,168.0,0.000,0.006,0.036,0.33899,-0.27807,5.118
19.390,168.0,168.0,168.0,168.0,0.000,0.006,0.036,0.33899,-0.27807,5.118
19.400,168.0,168.0,168.0,168.0,0.000,0.006,0.036,0.33899,-0.27807,5.118
19.410,168.0,168.0,168.0,168.0,0.000,0.006,0.036,0.33899,-0.27807,5.118
19.420,168.0,168.0,168.0,168.0,0.000,0.006,0.036,0.33899,-0.27807,5.118
19.430,168.0,168.0,168.0,168.0,0.000,0.006,0.036,0.33899,-0.27807,5.118
19.440,168.0,168.0,168.0,168.0,0.000,0.006,0.036,0.33899,-0.27807,5.118
19.450,168.0,168.0,168.0,168.0,0.000,0.006,0.036,0.33899,-0.27807,5.118
19.460,168.0,168.0,168.0,168.0,0.000,0.006,0.036,0.33970,-0.27808,5.118
19.470,168.0,168.0,168.0,168.0,0.000,0.006,0.036,0.33970,-0.27808,5.118
19.480,168.0,168.0,168.0,168.0,0.000,0.006,0.036,0.33970,-0.27808,5.113
19.490,168.0,168.0,168.0,168.0,0.000,0.006,0.036,0.33970,-0.27808,5.113
19.500,178.0,178.0,178.0,178.0,0.000,0.006,0.036,0.33970,-0.27808,5.113
19.510,168.0,168.0,168.0,168.0,0.000,0.006,0.036,0.33970,-0.27808,5.113
19.520,168.0,168.0,168.0,168.0,0.000,0.006,0.036,0.33970,-0.27808,5.113
19.530,168.0,168.0,168.0,168.0,0.000,0.006,0.036,0.33970,-0.27808,5.113
19.540,168.0,168.0,168.0,168.0,0.000,0.006,0.036,0.33970,-0.27808,5.113
19.550,168.0,168.0,168.0,168.0,0.000,0.006,0.036,0.33970,-0.27808,5.113
19.560,168.0,168.0,168.0,168.0,0.000,0.006,0.036,0.33970,-0.27808,5.113
19.570,168.0,168.0,168.0,168.0,0.000,0.006,0.036,0.33970,-0.27808,5.113
19.580,168.0,168.0,168.0,168.0,0.000,0.006,0.036,0.33970,-0.27808,5.113
19.590,168.0,168.0,168.0,168.0,0.000,0.006,0.036,0.33970,-0.27808,5.113
19.600,168.0,168.0,168.0,168.0,0.000,0.006,0.036,0.33970,-0.27808,5.113
19.610,168.0,168.0,168.0,168.0,0.000,0.006,0.036,0.33970,-0.27808,5.113
19.620,168.0,168.0,168.0,168.0,0.000,0.006,0.036,0.33970,-0.27808,5.113
19.630,168.0,168.0,168.0,168.0,0.000,0.006,0.036,0.33970,-0.27808,5.113
19.640,168.0,168.0,168.0,168.0,0.000,0.006,0.036,0.33970,-0.27808,5.113
19.650,168.0,168.0,168.0,168.0,0.000,0.006,0.036,0.33970,-0.27808,5.113
19.660,168.0,168.0,168.0,168.0,0.000,0.006,0.036,0.34040,-0.27808,5.113
19.670,168.0,168.0,168.0,168.0,0.000,0.006,0.036,0.34040,-0.27808,5.113
19.680,168.0,168.0,168.0,168.0,0.000,0.006,0.036,0.34040,-0.27808,5.113
19.690,168.0,168.0,168.0,168.0,0.000,0.006,0.036,0.34040,-0.27808,5.113
19.700,168.0,168.0,168.0,168.0,0.000,0.006,0.036,0.34040,-0.27808,5.113
19.710,168.0,168.0,168.0,168.0,0.000,0.006,0.036,0.34040,-0.27808,5.108
19.720,168.0,168.0,168.0,168.0,0.000,0.006,0.036,0.34040,-0.27808,5.108
19.730,178.0,178.0,178.0,178.0,0.000,0.006,0.036,0.34040,-0.27808,5.108
19.740,168.0,168.0,168.0,168.0,0.000,0.006,0.036,0.34040,-0.27808,5.108
19.750,168.0,168.0,168.0,168.0,0.000,0.006,0.036,0.34040,-0.27808,5.108
19.760,168.0,168.0,168.0,168.0,0.000,0.006,0.036,0.34040,-0.27808,5.108
19.770,168.0,168.0,168.0,168.0,0.000,0.006,0.036,0.34040,-0.27808,5.108
19.780,168.0,168.0,168.0,168.0,0.000,0.006,0.036,0.34040,-0.27808,5.108
19.790,168.0,168.0,168.0,168.0,0.000,0.006,0.036,0.34040,-0.27808,5.108
19.800,168.0,168.0,168.0,168.0,0.000,0.006,0.036,0.34040,-0.27808,5.108
19.810,168.0,168.0,168.0,168.0,0.000,0.006,0.036,0.34040,-0.27808,5.108
19.820,168.0,168.0,168.0,168.0,0.000,0.006,0.036,0.34040,-0.27808,5.108
19.830,168.0,168.0,168.0,168.0,0.000,0.006,0.036,0.34040,-0.27808,5.108
19.840,168.0,168.0,168.0,168.0,0.000,0.006,0.036,0.34040,-0.27808,5.108
19.850,168.0,168.0,168.0,168.0,0.000,0.006,0.036,0.34040,-0.27808,5.108
19.860,168.0,168.0,168.0,168.0,0.000,0.006,0.036,0.34040,-0.27808,5.108
19.870,168.0,168.0,168.0,168.0,0.000,0.006,0.036,0.34114,-0.27809,5.108
19.880,168.0,168.0,168.0,168.0,0.000,0.006,0.036,0.34114,-0.27809,5.108
19.890,168.0,168.0,168.0,168.0,0.000,0.006,0.036,0.34114,-0.27809,5.108
19.900,168.0,168.0,168.0,168.0,0.000,0.006,0.036,0.34114,-0.27809,5.108
19.910,168.0,168.0,168.0,168.0,0.000,0.006,0.036,0.34114,-0.27809,5.108
19.920,168.0,168.0,168.0,168.0,0.000,0.006,0.036,0.34114,-0.27809,5.102
19.930,168.0,168.0,168.0,168.0,0.000,0.006,0.036,0.34114,-0.27809,5.102
19.940,168.0,168.0,168.0,168.0,0.000,0.006,0.036,0.34114,-0.27809,5.102
19.950,168.0,168.0,168.0,168.0,0.000,0.006,0.036,0.34114,-0.27809,5.102
19.960,168.0,168.0,168.0,168.0,0.000,0.006,0.036,0.34114,-0.27809,5.102
19.970,168.0,168.0,168.0,168.0,0.000,0.006,0.036,0.34114,-0.27809,5.102
19.980,168.0,168.0,168.0,168.0,0.000,0.006,0.036,0.34114,-0.27809,5.102
19.990,168.0,168.0,168.0,168.0,0.000,0.006,0.036,0.34114,-0.27809,5.102
20.000,168.0,168.0,168.0,168.0,0.000,0.006,0.036,0.34114,-0.27809,5.102
20.010,168.0,168.0,168.0,168.0,0.000,0.006,0.036,0.34114,-0.27809,5.102
20.020,168.0,168.0,168.0,168.0,0.000,0.006,0.036,0.34114,-0.27809,5.102
20.030,168.0,168.0,168.0,168.0,0.000,0.006,0.036,0.34114,-0.27809,5.102
20.040,168.0,168.0,168.0,168.0,0.000,0.006,0.036,0.34114,-0.27809,5.102
20.050,168.0,168.0,168.0,168.0,0.000,0.006,0.036,0.34114,-0.27809,5.102
20.060,168.0,168.0,168.0,168.0,0.000,0.006,0.036,0.34114,-0.27809,5.102
20.070,168.0,168.0,168.0,168.0,0.000,0.006,0.036,0.34188,-0.27810,5.102
20.080,168.0,168.0,168.0,168.0,0.000,0.006,0.036,0.34188,-0.27810,5.100
20.090,168.0,168.0,168.0,168.0,0.000,0.006,0.036,0.34188,-0.27810,5.100
20.100,168.0,168.0,168.0,168.0,0.000,0.006,0.036,0.34188,-0.27810,5.100
20.110,168.0,168.0,168.0,168.0,0.000,0.006,0.036,0.34188,-0.27810,5.100
20.120,168.0,168.0,168.0,168.0,0.000,0.006,0.036,0.34188,-0.27810,5.100
20.130,168.0,168.0,168.0,168.0,0.000,0.006,0.036,0.34188,-0.27810,5.100
20.140,168.0,168.0,168.0,168.0,0.000,0.006,0.036,0.34188,-0.27810,5.100
20.150,168.0,168.0,168.0,168.0,0.000,0.006,0.036,0.34188,-0.27810,5.100
20.160,168.0,168.0,168.0,168.0,0.000,0.006,0.036,0.34188,-0.27810,5.100
20.170,168.0,168.0,168.0,168.0,0.000,0.006,0.036,0.34188,-0.27810,5.100
20.180,168.0,168.0,168.0,168.0,0.000,0.006,0.036,0.34188,-0.27810,5.100
20.190,168.0,168.0,168.0,168.0,0.000,0.006,0.036,0.34188,-0.27810,5.100
20.200,168.0,168.0,168.0,168.0,0.000,0.006,0.036,0.34188,-0.27810,5.100
20.210,168.0,168.0,168.0,168.0,0.000,0.006,0.036,0.34188,-0.27810,5.094
20.220,168.0,168.0,168.0,168.0,0.000,0.006,0.036,0.34188,-0.27810,5.094
20.230,168.0,168.0,168.0,168.0,0.000,0.006,0.036,0.34188,-0.27810,5.094
20.240,168.0,168.0,168.0,168.0,0.000,0.006,0.036,0.34188,-0.27810,5.094
20.250,168.0,168.0,168.0,168.0,0.000,0.006,0.036,0.34188,-0.27810,5.094
20.260,168.0,168.0,168.0,168.0,0.000,0.006,0.036,0.34188,-0.27810,5.094
20.270,168.0,168.0,168.0,168.0,0.000,0.006,0.036,0.34188,-0.27810,5.094
20.280,168.0,168.0,168.0,168.0,0.000,0.006,0.036,0.34266,-0.27811,5.094
20.290,168.0,168.0,168.0,168.0,0.000,0.006,0.036,0.34266,-0.27811,5.094
20.300,168.0,168.0,168.0,168.0,0.000,0.006,0.036,0.34266,-0.27811,5.094
20.310,168.0,168.0,168.0,168.0,0.000,0.006,0.036,0.34266,-0.27811,5.094
20.320,168.0,168.0,168.0,168.0,0.000,0.006,0.036,0.34266,-0.27811,5.089
20.330,168.0,168.0,168.0,168.0,0.000,0.006,0.036,0.34266,-0.27811,5.089
20.340,168.0,168.0,168.0,168.0,0.000,0.006,0.036,0.34266,-0.27811,5.089
20.350,168.0,168.0,168.0,168.0,0.000,0.006,0.036,0.34266,-0.27811,5.089
20.360,168.0,168.0,168.0,168.0,0.000,0.006,0.036,0.34266,-0.27811,5.089
20.370,168.0,168.0,168.0,168.0,0.000,0.006,0.036,0.34266,-0.27811,5.089
20.380,168.0,168.0,168.0,168.0,0.000,0.006,0.036,0.34266,-0.27811,5.089
20.390,168.0,168.0,168.0,168.0,0.000,0.006,0.036,0.34266,-0.27811,5.089
20.400,168.0,168.0,168.0,168.0,0.000,0.006,0.036,0.34266,-0.27811,5.089
20.410,168.0,168.0,168.0,168.0,0.000,0.006,0.036,0.34266,-0.27811,5.089
20.420,168.0,168.0,168.0,168.0,0.000,0.006,0.036,0.34266,-0.27811,5.089
20.430,168.0,168.0,168.0,168.0,0.000,0.006,0.036,0.34266,-0.27811,5.084
20.440,168.0,168.0,168.0,168.0,0.000,0.006,0.036,0.34266,-0.27811,5.084
20.450,178.0,178.0,178.0,178.0,0.000,0.006,0.036,0.34266,-0.27811,5.084
20.460,168.0,168.0,168.0,168.0,0.000,0.006,0.036,0.34266,-0.27811,5.084
20.470,168.0,168.0,168.0,168.0,0.000,0.006,0.036,0.34266,-0.27811,5.084
20.480,168.0,168.0,168.0,168.0,0.000,0.006,0.036,0.34343,-0.27812,5.084
20.490,168.0,168.0,168.0,168.0,0.000,0.006,0.036,0.34343,-0.27812,5.084
20.500,168.0,168.0,168.0,168.0,0.000,0.006,0.036,0.34343,-0.27812,5.084
20.510,168.0,168.0,168.0,168.0,0.000,0.006,0.036,0.34343,-0.27812,5.084
20.520,168.0,168.0,168.0,168.0,0.000,0.006,0.036,0.34343,-0.27812,5.084
20.530,168.0,168.0,168.0,168.0,0.000,0.006,0.036,0.34343,-0.27812,5.081
20.540,168.0,168.0,168.0,168.0,0.000,0.006,0.036,0.34343,-0.27812,5.081
20.550,168.0,168.0,168.0,168.0,0.000,0.006,0.036,0.34343,-0.27812,5.081
20.560,173.0,173.0,173.0,173.0,0.000,0.006,0.036,0.34343,-0.27812,5.081
20.570,168.0,168.0,168.0,168.0,0.000,0.006,0.036,0.34343,-0.27812,5.081
20.580,168.0,168.0,168.0,168.0,0.000,0.006,0.036,0.34343,-0.27812,5.081
20.590,168.0,168.0,168.0,168.0,0.000,0.006,0.036,0.34343,-0.27812,5.081
20.600,168.0,168.0,168.0,168.0,0.000,0.006,0.036,0.34343,-0.27812,5.081
20.610,168.0,168.0,168.0,168.0,0.000,0.006,0.036,0.34343,-0.27812,5.081
20.620,168.0,168.0,168.0,168.0,0.000,0.006,0.036,0.34343,-0.27812,5.081
20.630,168.0,168.0,168.0,168.0,0.000,0.006,0.036,0.34343,-0.27812,5.081
20.640,168.0,168.0,168.0,168.0,0.000,0.006,0.036,0.34343,-0.27812,5.076
20.650,168.0,168.0,168.0,168.0,0.000,0.006,0.036,0.34343,-0.27812,5.076
20.660,178.0,178.0,178.0,178.0,0.000,0.006,0.036,0.34343,-0.27812,5.076
20.670,168.0,168.0,168.0,168.0,0.000,0.006,0.036,0.34343,-0.27812,5.076
20.680,168.0,168.0,168.0,168.0,0.000,0.006,0.036,0.34343,-0.27812,5.076
20.690,168.0,168.0,168.0,168.0,0.000,0.006,0.036,0.34426,-0.27813,5.076
20.700,168.0,168.0,168.0,168.0,0.000,0.006,0.036,0.34426,-0.27813,5.076
20.710,168.0,168.0,168.0,168.0,0.000,0.006,0.036,0.34426,-0.27813,5.076
20.720,168.0,168.0,168.0,168.0,0.000,0.006,0.036,0.34426,-0.27813,5.076
20.730,168.0,168.0,168.0,168.0,0.000,0.006,0.036,0.34426,-0.27813,5.076
20.740,168.0,168.0,168.0,168.0,0.000,0.006,0.036,0.34426,-0.27813,5.076
20.750,168.0,168.0,168.0,168.0,0.000,0.006,0.036,0.34426,-0.27813,5.076
20.760,168.0,168.0,168.0,168.0,0.000,0.006,0.036,0.34426,-0.27813,5.071
20.770,168.0,168.0,168.0,168.0,0.000,0.006,0.036,0.34426,-0.27813,5.071
20.780,178.0,178.0,178.0,178.0,0.000,0.006,0.036,0.34426,-0.27813,5.071
20.790,168.0,168.0,168.0,168.0,0.000,0.006,0.036,0.34426,-0.27813,5.071
20.800,168.0,168.0,168.0,168.0,0.000,0.006,0.036,0.34426,-0.27813,5.071
20.810,168.0,168.0,168.0,168.0,0.000,0.006,0.036,0.34426,-0.27813,5.071
20.820,168.0,168.0,168.0,168.0,0.000,0.006,0.036,0.34426,-0.27813,5.071
20.830,168.0,168.0,168.0,168.0,0.000,0.006,0.036,0.34426,-0.27813,5.071
20.840,168.0,168.0,168.0,168.0,0.000,0.006,0.036,0.34426,-0.27813,5.071
20.850,168.0,168.0,168.0,168.0,0.000,0.006,0.036,0.34426,-0.27813,5.071
20.860,168.0,168.0,168.0,168.0,0.000,0.006,0.036,0.34426,-0.27813,5.071
20.870,168.0,168.0,168.0,168.0,0.000,0.006,0.036,0.34426,-0.27813,5.071
20.880,168.0,168.0,168.0,168.0,0.000,0.006,0.036,0.34426,-0.27813,5.071
20.890,168.0,168.0,168.0,168.0,0.000,0.006,0.036,0.34507,-0.27814,5.065
20.900,168.0,168.0,168.0,168.0,0.000,0.006,0.036,0.34507,-0.27814,5.065
20.910,168.0,168.0,168.0,168.0,0.000,0.006,0.036,0.34507,-0.27814,5.065
20.920,178.0,178.0,178.0,178.0,0.000,0.006,0.036,0.34507,-0.27814,5.065
20.930,168.0,168.0,168.0,168.0,0.000,0.006,0.036,0.34507,-0.27814,5.065
20.940,168.0,168.0,168.0,168.0,0.000,0.006,0.036,0.34507,-0.27814,5.065
20.950,168.0,168.0,168.0,168.0,0.000,0.006,0.036,0.34507,-0.27814,5.065
20.960,168.0,168.0,168.0,168.0,0.000,0.006,0.036,0.34507,-0.27814,5.065
20.970,168.0,168.0,168.0,168.0,0.000,0.006,0.036,0.34507,-0.27814,5.065
20.980,168.0,168.0,168.0,168.0,0.000,0.006,0.036,0.34507,-0.27814,5.065
20.990,168.0,168.0,168.0,168.0,0.000,0.006,0.036,0.34507,-0.27814,5.065
21.000,168.0,168.0,168.0,168.0,0.000,0.006,0.036,0.34507,-0.27814,5.065
21.010,168.0,168.0,168.0,168.0,0.000,0.006,0.036,0.34507,-0.27814,5.065
21.020,168.0,168.0,168.0,168.0,0.000,0.006,0.036,0.34507,-0.27814,5.065
21.030,168.0,168.0,168.0,168.0,0.000,0.006,0.036,0.34507,-0.27814,5.065
21.040,168.0,168.0,168.0,168.0,0.000,0.007,0.036,0.34507,-0.27814,5.060
21.050,168.0,168.0,168.0,168.0,0.000,0.007,0.036,0.34507,-0.27814,5.060
21.060,178.0,178.0,178.0,178.0,0.000,0.007,0.036,0.34507,-0.27814,5.060
21.070,168.0,168.0,168.0,168.0,0.000,0.007,0.036,0.34507,-0.27814,5.060
21.080,168.0,168.0,168.0,168.0,0.000,0.007,0.036,0.34507,-0.27814,5.060
21.090,168.0,168.0,168.0,168.0,0.000,0.007,0.036,0.34507,-0.27814,5.060
21.100,168.0,168.0,168.0,168.0,0.000,0.007,0.036,0.34595,-0.27815,5.060
21.110,168.0,168.0,168.0,168.0,0.000,0.007,0.036,0.34595,-0.27815,5.060
21.120,168.0,168.0,168.0,168.0,0.000,0.007,0.036,0.34595,-0.27815,5.060
21.130,168.0,168.0,168.0,168.0,0.000,0.007,0.036,0.34595,-0.27815,5.060
21.140,168.0,168.0,168.0,168.0,0.000,0.007,0.036,0.34595,-0.27815,5.060
21.150,168.0,168.0,168.0,168.0,0.000,0.007,0.036,0.34595,-0.27815,5.060
21.160,168.0,168.0,168.0,168.0,0.000,0.007,0.036,0.34595,-0.27815,5.060
21.170,168.0,168.0,168.0,168.0,0.000,0.007,0.036,0.34595,-0.27815,5.060
21.180,168.0,168.0,168.0,168.0,0.000,0.007,0.036,0.34595,-0.27815,5.060
21.190,168.0,168.0,168.0,168.0,0.000,0.007,0.036,0.34595,-0.27815,5.057
21.200,168.0,168.0,168.0,168.0,0.000,0.007,0.036,0.34595,-0.27815,5.057
21.210,174.0,174.0,174.0,174.0,0.000,0.007,0.036,0.34595,-0.27815,5.057
21.220,168.0,168.0,168.0,168.0,0.000,0.007,0.036,0.34595,-0.27815,5.057
21.230,168.0,168.0,168.0,168.0,0.000,0.007,0.036,0.34595,-0.27815,5.057
21.240,168.0,168.0,168.0,168.0,0.000,0.007,0.036,0.34595,-0.27815,5.057
21.250,168.0,168.0,168.0,168.0,0.000,0.007,0.036,0.34595,-0.27815,5.057
21.260,168.0,168.0,168.0,168.0,0.000,0.007,0.036,0.34595,-0.27815,5.057
21.270,168.0,168.0,168.0,168.0,0.000,0.007,0.036,0.34595,-0.27815,5.057
21.280,168.0,168.0,168.0,168.0,0.000,0.007,0.036,0.34595,-0.27815,5.057
21.290,168.0,168.0,168.0,168.0,0.000,0.007,0.036,0.34595,-0.27815,5.057
21.300,168.0,168.0,168.0,168.0,0.000,0.007,0.036,0.34595,-0.27815,5.057
21.310,168.0,168.0,168.0,168.0,0.000,0.007,0.036,0.34684,-0.27816,5.057
21.320,168.0,168.0,168.0,168.0,0.000,0.007,0.036,0.34684,-0.27816,5.057
21.330,168.0,168.0,168.0,168.0,0.000,0.007,0.036,0.34684,-0.27816,5.057
21.340,168.0,168.0,168.0,168.0,0.000,0.007,0.036,0.34684,-0.27816,5.052
21.350,168.0,168.0,168.0,168.0,0.000,0.007,0.036,0.34684,-0.27816,5.052
21.360,168.0,168.0,168.0,168.0,0.000,0.007,0.036,0.34684,-0.27816,5.052
21.370,168.0,168.0,168.0,168.0,0.000,0.007,0.036,0.34684,-0.27816,5.052
21.380,168.0,168.0,168.0,168.0,0.000,0.007,0.036,0.34684,-0.27816,5.052
21.390,168.0,168.0,168.0,168.0,0.000,0.007,0.036,0.34684,-0.27816,5.052
21.400,168.0,168.0,168.0,168.0,0.000,0.007,0.036,0.34684,-0.27816,5.052
21.410,168.0,168.0,168.0,168.0,0.000,0.007,0.036,0.34684,-0.27816,5.052
21.420,168.0,168.0,168.0,168.0,0.000,0.007,0.036,0.34684,-0.27816,5.052
21.430,168.0,168.0,168.0,168.0,0.000,0.007,0.036,0.34684,-0.27816,5.052
21.440,168.0,168.0,168.0,168.0,0.000,0.007,0.036,0.34684,-0.27816,5.052
21.450,168.0,168.0,168.0,168.0,0.000,0.007,0.036,0.34684,-0.27816,5.052
21.460,168.0,168.0,168.0,168.0,0.000,0.007,0.036,0.34684,-0.27816,5.052
21.470,168.0,168.0,168.0,168.0,0.000,0.007,0.036,0.34684,-0.27816,5.047
21.480,168.0,168.0,168.0,168.0,0.000,0.007,0.036,0.34684,-0.27816,5.047
21.490,178.0,178.0,178.0,178.0,0.000,0.007,0.036,0.34684,-0.27816,5.047
21.500,178.0,178.0,178.0,178.0,0.000,0.007,0.036,0.34684,-0.27816,5.047
21.510,178.0,178.0,178.0,178.0,0.000,0.007,0.036,0.34771,-0.27817,5.047
21.520,169.0,169.0,169.0,169.0,0.000,0.007,0.036,0.34771,-0.27817,5.047
21.530,169.0,169.0,169.0,169.0,0.000,0.007,0.036,0.34771,-0.27817,5.047
21.540,168.0,168.0,168.0,168.0,0.000,0.007,0.036,0.34771,-0.27817,5.047
21.550,168.0,168.0,168.0,168.0,0.000,0.007,0.036,0.34771,-0.27817,5.047
21.560,168.0,168.0,168.0,168.0,0.000,0.007,0.036,0.34771,-0.27817,5.047
21.570,168.0,168.0,168.0,168.0,0.000,0.007,0.036,0.34771,-0.27817,5.047
21.580,168.0,168.0,168.0,168.0,0.000,0.007,0.036,0.34771,-0.27817,5.047
21.590,168.0,168.0,168.0,168.0,0.000,0.007,0.036,0.34771,-0.27817,5.047
21.600,168.0,168.0,168.0,168.0,0.000,0.007,0.036,0.34771,-0.27817,5.047
21.610,168.0,168.0,168.0,168.0,0.000,0.007,0.036,0.34771,-0.27817,5.047
21.620,168.0,168.0,168.0,168.0,0.000,0.007,0.036,0.34771,-0.27817,5.047
21.630,168.0,168.0,168.0,168.0,0.000,0.007,0.036,0.34771,-0.27817,5.047
21.640,168.0,168.0,168.0,168.0,0.000,0.007,0.036,0.34771,-0.27817,5.047
21.650,168.0,168.0,168.0,168.0,0.000,0.007,0.036,0.34771,-0.27817,5.047
21.660,168.0,168.0,168.0,168.0,0.000,0.007,0.036,0.34771,-0.27817,5.047
21.670,168.0,168.0,168.0,168.0,0.000,0.007,0.036,0.34771,-0.27817,5.047
21.680,168.0,168.0,168.0,168.0,0.000,0.007,0.036,0.34771,-0.27817,5.047
21.690,168.0,168.0,168.0,168.0,0.000,0.007,0.036,0.34771,-0.27817,5.047
21.700,168.0,168.0,168.0,168.0,0.000,0.007,0.036,0.34771,-0.27817,5.042
21.710,168.0,168.0,168.0,168.0,0.000,0.007,0.036,0.34771,-0.27817,5.042
21.720,168.0,168.0,168.0,168.0,0.000,0.007,0.036,0.34865,-0.27818,5.042
21.730,178.0,178.0,178.0,178.0,0.000,0.007,0.036,0.34865,-0.27818,5.042
21.740,178.0,178.0,178.0,178.0,0.000,0.007,0.036,0.34865,-0.27818,5.042
21.750,169.0,169.0,169.0,169.0,0.000,0.007,0.036,0.34865,-0.27818,5.042
21.760,169.0,169.0,169.0,169.0,0.000,0.007,0.036,0.34865,-0.27818,5.042
21.770,169.0,169.0,169.0,169.0,0.000,0.007,0.036,0.34865,-0.27818,5.042
21.780,169.0,169.0,169.0,169.0,0.000,0.007,0.036,0.34865,-0.27818,5.042
21.790,169.0,169.0,169.0,169.0,0.000,0.007,0.036,0.34865,-0.27818,5.042
21.800,169.0,169.0,169.0,169.0,0.000,0.007,0.036,0.34865,-0.27818,5.042
21.810,169.0,169.0,169.0,169.0,0.000,0.007,0.036,0.34865,-0.27818,5.042
21.820,169.0,169.0,169.0,169.0,0.000,0.007,0.036,0.34865,-0.27818,5.042
21.830,169.0,169.0,169.0,169.0,0.000,0.007,0.036,0.34865,-0.27818,5.042
21.840,169.0,169.0,169.0,169.0,0.000,0.007,0.036,0.34865,-0.27818,5.042
21.850,169.0,169.0,169.0,169.0,0.000,0.007,0.036,0.34865,-0.27818,5.042
21.860,169.0,169.0,169.0,169.0,0.000,0.007,0.036,0.34865,-0.27818,5.042
21.870,169.0,169.0,169.0,169.0,0.000,0.007,0.036,0.34865,-0.27818,5.042
21.880,169.0,169.0,169.0,169.0,0.000,0.007,0.036,0.34865,-0.27818,5.042
21.890,169.0,169.0,169.0,169.0,0.000,0.007,0.036,0.34865,-0.27818,5.042
21.900,169.0,169.0,169.0,169.0,0.000,0.007,0.036,0.34865,-0.27818,5.042
21.910,169.0,169.0,169.0,169.0,0.000,0.007,0.036,0.34865,-0.27818,5.042
21.920,169.0,169.0,169.0,169.0,0.000,0.007,0.036,0.34956,-0.27819,5.042
21.930,169.0,169.0,169.0,169.0,0.000,0.007,0.036,0.34956,-0.27819,5.042
21.940,169.0,169.0,169.0,169.0,0.000,0.007,0.036,0.34956,-0.27819,5.042
21.950,169.0,169.0,169.0,169.0,0.000,0.007,0.036,0.34956,-0.27819,5.042
21.960,169.0,169.0,169.0,169.0,0.000,0.007,0.036,0.34956,-0.27819,5.042
21.970,169.0,169.0,169.0,169.0,0.000,0.007,0.036,0.34956,-0.27819,5.042
21.980,169.0,169.0,169.0,169.0,0.000,0.007,0.036,0.34956,-0.27819,5.042
21.990,168.0,168.0,168.0,168.0,0.000,0.007,0.036,0.34956,-0.27819,5.042
22.000,168.0,168.0,168.0,168.0,0.000,0.007,0.036,0.34956,-0.27819,5.042
22.010,168.0,168.0,168.0,168.0,0.000,0.007,0.036,0.34956,-0.27819,5.042
22.020,168.0,168.0,168.0,168.0,0.000,0.007,0.036,0.34956,-0.27819,5.042
22.030,168.0,168.0,168.0,168.0,0.000,0.007,0.036,0.34956,-0.27819,5.042
22.040,168.0,168.0,168.0,168.0,0.000,0.007,0.036,0.34956,-0.27819,5.042
22.050,168.0,168.0,168.0,168.0,0.000,0.007,0.036,0.34956,-0.27819,5.042
22.060,168.0,168.0,168.0,168.0,0.000,0.007,0.036,0.34956,-0.27819,5.042
22.070,168.0,168.0,168.0,168.0,0.000,0.007,0.036,0.34956,-0.27819,5.042
22.080,168.0,168.0,168.0,168.0,0.000,0.007,0.036,0.34956,-0.27819,5.042
22.090,168.0,168.0,168.0,168.0,0.000,0.007,0.036,0.34956,-0.27819,5.042
22.100,168.0,168.0,168.0,168.0,0.000,0.007,0.036,0.34956,-0.27819,5.042
22.110,168.0,168.0,168.0,168.0,0.000,0.007,0.036,0.34956,-0.27819,5.042
22.120,168.0,168.0,168.0,168.0,0.000,0.007,0.036,0.34956,-0.27819,5.042
22.130,168.0,168.0,168.0,168.0,0.000,0.007,0.036,0.35054,-0.27820,5.042
22.140,168.0,168.0,168.0,168.0,0.000,0.007,0.036,0.35054,-0.27820,5.042
22.150,168.0,168.0,168.0,168.0,0.000,0.007,0.036,0.35054,-0.27820,5.042
22.160,168.0,168.0,168.0,168.0,0.000,0.007,0.036,0.35054,-0.27820,5.042
22.170,168.0,168.0,168.0,168.0,0.000,0.007,0.036,0.35054,-0.27820,5.042
22.180,168.0,168.0,168.0,168.0,0.000,0.007,0.036,0.35054,-0.27820,5.042
22.190,168.0,168.0,168.0,168.0,0.000,0.007,0.036,0.35054,-0.27820,5.042
22.200,168.0,168.0,168.0,168.0,0.000,0.007,0.036,0.35054,-0.27820,5.042
22.210,168.0,168.0,168.0,168.0,0.000,0.007,0.036,0.35054,-0.27820,5.042
22.220,168.0,168.0,168.0,168.0,0.000,0.007,0.036,0.35054,-0.27820,5.042
22.230,168.0,168.0,168.0,168.0,0.000,0.007,0.036,0.35054,-0.27820,5.042
22.240,168.0,168.0,168.0,168.0,0.000,0.007,0.036,0.35054,-0.27820,5.042
22.250,168.0,168.0,168.0,168.0,0.000,0.007,0.036,0.35054,-0.27820,5.042
22.260,168.0,168.0,168.0,168.0,0.000,0.007,0.036,0.35054,-0.27820,5.042
22.270,168.0,168.0,168.0,168.0,0.000,0.007,0.036,0.35054,-0.27820,5.042
22.280,168.0,168.0,168.0,168.0,0.000,0.007,0.036,0.35054,-0.27820,5.042
22.290,168.0,168.0,168.0,168.0,0.000,0.007,0.036,0.35054,-0.27820,5.042
22.300,168.0,168.0,168.0,168.0,0.000,0.007,0.036,0.35054,-0.27820,5.042
22.310,168.0,168.0,168.0,168.0,0.000,0.007,0.036,0.35054,-0.27820,5.042
22.320,168.0,168.0,168.0,168.0,0.000,0.007,0.036,0.35054,-0.27820,5.042
22.330,168.0,168.0,168.0,168.0,0.000,0.007,0.036,0.35149,-0.27821,5.042
22.340,168.0,168.0,168.0,168.0,0.000,0.007,0.036,0.35149,-0.27821,5.042
22.350,168.0,168.0,168.0,168.0,0.000,0.007,0.036,0.35149,-0.27821,5.042
22.360,168.0,168.0,168.0,168.0,0.000,0.007,0.036,0.35149,-0.27821,5.042
22.370,168.0,168.0,168.0,168.0,0.000,0.007,0.036,0.35149,-0.27821,5.042
22.380,168.0,168.0,168.0,168.0,0.000,0.007,0.036,0.35149,-0.27821,5.042
22.390,168.0,168.0,168.0,168.0,0.000,0.007,0.036,0.35149,-0.27821,5.042
22.400,168.0,168.0,168.0,168.0,0.000,0.007,0.036,0.35149,-0.27821,5.042
22.410,168.0,168.0,168.0,168.0,0.000,0.007,0.036,0.35149,-0.27821,5.042
22.420,168.0,168.0,168.0,168.0,0.000,0.007,0.036,0.35149,-0.27821,5.042
22.430,168.0,168.0,168.0,168.0,0.000,0.007,0.036,0.35149,-0.27821,5.042
22.440,168.0,168.0,168.0,168.0,0.000,0.007,0.036,0.35149,-0.27821,5.042
22.450,168.0,168.0,168.0,168.0,0.000,0.007,0.036,0.35149,-0.27821,5.039
22.460,168.0,168.0,168.0,168.0,0.000,0.007,0.036,0.35149,-0.27821,5.039
22.470,168.0,168.0,168.0,168.0,0.000,0.007,0.036,0.35149,-0.27821,5.039
22.480,168.0,168.0,168.0,168.0,0.000,0.007,0.036,0.35149,-0.27821,5.039
22.490,168.0,168.0,168.0,168.0,0.000,0.007,0.036,0.35149,-0.27821,5.039
22.500,168.0,168.0,168.0,168.0,0.000,0.007,0.036,0.35149,-0.27821,5.039
22.510,168.0,168.0,168.0,168.0,0.000,0.007,0.036,0.35149,-0.27821,5.039
22.520,168.0,168.0,168.0,168.0,0.000,0.007,0.036,0.35149,-0.27821,5.039
22.530,168.0,168.0,168.0,168.0,0.000,0.007,0.036,0.35149,-0.27821,5.039
22.540,168.0,168.0,168.0,168.0,0.000,0.007,0.036,0.35251,-0.27822,5.039
22.550,168.0,168.0,168.0,168.0,0.000,0.007,0.036,0.35251,-0.27822,5.039
22.560,168.0,168.0,168.0,168.0,0.000,0.007,0.036,0.35251,-0.27822,5.039
22.570,168.0,168.0,168.0,168.0,0.000,0.007,0.036,0.35251,-0.27822,5.039
22.580,168.0,168.0,168.0,168.0,0.000,0.007,0.036,0.35251,-0.27822,5.039
22.590,168.0,168.0,168.0,168.0,0.000,0.007,0.036,0.35251,-0.27822,5.039
22.600,168.0,168.0,168.0,168.0,0.000,0.007,0.036,0.35251,-0.27822,5.039
22.610,168.0,168.0,168.0,168.0,0.000,0.007,0.036,0.35251,-0.27822,5.039
22.620,168.0,168.0,168.0,168.0,0.000,0.007,0.036,0.35251,-0.27822,5.039
22.630,168.0,168.0,168.0,168.0,0.000,0.007,0.036,0.35251,-0.27822,5.039
22.640,168.0,168.0,168.0,168.0,0.000,0.007,0.036,0.35251,-0.27822,5.039
22.650,168.0,168.0,168.0,168.0,0.000,0.007,0.036,0.35251,-0.27822,5.034
22.660,168.0,168.0,168.0,168.0,0.000,0.007,0.036,0.35251,-0.27822,5.034
22.670,178.0,178.0,178.0,178.0,0.000,0.007,0.036,0.35251,-0.27822,5.034
22.680,178.0,178.0,178.0,178.0,0.000,0.007,0.036,0.35251,-0.27822,5.034
22.690,169.0,169.0,169.0,169.0,0.000,0.007,0.036,0.35251,-0.27822,5.034
22.700,169.0,169.0,169.0,169.0,0.000,0.007,0.036,0.35251,-0.27822,5.034
22.710,168.0,168.0,168.0,168.0,0.000,0.007,0.036,0.35251,-0.27822,5.034
22.720,168.0,168.0,168.0,168.0,0.000,0.007,0.036,0.35251,-0.27822,5.034
22.730,168.0,168.0,168.0,168.0,0.000,0.007,0.036,0.35251,-0.27822,5.034
22.740,168.0,168.0,168.0,168.0,0.000,0.007,0.036,0.35351,-0.27823,5.034
22.750,168.0,168.0,168.0,168.0,0.000,0.007,0.036,0.35351,-0.27823,5.034
22.760,168.0,168.0,168.0,168.0,0.000,0.007,0.036,0.35351,-0.27823,5.034
22.770,168.0,168.0,168.0,168.0,0.000,0.007,0.036,0.35351,-0.27823,5.034
22.780,168.0,168.0,168.0,168.0,0.000,0.007,0.036,0.35351,-0.27823,5.034
22.790,168.0,168.0,168.0,168.0,0.000,0.007,0.036,0.35351,-0.27823,5.034
22.800,168.0,168.0,168.0,168.0,0.000,0.007,0.036,0.35351,-0.27823,5.034
22.810,168.0,168.0,168.0,168.0,0.000,0.007,0.036,0.35351,-0.27823,5.034
22.820,168.0,168.0,168.0,168.0,0.000,0.007,0.036,0.35351,-0.27823,5.034
22.830,168.0,168.0,168.0,168.0,0.000,0.007,0.036,0.35351,-0.27823,5.034
22.840,168.0,168.0,168.0,168.0,0.000,0.007,0.036,0.35351,-0.27823,5.034
22.850,168.0,168.0,168.0,168.0,0.000,0.007,0.036,0.35351,-0.27823,5.034
22.860,168.0,168.0,168.0,168.0,0.000,0.007,0.036,0.35351,-0.27823,5.034
22.870,168.0,168.0,168.0,168.0,0.000,0.007,0.036,0.35351,-0.27823,5.034
22.880,168.0,168.0,168.0,168.0,0.000,0.007,0.036,0.35351,-0.27823,5.034
22.890,168.0,168.0,168.0,168.0,0.000,0.007,0.036,0.35351,-0.27823,5.034
22.900,168.0,168.0,168.0,168.0,0.000,0.007,0.036,0.35351,-0.27823,5.034
22.910,168.0,168.0,168.0,168.0,0.000,0.007,0.036,0.35351,-0.27823,5.034
22.920,168.0,168.0,168.0,168.0,0.000,0.007,0.036,0.35351,-0.27823,5.034
22.930,168.0,168.0,168.0,168.0,0.000,0.007,0.036,0.35351,-0.27823,5.028
22.940,168.0,168.0,168.0,168.0,0.000,0.007,0.036,0.35351,-0.27823,5.028
22.950,178.0,178.0,178.0,178.0,0.000,0.007,0.036,0.35458,-0.27824,5.028
22.960,169.0,169.0,169.0,169.0,0.000,0.008,0.036,0.35458,-0.27824,5.028
22.970,169.0,169.0,169.0,169.0,0.000,0.008,0.036,0.35458,-0.27824,5.028
22.980,169.0,169.0,169.0,169.0,0.000,0.008,0.036,0.35458,-0.27824,5.028
22.990,169.0,169.0,169.0,169.0,0.000,0.008,0.036,0.35458,-0.27824,5.028
23.000,169.0,169.0,169.0,169.0,0.000,0.008,0.036,0.35458,-0.27824,5.028
23.010,169.0,169.0,169.0,169.0,0.000,0.008,0.036,0.35458,-0.27824,5.028
23.020,169.0,169.0,169.0,169.0,0.000,0.008,0.036,0.35458,-0.27824,5.028
23.030,169.0,169.0,169.0,169.0,0.000,0.008,0.036,0.35458,-0.27824,5.028
23.040,169.0,169.0,169.0,169.0,0.000,0.008,0.036,0.35458,-0.27824,5.028
23.050,170.0,170.0,170.0,170.0,0.000,0.008,0.036,0.35458,-0.27824,5.028
23.060,170.0,170.0,170.0,170.0,0.000,0.008,0.036,0.35458,-0.27824,5.028
23.070,170.0,170.0,170.0,170.0,0.000,0.008,0.036,0.35458,-0.27824,5.028
23.080,170.0,170.0,170.0,170.0,0.000,0.008,0.036,0.35458,-0.27824,5.028
23.090,170.0,170.0,170.0,170.0,0.000,0.008,0.036,0.35458,-0.27824,5.028
23.100,170.0,170.0,170.0,170.0,0.000,0.008,0.036,0.35458,-0.27824,5.028
23.110,170.0,170.0,170.0,170.0,0.000,0.008,0.036,0.35458,-0.27824,5.028
23.120,170.0,170.0,170.0,170.0,0.000,0.008,0.036,0.35458,-0.27824,5.028
23.130,170.0,170.0,170.0,170.0,0.000,0.008,0.036,0.35458,-0.27824,5.028
23.140,170.0,170.0,170.0,170.0,0.000,0.008,0.036,0.35458,-0.27824,5.028
23.150,170.0,170.0,170.0,170.0,0.000,0.008,0.036,0.35561,-0.27825,5.028
23.160,170.0,170.0,170.0,170.0,0.000,0.008,0.036,0.35561,-0.27825,5.028
23.170,170.0,170.0,170.0,170.0,0.000,0.008,0.036,0.35561,-0.27825,5.028
23.180,170.0,170.0,170.0,170.0,0.000,0.008,0.036,0.35561,-0.27825,5.028
23.190,170.0,170.0,170.0,170.0,0.000,0.008,0.036,0.35561,-0.27825,5.028
23.200,170.0,170.0,170.0,170.0,0.000,0.008,0.036,0.35561,-0.27825,5.028
23.210,170.0,170.0,170.0,170.0,0.000,0.008,0.036,0.35561,-0.27825,5.028
23.220,170.0,170.0,170.0,170.0,0.000,0.008,0.036,0.35561,-0.27825,5.028
23.230,170.0,170.0,170.0,170.0,0.000,0.008,0.036,0.35561,-0.27825,5.028
23.240,170.0,170.0,170.0,170.0,0.000,0.008,0.036,0.35561,-0.27825,5.028
23.250,170.0,170.0,170.0,170.0,0.000,0.008,0.036,0.35561,-0.27825,5.028
23.260,170.0,170.0,170.0,170.0,0.000,0.008,0.036,0.35561,-0.27825,5.028
23.270,170.0,170.0,170.0,170.0,0.000,0.008,0.036,0.35561,-0.27825,5.028
23.280,170.0,170.0,170.0,170.0,0.000,0.008,0.036,0.35561,-0.27825,5.028
23.290,170.0,170.0,170.0,170.0,0.000,0.008,0.036,0.35561,-0.27825,5.028
23.300,170.0,170.0,170.0,170.0,0.000,0.008,0.036,0.35561,-0.27825,5.028
23.310,170.0,170.0,170.0,170.0,0.000,0.008,0.036,0.35561,-0.27825,5.034
23.320,170.0,170.0,170.0,170.0,0.000,0.008,0.036,0.35561,-0.27825,5.034
23.330,160.0,160.0,160.0,160.0,0.000,0.008,0.036,0.35561,-0.27825,5.034
23.340,168.0,168.0,168.0,168.0,0.000,0.008,0.036,0.35561,-0.27825,5.034
23.350,168.0,168.0,168.0,168.0,0.000,0.008,0.036,0.35561,-0.27825,5.034
23.360,168.0,168.0,168.0,168.0,0.000,0.008,0.036,0.35672,-0.27826,5.034
23.370,168.0,168.0,168.0,168.0,0.000,0.008,0.036,0.35672,-0.27826,5.034
23.380,168.0,168.0,168.0,168.0,0.000,0.008,0.036,0.35672,-0.27826,5.034
23.390,168.0,168.0,168.0,168.0,0.000,0.008,0.036,0.35672,-0.27826,5.034
23.400,168.0,168.0,168.0,168.0,0.000,0.008,0.036,0.35672,-0.27826,5.034
23.410,168.0,168.0,168.0,168.0,0.000,0.008,0.036,0.35672,-0.27826,5.034
23.420,168.0,168.0,168.0,168.0,0.000,0.008,0.036,0.35672,-0.27826,5.034
23.430,168.0,168.0,168.0,168.0,0.000,0.008,0.036,0.35672,-0.27826,5.034
23.440,168.0,168.0,168.0,168.0,0.000,0.008,0.036,0.35672,-0.27826,5.034
23.450,168.0,168.0,168.0,168.0,0.000,0.008,0.036,0.35672,-0.27826,5.034
23.460,168.0,168.0,168.0,168.0,0.000,0.008,0.036,0.35672,-0.27826,5.034
23.470,168.0,168.0,168.0,168.0,0.000,0.008,0.036,0.35672,-0.27826,5.034
23.480,168.0,168.0,168.0,168.0,0.000,0.008,0.036,0.35672,-0.27826,5.034
23.490,168.0,168.0,168.0,168.0,0.000,0.008,0.036,0.35672,-0.27826,5.034
23.500,168.0,168.0,168.0,168.0,0.000,0.008,0.036,0.35672,-0.27826,5.034
23.510,168.0,168.0,168.0,168.0,0.000,0.008,0.036,0.35672,-0.27826,5.034
23.520,168.0,168.0,168.0,168.0,0.000,0.008,0.036,0.35672,-0.27826,5.034
23.530,168.0,168.0,168.0,168.0,0.000,0.008,0.036,0.35672,-0.27826,5.034
23.540,168.0,168.0,168.0,168.0,0.000,0.008,0.036,0.35672,-0.27826,5.034
23.550,168.0,168.0,168.0,168.0,0.000,0.008,0.036,0.35672,-0.27826,5.034
23.560,168.0,168.0,168.0,168.0,0.000,0.008,0.036,0.35780,-0.27827,5.034
23.570,168.0,168.0,168.0,168.0,0.000,0.008,0.036,0.35780,-0.27827,5.034
23.580,168.0,168.0,168.0,168.0,0.000,0.008,0.036,0.35780,-0.27827,5.034
23.590,168.0,168.0,168.0,168.0,0.000,0.008,0.036,0.35780,-0.27827,5.034
23.600,168.0,168.0,168.0,168.0,0.000,0.008,0.036,0.35780,-0.27827,5.034
23.610,168.0,168.0,168.0,168.0,0.000,0.008,0.036,0.35780,-0.27827,5.034
23.620,168.0,168.0,168.0,168.0,0.000,0.008,0.036,0.35780,-0.27827,5.034
23.630,168.0,168.0,168.0,168.0,0.000,0.008,0.036,0.35780,-0.27827,5.034
23.640,168.0,168.0,168.0,168.0,0.000,0.008,0.036,0.35780,-0.27827,5.034
23.650,169.0,169.0,169.0,169.0,0.000,0.008,0.036,0.35780,-0.27827,5.034
23.660,169.0,169.0,169.0,169.0,0.000,0.008,0.036,0.35780,-0.27827,5.034
23.670,169.0,169.0,169.0,169.0,0.000,0.008,0.036,0.35780,-0.27827,5.034
23.680,169.0,169.0,169.0,169.0,0.000,0.008,0.036,0.35780,-0.27827,5.034
23.690,169.0,169.0,169.0,169.0,0.000,0.008,0.036,0.35780,-0.27827,5.034
23.700,169.0,169.0,169.0,169.0,0.000,0.008,0.036,0.35780,-0.27827,5.034
23.710,169.0,169.0,169.0,169.0,0.000,0.008,0.036,0.35780,-0.27827,5.034
23.720,169.0,169.0,169.0,169.0,0.000,0.008,0.036,0.35780,-0.27827,5.034
23.730,169.0,169.0,169.0,169.0,0.000,0.008,0.036,0.35780,-0.27827,5.034
23.740,169.0,169.0,169.0,169.0,0.000,0.008,0.036,0.35780,-0.27827,5.034
23.750,169.0,169.0,169.0,169.0,0.000,0.008,0.036,0.35780,-0.27827,5.034
23.760,169.0,169.0,169.0,169.0,0.000,0.008,0.036,0.35780,-0.27827,5.034
23.770,169.0,169.0,169.0,169.0,0.000,0.008,0.036,0.35896,-0.27828,5.034
23.780,169.0,169.0,169.0,169.0,0.000,0.008,0.036,0.35896,-0.27828,5.034
23.790,169.0,169.0,169.0,169.0,0.000,0.008,0.036,0.35896,-0.27828,5.034
23.800,169.0,169.0,169.0,169.0,0.000,0.008,0.036,0.35896,-0.27828,5.039
23.810,169.0,169.0,169.0,169.0,0.000,0.008,0.036,0.35896,-0.27828,5.039
23.820,169.0,169.0,169.0,169.0,0.000,0.008,0.036,0.35896,-0.27828,5.039
23.830,159.0,159.0,159.0,159.0,0.000,0.008,0.036,0.35896,-0.27828,5.039
23.840,159.0,159.0,159.0,159.0,0.000,0.008,0.036,0.35896,-0.27828,5.039
23.850,169.0,169.0,169.0,169.0,0.000,0.008,0.036,0.35896,-0.27828,5.039
23.860,169.0,169.0,169.0,169.0,0.000,0.008,0.036,0.35896,-0.27828,5.039
23.870,169.0,169.0,169.0,169.0,0.000,0.008,0.036,0.35896,-0.27828,5.039
23.880,169.0,169.0,169.0,169.0,0.000,0.008,0.036,0.35896,-0.27828,5.039
23.890,169.0,169.0,169.0,169.0,0.000,0.008,0.036,0.35896,-0.27828,5.034
23.900,169.0,169.0,169.0,169.0,0.000,0.008,0.036,0.35896,-0.27828,5.034
23.910,178.0,178.0,178.0,178.0,0.000,0.008,0.036,0.35896,-0.27828,5.034
23.920,169.0,169.0,169.0,169.0,0.000,0.008,0.036,0.35896,-0.27828,5.034
23.930,169.0,169.0,169.0,169.0,0.000,0.008,0.036,0.35896,-0.27828,5.034
23.940,169.0,169.0,169.0,169.0,0.000,0.008,0.036,0.35896,-0.27828,5.034
23.950,169.0,169.0,169.0,169.0,0.000,0.008,0.036,0.35896,-0.27828,5.034
23.960,169.0,169.0,169.0,169.0,0.000,0.008,0.036,0.35896,-0.27828,5.039
23.970,169.0,169.0,169.0,169.0,0.000,0.008,0.036,0.35896,-0.27828,5.039
23.980,169.0,169.0,169.0,169.0,0.000,0.008,0.036,0.36014,-0.27829,5.039
23.990,159.0,159.0,159.0,159.0,0.000,0.008,0.036,0.36014,-0.27829,5.039
24.000,159.0,159.0,159.0,159.0,0.000,0.008,0.036,0.36014,-0.27829,5.039
24.010,169.0,169.0,169.0,169.0,0.000,0.008,0.036,0.36014,-0.27829,5.039
24.020,169.0,169.0,169.0,169.0,0.000,0.008,0.036,0.36014,-0.27829,5.034
24.030,169.0,169.0,169.0,169.0,0.000,0.008,0.036,0.36014,-0.27829,5.034
24.040,178.0,178.0,178.0,178.0,0.000,0.008,0.036,0.36014,-0.27829,5.034
24.050,169.0,169.0,169.0,169.0,0.000,0.008,0.036,0.36014,-0.27829,5.034
24.060,169.0,169.0,169.0,169.0,0.000,0.008,0.036,0.36014,-0.27829,5.034
24.070,169.0,169.0,169.0,169.0,0.000,0.008,0.036,0.36014,-0.27829,5.034
24.080,169.0,169.0,169.0,169.0,0.000,0.008,0.036,0.36014,-0.27829,5.034
24.090,169.0,169.0,169.0,169.0,0.000,0.008,0.036,0.36014,-0.27829,5.034
24.100,169.0,169.0,169.0,169.0,0.000,0.008,0.036,0.36014,-0.27829,5.034
24.110,169.0,169.0,169.0,169.0,0.000,0.008,0.036,0.36014,-0.27829,5.034
24.120,169.0,169.0,169.0,169.0,0.000,0.008,0.036,0.36014,-0.27829,5.034
24.130,169.0,169.0,169.0,169.0,0.000,0.008,0.036,0.36014,-0.27829,5.034
24.140,169.0,169.0,169.0,169.0,0.000,0.008,0.036,0.36014,-0.27829,5.034
24.150,169.0,169.0,169.0,169.0,0.000,0.008,0.036,0.36014,-0.27829,5.034
24.160,169.0,169.0,169.0,169.0,0.000,0.008,0.036,0.36014,-0.27829,5.034
24.170,169.0,169.0,169.0,169.0,0.000,0.008,0.036,0.36014,-0.27829,5.034
24.180,169.0,169.0,169.0,169.0,0.000,0.008,0.036,0.36128,-0.27830,5.039
24.190,169.0,169.0,169.0,169.0,0.000,0.008,0.036,0.36128,-0.27830,5.039
24.200,169.0,169.0,169.0,169.0,0.000,0.008,0.036,0.36128,-0.27830,5.039
24.210,169.0,169.0,169.0,169.0,0.000,0.008,0.036,0.36128,-0.27830,5.039
24.220,169.0,169.0,169.0,169.0,0.000,0.008,0.036,0.36128,-0.27830,5.039
24.230,169.0,169.0,169.0,169.0,0.000,0.008,0.036,0.36128,-0.27830,5.039
24.240,169.0,169.0,169.0,169.0,0.000,0.008,0.036,0.36128,-0.27830,5.039
24.250,169.0,169.0,169.0,169.0,0.000,0.008,0.036,0.36128,-0.27830,5.039
24.260,169.0,169.0,169.0,169.0,0.000,0.008,0.036,0.36128,-0.27830,5.039
24.270,169.0,169.0,169.0,169.0,0.000,0.008,0.036,0.36128,-0.27830,5.039
24.280,169.0,169.0,169.0,169.0,0.000,0.008,0.036,0.36128,-0.27830,5.039
24.290,169.0,169.0,169.0,169.0,0.000,0.008,0.036,0.36128,-0.27830,5.039
24.300,169.0,169.0,169.0,169.0,0.000,0.008,0.036,0.36128,-0.27830,5.039
24.310,169.0,169.0,169.0,169.0,0.000,0.008,0.036,0.36128,-0.27830,5.039
24.320,169.0,169.0,169.0,169.0,0.000,0.008,0.036,0.36128,-0.27830,5.039
24.330,169.0,169.0,169.0,169.0,0.000,0.008,0.036,0.36128,-0.27830,5.039
24.340,169.0,169.0,169.0,169.0,0.000,0.008,0.036,0.36128,-0.27830,5.039
24.350,169.0,169.0,169.0,169.0,0.000,0.008,0.036,0.36128,-0.27830,5.039
24.360,169.0,169.0,169.0,169.0,0.000,0.008,0.036,0.36128,-0.27830,5.039
24.370,169.0,169.0,169.0,169.0,0.000,0.008,0.036,0.36128,-0.27830,5.039
24.380,169.0,169.0,169.0,169.0,0.000,0.008,0.036,0.36128,-0.27830,5.039
24.390,169.0,169.0,169.0,169.0,0.000,0.008,0.036,0.36251,-0.27831,5.039
24.400,169.0,169.0,169.0,169.0,0.000,0.008,0.036,0.36251,-0.27831,5.039
24.410,169.0,169.0,169.0,169.0,0.000,0.008,0.036,0.36251,-0.27831,5.039
24.420,169.0,169.0,169.0,169.0,0.000,0.008,0.036,0.36251,-0.27831,5.039
24.430,169.0,169.0,169.0,169.0,0.000,0.008,0.036,0.36251,-0.27831,5.039
24.440,169.0,169.0,169.0,169.0,0.000,0.008,0.036,0.36251,-0.27831,5.039
24.450,169.0,169.0,169.0,169.0,0.000,0.008,0.036,0.36251,-0.27831,5.039
24.460,169.0,169.0,169.0,169.0,0.000,0.008,0.036,0.36251,-0.27831,5.039
24.470,169.0,169.0,169.0,169.0,0.000,0.008,0.036,0.36251,-0.27831,5.039
24.480,169.0,169.0,169.0,169.0,0.000,0.008,0.036,0.36251,-0.27831,5.039
24.490,169.0,169.0,169.0,169.0,0.000,0.008,0.036,0.36251,-0.27831,5.039
24.500,169.0,169.0,169.0,169.0,0.000,0.008,0.036,0.36251,-0.27831,5.039
24.510,169.0,169.0,169.0,169.0,0.000,0.008,0.036,0.36251,-0.27831,5.039
24.520,169.0,169.0,169.0,169.0,0.000,0.008,0.036,0.36251,-0.27831,5.039
24.530,169.0,169.0,169.0,169.0,0.000,0.008,0.036,0.36251,-0.27831,5.039
24.540,169.0,169.0,169.0,169.0,0.000,0.008,0.036,0.36251,-0.27831,5.039
24.550,169.0,169.0,169.0,169.0,0.000,0.008,0.036,0.36251,-0.27831,5.039
24.560,169.0,169.0,169.0,169.0,0.000,0.008,0.036,0.36251,-0.27831,5.039
24.570,169.0,169.0,169.0,169.0,0.000,0.008,0.036,0.36251,-0.27831,5.039
24.580,169.0,169.0,169.0,169.0,0.000,0.008,0.036,0.36251,-0.27831,5.042
24.590,169.0,169.0,169.0,169.0,0.000,0.008,0.036,0.36369,-0.27832,5.042
24.600,169.0,169.0,169.0,169.0,0.000,0.008,0.036,0.36369,-0.27832,5.042
24.610,169.0,169.0,169.0,169.0,0.000,0.008,0.036,0.36369,-0.27832,5.042
24.620,169.0,169.0,169.0,169.0,0.000,0.008,0.036,0.36369,-0.27832,5.042
24.630,169.0,169.0,169.0,169.0,0.000,0.008,0.036,0.36369,-0.27832,5.042
24.640,169.0,169.0,169.0,169.0,0.000,0.008,0.036,0.36369,-0.27832,5.042
24.650,169.0,169.0,169.0,169.0,0.000,0.008,0.036,0.36369,-0.27832,5.042
24.660,169.0,169.0,169.0,169.0,0.000,0.008,0.036,0.36369,-0.27832,5.042
24.670,169.0,169.0,169.0,169.0,0.000,0.008,0.036,0.36369,-0.27832,5.042
24.680,169.0,169.0,169.0,169.0,0.000,0.008,0.036,0.36369,-0.27832,5.042
24.690,169.0,169.0,169.0,169.0,0.000,0.008,0.036,0.36369,-0.27832,5.042
24.700,169.0,169.0,169.0,169.0,0.000,0.008,0.036,0.36369,-0.27832,5.042
24.710,169.0,169.0,169.0,169.0,0.000,0.008,0.036,0.36369,-0.27832,5.042
24.720,169.0,169.0,169.0,169.0,0.000,0.008,0.036,0.36369,-0.27832,5.042
24.730,169.0,169.0,169.0,169.0,0.000,0.008,0.036,0.36369,-0.27832,5.042
24.740,169.0,169.0,169.0,169.0,0.000,0.008,0.036,0.36369,-0.27832,5.042
24.750,169.0,169.0,169.0,169.0,0.000,0.008,0.036,0.36369,-0.27832,5.042
24.760,169.0,169.0,169.0,169.0,0.000,0.008,0.036,0.36369,-0.27832,5.042
24.770,169.0,169.0,169.0,169.0,0.000,0.008,0.036,0.36369,-0.27832,5.042
24.780,169.0,169.0,169.0,169.0,0.000,0.008,0.036,0.36369,-0.27832,5.042
24.790,169.0,169.0,169.0,169.0,0.000,0.008,0.036,0.36369,-0.27832,5.047
24.800,169.0,169.0,169.0,169.0,0.000,0.008,0.036,0.36496,-0.27833,5.047
24.810,169.0,169.0,169.0,169.0,0.000,0.008,0.036,0.36496,-0.27833,5.047
24.820,169.0,169.0,169.0,169.0,0.000,0.008,0.036,0.36496,-0.27833,5.047
24.830,169.0,169.0,169.0,169.0,0.000,0.008,0.036,0.36496,-0.27833,5.047
24.840,169.0,169.0,169.0,169.0,0.000,0.008,0.036,0.36496,-0.27833,5.047
24.850,169.0,169.0,169.0,169.0,0.000,0.008,0.036,0.36496,-0.27833,5.047
24.860,169.0,169.0,169.0,169.0,0.000,0.008,0.036,0.36496,-0.27833,5.047
24.870,169.0,169.0,169.0,169.0,0.000,0.008,0.036,0.36496,-0.27833,5.047
24.880,169.0,169.0,169.0,169.0,0.000,0.008,0.036,0.36496,-0.27833,5.047
24.890,169.0,169.0,169.0,169.0,0.000,0.008,0.036,0.36496,-0.27833,5.047
24.900,169.0,169.0,169.0,169.0,0.000,0.008,0.036,0.36496,-0.27833,5.047
24.910,169.0,169.0,169.0,169.0,0.000,0.008,0.036,0.36496,-0.27833,5.047
24.920,169.0,169.0,169.0,169.0,0.000,0.008,0.036,0.36496,-0.27833,5.047
24.930,169.0,169.0,169.0,169.0,0.000,0.008,0.036,0.36496,-0.27833,5.047
24.940,169.0,169.0,169.0,169.0,0.000,0.009,0.036,0.36496,-0.27833,5.047
24.950,169.0,169.0,169.0,169.0,0.000,0.009,0.036,0.36496,-0.27833,5.052
24.960,169.0,169.0,169.0,169.0,0.000,0.009,0.036,0.36496,-0.27833,5.052
24.970,169.0,169.0,169.0,169.0,0.000,0.009,0.036,0.36496,-0.27833,5.052
24.980,169.0,169.0,169.0,169.0,0.000,0.009,0.036,0.36496,-0.27833,5.052
24.990,169.0,169.0,169.0,169.0,0.000,0.009,0.036,0.36496,-0.27833,5.052
25.000,169.0,169.0,169.0,169.0,0.000,0.009,0.036,0.36619,-0.27834,5.052
25.010,169.0,169.0,169.0,169.0,0.000,0.009,0.036,0.36619,-0.27834,5.052
25.020,169.0,169.0,169.0,169.0,0.000,0.009,0.036,0.36619,-0.27834,5.052
25.030,169.0,169.0,169.0,169.0,0.000,0.009,0.036,0.36619,-0.27834,5.052
25.040,169.0,169.0,169.0,169.0,0.000,0.009,0.036,0.36619,-0.27834,5.052
25.050,169.0,169.0,169.0,169.0,0.000,0.009,0.036,0.36619,-0.27834,5.052
25.060,169.0,169.0,169.0,169.0,0.000,0.009,0.036,0.36619,-0.27834,5.052
25.070,169.0,169.0,169.0,169.0,0.000,0.009,0.036,0.36619,-0.27834,5.052
25.080,169.0,169.0,169.0,169.0,0.000,0.009,0.036,0.36619,-0.27834,5.052
25.090,169.0,169.0,169.0,169.0,0.000,0.009,0.036,0.36619,-0.27834,5.057
25.100,169.0,169.0,169.0,169.0,0.000,0.009,0.036,0.36619,-0.27834,5.057
25.110,169.0,169.0,169.0,169.0,0.000,0.009,0.036,0.36619,-0.27834,5.057
25.120,169.0,169.0,169.0,169.0,0.000,0.009,0.036,0.36619,-0.27834,5.057
25.130,169.0,169.0,169.0,169.0,0.000,0.009,0.036,0.36619,-0.27834,5.057
25.140,169.0,169.0,169.0,169.0,0.000,0.009,0.036,0.36619,-0.27834,5.057
25.150,169.0,169.0,169.0,169.0,0.000,0.009,0.036,0.36619,-0.27834,5.057
25.160,169.0,169.0,169.0,169.0,0.000,0.009,0.036,0.36619,-0.27834,5.057
25.170,169.0,169.0,169.0,169.0,0.000,0.009,0.036,0.36619,-0.27834,5.057
25.180,169.0,169.0,169.0,169.0,0.000,0.009,0.036,0.36619,-0.27834,5.057
25.190,169.0,169.0,169.0,169.0,0.000,0.009,0.036,0.36619,-0.27834,5.057
25.200,169.0,169.0,169.0,169.0,0.000,0.009,0.036,0.36619,-0.27834,5.057
25.210,169.0,169.0,169.0,169.0,0.000,0.009,0.036,0.36751,-0.27835,5.060
25.220,169.0,169.0,169.0,169.0,0.000,0.009,0.036,0.36751,-0.27835,5.060
25.230,169.0,169.0,169.0,169.0,0.000,0.009,0.036,0.36751,-0.27835,5.060
25.240,164.0,164.0,164.0,164.0,0.000,0.009,0.036,0.36751,-0.27835,5.060
25.250,169.0,169.0,169.0,169.0,0.000,0.009,0.036,0.36751,-0.27835,5.060
25.260,169.0,169.0,169.0,169.0,0.000,0.009,0.036,0.36751,-0.27835,5.060
25.270,169.0,169.0,169.0,169.0,0.000,0.009,0.036,0.36751,-0.27835,5.060
25.280,169.0,169.0,169.0,169.0,0.000,0.009,0.036,0.36751,-0.27835,5.060
25.290,169.0,169.0,169.0,169.0,0.000,0.009,0.036,0.36751,-0.27835,5.060
25.300,169.0,169.0,169.0,169.0,0.000,0.009,0.036,0.36751,-0.27835,5.060
25.310,169.0,169.0,169.0,169.0,0.000,0.009,0.036,0.36751,-0.27835,5.060
25.320,169.0,169.0,169.0,169.0,0.000,0.009,0.036,0.36751,-0.27835,5.060
25.330,169.0,169.0,169.0,169.0,0.000,0.009,0.036,0.36751,-0.27835,5.065
25.340,169.0,169.0,169.0,169.0,0.000,0.009,0.036,0.36751,-0.27835,5.065
25.350,159.0,159.0,159.0,159.0,0.000,0.009,0.036,0.36751,-0.27835,5.065
25.360,159.0,159.0,159.0,159.0,0.000,0.009,0.036,0.36751,-0.27835,5.065
25.370,169.0,169.0,169.0,169.0,0.000,0.009,0.036,0.36751,-0.27835,5.065
25.380,169.0,169.0,169.0,169.0,0.000,0.009,0.036,0.36751,-0.27835,5.065
25.390,169.0,169.0,169.0,169.0,0.000,0.009,0.036,0.36751,-0.27835,5.065
25.400,169.0,169.0,169.0,169.0,0.000,0.009,0.036,0.36751,-0.27835,5.065
25.410,169.0,169.0,169.0,169.0,0.000,0.009,0.036,0.36878,-0.27836,5.065
25.420,169.0,169.0,169.0,169.0,0.000,0.009,0.036,0.36878,-0.27836,5.065
25.430,169.0,169.0,169.0,169.0,0.000,0.009,0.036,0.36878,-0.27836,5.065
25.440,169.0,169.0,169.0,169.0,0.000,0.009,0.036,0.36878,-0.27836,5.065
25.450,169.0,169.0,169.0,169.0,0.000,0.009,0.036,0.36878,-0.27836,5.065
25.460,169.0,169.0,169.0,169.0,0.000,0.009,0.036,0.36878,-0.27836,5.065
25.470,169.0,169.0,169.0,169.0,0.000,0.009,0.036,0.36878,-0.27836,5.065
25.480,169.0,169.0,169.0,169.0,0.000,0.009,0.036,0.36878,-0.27836,5.065
25.490,169.0,169.0,169.0,169.0,0.000,0.009,0.036,0.36878,-0.27836,5.071
25.500,169.0,169.0,169.0,169.0,0.000,0.009,0.036,0.36878,-0.27836,5.071
25.510,159.0,159.0,159.0,159.0,0.000,0.009,0.036,0.36878,-0.27836,5.071
25.520,159.0,159.0,159.0,159.0,0.000,0.009,0.036,0.36878,-0.27836,5.071
25.530,169.0,169.0,169.0,169.0,0.000,0.009,0.036,0.36878,-0.27836,5.071
25.540,169.0,169.0,169.0,169.0,0.000,0.009,0.036,0.36878,-0.27836,5.071
25.550,169.0,169.0,169.0,169.0,0.000,0.009,0.036,0.36878,-0.27836,5.071
25.560,169.0,169.0,169.0,169.0,0.000,0.009,0.036,0.36878,-0.27836,5.071
25.570,169.0,169.0,169.0,169.0,0.000,0.009,0.036,0.36878,-0.27836,5.071
25.580,169.0,169.0,169.0,169.0,0.000,0.009,0.036,0.36878,-0.27836,5.071
25.590,169.0,169.0,169.0,169.0,0.000,0.009,0.036,0.36878,-0.27836,5.071
25.600,169.0,169.0,169.0,169.0,0.000,0.009,0.036,0.36878,-0.27836,5.071
25.610,169.0,169.0,169.0,169.0,0.000,0.009,0.036,0.36878,-0.27836,5.071
25.620,169.0,169.0,169.0,169.0,0.000,0.009,0.036,0.37015,-0.27837,5.071
25.630,169.0,169.0,169.0,169.0,0.000,0.009,0.036,0.37015,-0.27837,5.071
25.640,169.0,169.0,169.0,169.0,0.000,0.009,0.036,0.37015,-0.27837,5.071
25.650,169.0,169.0,169.0,169.0,0.000,0.009,0.036,0.37015,-0.27837,5.071
25.660,169.0,169.0,169.0,169.0,0.000,0.009,0.036,0.37015,-0.27837,5.071
25.670,169.0,169.0,169.0,169.0,0.000,0.009,0.036,0.37015,-0.27837,5.071
25.680,169.0,169.0,169.0,169.0,0.000,0.009,0.036,0.37015,-0.27837,5.071
25.690,169.0,169.0,169.0,169.0,0.000,0.009,0.036,0.37015,-0.27837,5.071
25.700,169.0,169.0,169.0,169.0,0.000,0.009,0.036,0.37015,-0.27837,5.071
25.710,169.0,169.0,169.0,169.0,0.000,0.009,0.036,0.37015,-0.27837,5.071
25.720,169.0,169.0,169.0,169.0,0.000,0.009,0.036,0.37015,-0.27837,5.071
25.730,169.0,169.0,169.0,169.0,0.000,0.009,0.036,0.37015,-0.27837,5.071
25.740,169.0,169.0,169.0,169.0,0.000,0.009,0.036,0.37015,-0.27837,5.071
25.750,169.0,169.0,169.0,169.0,0.000,0.009,0.036,0.37015,-0.27837,5.076
25.760,169.0,169.0,169.0,169.0,0.000,0.009,0.036,0.37015,-0.27837,5.076
25.770,169.0,169.0,169.0,169.0,0.000,0.009,0.036,0.37015,-0.27837,5.076
25.780,169.0,169.0,169.0,169.0,0.000,0.009,0.036,0.37015,-0.27837,5.076
25.790,169.0,169.0,169.0,169.0,0.000,0.009,0.036,0.37015,-0.27837,5.076
25.800,169.0,169.0,169.0,169.0,0.000,0.009,0.036,0.37015,-0.27837,5.076
25.810,169.0,169.0,169.0,169.0,0.000,0.009,0.036,0.37015,-0.27837,5.076
25.820,169.0,169.0,169.0,169.0,0.000,0.009,0.036,0.37146,-0.27838,5.076
25.830,169.0,169.0,169.0,169.0,0.000,0.009,0.036,0.37146,-0.27838,5.076
25.840,169.0,169.0,169.0,169.0,0.000,0.009,0.036,0.37146,-0.27838,5.076
25.850,169.0,169.0,169.0,169.0,0.000,0.009,0.036,0.37146,-0.27838,5.076
25.860,169.0,169.0,169.0,169.0,0.000,0.009,0.036,0.37146,-0.27838,5.076
25.870,169.0,169.0,169.0,169.0,0.000,0.009,0.036,0.37146,-0.27838,5.076
25.880,169.0,169.0,169.0,169.0,0.000,0.009,0.036,0.37146,-0.27838,5.076
25.890,169.0,169.0,169.0,169.0,0.000,0.009,0.036,0.37146,-0.27838,5.076
25.900,169.0,169.0,169.0,169.0,0.000,0.009,0.036,0.37146,-0.27838,5.076
25.910,169.0,169.0,169.0,169.0,0.000,0.009,0.036,0.37146,-0.27838,5.076
25.920,169.0,169.0,169.0,169.0,0.000,0.009,0.036,0.37146,-0.27838,5.076
25.930,169.0,169.0,169.0,169.0,0.000,0.009,0.036,0.37146,-0.27838,5.076
25.940,169.0,169.0,169.0,169.0,0.000,0.009,0.036,0.37146,-0.27838,5.076
25.950,169.0,169.0,169.0,169.0,0.000,0.009,0.036,0.37146,-0.27838,5.081
25.960,169.0,169.0,169.0,169.0,0.000,0.009,0.036,0.37146,-0.27838,5.081
25.970,169.0,169.0,169.0,169.0,0.000,0.009,0.036,0.37146,-0.27838,5.081
25.980,159.0,159.0,159.0,159.0,0.000,0.009,0.036,0.37146,-0.27838,5.081
25.990,169.0,169.0,169.0,169.0,0.000,0.009,0.036,0.37146,-0.27838,5.081
26.000,169.0,169.0,169.0,169.0,0.000,0.009,0.036,0.37146,-0.27838,5.081
26.010,169.0,169.0,169.0,169.0,0.000,0.009,0.036,0.37146,-0.27838,5.081
26.020,169.0,169.0,169.0,169.0,0.000,0.009,0.036,0.37146,-0.27838,5.081
26.030,169.0,169.0,169.0,169.0,0.000,0.009,0.036,0.37287,-0.27839,5.081
26.040,169.0,169.0,169.0,169.0,0.000,0.009,0.036,0.37287,-0.27839,5.081
26.050,169.0,169.0,169.0,169.0,0.000,0.009,0.036,0.37287,-0.27839,5.081
26.060,169.0,169.0,169.0,169.0,0.000,0.009,0.036,0.37287,-0.27839,5.081
26.070,169.0,169.0,169.0,169.0,0.000,0.009,0.036,0.37287,-0.27839,5.081
26.080,169.0,169.0,169.0,169.0,0.000,0.009,0.036,0.37287,-0.27839,5.081
26.090,169.0,169.0,169.0,169.0,0.000,0.009,0.036,0.37287,-0.27839,5.081
26.100,169.0,169.0,169.0,169.0,0.000,0.009,0.036,0.37287,-0.27839,5.081
26.110,169.0,169.0,169.0,169.0,0.000,0.009,0.036,0.37287,-0.27839,5.081
26.120,169.0,169.0,169.0,169.0,0.000,0.009,0.036,0.37287,-0.27839,5.081
26.130,169.0,169.0,169.0,169.0,0.000,0.009,0.036,0.37287,-0.27839,5.081
26.140,169.0,169.0,169.0,169.0,0.000,0.009,0.036,0.37287,-0.27839,5.084
26.150,169.0,169.0,169.0,169.0,0.000,0.009,0.036,0.37287,-0.27839,5.084
26.160,163.0,163.0,163.0,163.0,0.000,0.009,0.036,0.37287,-0.27839,5.084
26.170,169.0,169.0,169.0,169.0,0.000,0.009,0.036,0.37287,-0.27839,5.084
26.180,169.0,169.0,169.0,169.0,0.000,0.009,0.036,0.37287,-0.27839,5.084
26.190,169.0,169.0,169.0,169.0,0.000,0.009,0.036,0.37287,-0.27839,5.084
26.200,169.0,169.0,169.0,169.0,0.000,0.009,0.036,0.37287,-0.27839,5.084
26.210,169.0,169.0,169.0,169.0,0.000,0.009,0.036,0.37287,-0.27839,5.084
26.220,169.0,169.0,169.0,169.0,0.000,0.009,0.036,0.37287,-0.27839,5.084
26.230,169.0,169.0,169.0,169.0,0.000,0.009,0.036,0.37287,-0.27839,5.084
26.240,169.0,169.0,169.0,169.0,0.000,0.009,0.036,0.37430,-0.27840,5.084
26.250,169.0,169.0,169.0,169.0,0.000,0.009,0.036,0.37430,-0.27840,5.084
26.260,169.0,169.0,169.0,169.0,0.000,0.009,0.036,0.37430,-0.27840,5.084
26.270,169.0,169.0,169.0,169.0,0.000,0.009,0.036,0.37430,-0.27840,5.084
26.280,169.0,169.0,169.0,169.0,0.000,0.009,0.036,0.37430,-0.27840,5.084
26.290,169.0,169.0,169.0,169.0,0.000,0.009,0.036,0.37430,-0.27840,5.084
26.300,169.0,169.0,169.0,169.0,0.000,0.009,0.036,0.37430,-0.27840,5.084
26.310,169.0,169.0,169.0,169.0,0.000,0.009,0.036,0.37430,-0.27840,5.084
26.320,169.0,169.0,169.0,169.0,0.000,0.009,0.036,0.37430,-0.27840,5.084
26.330,169.0,169.0,169.0,169.0,0.000,0.009,0.036,0.37430,-0.27840,5.084
26.340,169.0,169.0,169.0,169.0,0.000,0.009,0.036,0.37430,-0.27840,5.089
26.350,169.0,169.0,169.0,169.0,0.000,0.009,0.036,0.37430,-0.27840,5.089
26.360,159.0,159.0,159.0,159.0,0.000,0.009,0.036,0.37430,-0.27840,5.089
26.370,159.0,159.0,159.0,159.0,0.000,0.009,0.036,0.37430,-0.27840,5.089
26.380,169.0,169.0,169.0,169.0,0.000,0.009,0.036,0.37430,-0.27840,5.089
26.390,169.0,169.0,169.0,169.0,0.000,0.009,0.036,0.37430,-0.27840,5.089
26.400,169.0,169.0,169.0,169.0,0.000,0.009,0.036,0.37430,-0.27840,5.089
26.410,169.0,169.0,169.0,169.0,0.000,0.009,0.036,0.37430,-0.27840,5.089
26.420,169.0,169.0,169.0,169.0,0.000,0.009,0.036,0.37430,-0.27840,5.089
26.430,169.0,169.0,169.0,169.0,0.000,0.009,0.036,0.37430,-0.27840,5.089
26.440,169.0,169.0,169.0,169.0,0.000,0.009,0.036,0.37568,-0.27841,5.089
26.450,169.0,169.0,169.0,169.0,0.000,0.009,0.036,0.37568,-0.27841,5.089
26.460,169.0,169.0,169.0,169.0,0.000,0.009,0.036,0.37568,-0.27841,5.089
26.470,169.0,169.0,169.0,169.0,0.000,0.009,0.036,0.37568,-0.27841,5.089
26.480,169.0,169.0,169.0,169.0,0.000,0.009,0.036,0.37568,-0.27841,5.089
26.490,169.0,169.0,169.0,169.0,0.000,0.009,0.036,0.37568,-0.27841,5.089
26.500,169.0,169.0,169.0,169.0,0.000,0.009,0.036,0.37568,-0.27841,5.089
26.510,168.0,168.0,168.0,168.0,0.000,0.009,0.036,0.37568,-0.27841,5.089
26.520,168.0,168.0,168.0,168.0,0.000,0.009,0.036,0.37568,-0.27841,5.089
26.530,168.0,168.0,168.0,168.0,0.000,0.009,0.036,0.37568,-0.27841,5.089
26.540,168.0,168.0,168.0,168.0,0.000,0.009,0.036,0.37568,-0.27841,5.089
26.550,168.0,168.0,168.0,168.0,0.000,0.009,0.036,0.37568,-0.27841,5.089
26.560,168.0,168.0,168.0,168.0,0.000,0.009,0.036,0.37568,-0.27841,5.089
26.570,168.0,168.0,168.0,168.0,0.000,0.009,0.036,0.37568,-0.27841,5.089
26.580,168.0,168.0,168.0,168.0,0.000,0.009,0.036,0.37568,-0.27841,5.089
26.590,168.0,168.0,168.0,168.0,0.000,0.009,0.036,0.37568,-0.27841,5.089
26.600,168.0,168.0,168.0,168.0,0.000,0.009,0.036,0.37568,-0.27841,5.089
26.610,168.0,168.0,168.0,168.0,0.000,0.009,0.036,0.37568,-0.27841,5.089
26.620,168.0,168.0,168.0,168.0,0.000,0.009,0.036,0.37568,-0.27841,5.089
26.630,168.0,168.0,168.0,168.0,0.000,0.009,0.036,0.37568,-0.27841,5.089
26.640,168.0,168.0,168.0,168.0,0.000,0.009,0.036,0.37568,-0.27841,5.089
26.650,168.0,168.0,168.0,168.0,0.000,0.009,0.036,0.37716,-0.27842,5.089
26.660,168.0,168.0,168.0,168.0,0.000,0.009,0.036,0.37716,-0.27842,5.089
26.670,168.0,168.0,168.0,168.0,0.000,0.009,0.036,0.37716,-0.27842,5.094
26.680,168.0,168.0,168.0,168.0,0.000,0.009,0.036,0.37716,-0.27842,5.094
26.690,158.0,158.0,158.0,158.0,0.000,0.009,0.036,0.37716,-0.27842,5.094
26.700,168.0,168.0,168.0,168.0,0.000,0.009,0.036,0.37716,-0.27842,5.094
26.710,168.0,168.0,168.0,168.0,0.000,0.009,0.036,0.37716,-0.27842,5.094
26.720,168.0,168.0,168.0,168.0,0.000,0.009,0.036,0.37716,-0.27842,5.094
26.730,168.0,168.0,168.0,168.0,0.000,0.009,0.036,0.37716,-0.27842,5.094
26.740,168.0,168.0,168.0,168.0,0.000,0.009,0.036,0.37716,-0.27842,5.094
26.750,168.0,168.0,168.0,168.0,0.000,0.009,0.036,0.37716,-0.27842,5.089
26.760,168.0,168.0,168.0,168.0,0.000,0.009,0.036,0.37716,-0.27842,5.089
26.770,168.0,168.0,168.0,168.0,0.000,0.009,0.036,0.37716,-0.27842,5.089
26.780,168.0,168.0,168.0,168.0,0.000,0.009,0.036,0.37716,-0.27842,5.089
26.790,168.0,168.0,168.0,168.0,0.000,0.009,0.036,0.37716,-0.27842,5.089
26.800,168.0,168.0,168.0,168.0,0.000,0.009,0.036,0.37716,-0.27842,5.089
26.810,168.0,168.0,168.0,168.0,0.000,0.009,0.036,0.37716,-0.27842,5.089
26.820,168.0,168.0,168.0,168.0,0.000,0.009,0.036,0.37716,-0.27842,5.089
26.830,168.0,168.0,168.0,168.0,0.000,0.009,0.036,0.37716,-0.27842,5.089
26.840,168.0,168.0,168.0,168.0,0.000,0.009,0.036,0.37716,-0.27842,5.089
26.850,168.0,168.0,168.0,168.0,0.000,0.009,0.036,0.37859,-0.27843,5.089
26.860,168.0,168.0,168.0,168.0,0.000,0.009,0.036,0.37859,-0.27843,5.089
26.870,168.0,168.0,168.0,168.0,0.000,0.009,0.036,0.37859,-0.27843,5.089
26.880,168.0,168.0,168.0,168.0,0.000,0.009,0.036,0.37859,-0.27843,5.089
26.890,168.0,168.0,168.0,168.0,0.000,0.009,0.036,0.37859,-0.27843,5.089
26.900,168.0,168.0,168.0,168.0,0.000,0.009,0.036,0.37859,-0.27843,5.089
26.910,168.0,168.0,168.0,168.0,0.000,0.009,0.036,0.37859,-0.27843,5.089
26.920,168.0,168.0,168.0,168.0,0.000,0.009,0.036,0.37859,-0.27843,5.089
26.930,168.0,168.0,168.0,168.0,0.000,0.010,0.036,0.37859,-0.27843,5.089
26.940,168.0,168.0,168.0,168.0,0.000,0.010,0.036,0.37859,-0.27843,5.089
26.950,168.0,168.0,168.0,168.0,0.000,0.010,0.036,0.37859,-0.27843,5.089
26.960,168.0,168.0,168.0,168.0,0.000,0.010,0.036,0.37859,-0.27843,5.089
26.970,168.0,168.0,168.0,168.0,0.000,0.010,0.036,0.37859,-0.27843,5.089
26.980,168.0,168.0,168.0,168.0,0.000,0.010,0.036,0.37859,-0.27843,5.089
26.990,168.0,168.0,168.0,168.0,0.000,0.010,0.036,0.37859,-0.27843,5.089
27.000,168.0,168.0,168.0,168.0,0.000,0.010,0.036,0.37859,-0.27843,5.089
27.010,168.0,168.0,168.0,168.0,0.000,0.010,0.036,0.37859,-0.27843,5.089
27.020,168.0,168.0,168.0,168.0,0.000,0.010,0.036,0.37859,-0.27843,5.089
27.030,168.0,168.0,168.0,168.0,0.000,0.010,0.036,0.37859,-0.27843,5.089
27.040,168.0,168.0,168.0,168.0,0.000,0.010,0.036,0.37859,-0.27843,5.089
27.050,168.0,168.0,168.0,168.0,0.000,0.010,0.036,0.37859,-0.27843,5.089
27.060,168.0,168.0,168.0,168.0,0.000,0.010,0.036,0.38011,-0.27844,5.089
27.070,168.0,168.0,168.0,168.0,0.000,0.010,0.036,0.38011,-0.27844,5.089
27.080,168.0,168.0,168.0,168.0,0.000,0.010,0.036,0.38011,-0.27844,5.089
27.090,168.0,168.0,168.0,168.0,0.000,0.010,0.036,0.38011,-0.27844,5.089
27.100,168.0,168.0,168.0,168.0,0.000,0.010,0.036,0.38011,-0.27844,5.084
27.110,168.0,168.0,168.0,168.0,0.000,0.010,0.036,0.38011,-0.27844,5.084
27.120,178.0,178.0,178.0,178.0,0.000,0.010,0.036,0.38011,-0.27844,5.084
27.130,168.0,168.0,168.0,168.0,0.000,0.010,0.036,0.38011,-0.27844,5.084
27.140,168.0,168.0,168.0,168.0,0.000,0.010,0.036,0.38011,-0.27844,5.084
27.150,168.0,168.0,168.0,168.0,0.000,0.010,0.036,0.38011,-0.27844,5.084
27.160,168.0,168.0,168.0,168.0,0.000,0.010,0.036,0.38011,-0.27844,5.084
27.170,168.0,168.0,168.0,168.0,0.000,0.010,0.036,0.38011,-0.27844,5.084
27.180,168.0,168.0,168.0,168.0,0.000,0.010,0.036,0.38011,-0.27844,5.084
27.190,168.0,168.0,168.0,168.0,0.000,0.010,0.036,0.38011,-0.27844,5.084
27.200,168.0,168.0,168.0,168.0,0.000,0.010,0.036,0.38011,-0.27844,5.084
27.210,168.0,168.0,168.0,168.0,0.000,0.010,0.036,0.38011,-0.27844,5.084
27.220,168.0,168.0,168.0,168.0,0.000,0.010,0.036,0.38011,-0.27844,5.084
27.230,168.0,168.0,168.0,168.0,0.000,0.010,0.036,0.38011,-0.27844,5.084
27.240,168.0,168.0,168.0,168.0,0.000,0.010,0.036,0.38011,-0.27844,5.084
27.250,168.0,168.0,168.0,168.0,0.000,0.010,0.036,0.38011,-0.27844,5.084
27.260,168.0,168.0,168.0,168.0,0.000,0.010,0.036,0.38158,-0.27845,5.084
27.270,168.0,168.0,168.0,168.0,0.000,0.010,0.036,0.38158,-0.27845,5.084
27.280,168.0,168.0,168.0,168.0,0.000,0.010,0.036,0.38158,-0.27845,5.084
27.290,168.0,168.0,168.0,168.0,0.000,0.010,0.036,0.38158,-0.27845,5.084
27.300,168.0,168.0,168.0,168.0,0.000,0.010,0.036,0.38158,-0.27845,5.084
27.310,168.0,168.0,168.0,168.0,0.000,0.010,0.036,0.38158,-0.27845,5.084
27.320,168.0,168.0,168.0,168.0,0.000,0.010,0.036,0.38158,-0.27845,5.084
27.330,168.0,168.0,168.0,168.0,0.000,0.010,0.036,0.38158,-0.27845,5.084
27.340,168.0,168.0,168.0,168.0,0.000,0.010,0.036,0.38158,-0.27845,5.084
27.350,168.0,168.0,168.0,168.0,0.000,0.010,0.036,0.38158,-0.27845,5.081
27.360,168.0,168.0,168.0,168.0,0.000,0.010,0.036,0.38158,-0.27845,5.081
27.370,168.0,168.0,168.0,168.0,0.000,0.010,0.036,0.38158,-0.27845,5.081
27.380,168.0,168.0,168.0,168.0,0.000,0.010,0.036,0.38158,-0.27845,5.081
27.390,168.0,168.0,168.0,168.0,0.000,0.010,0.036,0.38158,-0.27845,5.081
27.400,168.0,168.0,168.0,168.0,0.000,0.010,0.036,0.38158,-0.27845,5.081
27.410,168.0,168.0,168.0,168.0,0.000,0.010,0.036,0.38158,-0.27845,5.081
27.420,168.0,168.0,168.0,168.0,0.000,0.010,0.036,0.38158,-0.27845,5.081
27.430,168.0,168.0,168.0,168.0,0.000,0.010,0.036,0.38158,-0.27845,5.081
27.440,168.0,168.0,168.0,168.0,0.000,0.010,0.036,0.38158,-0.27845,5.081
27.450,168.0,168.0,168.0,168.0,0.000,0.010,0.036,0.38158,-0.27845,5.081
27.460,168.0,168.0,168.0,168.0,0.000,0.010,0.036,0.38158,-0.27845,5.081
27.470,168.0,168.0,168.0,168.0,0.000,0.010,0.036,0.38315,-0.27846,5.081
27.480,168.0,168.0,168.0,168.0,0.000,0.010,0.036,0.38315,-0.27846,5.081
27.490,168.0,168.0,168.0,168.0,0.000,0.010,0.036,0.38315,-0.27846,5.081
27.500,168.0,168.0,168.0,168.0,0.000,0.010,0.036,0.38315,-0.27846,5.081
27.510,168.0,168.0,168.0,168.0,0.000,0.010,0.036,0.38315,-0.27846,5.076
27.520,168.0,168.0,168.0,168.0,0.000,0.010,0.036,0.38315,-0.27846,5.076
27.530,168.0,168.0,168.0,168.0,0.000,0.010,0.036,0.38315,-0.27846,5.076
27.540,178.0,178.0,178.0,178.0,0.000,0.010,0.036,0.38315,-0.27846,5.076
27.550,168.0,168.0,168.0,168.0,0.000,0.010,0.036,0.38315,-0.27846,5.076
27.560,168.0,168.0,168.0,168.0,0.000,0.010,0.036,0.38315,-0.27846,5.076
27.570,168.0,168.0,168.0,168.0,0.000,0.010,0.036,0.38315,-0.27846,5.076
27.580,168.0,168.0,168.0,168.0,0.000,0.010,0.036,0.38315,-0.27846,5.076
27.590,168.0,168.0,168.0,168.0,0.000,0.010,0.036,0.38315,-0.27846,5.076
27.600,168.0,168.0,168.0,168.0,0.000,0.010,0.036,0.38315,-0.27846,5.076
27.610,168.0,168.0,168.0,168.0,0.000,0.010,0.036,0.38315,-0.27846,5.076
27.620,168.0,168.0,168.0,168.0,0.000,0.010,0.036,0.38315,-0.27846,5.076
27.630,168.0,168.0,168.0,168.0,0.000,0.010,0.036,0.38315,-0.27846,5.076
27.640,168.0,168.0,168.0,168.0,0.000,0.010,0.036,0.38315,-0.27846,5.076
27.650,168.0,168.0,168.0,168.0,0.000,0.010,0.036,0.38315,-0.27846,5.076
27.660,168.0,168.0,168.0,168.0,0.000,0.010,0.036,0.38315,-0.27846,5.076
27.670,168.0,168.0,168.0,168.0,0.000,0.010,0.036,0.38466,-0.27847,5.076
27.680,168.0,168.0,168.0,168.0,0.000,0.010,0.036,0.38466,-0.27847,5.071
27.690,168.0,168.0,168.0,168.0,0.000,0.010,0.036,0.38466,-0.27847,5.071
27.700,168.0,168.0,168.0,168.0,0.000,0.010,0.036,0.38466,-0.27847,5.071
27.710,168.0,168.0,168.0,168.0,0.000,0.010,0.036,0.38466,-0.27847,5.071
27.720,168.0,168.0,168.0,168.0,0.000,0.010,0.036,0.38466,-0.27847,5.071
27.730,168.0,168.0,168.0,168.0,0.000,0.010,0.036,0.38466,-0.27847,5.071
27.740,168.0,168.0,168.0,168.0,0.000,0.010,0.036,0.38466,-0.27847,5.071
27.750,168.0,168.0,168.0,168.0,0.000,0.010,0.036,0.38466,-0.27847,5.071
27.760,168.0,168.0,168.0,168.0,0.000,0.010,0.036,0.38466,-0.27847,5.071
27.770,168.0,168.0,168.0,168.0,0.000,0.010,0.036,0.38466,-0.27847,5.071
27.780,168.0,168.0,168.0,168.0,0.000,0.010,0.036,0.38466,-0.27847,5.071
27.790,168.0,168.0,168.0,168.0,0.000,0.010,0.036,0.38466,-0.27847,5.071
27.800,168.0,168.0,168.0,168.0,0.000,0.010,0.036,0.38466,-0.27847,5.071
27.810,168.0,168.0,168.0,168.0,0.000,0.010,0.036,0.38466,-0.27847,5.071
27.820,168.0,168.0,168.0,168.0,0.000,0.010,0.036,0.38466,-0.27847,5.065
27.830,168.0,168.0,168.0,168.0,0.000,0.010,0.036,0.38466,-0.27847,5.065
27.840,178.0,178.0,178.0,178.0,0.000,0.010,0.036,0.38466,-0.27847,5.065
27.850,168.0,168.0,168.0,168.0,0.000,0.010,0.036,0.38466,-0.27847,5.065
27.860,168.0,168.0,168.0,168.0,0.000,0.010,0.036,0.38466,-0.27847,5.065
27.870,168.0,168.0,168.0,168.0,0.000,0.010,0.036,0.38466,-0.27847,5.065
27.880,168.0,168.0,168.0,168.0,0.000,0.010,0.036,0.38627,-0.27848,5.065
27.890,168.0,168.0,168.0,168.0,0.000,0.010,0.036,0.38627,-0.27848,5.065
27.900,168.0,168.0,168.0,168.0,0.000,0.010,0.036,0.38627,-0.27848,5.065
27.910,168.0,168.0,168.0,168.0,0.000,0.010,0.036,0.38627,-0.27848,5.065
27.920,168.0,168.0,168.0,168.0,0.000,0.010,0.036,0.38627,-0.27848,5.065
27.930,168.0,168.0,168.0,168.0,0.000,0.010,0.036,0.38627,-0.27848,5.065
27.940,168.0,168.0,168.0,168.0,0.000,0.010,0.036,0.38627,-0.27848,5.065
27.950,168.0,168.0,168.0,168.0,0.000,0.010,0.036,0.38627,-0.27848,5.065
27.960,168.0,168.0,168.0,168.0,0.000,0.010,0.036,0.38627,-0.27848,5.065
27.970,168.0,168.0,168.0,168.0,0.000,0.010,0.036,0.38627,-0.27848,5.060
27.980,168.0,168.0,168.0,168.0,0.000,0.010,0.036,0.38627,-0.27848,5.060
27.990,168.0,168.0,168.0,168.0,0.000,0.010,0.036,0.38627,-0.27848,5.060
28.000,178.0,178.0,178.0,178.0,0.000,0.010,0.036,0.38627,-0.27848,5.060
28.010,168.0,168.0,168.0,168.0,0.000,0.010,0.036,0.38627,-0.27848,5.060
28.020,168.0,168.0,168.0,168.0,0.000,0.010,0.036,0.38627,-0.27848,5.060
28.030,168.0,168.0,168.0,168.0,0.000,0.010,0.036,0.38627,-0.27848,5.060
28.040,168.0,168.0,168.0,168.0,0.000,0.010,0.036,0.38627,-0.27848,5.060
28.050,168.0,168.0,168.0,168.0,0.000,0.010,0.036,0.38627,-0.27848,5.060
28.060,168.0,168.0,168.0,168.0,0.000,0.010,0.036,0.38627,-0.27848,5.060
28.070,168.0,168.0,168.0,168.0,0.000,0.010,0.036,0.38627,-0.27848,5.060
28.080,168.0,168.0,168.0,168.0,0.000,0.010,0.036,0.38783,-0.27849,5.060
28.090,168.0,168.0,168.0,168.0,0.000,0.010,0.036,0.38783,-0.27849,5.060
28.100,168.0,168.0,168.0,168.0,0.000,0.010,0.036,0.38783,-0.27849,5.060
28.110,168.0,168.0,168.0,168.0,0.000,0.010,0.036,0.38783,-0.27849,5.060
28.120,168.0,168.0,168.0,168.0,0.000,0.010,0.036,0.38783,-0.27849,5.057
28.130,168.0,168.0,168.0,168.0,0.000,0.010,0.036,0.38783,-0.27849,5.057
28.140,173.0,173.0,173.0,173.0,0.000,0.010,0.036,0.38783,-0.27849,5.057
28.150,168.0,168.0,168.0,168.0,0.000,0.010,0.036,0.38783,-0.27849,5.057
28.160,168.0,168.0,168.0,168.0,0.000,0.010,0.036,0.38783,-0.27849,5.057
28.170,168.0,168.0,168.0,168.0,0.000,0.010,0.036,0.38783,-0.27849,5.057
28.180,168.0,168.0,168.0,168.0,0.000,0.010,0.036,0.38783,-0.27849,5.057
28.190,168.0,168.0,168.0,168.0,0.000,0.010,0.036,0.38783,-0.27849,5.057
28.200,168.0,168.0,168.0,168.0,0.000,0.010,0.036,0.38783,-0.27849,5.057
28.210,168.0,168.0,168.0,168.0,0.000,0.010,0.036,0.38783,-0.27849,5.057
28.220,168.0,168.0,168.0,168.0,0.000,0.010,0.036,0.38783,-0.27849,5.057
28.230,168.0,168.0,168.0,168.0,0.000,0.010,0.036,0.38783,-0.27849,5.057
28.240,168.0,168.0,168.0,168.0,0.000,0.010,0.036,0.38783,-0.27849,5.057
28.250,168.0,168.0,168.0,168.0,0.000,0.010,0.036,0.38783,-0.27849,5.057
28.260,168.0,168.0,168.0,168.0,0.000,0.010,0.036,0.38783,-0.27849,5.057
28.270,168.0,168.0,168.0,168.0,0.000,0.010,0.036,0.38783,-0.27849,5.052
28.280,168.0,168.0,168.0,168.0,0.000,0.010,0.036,0.38783,-0.27849,5.052
28.290,168.0,168.0,168.0,168.0,0.000,0.010,0.036,0.38949,-0.27850,5.052
28.300,168.0,168.0,168.0,168.0,0.000,0.010,0.036,0.38949,-0.27850,5.052
28.310,168.0,168.0,168.0,168.0,0.000,0.010,0.036,0.38949,-0.27850,5.052
28.320,168.0,168.0,168.0,168.0,0.000,0.010,0.036,0.38949,-0.27850,5.052
28.330,168.0,168.0,168.0,168.0,0.000,0.010,0.036,0.38949,-0.27850,5.052
28.340,168.0,168.0,168.0,168.0,0.000,0.010,0.036,0.38949,-0.27850,5.052
28.350,168.0,168.0,168.0,168.0,0.000,0.010,0.036,0.38949,-0.27850,5.052
28.360,168.0,168.0,168.0,168.0,0.000,0.010,0.036,0.38949,-0.27850,5.052
28.370,168.0,168.0,168.0,168.0,0.000,0.010,0.036,0.38949,-0.27850,5.052
28.380,168.0,168.0,168.0,168.0,0.000,0.010,0.036,0.38949,-0.27850,5.052
28.390,168.0,168.0,168.0,168.0,0.000,0.010,0.036,0.38949,-0.27850,5.047
28.400,168.0,168.0,168.0,168.0,0.000,0.010,0.036,0.38949,-0.27850,5.047
28.410,178.0,178.0,178.0,178.0,0.000,0.010,0.036,0.38949,-0.27850,5.047
28.420,169.0,169.0,169.0,169.0,0.000,0.010,0.036,0.38949,-0.27850,5.047
28.430,169.0,169.0,169.0,169.0,0.000,0.010,0.036,0.38949,-0.27850,5.047
28.440,169.0,169.0,169.0,169.0,0.000,0.010,0.036,0.38949,-0.27850,5.047
28.450,169.0,169.0,169.0,169.0,0.000,0.010,0.036,0.38949,-0.27850,5.047
28.460,169.0,169.0,169.0,169.0,0.000,0.010,0.036,0.38949,-0.27850,5.047
28.470,169.0,169.0,169.0,169.0,0.000,0.010,0.036,0.38949,-0.27850,5.047
28.480,169.0,169.0,169.0,169.0,0.000,0.010,0.036,0.38949,-0.27850,5.047
28.490,169.0,169.0,169.0,169.0,0.000,0.010,0.036,0.39109,-0.27851,5.047
28.500,169.0,169.0,169.0,169.0,0.000,0.010,0.036,0.39109,-0.27851,5.047
28.510,169.0,169.0,169.0,169.0,0.000,0.010,0.036,0.39109,-0.27851,5.047
28.520,169.0,169.0,169.0,169.0,0.000,0.010,0.036,0.39109,-0.27851,5.047
28.530,169.0,169.0,169.0,169.0,0.000,0.010,0.036,0.39109,-0.27851,5.047
28.540,169.0,169.0,169.0,169.0,0.000,0.010,0.036,0.39109,-0.27851,5.047
28.550,169.0,169.0,169.0,169.0,0.000,0.010,0.036,0.39109,-0.27851,5.042
28.560,169.0,169.0,169.0,169.0,0.000,0.010,0.036,0.39109,-0.27851,5.042
28.570,169.0,169.0,169.0,169.0,0.000,0.010,0.036,0.39109,-0.27851,5.042
28.580,169.0,169.0,169.0,169.0,0.000,0.010,0.036,0.39109,-0.27851,5.042
28.590,169.0,169.0,169.0,169.0,0.000,0.010,0.036,0.39109,-0.27851,5.042
28.600,169.0,169.0,169.0,169.0,0.000,0.010,0.036,0.39109,-0.27851,5.042
28.610,169.0,169.0,169.0,169.0,0.000,0.010,0.036,0.39109,-0.27851,5.042
28.620,169.0,169.0,169.0,169.0,0.000,0.010,0.036,0.39109,-0.27851,5.042
28.630,169.0,169.0,169.0,169.0,0.000,0.010,0.036,0.39109,-0.27851,5.042
28.640,169.0,169.0,169.0,169.0,0.000,0.010,0.036,0.39109,-0.27851,5.042
28.650,169.0,169.0,169.0,169.0,0.000,0.010,0.036,0.39109,-0.27851,5.042
28.660,169.0,169.0,169.0,169.0,0.000,0.010,0.036,0.39109,-0.27851,5.042
28.670,169.0,169.0,169.0,169.0,0.000,0.010,0.036,0.39109,-0.27851,5.042
28.680,169.0,169.0,169.0,169.0,0.000,0.010,0.036,0.39109,-0.27851,5.042
28.690,169.0,169.0,169.0,169.0,0.000,0.010,0.036,0.39109,-0.27851,5.042
28.700,169.0,169.0,169.0,169.0,0.000,0.010,0.036,0.39280,-0.27852,5.042
28.710,169.0,169.0,169.0,169.0,0.000,0.010,0.036,0.39280,-0.27852,5.042
28.720,169.0,169.0,169.0,169.0,0.000,0.010,0.036,0.39280,-0.27852,5.042
28.730,169.0,169.0,169.0,169.0,0.000,0.010,0.036,0.39280,-0.27852,5.042
28.740,169.0,169.0,169.0,169.0,0.000,0.010,0.036,0.39280,-0.27852,5.042
28.750,169.0,169.0,169.0,169.0,0.000,0.010,0.036,0.39280,-0.27852,5.042
28.760,169.0,169.0,169.0,169.0,0.000,0.010,0.036,0.39280,-0.27852,5.039
28.770,169.0,169.0,169.0,169.0,0.000,0.010,0.036,0.39280,-0.27852,5.039
28.780,173.0,173.0,173.0,173.0,0.000,0.010,0.036,0.39280,-0.27852,5.039
28.790,169.0,169.0,169.0,169.0,0.000,0.010,0.036,0.39280,-0.27852,5.039
28.800,169.0,169.0,169.0,169.0,0.000,0.010,0.036,0.39280,-0.27852,5.039
28.810,169.0,169.0,169.0,169.0,0.000,0.010,0.036,0.39280,-0.27852,5.039
28.820,169.0,169.0,169.0,169.0,0.000,0.010,0.036,0.39280,-0.27852,5.039
28.830,169.0,169.0,169.0,169.0,0.000,0.010,0.036,0.39280,-0.27852,5.039
28.840,169.0,169.0,169.0,169.0,0.000,0.010,0.036,0.39280,-0.27852,5.039
28.850,169.0,169.0,169.0,169.0,0.000,0.010,0.036,0.39280,-0.27852,5.039
28.860,169.0,169.0,169.0,169.0,0.000,0.010,0.036,0.39280,-0.27852,5.039
28.870,169.0,169.0,169.0,169.0,0.000,0.010,0.036,0.39280,-0.27852,5.039
28.880,169.0,169.0,169.0,169.0,0.000,0.010,0.036,0.39280,-0.27852,5.039
28.890,169.0,169.0,169.0,169.0,0.000,0.010,0.036,0.39280,-0.27852,5.039
28.900,169.0,169.0,169.0,169.0,0.000,0.010,0.036,0.39280,-0.27852,5.039
28.910,169.0,169.0,169.0,169.0,0.000,0.010,0.036,0.39453,-0.27853,5.039
28.920,169.0,169.0,169.0,169.0,0.000,0.010,0.036,0.39453,-0.27853,5.039
28.930,169.0,169.0,169.0,169.0,0.000,0.010,0.036,0.39453,-0.27853,5.039
28.940,169.0,169.0,169.0,169.0,0.000,0.010,0.036,0.39453,-0.27853,5.039
28.950,169.0,169.0,169.0,169.0,0.000,0.010,0.036,0.39453,-0.27853,5.039
28.960,169.0,169.0,169.0,169.0,0.000,0.010,0.036,0.39453,-0.27853,5.039
28.970,169.0,169.0,169.0,169.0,0.000,0.010,0.036,0.39453,-0.27853,5.039
28.980,169.0,169.0,169.0,169.0,0.000,0.010,0.036,0.39453,-0.27853,5.039
28.990,169.0,169.0,169.0,169.0,0.000,0.010,0.036,0.39453,-0.27853,5.039
29.000,169.0,169.0,169.0,169.0,0.000,0.010,0.036,0.39453,-0.27853,5.039
29.010,169.0,169.0,169.0,169.0,0.000,0.010,0.036,0.39453,-0.27853,5.039
29.020,169.0,169.0,169.0,169.0,0.000,0.010,0.036,0.39453,-0.27853,5.039
29.030,169.0,169.0,169.0,169.0,0.000,0.010,0.036,0.39453,-0.27853,5.039
29.040,169.0,169.0,169.0,169.0,0.000,0.010,0.036,0.39453,-0.27853,5.039
29.050,169.0,169.0,169.0,169.0,0.000,0.010,0.036,0.39453,-0.27853,5.039
29.060,169.0,169.0,169.0,169.0,0.000,0.010,0.036,0.39453,-0.27853,5.039
29.070,169.0,169.0,169.0,169.0,0.000,0.010,0.036,0.39453,-0.27853,5.039
29.080,169.0,169.0,169.0,169.0,0.000,0.010,0.036,0.39453,-0.27853,5.039
29.090,169.0,169.0,169.0,169.0,0.000,0.010,0.036,0.39453,-0.27853,5.039
29.100,169.0,169.0,169.0,169.0,0.000,0.010,0.036,0.39453,-0.27853,5.039
29.110,169.0,169.0,169.0,169.0,0.000,0.010,0.036,0.39620,-0.27854,5.039
29.120,169.0,169.0,169.0,169.0,0.000,0.010,0.036,0.39620,-0.27854,5.039
29.130,169.0,169.0,169.0,169.0,0.000,0.010,0.036,0.39620,-0.27854,5.039
29.140,169.0,169.0,169.0,169.0,0.000,0.010,0.036,0.39620,-0.27854,5.039
29.150,169.0,169.0,169.0,169.0,0.000,0.010,0.036,0.39620,-0.27854,5.039
29.160,169.0,169.0,169.0,169.0,0.000,0.010,0.036,0.39620,-0.27854,5.039
29.170,169.0,169.0,169.0,169.0,0.000,0.010,0.036,0.39620,-0.27854,5.039
29.180,169.0,169.0,169.0,169.0,0.000,0.010,0.036,0.39620,-0.27854,5.039
29.190,169.0,169.0,169.0,169.0,0.000,0.010,0.036,0.39620,-0.27854,5.039
29.200,169.0,169.0,169.0,169.0,0.000,0.010,0.036,0.39620,-0.27854,5.039
29.210,169.0,169.0,169.0,169.0,0.000,0.010,0.036,0.39620,-0.27854,5.039
29.220,169.0,169.0,169.0,169.0,0.000,0.010,0.036,0.39620,-0.27854,5.039
29.230,169.0,169.0,169.0,169.0,0.000,0.010,0.036,0.39620,-0.27854,5.039
29.240,169.0,169.0,169.0,169.0,0.000,0.010,0.036,0.39620,-0.27854,5.039
29.250,169.0,169.0,169.0,169.0,0.000,0.010,0.036,0.39620,-0.27854,5.039
29.260,169.0,169.0,169.0,169.0,0.000,0.010,0.036,0.39620,-0.27854,5.039
29.270,169.0,169.0,169.0,169.0,0.000,0.010,0.036,0.39620,-0.27854,5.039
29.280,169.0,169.0,169.0,169.0,0.000,0.010,0.036,0.39620,-0.27854,5.039
29.290,169.0,169.0,169.0,169.0,0.000,0.010,0.036,0.39620,-0.27854,5.039
29.300,169.0,169.0,169.0,169.0,0.000,0.010,0.036,0.39620,-0.27854,5.039
29.310,169.0,169.0,169.0,169.0,0.000,0.010,0.036,0.39620,-0.27854,5.039
29.320,169.0,169.0,169.0,169.0,0.000,0.010,0.036,0.39797,-0.27855,5.039
29.330,169.0,169.0,169.0,169.0,0.000,0.010,0.036,0.39797,-0.27855,5.039
29.340,169.0,169.0,169.0,169.0,0.000,0.010,0.036,0.39797,-0.27855,5.039
29.350,169.0,169.0,169.0,169.0,0.000,0.010,0.036,0.39797,-0.27855,5.039
29.360,169.0,169.0,169.0,169.0,0.000,0.010,0.036,0.39797,-0.27855,5.039
29.370,169.0,169.0,169.0,169.0,0.000,0.010,0.036,0.39797,-0.27855,5.039
29.380,169.0,169.0,169.0,169.0,0.000,0.010,0.036,0.39797,-0.27855,5.039
29.390,169.0,169.0,169.0,169.0,0.000,0.010,0.036,0.39797,-0.27855,5.039
29.400,169.0,169.0,169.0,169.0,0.000,0.010,0.036,0.39797,-0.27855,5.039
29.410,169.0,169.0,169.0,169.0,0.000,0.010,0.036,0.39797,-0.27855,5.039
29.420,168.0,168.0,168.0,168.0,0.000,0.011,0.036,0.39797,-0.27855,5.039
29.430,168.0,168.0,168.0,168.0,0.000,0.011,0.036,0.39797,-0.27855,5.039
29.440,168.0,168.0,168.0,168.0,0.000,0.011,0.036,0.39797,-0.27855,5.039
29.450,168.0,168.0,168.0,168.0,0.000,0.011,0.036,0.39797,-0.27855,5.039
29.460,168.0,168.0,168.0,168.0,0.000,0.011,0.036,0.39797,-0.27855,5.042
29.470,168.0,168.0,168.0,168.0,0.000,0.011,0.036,0.39797,-0.27855,5.042
29.480,168.0,168.0,168.0,168.0,0.000,0.011,0.036,0.39797,-0.27855,5.042
29.490,168.0,168.0,168.0,168.0,0.000,0.011,0.036,0.39797,-0.27855,5.042
29.500,168.0,168.0,168.0,168.0,0.000,0.011,0.036,0.39797,-0.27855,5.042
29.510,168.0,168.0,168.0,168.0,0.000,0.011,0.036,0.39797,-0.27855,5.042
29.520,168.0,168.0,168.0,168.0,0.000,0.011,0.036,0.39968,-0.27855,5.042
29.530,168.0,168.0,168.0,168.0,0.000,0.011,0.036,0.39968,-0.27855,5.042
29.540,168.0,168.0,168.0,168.0,0.000,0.011,0.036,0.39968,-0.27855,5.042
29.550,168.0,168.0,168.0,168.0,0.000,0.011,0.036,0.39968,-0.27855,5.042
29.560,168.0,168.0,168.0,168.0,0.000,0.011,0.036,0.39968,-0.27855,5.042
29.570,168.0,168.0,168.0,168.0,0.000,0.011,0.036,0.39968,-0.27855,5.042
29.580,168.0,168.0,168.0,168.0,0.000,0.011,0.036,0.39968,-0.27855,5.042
29.590,168.0,168.0,168.0,168.0,0.000,0.011,0.036,0.39968,-0.27855,5.042
29.600,168.0,168.0,168.0,168.0,0.000,0.011,0.036,0.39968,-0.27855,5.042
29.610,168.0,168.0,168.0,168.0,0.000,0.011,0.036,0.39968,-0.27855,5.042
29.620,168.0,168.0,168.0,168.0,0.000,0.011,0.036,0.39968,-0.27855,5.042
29.630,168.0,168.0,168.0,168.0,0.000,0.011,0.036,0.39968,-0.27855,5.042
29.640,168.0,168.0,168.0,168.0,0.000,0.011,0.036,0.39968,-0.27855,5.042
29.650,168.0,168.0,168.0,168.0,0.000,0.011,0.036,0.39968,-0.27855,5.042
29.660,168.0,168.0,168.0,168.0,0.000,0.011,0.036,0.39968,-0.27855,5.042
29.670,168.0,168.0,168.0,168.0,0.000,0.011,0.036,0.39968,-0.27855,5.042
29.680,168.0,168.0,168.0,168.0,0.000,0.011,0.036,0.39968,-0.27855,5.042
29.690,168.0,168.0,168.0,168.0,0.000,0.011,0.036,0.39968,-0.27855,5.042
29.700,168.0,168.0,168.0,168.0,0.000,0.011,0.036,0.39968,-0.27855,5.042
29.710,168.0,168.0,168.0,168.0,0.000,0.011,0.036,0.39968,-0.27855,5.042
29.720,168.0,168.0,168.0,168.0,0.000,0.011,0.036,0.39968,-0.27855,5.042
29.730,168.0,168.0,168.0,168.0,0.000,0.011,0.036,0.40150,-0.27856,5.042
29.740,168.0,168.0,168.0,168.0,0.000,0.011,0.036,0.40150,-0.27856,5.042
29.750,168.0,168.0,168.0,168.0,0.000,0.011,0.036,0.40150,-0.27856,5.042
29.760,168.0,168.0,168.0,168.0,0.000,0.011,0.036,0.40150,-0.27856,5.042
29.770,168.0,168.0,168.0,168.0,0.000,0.011,0.036,0.40150,-0.27856,5.042
29.780,168.0,168.0,168.0,168.0,0.000,0.011,0.036,0.40150,-0.27856,5.042
29.790,168.0,168.0,168.0,168.0,0.000,0.011,0.036,0.40150,-0.27856,5.042
29.800,168.0,168.0,168.0,168.0,0.000,0.011,0.036,0.40150,-0.27856,5.042
29.810,168.0,168.0,168.0,168.0,0.000,0.011,0.036,0.40150,-0.27856,5.042
29.820,168.0,168.0,168.0,168.0,0.000,0.011,0.036,0.40150,-0.27856,5.042
29.830,168.0,168.0,168.0,168.0,0.000,0.011,0.036,0.40150,-0.27856,5.042
29.840,168.0,168.0,168.0,168.0,0.000,0.011,0.036,0.40150,-0.27856,5.042
29.850,168.0,168.0,168.0,168.0,0.000,0.011,0.036,0.40150,-0.27856,5.039
29.860,168.0,168.0,168.0,168.0,0.000,0.011,0.036,0.40150,-0.27856,5.039
29.870,168.0,168.0,168.0,168.0,0.000,0.011,0.036,0.40150,-0.27856,5.039
29.880,168.0,168.0,168.0,168.0,0.000,0.011,0.036,0.40150,-0.27856,5.039
29.890,168.0,168.0,168.0,168.0,0.000,0.011,0.036,0.40150,-0.27856,5.039
29.900,168.0,168.0,168.0,168.0,0.000,0.011,0.036,0.40150,-0.27856,5.039
29.910,168.0,168.0,168.0,168.0,0.000,0.011,0.036,0.40150,-0.27856,5.039
29.920,168.0,168.0,168.0,168.0,0.000,0.011,0.036,0.40150,-0.27856,5.039
29.930,168.0,168.0,168.0,168.0,0.000,0.011,0.036,0.40325,-0.27857,5.039
29.940,168.0,168.0,168.0,168.0,0.000,0.011,0.036,0.40325,-0.27857,5.039
29.950,168.0,168.0,168.0,168.0,0.000,0.011,0.036,0.40325,-0.27857,5.039
29.960,168.0,168.0,168.0,168.0,0.000,0.011,0.036,0.40325,-0.27857,5.039
29.970,168.0,168.0,168.0,168.0,0.000,0.011,0.036,0.40325,-0.27857,5.039
29.980,168.0,168.0,168.0,168.0,0.000,0.011,0.036,0.40325,-0.27857,5.039
29.990,168.0,168.0,168.0,168.0,0.000,0.011,0.036,0.40325,-0.27857,5.039
30.000,168.0,168.0,168.0,168.0,0.000,0.011,0.036,0.40325,-0.27857,5.039
30.010,168.0,168.0,168.0,168.0,0.000,0.011,0.036,0.40325,-0.27857,5.039
30.020,168.0,168.0,168.0,168.0,0.000,0.011,0.036,0.40325,-0.27857,5.039
30.030,168.0,168.0,168.0,168.0,0.000,0.011,0.036,0.40325,-0.27857,5.039
30.040,168.0,168.0,168.0,168.0,0.000,0.011,0.036,0.40325,-0.27857,5.039
30.050,168.0,168.0,168.0,168.0,0.000,0.011,0.036,0.40325,-0.27857,5.039
30.060,168.0,168.0,168.0,168.0,0.000,0.011,0.036,0.40325,-0.27857,5.039
30.070,168.0,168.0,168.0,168.0,0.000,0.011,0.036,0.40325,-0.27857,5.039
30.080,168.0,168.0,168.0,168.0,0.000,0.011,0.036,0.40325,-0.27857,5.039
30.090,168.0,168.0,168.0,168.0,0.000,0.011,0.036,0.40325,-0.27857,5.039
30.100,168.0,168.0,168.0,168.0,0.000,0.011,0.036,0.40325,-0.27857,5.039
30.110,168.0,168.0,168.0,168.0,0.000,0.011,0.036,0.40325,-0.27857,5.039
30.120,168.0,168.0,168.0,168.0,0.000,0.011,0.036,0.40325,-0.27857,5.039
30.130,168.0,168.0,168.0,168.0,0.000,0.011,0.036,0.40325,-0.27857,5.039
30.140,168.0,168.0,168.0,168.0,0.000,0.011,0.036,0.40512,-0.27858,5.034
30.150,168.0,168.0,168.0,168.0,0.000,0.011,0.036,0.40512,-0.27858,5.034
30.160,168.0,168.0,168.0,168.0,0.000,0.011,0.036,0.40512,-0.27858,5.034
30.170,168.0,168.0,168.0,168.0,0.000,0.011,0.036,0.40512,-0.27858,5.034
30.180,168.0,168.0,168.0,168.0,0.000,0.011,0.036,0.40512,-0.27858,5.034
30.190,168.0,168.0,168.0,168.0,0.000,0.011,0.036,0.40512,-0.27858,5.034
30.200,168.0,168.0,168.0,168.0,0.000,0.011,0.036,0.40512,-0.27858,5.034
30.210,168.0,168.0,168.0,168.0,0.000,0.011,0.036,0.40512,-0.27858,5.034
30.220,168.0,168.0,168.0,168.0,0.000,0.011,0.036,0.40512,-0.27858,5.034
30.230,168.0,168.0,168.0,168.0,0.000,0.011,0.036,0.40512,-0.27858,5.034
30.240,168.0,168.0,168.0,168.0,0.000,0.011,0.036,0.40512,-0.27858,5.034
30.250,168.0,168.0,168.0,168.0,0.000,0.011,0.036,0.40512,-0.27858,5.034
30.260,168.0,168.0,168.0,168.0,0.000,0.011,0.036,0.40512,-0.27858,5.034
30.270,168.0,168.0,168.0,168.0,0.000,0.011,0.036,0.40512,-0.27858,5.034
30.280,168.0,168.0,168.0,168.0,0.000,0.011,0.036,0.40512,-0.27858,5.034
30.290,168.0,168.0,168.0,168.0,0.000,0.011,0.036,0.40512,-0.27858,5.034
30.300,168.0,168.0,168.0,168.0,0.000,0.011,0.036,0.40512,-0.27858,5.034
30.310,168.0,168.0,168.0,168.0,0.000,0.011,0.036,0.40512,-0.27858,5.028
30.320,168.0,168.0,168.0,168.0,0.000,0.011,0.036,0.40512,-0.27858,5.028
30.330,168.0,168.0,168.0,168.0,0.000,0.011,0.036,0.40512,-0.27858,5.028
30.340,169.0,169.0,169.0,169.0,0.000,0.011,0.036,0.40691,-0.27859,5.028
30.350,169.0,169.0,169.0,169.0,0.000,0.011,0.036,0.40691,-0.27859,5.028
30.360,169.0,169.0,169.0,169.0,0.000,0.011,0.036,0.40691,-0.27859,5.028
30.370,169.0,169.0,169.0,169.0,0.000,0.011,0.036,0.40691,-0.27859,5.028
30.380,169.0,169.0,169.0,169.0,0.000,0.011,0.036,0.40691,-0.27859,5.028
30.390,169.0,169.0,169.0,169.0,0.000,0.011,0.036,0.40691,-0.27859,5.028
30.400,169.0,169.0,169.0,169.0,0.000,0.011,0.036,0.40691,-0.27859,5.028
30.410,169.0,169.0,169.0,169.0,0.000,0.011,0.036,0.40691,-0.27859,5.028
30.420,169.0,169.0,169.0,169.0,0.000,0.011,0.036,0.40691,-0.27859,5.028
30.430,169.0,169.0,169.0,169.0,0.000,0.011,0.036,0.40691,-0.27859,5.028
30.440,169.0,169.0,169.0,169.0,0.000,0.011,0.036,0.40691,-0.27859,5.028
30.450,169.0,169.0,169.0,169.0,0.000,0.011,0.036,0.40691,-0.27859,5.028
30.460,169.0,169.0,169.0,169.0,0.000,0.011,0.036,0.40691,-0.27859,5.028
30.470,168.0,168.0,168.0,168.0,0.000,0.011,0.036,0.40691,-0.27859,5.023
30.480,168.0,168.0,168.0,168.0,0.000,0.011,0.036,0.40691,-0.27859,5.023
30.490,169.0,169.0,169.0,169.0,0.000,0.011,0.036,0.40691,-0.27859,5.023
30.500,169.0,169.0,169.0,169.0,0.000,0.011,0.036,0.40691,-0.27859,5.023
30.510,169.0,169.0,169.0,169.0,0.000,0.011,0.036,0.40691,-0.27859,5.023
30.520,169.0,169.0,169.0,169.0,0.000,0.011,0.036,0.40691,-0.27859,5.023
30.530,169.0,169.0,169.0,169.0,0.000,0.011,0.036,0.40691,-0.27859,5.023
30.540,169.0,169.0,169.0,169.0,0.000,0.011,0.036,0.40691,-0.27859,5.023
30.550,169.0,169.0,169.0,169.0,0.000,0.011,0.036,0.40882,-0.27860,5.023
30.560,169.0,169.0,169.0,169.0,0.000,0.011,0.036,0.40882,-0.27860,5.023
30.570,169.0,169.0,169.0,169.0,0.000,0.011,0.036,0.40882,-0.27860,5.023
30.580,169.0,169.0,169.0,169.0,0.000,0.011,0.036,0.40882,-0.27860,5.023
30.590,169.0,169.0,169.0,169.0,0.000,0.011,0.036,0.40882,-0.27860,5.023
30.600,169.0,169.0,169.0,169.0,0.000,0.011,0.036,0.40882,-0.27860,5.023
30.610,169.0,169.0,169.0,169.0,0.000,0.011,0.036,0.40882,-0.27860,5.023
30.620,169.0,169.0,169.0,169.0,0.000,0.011,0.036,0.40882,-0.27860,5.023
30.630,169.0,169.0,169.0,169.0,0.000,0.011,0.036,0.40882,-0.27860,5.023
30.640,169.0,169.0,169.0,169.0,0.000,0.011,0.036,0.40882,-0.27860,5.023
30.650,169.0,169.0,169.0,169.0,0.000,0.011,0.036,0.40882,-0.27860,5.023
30.660,169.0,169.0,169.0,169.0,0.000,0.011,0.036,0.40882,-0.27860,5.018
30.670,169.0,169.0,169.0,169.0,0.000,0.011,0.036,0.40882,-0.27860,5.018
30.680,169.0,169.0,169.0,169.0,0.000,0.011,0.036,0.40882,-0.27860,5.018
30.690,169.0,169.0,169.0,169.0,0.000,0.011,0.036,0.40882,-0.27860,5.018
30.700,169.0,169.0,169.0,169.0,0.000,0.011,0.036,0.40882,-0.27860,5.018
30.710,169.0,169.0,169.0,169.0,0.000,0.011,0.036,0.40882,-0.27860,5.018
30.720,169.0,169.0,169.0,169.0,0.000,0.011,0.036,0.40882,-0.27860,5.018
30.730,169.0,169.0,169.0,169.0,0.000,0.011,0.036,0.40882,-0.27860,5.018
30.740,169.0,169.0,169.0,169.0,0.000,0.011,0.036,0.40882,-0.27860,5.018
30.750,169.0,169.0,169.0,169.0,0.000,0.011,0.036,0.41066,-0.27861,5.018
30.760,169.0,169.0,169.0,169.0,0.000,0.011,0.036,0.41066,-0.27861,5.018
30.770,169.0,169.0,169.0,169.0,0.000,0.011,0.036,0.41066,-0.27861,5.018
30.780,169.0,169.0,169.0,169.0,0.000,0.011,0.036,0.41066,-0.27861,5.018
30.790,169.0,169.0,169.0,169.0,0.000,0.011,0.036,0.41066,-0.27861,5.018
30.800,169.0,169.0,169.0,169.0,0.000,0.011,0.036,0.41066,-0.27861,5.018
30.810,169.0,169.0,169.0,169.0,0.000,0.011,0.036,0.41066,-0.27861,5.018
30.820,169.0,169.0,169.0,169.0,0.000,0.011,0.036,0.41066,-0.27861,5.018
30.830,169.0,169.0,169.0,169.0,0.000,0.011,0.036,0.41066,-0.27861,5.018
30.840,169.0,169.0,169.0,169.0,0.000,0.011,0.036,0.41066,-0.27861,5.018
30.850,169.0,169.0,169.0,169.0,0.000,0.011,0.036,0.41066,-0.27861,5.018
30.860,169.0,169.0,169.0,169.0,0.000,0.011,0.036,0.41066,-0.27861,5.018
30.870,169.0,169.0,169.0,169.0,0.000,0.011,0.036,0.41066,-0.27861,5.018
30.880,169.0,169.0,169.0,169.0,0.000,0.011,0.036,0.41066,-0.27861,5.018
30.890,169.0,169.0,169.0,169.0,0.000,0.011,0.036,0.41066,-0.27861,5.018
30.900,169.0,169.0,169.0,169.0,0.000,0.011,0.036,0.41066,-0.27861,5.018
30.910,169.0,169.0,169.0,169.0,0.000,0.011,0.036,0.41066,-0.27861,5.018
30.920,169.0,169.0,169.0,169.0,0.000,0.011,0.036,0.41066,-0.27861,5.018
30.930,169.0,169.0,169.0,169.0,0.000,0.011,0.036,0.41066,-0.27861,5.018
30.940,169.0,169.0,169.0,169.0,0.000,0.011,0.036,0.41066,-0.27861,5.018
30.950,169.0,169.0,169.0,169.0,0.000,0.011,0.036,0.41066,-0.27861,5.018
30.960,169.0,169.0,169.0,169.0,0.000,0.011,0.036,0.41261,-0.27862,5.018
30.970,169.0,169.0,169.0,169.0,0.000,0.011,0.036,0.41261,-0.27862,5.018
30.980,169.0,169.0,169.0,169.0,0.000,0.011,0.036,0.41261,-0.27862,5.018
30.990,169.0,169.0,169.0,169.0,0.000,0.011,0.036,0.41261,-0.27862,5.018
31.000,169.0,169.0,169.0,169.0,0.000,0.011,0.036,0.41261,-0.27862,5.018
31.010,169.0,169.0,169.0,169.0,0.000,0.011,0.036,0.41261,-0.27862,5.018
31.020,169.0,169.0,169.0,169.0,0.000,0.011,0.036,0.41261,-0.27862,5.015
31.030,169.0,169.0,169.0,169.0,0.000,0.011,0.036,0.41261,-0.27862,5.015
31.040,174.0,174.0,174.0,174.0,0.000,0.011,0.036,0.41261,-0.27862,5.015
31.050,169.0,169.0,169.0,169.0,0.000,0.011,0.036,0.41261,-0.27862,5.015
31.060,169.0,169.0,169.0,169.0,0.000,0.011,0.036,0.41261,-0.27862,5.015
31.070,169.0,169.0,169.0,169.0,0.000,0.011,0.036,0.41261,-0.27862,5.015
31.080,169.0,169.0,169.0,169.0,0.000,0.011,0.036,0.41261,-0.27862,5.015
31.090,169.0,169.0,169.0,169.0,0.000,0.011,0.036,0.41261,-0.27862,5.015
31.100,169.0,169.0,169.0,169.0,0.000,0.011,0.036,0.41261,-0.27862,5.015
31.110,169.0,169.0,169.0,169.0,0.000,0.011,0.036,0.41261,-0.27862,5.015
31.120,169.0,169.0,169.0,169.0,0.000,0.011,0.036,0.41261,-0.27862,5.015
31.130,169.0,169.0,169.0,169.0,0.000,0.011,0.036,0.41261,-0.27862,5.018
31.140,169.0,169.0,169.0,169.0,0.000,0.011,0.036,0.41261,-0.27862,5.018
31.150,169.0,169.0,169.0,169.0,0.000,0.011,0.036,0.41261,-0.27862,5.018
31.160,164.0,164.0,164.0,164.0,0.000,0.011,0.036,0.41449,-0.27863,5.018
31.170,169.0,169.0,169.0,169.0,0.000,0.011,0.036,0.41449,-0.27863,5.018
31.180,169.0,169.0,169.0,169.0,0.000,0.011,0.036,0.41449,-0.27863,5.018
31.190,169.0,169.0,169.0,169.0,0.000,0.011,0.036,0.41449,-0.27863,5.018
31.200,169.0,169.0,169.0,169.0,0.000,0.011,0.036,0.41449,-0.27863,5.018
31.210,169.0,169.0,169.0,169.0,0.000,0.011,0.036,0.41449,-0.27863,5.018
31.220,169.0,169.0,169.0,169.0,0.000,0.011,0.036,0.41449,-0.27863,5.018
31.230,169.0,169.0,169.0,169.0,0.000,0.011,0.036,0.41449,-0.27863,5.018
31.240,169.0,169.0,169.0,169.0,0.000,0.011,0.036,0.41449,-0.27863,5.018
31.250,169.0,169.0,169.0,169.0,0.000,0.011,0.036,0.41449,-0.27863,5.018
31.260,169.0,169.0,169.0,169.0,0.000,0.011,0.036,0.41449,-0.27863,5.018
31.270,169.0,169.0,169.0,169.0,0.000,0.011,0.036,0.41449,-0.27863,5.018
31.280,169.0,169.0,169.0,169.0,0.000,0.011,0.036,0.41449,-0.27863,5.018
31.290,169.0,169.0,169.0,169.0,0.000,0.011,0.036,0.41449,-0.27863,5.018
31.300,169.0,169.0,169.0,169.0,0.000,0.011,0.036,0.41449,-0.27863,5.018
31.310,169.0,169.0,169.0,169.0,0.000,0.011,0.036,0.41449,-0.27863,5.018
31.320,169.0,169.0,169.0,169.0,0.000,0.011,0.036,0.41449,-0.27863,5.018
31.330,169.0,169.0,169.0,169.0,0.000,0.011,0.036,0.41449,-0.27863,5.018
31.340,169.0,169.0,169.0,169.0,0.000,0.011,0.036,0.41449,-0.27863,5.018
31.350,169.0,169.0,169.0,169.0,0.000,0.011,0.036,0.41449,-0.27863,5.018
31.360,169.0,169.0,169.0,169.0,0.000,0.011,0.036,0.41449,-0.27863,5.018
31.370,169.0,169.0,169.0,169.0,0.000,0.011,0.036,0.41649,-0.27864,5.018
31.380,169.0,169.0,169.0,169.0,0.000,0.011,0.036,0.41649,-0.27864,5.018
31.390,169.0,169.0,169.0,169.0,0.000,0.011,0.036,0.41649,-0.27864,5.018
31.400,169.0,169.0,169.0,169.0,0.000,0.011,0.036,0.41649,-0.27864,5.018
31.410,169.0,169.0,169.0,169.0,0.000,0.011,0.036,0.41649,-0.27864,5.018
31.420,169.0,169.0,169.0,169.0,0.000,0.011,0.036,0.41649,-0.27864,5.018
31.430,169.0,169.0,169.0,169.0,0.000,0.011,0.036,0.41649,-0.27864,5.018
31.440,169.0,169.0,169.0,169.0,0.000,0.011,0.036,0.41649,-0.27864,5.018
31.450,169.0,169.0,169.0,169.0,0.000,0.011,0.036,0.41649,-0.27864,5.018
31.460,169.0,169.0,169.0,169.0,0.000,0.011,0.036,0.41649,-0.27864,5.018
31.470,169.0,169.0,169.0,169.0,0.000,0.011,0.036,0.41649,-0.27864,5.018
31.480,169.0,169.0,169.0,169.0,0.000,0.012,0.036,0.41649,-0.27864,5.018
31.490,169.0,169.0,169.0,169.0,0.000,0.012,0.036,0.41649,-0.27864,5.018
31.500,169.0,169.0,169.0,169.0,0.000,0.012,0.036,0.41649,-0.27864,5.018
31.510,169.0,169.0,169.0,169.0,0.000,0.012,0.036,0.41649,-0.27864,5.018
31.520,169.0,169.0,169.0,169.0,0.000,0.012,0.036,0.41649,-0.27864,5.018
31.530,169.0,169.0,169.0,169.0,0.000,0.012,0.036,0.41649,-0.27864,5.018
31.540,169.0,169.0,169.0,169.0,0.000,0.012,0.036,0.41649,-0.27864,5.018
31.550,169.0,169.0,169.0,169.0,0.000,0.012,0.036,0.41649,-0.27864,5.018
31.560,169.0,169.0,169.0,169.0,0.000,0.012,0.036,0.41649,-0.27864,5.018
31.570,169.0,169.0,169.0,169.0,0.000,0.012,0.036,0.41649,-0.27864,5.018
31.580,169.0,169.0,169.0,169.0,0.000,0.012,0.036,0.41851,-0.27865,5.018
31.590,169.0,169.0,169.0,169.0,0.000,0.012,0.036,0.41851,-0.27865,5.018
31.600,169.0,169.0,169.0,169.0,0.000,0.012,0.036,0.41851,-0.27865,5.018
31.610,169.0,169.0,169.0,169.0,0.000,0.012,0.036,0.41851,-0.27865,5.018
31.620,169.0,169.0,169.0,169.0,0.000,0.012,0.036,0.41851,-0.27865,5.018
31.630,169.0,169.0,169.0,169.0,0.000,0.012,0.036,0.41851,-0.27865,5.018
31.640,169.0,169.0,169.0,169.0,0.000,0.012,0.036,0.41851,-0.27865,5.018
31.650,169.0,169.0,169.0,169.0,0.000,0.012,0.036,0.41851,-0.27865,5.023
31.660,169.0,169.0,169.0,169.0,0.000,0.012,0.036,0.41851,-0.27865,5.023
31.670,160.0,160.0,160.0,160.0,0.000,0.012,0.036,0.41851,-0.27865,5.023
31.680,168.0,168.0,168.0,168.0,0.000,0.012,0.036,0.41851,-0.27865,5.023
31.690,168.0,168.0,168.0,168.0,0.000,0.012,0.036,0.41851,-0.27865,5.023
31.700,168.0,168.0,168.0,168.0,0.000,0.012,0.036,0.41851,-0.27865,5.023
31.710,168.0,168.0,168.0,168.0,0.000,0.012,0.036,0.41851,-0.27865,5.023
31.720,168.0,168.0,168.0,168.0,0.000,0.012,0.036,0.41851,-0.27865,5.023
31.730,168.0,168.0,168.0,168.0,0.000,0.012,0.036,0.41851,-0.27865,5.023
31.740,168.0,168.0,168.0,168.0,0.000,0.012,0.036,0.41851,-0.27865,5.023
31.750,168.0,168.0,168.0,168.0,0.000,0.012,0.036,0.41851,-0.27865,5.023
31.760,168.0,168.0,168.0,168.0,0.000,0.012,0.036,0.41851,-0.27865,5.023
31.770,168.0,168.0,168.0,168.0,0.000,0.012,0.036,0.41851,-0.27865,5.023
31.780,168.0,168.0,168.0,168.0,0.000,0.012,0.036,0.42046,-0.27866,5.023
31.790,168.0,168.0,168.0,168.0,0.000,0.012,0.036,0.42046,-0.27866,5.023
31.800,168.0,168.0,168.0,168.0,0.000,0.012,0.036,0.42046,-0.27866,5.023
31.810,168.0,168.0,168.0,168.0,0.000,0.012,0.036,0.42046,-0.27866,5.023
31.820,168.0,168.0,168.0,168.0,0.000,0.012,0.036,0.42046,-0.27866,5.023
31.830,168.0,168.0,168.0,168.0,0.000,0.012,0.036,0.42046,-0.27866,5.023
31.840,168.0,168.0,168.0,168.0,0.000,0.012,0.036,0.42046,-0.27866,5.023
31.850,168.0,168.0,168.0,168.0,0.000,0.012,0.036,0.42046,-0.27866,5.023
31.860,168.0,168.0,168.0,168.0,0.000,0.012,0.036,0.42046,-0.27866,5.023
31.870,168.0,168.0,168.0,168.0,0.000,0.012,0.036,0.42046,-0.27866,5.023
31.880,168.0,168.0,168.0,168.0,0.000,0.012,0.036,0.42046,-0.27866,5.023
31.890,168.0,168.0,168.0,168.0,0.000,0.012,0.036,0.42046,-0.27866,5.023
31.900,168.0,168.0,168.0,168.0,0.000,0.012,0.036,0.42046,-0.27866,5.023
31.910,168.0,168.0,168.0,168.0,0.000,0.012,0.036,0.42046,-0.27866,5.023
31.920,168.0,168.0,168.0,168.0,0.000,0.012,0.036,0.42046,-0.27866,5.023
31.930,168.0,168.0,168.0,168.0,0.000,0.012,0.036,0.42046,-0.27866,5.023
31.940,168.0,168.0,168.0,168.0,0.000,0.012,0.036,0.42046,-0.27866,5.023
31.950,168.0,168.0,168.0,168.0,0.000,0.012,0.036,0.42046,-0.27866,5.023
31.960,168.0,168.0,168.0,168.0,0.000,0.012,0.036,0.42046,-0.27866,5.023
31.970,168.0,168.0,168.0,168.0,0.000,0.012,0.036,0.42046,-0.27866,5.023
31.980,168.0,168.0,168.0,168.0,0.000,0.012,0.036,0.42046,-0.27866,5.023
31.990,168.0,168.0,168.0,168.0,0.000,0.012,0.036,0.42253,-0.27867,5.023
32.000,168.0,168.0,168.0,168.0,0.000,0.012,0.036,0.42253,-0.27867,5.023
32.010,168.0,168.0,168.0,168.0,0.000,0.012,0.036,0.42253,-0.27867,5.023
32.020,168.0,168.0,168.0,168.0,0.000,0.012,0.036,0.42253,-0.27867,5.023
32.030,168.0,168.0,168.0,168.0,0.000,0.012,0.036,0.42253,-0.27867,5.023
32.040,168.0,168.0,168.0,168.0,0.000,0.012,0.036,0.42253,-0.27867,5.023
32.050,168.0,168.0,168.0,168.0,0.000,0.012,0.036,0.42253,-0.27867,5.023
32.060,168.0,168.0,168.0,168.0,0.000,0.012,0.036,0.42253,-0.27867,5.023
32.070,168.0,168.0,168.0,168.0,0.000,0.012,0.036,0.42253,-0.27867,5.023
32.080,168.0,168.0,168.0,168.0,0.000,0.012,0.036,0.42253,-0.27867,5.023
32.090,168.0,168.0,168.0,168.0,0.000,0.012,0.036,0.42253,-0.27867,5.023
32.100,168.0,168.0,168.0,168.0,0.000,0.012,0.036,0.42253,-0.27867,5.023
32.110,168.0,168.0,168.0,168.0,0.000,0.012,0.036,0.42253,-0.27867,5.023
32.120,168.0,168.0,168.0,168.0,0.000,0.012,0.036,0.42253,-0.27867,5.023
32.130,168.0,168.0,168.0,168.0,0.000,0.012,0.036,0.42253,-0.27867,5.023
32.140,168.0,168.0,168.0,168.0,0.000,0.012,0.036,0.42253,-0.27867,5.023
32.150,168.0,168.0,168.0,168.0,0.000,0.012,0.036,0.42253,-0.27867,5.023
32.160,168.0,168.0,168.0,168.0,0.000,0.012,0.036,0.42253,-0.27867,5.023
32.170,168.0,168.0,168.0,168.0,0.000,0.012,0.036,0.42253,-0.27867,5.018
32.180,168.0,168.0,168.0,168.0,0.000,0.012,0.036,0.42253,-0.27867,5.018
32.190,168.0,168.0,168.0,168.0,0.000,0.012,0.036,0.42452,-0.27868,5.018
32.200,169.0,169.0,169.0,169.0,0.000,0.012,0.036,0.42452,-0.27868,5.018
32.210,169.0,169.0,169.0,169.0,0.000,0.012,0.036,0.42452,-0.27868,5.018
32.220,169.0,169.0,169.0,169.0,0.000,0.012,0.036,0.42452,-0.27868,5.018
32.230,169.0,169.0,169.0,169.0,0.000,0.012,0.036,0.42452,-0.27868,5.018
32.240,169.0,169.0,169.0,169.0,0.000,0.012,0.036,0.42452,-0.27868,5.018
32.250,169.0,169.0,169.0,169.0,0.000,0.012,0.036,0.42452,-0.27868,5.018
32.260,169.0,169.0,169.0,169.0,0.000,0.012,0.036,0.42452,-0.27868,5.018
32.270,169.0,169.0,169.0,169.0,0.000,0.012,0.036,0.42452,-0.27868,5.018
32.280,169.0,169.0,169.0,169.0,0.000,0.012,0.036,0.42452,-0.27868,5.018
32.290,169.0,169.0,169.0,169.0,0.000,0.012,0.036,0.42452,-0.27868,5.018
32.300,169.0,169.0,169.0,169.0,0.000,0.012,0.036,0.42452,-0.27868,5.018
32.310,169.0,169.0,169.0,169.0,0.000,0.012,0.036,0.42452,-0.27868,5.018
32.320,169.0,169.0,169.0,169.0,0.000,0.012,0.036,0.42452,-0.27868,5.018
32.330,169.0,169.0,169.0,169.0,0.000,0.012,0.036,0.42452,-0.27868,5.018
32.340,169.0,169.0,169.0,169.0,0.000,0.012,0.036,0.42452,-0.27868,5.018
32.350,169.0,169.0,169.0,169.0,0.000,0.012,0.036,0.42452,-0.27868,5.018
32.360,169.0,169.0,169.0,169.0,0.000,0.012,0.036,0.42452,-0.27868,5.018
32.370,169.0,169.0,169.0,169.0,0.000,0.012,0.036,0.42452,-0.27868,5.018
32.380,169.0,169.0,169.0,169.0,0.000,0.012,0.036,0.42452,-0.27868,5.018
32.390,169.0,169.0,169.0,169.0,0.000,0.012,0.036,0.42653,-0.27869,5.018
32.400,169.0,169.0,169.0,169.0,0.000,0.012,0.036,0.42653,-0.27869,5.018
32.410,169.0,169.0,169.0,169.0,0.000,0.012,0.036,0.42653,-0.27869,5.018
32.420,169.0,169.0,169.0,169.0,0.000,0.012,0.036,0.42653,-0.27869,5.018
32.430,169.0,169.0,169.0,169.0,0.000,0.012,0.036,0.42653,-0.27869,5.018
32.440,169.0,169.0,169.0,169.0,0.000,0.012,0.036,0.42653,-0.27869,5.018
32.450,169.0,169.0,169.0,169.0,0.000,0.012,0.036,0.42653,-0.27869,5.018
32.460,169.0,169.0,169.0,169.0,0.000,0.012,0.036,0.42653,-0.27869,5.018
32.470,169.0,169.0,169.0,169.0,0.000,0.012,0.036,0.42653,-0.27869,5.018
32.480,168.0,168.0,168.0,168.0,0.000,0.012,0.036,0.42653,-0.27869,5.018
32.490,168.0,168.0,168.0,168.0,0.000,0.012,0.036,0.42653,-0.27869,5.018
32.500,168.0,168.0,168.0,168.0,0.000,0.012,0.036,0.42653,-0.27869,5.018
32.510,168.0,168.0,168.0,168.0,0.000,0.012,0.036,0.42653,-0.27869,5.018
32.520,168.0,168.0,168.0,168.0,0.000,0.012,0.036,0.42653,-0.27869,5.018
32.530,168.0,168.0,168.0,168.0,0.000,0.012,0.036,0.42653,-0.27869,5.018
32.540,168.0,168.0,168.0,168.0,0.000,0.012,0.036,0.42653,-0.27869,5.018
32.550,168.0,168.0,168.0,168.0,0.000,0.012,0.036,0.42653,-0.27869,5.018
32.560,168.0,168.0,168.0,168.0,0.000,0.012,0.036,0.42653,-0.27869,5.018
32.570,168.0,168.0,168.0,168.0,0.000,0.012,0.036,0.42653,-0.27869,5.018
32.580,168.0,168.0,168.0,168.0,0.000,0.012,0.036,0.42653,-0.27869,5.018
32.590,168.0,168.0,168.0,168.0,0.000,0.012,0.036,0.42856,-0.27870,5.018
32.600,168.0,168.0,168.0,168.0,0.000,0.012,0.036,0.42856,-0.27870,5.018
32.610,168.0,168.0,168.0,168.0,0.000,0.012,0.036,0.42856,-0.27870,5.018
32.620,168.0,168.0,168.0,168.0,0.000,0.012,0.036,0.42856,-0.27870,5.018
32.630,168.0,168.0,168.0,168.0,0.000,0.012,0.036,0.42856,-0.27870,5.018
32.640,168.0,168.0,168.0,168.0,0.000,0.012,0.036,0.42856,-0.27870,5.018
32.650,168.0,168.0,168.0,168.0,0.000,0.012,0.036,0.42856,-0.27870,5.018
32.660,168.0,168.0,168.0,168.0,0.000,0.012,0.036,0.42856,-0.27870,5.018
32.670,168.0,168.0,168.0,168.0,0.000,0.012,0.036,0.42856,-0.27870,5.018
32.680,168.0,168.0,168.0,168.0,0.000,0.012,0.036,0.42856,-0.27870,5.018
32.690,168.0,168.0,168.0,168.0,0.000,0.012,0.036,0.42856,-0.27870,5.018
32.700,168.0,168.0,168.0,168.0,0.000,0.012,0.036,0.42856,-0.27870,5.015
32.710,168.0,168.0,168.0,168.0,0.000,0.012,0.036,0.42856,-0.27870,5.015
32.720,168.0,168.0,168.0,168.0,0.000,0.012,0.036,0.42856,-0.27870,5.015
32.730,168.0,168.0,168.0,168.0,0.000,0.012,0.036,0.42856,-0.27870,5.015
32.740,174.0,174.0,174.0,174.0,0.000,0.012,0.036,0.42856,-0.27870,5.015
32.750,169.0,169.0,169.0,169.0,0.000,0.012,0.036,0.42856,-0.27870,5.015
32.760,169.0,169.0,169.0,169.0,0.000,0.012,0.036,0.42856,-0.27870,5.015
32.770,169.0,169.0,169.0,169.0,0.000,0.012,0.036,0.42856,-0.27870,5.015
32.780,169.0,169.0,169.0,169.0,0.000,0.012,0.036,0.42856,-0.27870,5.015
32.790,169.0,169.0,169.0,169.0,0.000,0.012,0.036,0.43062,-0.27871,5.015
32.800,169.0,169.0,169.0,169.0,0.000,0.012,0.036,0.43062,-0.27871,5.015
32.810,169.0,169.0,169.0,169.0,0.000,0.012,0.036,0.43062,-0.27871,5.015
32.820,169.0,169.0,169.0,169.0,0.000,0.012,0.036,0.43062,-0.27871,5.015
32.830,169.0,169.0,169.0,169.0,0.000,0.012,0.036,0.43062,-0.27871,5.015
32.840,169.0,169.0,169.0,169.0,0.000,0.012,0.036,0.43062,-0.27871,5.015
32.850,169.0,169.0,169.0,169.0,0.000,0.012,0.036,0.43062,-0.27871,5.015
32.860,169.0,169.0,169.0,169.0,0.000,0.012,0.036,0.43062,-0.27871,5.015
32.870,169.0,169.0,169.0,169.0,0.000,0.012,0.036,0.43062,-0.27871,5.015
32.880,169.0,169.0,169.0,169.0,0.000,0.012,0.036,0.43062,-0.27871,5.015
32.890,169.0,169.0,169.0,169.0,0.000,0.012,0.036,0.43062,-0.27871,5.015
32.900,169.0,169.0,169.0,169.0,0.000,0.012,0.036,0.43062,-0.27871,5.015
32.910,169.0,169.0,169.0,169.0,0.000,0.012,0.036,0.43062,-0.27871,5.015
32.920,169.0,169.0,169.0,169.0,0.000,0.012,0.036,0.43062,-0.27871,5.015
32.930,169.0,169.0,169.0,169.0,0.000,0.012,0.036,0.43062,-0.27871,5.015
32.940,169.0,169.0,169.0,169.0,0.000,0.012,0.036,0.43062,-0.27871,5.015
32.950,169.0,169.0,169.0,169.0,0.000,0.012,0.036,0.43062,-0.27871,5.015
32.960,169.0,169.0,169.0,169.0,0.000,0.012,0.036,0.43062,-0.27871,5.015
32.970,169.0,169.0,169.0,169.0,0.000,0.012,0.036,0.43062,-0.27871,5.015
32.980,169.0,169.0,169.0,169.0,0.000,0.012,0.036,0.43062,-0.27871,5.015
32.990,169.0,169.0,169.0,169.0,0.000,0.012,0.036,0.43062,-0.27871,5.015
33.000,169.0,169.0,169.0,169.0,0.000,0.012,0.036,0.43280,-0.27872,5.015
33.010,169.0,169.0,169.0,169.0,0.000,0.012,0.036,0.43280,-0.27872,5.015
33.020,169.0,169.0,169.0,169.0,0.000,0.012,0.036,0.43280,-0.27872,5.015
33.030,169.0,169.0,169.0,169.0,0.000,0.012,0.036,0.43280,-0.27872,5.015
33.040,169.0,169.0,169.0,169.0,0.000,0.012,0.036,0.43280,-0.27872,5.015
33.050,169.0,169.0,169.0,169.0,0.000,0.012,0.036,0.43280,-0.27872,5.015
33.060,169.0,169.0,169.0,169.0,0.000,0.012,0.036,0.43280,-0.27872,5.015
33.070,169.0,169.0,169.0,169.0,0.000,0.012,0.036,0.43280,-0.27872,5.015
33.080,168.0,168.0,168.0,168.0,0.000,0.012,0.036,0.43280,-0.27872,5.015
33.090,168.0,168.0,168.0,168.0,0.000,0.012,0.036,0.43280,-0.27872,5.015
33.100,168.0,168.0,168.0,168.0,0.000,0.012,0.036,0.43280,-0.27872,5.015
33.110,168.0,168.0,168.0,168.0,0.000,0.012,0.036,0.43280,-0.27872,5.015
33.120,168.0,168.0,168.0,168.0,0.000,0.012,0.036,0.43280,-0.27872,5.015
33.130,168.0,168.0,168.0,168.0,0.000,0.012,0.036,0.43280,-0.27872,5.015
33.140,168.0,168.0,168.0,168.0,0.000,0.012,0.036,0.43280,-0.27872,5.015
33.150,168.0,168.0,168.0,168.0,0.000,0.012,0.036,0.43280,-0.27872,5.015
33.160,168.0,168.0,168.0,168.0,0.000,0.012,0.036,0.43280,-0.27872,5.015
33.170,168.0,168.0,168.0,168.0,0.000,0.012,0.036,0.43280,-0.27872,5.015
33.180,168.0,168.0,168.0,168.0,0.000,0.012,0.036,0.43280,-0.27872,5.015
33.190,168.0,168.0,168.0,168.0,0.000,0.012,0.036,0.43280,-0.27872,5.015
33.200,168.0,168.0,168.0,168.0,0.000,0.012,0.036,0.43490,-0.27873,5.015
33.210,168.0,168.0,168.0,168.0,0.000,0.012,0.036,0.43490,-0.27873,5.015
33.220,168.0,168.0,168.0,168.0,0.000,0.012,0.036,0.43490,-0.27873,5.015
33.230,168.0,168.0,168.0,168.0,0.000,0.012,0.036,0.43490,-0.27873,5.015
33.240,168.0,168.0,168.0,168.0,0.000,0.012,0.036,0.43490,-0.27873,5.015
33.250,168.0,168.0,168.0,168.0,0.000,0.012,0.036,0.43490,-0.27873,5.015
33.260,168.0,168.0,168.0,168.0,0.000,0.012,0.036,0.43490,-0.27873,5.015
33.270,168.0,168.0,168.0,168.0,0.000,0.012,0.036,0.43490,-0.27873,5.015
33.280,168.0,168.0,168.0,168.0,0.000,0.012,0.036,0.43490,-0.27873,5.015
33.290,168.0,168.0,168.0,168.0,0.000,0.012,0.036,0.43490,-0.27873,5.015
33.300,168.0,168.0,168.0,168.0,0.000,0.012,0.036,0.43490,-0.27873,5.015
33.310,168.0,168.0,168.0,168.0,0.000,0.012,0.036,0.43490,-0.27873,5.015
33.320,168.0,168.0,168.0,168.0,0.000,0.012,0.036,0.43490,-0.27873,5.015
33.330,168.0,168.0,168.0,168.0,0.000,0.012,0.036,0.43490,-0.27873,5.015
33.340,168.0,168.0,168.0,168.0,0.000,0.012,0.036,0.43490,-0.27873,5.015
33.350,168.0,168.0,168.0,168.0,0.000,0.012,0.036,0.43490,-0.27873,5.015
33.360,168.0,168.0,168.0,168.0,0.000,0.012,0.036,0.43490,-0.27873,5.015
33.370,168.0,168.0,168.0,168.0,0.000,0.012,0.036,0.43490,-0.27873,5.015
33.380,168.0,168.0,168.0,168.0,0.000,0.012,0.036,0.43490,-0.27873,5.015
33.390,168.0,168.0,168.0,168.0,0.000,0.012,0.036,0.43490,-0.27873,5.015
33.400,168.0,168.0,168.0,168.0,0.000,0.012,0.036,0.43490,-0.27873,5.015
33.410,168.0,168.0,168.0,168.0,0.000,0.012,0.036,0.43712,-0.27874,5.015
33.420,168.0,168.0,168.0,168.0,0.000,0.012,0.036,0.43712,-0.27874,5.015
33.430,168.0,168.0,168.0,168.0,0.000,0.013,0.036,0.43712,-0.27874,5.015
33.440,168.0,168.0,168.0,168.0,0.000,0.013,0.036,0.43712,-0.27874,5.015
33.450,168.0,168.0,168.0,168.0,0.000,0.013,0.036,0.43712,-0.27874,5.015
33.460,168.0,168.0,168.0,168.0,0.000,0.013,0.036,0.43712,-0.27874,5.010
33.470,168.0,168.0,168.0,168.0,0.000,0.013,0.036,0.43712,-0.27874,5.010
33.480,169.0,169.0,169.0,169.0,0.000,0.013,0.036,0.43712,-0.27874,5.010
33.490,169.0,169.0,169.0,169.0,0.000,0.013,0.036,0.43712,-0.27874,5.010
33.500,169.0,169.0,169.0,169.0,0.000,0.013,0.036,0.43712,-0.27874,5.010
33.510,169.0,169.0,169.0,169.0,0.000,0.013,0.036,0.43712,-0.27874,5.010
33.520,169.0,169.0,169.0,169.0,0.000,0.013,0.036,0.43712,-0.27874,5.010
33.530,169.0,169.0,169.0,169.0,0.000,0.013,0.036,0.43712,-0.27874,5.010
33.540,169.0,169.0,169.0,169.0,0.000,0.013,0.036,0.43712,-0.27874,5.010
33.550,169.0,169.0,169.0,169.0,0.000,0.013,0.036,0.43712,-0.27874,5.010
33.560,169.0,169.0,169.0,169.0,0.000,0.013,0.036,0.43712,-0.27874,5.010
33.570,169.0,169.0,169.0,169.0,0.000,0.013,0.036,0.43712,-0.27874,5.010
33.580,169.0,169.0,169.0,169.0,0.000,0.013,0.036,0.43712,-0.27874,5.010
33.590,169.0,169.0,169.0,169.0,0.000,0.013,0.036,0.43712,-0.27874,5.010
33.600,169.0,169.0,169.0,169.0,0.000,0.013,0.036,0.43712,-0.27874,5.010
33.610,169.0,169.0,169.0,169.0,0.000,0.013,0.036,0.43926,-0.27875,5.010
33.620,169.0,169.0,169.0,169.0,0.000,0.013,0.036,0.43926,-0.27875,5.010
33.630,169.0,169.0,169.0,169.0,0.000,0.013,0.036,0.43926,-0.27875,5.010
33.640,169.0,169.0,169.0,169.0,0.000,0.013,0.036,0.43926,-0.27875,5.010
33.650,169.0,169.0,169.0,169.0,0.000,0.013,0.036,0.43926,-0.27875,5.010
33.660,169.0,169.0,169.0,169.0,0.000,0.013,0.036,0.43926,-0.27875,5.010
33.670,169.0,169.0,169.0,169.0,0.000,0.013,0.036,0.43926,-0.27875,5.010
33.680,169.0,169.0,169.0,169.0,0.000,0.013,0.036,0.43926,-0.27875,5.010
33.690,169.0,169.0,169.0,169.0,0.000,0.013,0.036,0.43926,-0.27875,5.010
33.700,169.0,169.0,169.0,169.0,0.000,0.013,0.036,0.43926,-0.27875,5.010
33.710,169.0,169.0,169.0,169.0,0.000,0.013,0.036,0.43926,-0.27875,5.010
33.720,169.0,169.0,169.0,169.0,0.000,0.013,0.036,0.43926,-0.27875,5.010
33.730,169.0,169.0,169.0,169.0,0.000,0.013,0.036,0.43926,-0.27875,5.010
33.740,169.0,169.0,169.0,169.0,0.000,0.013,0.036,0.43926,-0.27875,5.010
33.750,169.0,169.0,169.0,169.0,0.000,0.013,0.036,0.43926,-0.27875,5.010
33.760,169.0,169.0,169.0,169.0,0.000,0.013,0.036,0.43926,-0.27875,5.010
33.770,169.0,169.0,169.0,169.0,0.000,0.013,0.036,0.43926,-0.27875,5.010
33.780,169.0,169.0,169.0,169.0,0.000,0.013,0.036,0.43926,-0.27875,5.010
33.790,169.0,169.0,169.0,169.0,0.000,0.013,0.036,0.43926,-0.27875,5.010
33.800,169.0,169.0,169.0,169.0,0.000,0.013,0.036,0.43926,-0.27875,5.010
33.810,169.0,169.0,169.0,169.0,0.000,0.013,0.036,0.43926,-0.27875,5.010
33.820,169.0,169.0,169.0,169.0,0.000,0.013,0.036,0.44154,-0.27876,5.010
33.830,169.0,169.0,169.0,169.0,0.000,0.013,0.036,0.44154,-0.27876,5.010
33.840,169.0,169.0,169.0,169.0,0.000,0.013,0.036,0.44154,-0.27876,5.010
33.850,169.0,169.0,169.0,169.0,0.000,0.013,0.036,0.44154,-0.27876,5.010
33.860,169.0,169.0,169.0,169.0,0.000,0.013,0.036,0.44154,-0.27876,5.010
33.870,169.0,169.0,169.0,169.0,0.000,0.013,0.036,0.44154,-0.27876,5.010
33.880,169.0,169.0,169.0,169.0,0.000,0.013,0.036,0.44154,-0.27876,5.010
33.890,169.0,169.0,169.0,169.0,0.000,0.013,0.036,0.44154,-0.27876,5.010
33.900,169.0,169.0,169.0,169.0,0.000,0.013,0.036,0.44154,-0.27876,5.010
33.910,169.0,169.0,169.0,169.0,0.000,0.013,0.036,0.44154,-0.27876,5.010
33.920,169.0,169.0,169.0,169.0,0.000,0.013,0.036,0.44154,-0.27876,5.010
33.930,169.0,169.0,169.0,169.0,0.000,0.013,0.036,0.44154,-0.27876,5.010
33.940,169.0,169.0,169.0,169.0,0.000,0.013,0.036,0.44154,-0.27876,5.010
33.950,169.0,169.0,169.0,169.0,0.000,0.013,0.036,0.44154,-0.27876,5.010
33.960,169.0,169.0,169.0,169.0,0.000,0.013,0.036,0.44154,-0.27876,5.010
33.970,169.0,169.0,169.0,169.0,0.000,0.013,0.036,0.44154,-0.27876,5.010
33.980,169.0,169.0,169.0,169.0,0.000,0.013,0.036,0.44154,-0.27876,5.010
33.990,169.0,169.0,169.0,169.0,0.000,0.013,0.036,0.44154,-0.27876,5.010
34.000,169.0,169.0,169.0,169.0,0.000,0.013,0.036,0.44154,-0.27876,5.010
34.010,169.0,169.0,169.0,169.0,0.000,0.013,0.036,0.44154,-0.27876,5.010
34.020,169.0,169.0,169.0,169.0,0.000,0.013,0.036,0.44372,-0.27877,5.010
34.030,169.0,169.0,169.0,169.0,0.000,0.013,0.036,0.44372,-0.27877,5.010
34.040,169.0,169.0,169.0,169.0,0.000,0.013,0.036,0.44372,-0.27877,5.010
34.050,169.0,169.0,169.0,169.0,0.000,0.013,0.036,0.44372,-0.27877,5.010
34.060,169.0,169.0,169.0,169.0,0.000,0.013,0.036,0.44372,-0.27877,5.010
34.070,169.0,169.0,169.0,169.0,0.000,0.013,0.036,0.44372,-0.27877,5.010
34.080,169.0,169.0,169.0,169.0,0.000,0.013,0.036,0.44372,-0.27877,5.010
34.090,169.0,169.0,169.0,169.0,0.000,0.013,0.036,0.44372,-0.27877,5.010
34.100,169.0,169.0,169.0,169.0,0.000,0.013,0.036,0.44372,-0.27877,5.010
34.110,169.0,169.0,169.0,169.0,0.000,0.013,0.036,0.44372,-0.27877,5.010
34.120,169.0,169.0,169.0,169.0,0.000,0.013,0.036,0.44372,-0.27877,5.010
34.130,169.0,169.0,169.0,169.0,0.000,0.013,0.036,0.44372,-0.27877,5.010
34.140,169.0,169.0,169.0,169.0,0.000,0.013,0.036,0.44372,-0.27877,5.010
34.150,169.0,169.0,169.0,169.0,0.000,0.013,0.036,0.44372,-0.27877,5.010
34.160,169.0,169.0,169.0,169.0,0.000,0.013,0.036,0.44372,-0.27877,5.010
34.170,169.0,169.0,169.0,169.0,0.000,0.013,0.036,0.44372,-0.27877,5.010
34.180,169.0,169.0,169.0,169.0,0.000,0.013,0.036,0.44372,-0.27877,5.010
34.190,169.0,169.0,169.0,169.0,0.000,0.013,0.036,0.44372,-0.27877,5.010
34.200,169.0,169.0,169.0,169.0,0.000,0.013,0.036,0.44372,-0.27877,5.010
34.210,169.0,169.0,169.0,169.0,0.000,0.013,0.036,0.44372,-0.27877,5.010
34.220,169.0,169.0,169.0,169.0,0.000,0.013,0.036,0.44372,-0.27877,5.010
34.230,169.0,169.0,169.0,169.0,0.000,0.013,0.036,0.44604,-0.27878,5.010
34.240,169.0,169.0,169.0,169.0,0.000,0.013,0.036,0.44604,-0.27878,5.010
34.250,169.0,169.0,169.0,169.0,0.000,0.013,0.036,0.44604,-0.27878,5.010
34.260,169.0,169.0,169.0,169.0,0.000,0.013,0.036,0.44604,-0.27878,5.010
34.270,169.0,169.0,169.0,169.0,0.000,0.013,0.036,0.44604,-0.27878,5.010
34.280,169.0,169.0,169.0,169.0,0.000,0.013,0.036,0.44604,-0.27878,5.010
34.290,169.0,169.0,169.0,169.0,0.000,0.013,0.036,0.44604,-0.27878,5.010
34.300,169.0,169.0,169.0,169.0,0.000,0.013,0.036,0.44604,-0.27878,5.010
34.310,169.0,169.0,169.0,169.0,0.000,0.013,0.036,0.44604,-0.27878,5.010
34.320,169.0,169.0,169.0,169.0,0.000,0.013,0.036,0.44604,-0.27878,5.010
34.330,169.0,169.0,169.0,169.0,0.000,0.013,0.036,0.44604,-0.27878,5.010
34.340,169.0,169.0,169.0,169.0,0.000,0.013,0.036,0.44604,-0.27878,5.010
34.350,169.0,169.0,169.0,169.0,0.000,0.013,0.036,0.44604,-0.27878,5.010
34.360,169.0,169.0,169.0,169.0,0.000,0.013,0.036,0.44604,-0.27878,5.015
34.370,169.0,169.0,169.0,169.0,0.000,0.013,0.036,0.44604,-0.27878,5.015
34.380,168.0,168.0,168.0,168.0,0.000,0.013,0.036,0.44604,-0.27878,5.015
34.390,168.0,168.0,168.0,168.0,0.000,0.013,0.036,0.44604,-0.27878,5.015
34.400,168.0,168.0,168.0,168.0,0.000,0.013,0.036,0.44604,-0.27878,5.015
34.410,168.0,168.0,168.0,168.0,0.000,0.013,0.036,0.44604,-0.27878,5.015
34.420,168.0,168.0,168.0,168.0,0.000,0.013,0.036,0.44604,-0.27878,5.015
34.430,168.0,168.0,168.0,168.0,0.000,0.013,0.036,0.44828,-0.27879,5.015
34.440,168.0,168.0,168.0,168.0,0.000,0.013,0.036,0.44828,-0.27879,5.015
34.450,168.0,168.0,168.0,168.0,0.000,0.013,0.036,0.44828,-0.27879,5.015
34.460,168.0,168.0,168.0,168.0,0.000,0.013,0.036,0.44828,-0.27879,5.015
34.470,168.0,168.0,168.0,168.0,0.000,0.013,0.036,0.44828,-0.27879,5.015
34.480,168.0,168.0,168.0,168.0,0.000,0.013,0.036,0.44828,-0.27879,5.015
34.490,168.0,168.0,168.0,168.0,0.000,0.013,0.036,0.44828,-0.27879,5.015
34.500,168.0,168.0,168.0,168.0,0.000,0.013,0.036,0.44828,-0.27879,5.015
34.510,168.0,168.0,168.0,168.0,0.000,0.013,0.036,0.44828,-0.27879,5.015
34.520,168.0,168.0,168.0,168.0,0.000,0.013,0.036,0.44828,-0.27879,5.015
34.530,168.0,168.0,168.0,168.0,0.000,0.013,0.036,0.44828,-0.27879,5.015
34.540,168.0,168.0,168.0,168.0,0.000,0.013,0.036,0.44828,-0.27879,5.015
34.550,168.0,168.0,168.0,168.0,0.000,0.013,0.036,0.44828,-0.27879,5.015
34.560,168.0,168.0,168.0,168.0,0.000,0.013,0.036,0.44828,-0.27879,5.015
34.570,168.0,168.0,168.0,168.0,0.000,0.013,0.036,0.44828,-0.27879,5.015
34.580,168.0,168.0,168.0,168.0,0.000,0.013,0.036,0.44828,-0.27879,5.015
34.590,168.0,168.0,168.0,168.0,0.000,0.013,0.036,0.44828,-0.27879,5.015
34.600,168.0,168.0,168.0,168.0,0.000,0.013,0.036,0.44828,-0.27879,5.015
34.610,168.0,168.0,168.0,168.0,0.000,0.013,0.036,0.44828,-0.27879,5.015
34.620,168.0,168.0,168.0,168.0,0.000,0.013,0.036,0.44828,-0.27879,5.015
34.630,168.0,168.0,168.0,168.0,0.000,0.013,0.036,0.44828,-0.27879,5.015
34.640,168.0,168.0,168.0,168.0,0.000,0.013,0.036,0.45064,-0.27880,5.015
34.650,168.0,168.0,168.0,168.0,0.000,0.013,0.036,0.45064,-0.27880,5.015
34.660,168.0,168.0,168.0,168.0,0.000,0.013,0.036,0.45064,-0.27880,5.015
34.670,168.0,168.0,168.0,168.0,0.000,0.013,0.036,0.45064,-0.27880,5.015
34.680,168.0,168.0,168.0,168.0,0.000,0.013,0.036,0.45064,-0.27880,5.015
34.690,168.0,168.0,168.0,168.0,0.000,0.013,0.036,0.45064,-0.27880,5.015
34.700,168.0,168.0,168.0,168.0,0.000,0.013,0.036,0.45064,-0.27880,5.015
34.710,168.0,168.0,168.0,168.0,0.000,0.013,0.036,0.45064,-0.27880,5.015
34.720,168.0,168.0,168.0,168.0,0.000,0.013,0.036,0.45064,-0.27880,5.015
34.730,168.0,168.0,168.0,168.0,0.000,0.013,0.036,0.45064,-0.27880,5.015
34.740,168.0,168.0,168.0,168.0,0.000,0.013,0.036,0.45064,-0.27880,5.015
34.750,168.0,168.0,168.0,168.0,0.000,0.013,0.036,0.45064,-0.27880,5.015
34.760,168.0,168.0,168.0,168.0,0.000,0.013,0.036,0.45064,-0.27880,5.015
34.770,168.0,168.0,168.0,168.0,0.000,0.013,0.036,0.45064,-0.27880,5.015
34.780,168.0,168.0,168.0,168.0,0.000,0.013,0.036,0.45064,-0.27880,5.015
34.790,168.0,168.0,168.0,168.0,0.000,0.013,0.036,0.45064,-0.27880,5.015
34.800,168.0,168.0,168.0,168.0,0.000,0.013,0.036,0.45064,-0.27880,5.015
34.810,168.0,168.0,168.0,168.0,0.000,0.013,0.036,0.45064,-0.27880,5.015
34.820,168.0,168.0,168.0,168.0,0.000,0.013,0.036,0.45064,-0.27880,5.015
34.830,168.0,168.0,168.0,168.0,0.000,0.013,0.036,0.45064,-0.27880,5.015
34.840,168.0,168.0,168.0,168.0,0.000,0.013,0.036,0.45064,-0.27880,5.015
34.850,168.0,168.0,168.0,168.0,0.000,0.013,0.036,0.45303,-0.27881,5.015
34.860,168.0,168.0,168.0,168.0,0.000,0.013,0.036,0.45303,-0.27881,5.015
34.870,168.0,168.0,168.0,168.0,0.000,0.013,0.036,0.45303,-0.27881,5.015
34.880,168.0,168.0,168.0,168.0,0.000,0.013,0.036,0.45303,-0.27881,5.015
34.890,168.0,168.0,168.0,168.0,0.000,0.013,0.036,0.45303,-0.27881,5.015
34.900,168.0,168.0,168.0,168.0,0.000,0.013,0.036,0.45303,-0.27881,5.015
34.910,168.0,168.0,168.0,168.0,0.000,0.013,0.036,0.45303,-0.27881,5.015
34.920,168.0,168.0,168.0,168.0,0.000,0.013,0.036,0.45303,-0.27881,5.015
34.930,168.0,168.0,168.0,168.0,0.000,0.013,0.036,0.45303,-0.27881,5.015
34.940,168.0,168.0,168.0,168.0,0.000,0.013,0.036,0.45303,-0.27881,5.015
34.950,168.0,168.0,168.0,168.0,0.000,0.013,0.036,0.45303,-0.27881,5.015
34.960,168.0,168.0,168.0,168.0,0.000,0.013,0.036,0.45303,-0.27881,5.015
34.970,168.0,168.0,168.0,168.0,0.000,0.013,0.036,0.45303,-0.27881,5.015
34.980,168.0,168.0,168.0,168.0,0.000,0.013,0.036,0.45303,-0.27881,5.015
34.990,168.0,168.0,168.0,168.0,0.000,0.013,0.036,0.45303,-0.27881,5.015
35.000,168.0,168.0,168.0,168.0,0.000,0.013,0.036,0.45303,-0.27881,5.015
35.010,168.0,168.0,168.0,168.0,0.000,0.013,0.036,0.45303,-0.27881,5.015
35.020,168.0,168.0,168.0,168.0,0.000,0.013,0.036,0.45303,-0.27881,5.015
35.030,168.0,168.0,168.0,168.0,0.000,0.013,0.036,0.45303,-0.27881,5.015
35.040,168.0,168.0,168.0,168.0,0.000,0.013,0.036,0.45303,-0.27881,5.015
35.050,168.0,168.0,168.0,168.0,0.000,0.013,0.036,0.45533,-0.27882,5.015
35.060,168.0,168.0,168.0,168.0,0.000,0.013,0.036,0.45533,-0.27882,5.015
35.070,168.0,168.0,168.0,168.0,0.000,0.013,0.036,0.45533,-0.27882,5.015
35.080,168.0,168.0,168.0,168.0,0.000,0.013,0.036,0.45533,-0.27882,5.015
35.090,168.0,168.0,168.0,168.0,0.000,0.013,0.036,0.45533,-0.27882,5.015
35.100,168.0,168.0,168.0,168.0,0.000,0.013,0.036,0.45533,-0.27882,5.010
35.110,168.0,168.0,168.0,168.0,0.000,0.013,0.036,0.45533,-0.27882,5.010
35.120,168.0,168.0,168.0,168.0,0.000,0.013,0.036,0.45533,-0.27882,5.010
35.130,168.0,168.0,168.0,168.0,0.000,0.013,0.036,0.45533,-0.27882,5.010
35.140,168.0,168.0,168.0,168.0,0.000,0.013,0.036,0.45533,-0.27882,5.010
35.150,168.0,168.0,168.0,168.0,0.000,0.013,0.036,0.45533,-0.27882,5.010
35.160,168.0,168.0,168.0,168.0,0.000,0.013,0.036,0.45533,-0.27882,5.010
35.170,168.0,168.0,168.0,168.0,0.000,0.013,0.036,0.45533,-0.27882,5.010
35.180,168.0,168.0,168.0,168.0,0.000,0.013,0.036,0.45533,-0.27882,5.010
35.190,168.0,168.0,168.0,168.0,0.000,0.013,0.036,0.45533,-0.27882,5.010
35.200,168.0,168.0,168.0,168.0,0.000,0.013,0.036,0.45533,-0.27882,5.010
35.210,168.0,168.0,168.0,168.0,0.000,0.013,0.036,0.45533,-0.27882,5.010
35.220,168.0,168.0,168.0,168.0,0.000,0.013,0.036,0.45533,-0.27882,5.010
35.230,168.0,168.0,168.0,168.0,0.000,0.013,0.036,0.45533,-0.27882,5.010
35.240,168.0,168.0,168.0,168.0,0.000,0.013,0.036,0.45533,-0.27882,5.010
35.250,168.0,168.0,168.0,168.0,0.000,0.013,0.036,0.45533,-0.27882,5.010
35.260,168.0,168.0,168.0,168.0,0.000,0.013,0.036,0.45777,-0.27883,5.010
35.270,168.0,168.0,168.0,168.0,0.000,0.013,0.036,0.45777,-0.27883,5.010
35.280,168.0,168.0,168.0,168.0,0.000,0.013,0.036,0.45777,-0.27883,5.010
35.290,168.0,168.0,168.0,168.0,0.000,0.013,0.036,0.45777,-0.27883,5.010
35.300,168.0,168.0,168.0,168.0,0.000,0.013,0.036,0.45777,-0.27883,5.005
35.310,168.0,168.0,168.0,168.0,0.000,0.013,0.036,0.45777,-0.27883,5.005
35.320,170.0,170.0,170.0,170.0,0.000,0.013,0.036,0.45777,-0.27883,5.005
35.330,170.0,170.0,170.0,170.0,0.000,0.013,0.036,0.45777,-0.27883,5.005
35.340,170.0,170.0,170.0,170.0,0.000,0.013,0.036,0.45777,-0.27883,5.005
35.350,170.0,170.0,170.0,170.0,0.000,0.013,0.036,0.45777,-0.27883,5.005
35.360,170.0,170.0,170.0,170.0,0.000,0.013,0.036,0.45777,-0.27883,5.005
35.370,170.0,170.0,170.0,170.0,0.000,0.013,0.036,0.45777,-0.27883,5.005
35.380,170.0,170.0,170.0,170.0,0.000,0.013,0.036,0.45777,-0.27883,5.005
35.390,170.0,170.0,170.0,170.0,0.000,0.013,0.036,0.45777,-0.27883,5.005
35.400,170.0,170.0,170.0,170.0,0.000,0.013,0.036,0.45777,-0.27883,5.005
35.410,170.0,170.0,170.0,170.0,0.000,0.013,0.036,0.45777,-0.27883,5.005
35.420,170.0,170.0,170.0,170.0,0.000,0.014,0.036,0.45777,-0.27883,5.005
35.430,170.0,170.0,170.0,170.0,0.000,0.014,0.036,0.45777,-0.27883,5.005
35.440,170.0,170.0,170.0,170.0,0.000,0.014,0.036,0.45777,-0.27883,5.005
35.450,170.0,170.0,170.0,170.0,0.000,0.014,0.036,0.45777,-0.27883,5.005
35.460,170.0,170.0,170.0,170.0,0.000,0.014,0.036,0.46011,-0.27884,5.005
35.470,170.0,170.0,170.0,170.0,0.000,0.014,0.036,0.46011,-0.27884,5.005
35.480,170.0,170.0,170.0,170.0,0.000,0.014,0.036,0.46011,-0.27884,5.005
35.490,170.0,170.0,170.0,170.0,0.000,0.014,0.036,0.46011,-0.27884,5.005
35.500,170.0,170.0,170.0,170.0,0.000,0.014,0.036,0.46011,-0.27884,5.005
35.510,170.0,170.0,170.0,170.0,0.000,0.014,0.036,0.46011,-0.27884,5.005
35.520,170.0,170.0,170.0,170.0,0.000,0.014,0.036,0.46011,-0.27884,5.005
35.530,170.0,170.0,170.0,170.0,0.000,0.014,0.036,0.46011,-0.27884,5.005
35.540,170.0,170.0,170.0,170.0,0.000,0.014,0.036,0.46011,-0.27884,5.005
35.550,170.0,170.0,170.0,170.0,0.000,0.014,0.036,0.46011,-0.27884,5.005
35.560,170.0,170.0,170.0,170.0,0.000,0.014,0.036,0.46011,-0.27884,5.005
35.570,170.0,170.0,170.0,170.0,0.000,0.014,0.036,0.46011,-0.27884,5.005
35.580,170.0,170.0,170.0,170.0,0.000,0.014,0.036,0.46011,-0.27884,5.005
35.590,170.0,170.0,170.0,170.0,0.000,0.014,0.036,0.46011,-0.27884,5.005
35.600,170.0,170.0,170.0,170.0,0.000,0.014,0.036,0.46011,-0.27884,5.005
35.610,170.0,170.0,170.0,170.0,0.000,0.014,0.036,0.46011,-0.27884,5.005
35.620,170.0,170.0,170.0,170.0,0.000,0.014,0.036,0.46011,-0.27884,5.005
35.630,170.0,170.0,170.0,170.0,0.000,0.014,0.036,0.46011,-0.27884,5.005
35.640,170.0,170.0,170.0,170.0,0.000,0.014,0.036,0.46011,-0.27884,5.005
35.650,170.0,170.0,170.0,170.0,0.000,0.014,0.036,0.46011,-0.27884,5.005
35.660,170.0,170.0,170.0,170.0,0.000,0.014,0.036,0.46011,-0.27884,5.005
35.670,170.0,170.0,170.0,170.0,0.000,0.014,0.036,0.46259,-0.27885,5.005
35.680,170.0,170.0,170.0,170.0,0.000,0.014,0.036,0.46259,-0.27885,5.005
35.690,170.0,170.0,170.0,170.0,0.000,0.014,0.036,0.46259,-0.27885,5.005
35.700,170.0,170.0,170.0,170.0,0.000,0.014,0.036,0.46259,-0.27885,5.005
35.710,170.0,170.0,170.0,170.0,0.000,0.014,0.036,0.46259,-0.27885,5.005
35.720,170.0,170.0,170.0,170.0,0.000,0.014,0.036,0.46259,-0.27885,5.005
35.730,170.0,170.0,170.0,170.0,0.000,0.014,0.036,0.46259,-0.27885,5.005
35.740,170.0,170.0,170.0,170.0,0.000,0.014,0.036,0.46259,-0.27885,5.005
35.750,170.0,170.0,170.0,170.0,0.000,0.014,0.036,0.46259,-0.27885,5.005
35.760,170.0,170.0,170.0,170.0,0.000,0.014,0.036,0.46259,-0.27885,5.005
35.770,170.0,170.0,170.0,170.0,0.000,0.014,0.036,0.46259,-0.27885,5.010
35.780,170.0,170.0,170.0,170.0,0.000,0.014,0.036,0.46259,-0.27885,5.010
35.790,159.0,159.0,159.0,159.0,0.000,0.014,0.036,0.46259,-0.27885,5.010
35.800,159.0,159.0,159.0,159.0,0.000,0.014,0.036,0.46259,-0.27885,5.010
35.810,168.0,168.0,168.0,168.0,0.000,0.014,0.036,0.46259,-0.27885,5.010
35.820,168.0,168.0,168.0,168.0,0.000,0.014,0.036,0.46259,-0.27885,5.010
35.830,168.0,168.0,168.0,168.0,0.000,0.014,0.036,0.46259,-0.27885,5.010
35.840,168.0,168.0,168.0,168.0,0.000,0.014,0.036,0.46259,-0.27885,5.010
35.850,168.0,168.0,168.0,168.0,0.000,0.014,0.036,0.46259,-0.27885,5.010
35.860,168.0,168.0,168.0,168.0,0.000,0.014,0.036,0.46259,-0.27885,5.010
35.870,168.0,168.0,168.0,168.0,0.000,0.014,0.036,0.46498,-0.27886,5.010
35.880,168.0,168.0,168.0,168.0,0.000,0.014,0.036,0.46498,-0.27886,5.010
35.890,168.0,168.0,168.0,168.0,0.000,0.014,0.036,0.46498,-0.27886,5.010
35.900,168.0,168.0,168.0,168.0,0.000,0.014,0.036,0.46498,-0.27886,5.010
35.910,168.0,168.0,168.0,168.0,0.000,0.014,0.036,0.46498,-0.27886,5.010
35.920,168.0,168.0,168.0,168.0,0.000,0.014,0.036,0.46498,-0.27886,5.010
35.930,168.0,168.0,168.0,168.0,0.000,0.014,0.036,0.46498,-0.27886,5.010
35.940,168.0,168.0,168.0,168.0,0.000,0.014,0.036,0.46498,-0.27886,5.010
35.950,168.0,168.0,168.0,168.0,0.000,0.014,0.036,0.46498,-0.27886,5.010
35.960,168.0,168.0,168.0,168.0,0.000,0.014,0.036,0.46498,-0.27886,5.010
35.970,168.0,168.0,168.0,168.0,0.000,0.014,0.036,0.46498,-0.27886,5.010
35.980,168.0,168.0,168.0,168.0,0.000,0.014,0.036,0.46498,-0.27886,5.010
35.990,168.0,168.0,168.0,168.0,0.000,0.014,0.036,0.46498,-0.27886,5.010
36.000,168.0,168.0,168.0,168.0,0.000,0.014,0.036,0.46498,-0.27886,5.010
36.010,168.0,168.0,168.0,168.0,0.000,0.014,0.036,0.46498,-0.27886,5.010
36.020,168.0,168.0,168.0,168.0,0.000,0.014,0.036,0.46498,-0.27886,5.010
36.030,168.0,168.0,168.0,168.0,0.000,0.014,0.036,0.46498,-0.27886,5.010
36.040,168.0,168.0,168.0,168.0,0.000,0.014,0.036,0.46498,-0.27886,5.010
36.050,168.0,168.0,168.0,168.0,0.000,0.014,0.036,0.46498,-0.27886,5.010
36.060,168.0,168.0,168.0,168.0,0.000,0.014,0.036,0.46498,-0.27886,5.010
36.070,168.0,168.0,168.0,168.0,0.000,0.014,0.036,0.46498,-0.27886,5.010
36.080,168.0,168.0,168.0,168.0,0.000,0.014,0.036,0.46752,-0.27887,5.010
36.090,168.0,168.0,168.0,168.0,0.000,0.014,0.036,0.46752,-0.27887,5.010
36.100,169.0,169.0,169.0,169.0,0.000,0.014,0.036,0.46752,-0.27887,5.010
36.110,169.0,169.0,169.0,169.0,0.000,0.014,0.036,0.46752,-0.27887,5.010
36.120,169.0,169.0,169.0,169.0,0.000,0.014,0.036,0.46752,-0.27887,5.010
36.130,169.0,169.0,169.0,169.0,0.000,0.014,0.036,0.46752,-0.27887,5.010
36.140,169.0,169.0,169.0,169.0,0.000,0.014,0.036,0.46752,-0.27887,5.010
36.150,169.0,169.0,169.0,169.0,0.000,0.014,0.036,0.46752,-0.27887,5.010
36.160,169.0,169.0,169.0,169.0,0.000,0.014,0.036,0.46752,-0.27887,5.010
36.170,169.0,169.0,169.0,169.0,0.000,0.014,0.036,0.46752,-0.27887,5.010
36.180,169.0,169.0,169.0,169.0,0.000,0.014,0.036,0.46752,-0.27887,5.010
36.190,169.0,169.0,169.0,169.0,0.000,0.014,0.036,0.46752,-0.27887,5.010
36.200,169.0,169.0,169.0,169.0,0.000,0.014,0.036,0.46752,-0.27887,5.010
36.210,169.0,169.0,169.0,169.0,0.000,0.014,0.036,0.46752,-0.27887,5.010
36.220,169.0,169.0,169.0,169.0,0.000,0.014,0.036,0.46752,-0.27887,5.010
36.230,169.0,169.0,169.0,169.0,0.000,0.014,0.036,0.46752,-0.27887,5.010
36.240,169.0,169.0,169.0,169.0,0.000,0.014,0.036,0.46752,-0.27887,5.010
36.250,169.0,169.0,169.0,169.0,0.000,0.014,0.036,0.46752,-0.27887,5.010
36.260,169.0,169.0,169.0,169.0,0.000,0.014,0.036,0.46752,-0.27887,5.010
36.270,169.0,169.0,169.0,169.0,0.000,0.014,0.036,0.46752,-0.27887,5.010
36.280,169.0,169.0,169.0,169.0,0.000,0.014,0.036,0.46995,-0.27888,5.010
36.290,169.0,169.0,169.0,169.0,0.000,0.014,0.036,0.46995,-0.27888,5.010
36.300,169.0,169.0,169.0,169.0,0.000,0.014,0.036,0.46995,-0.27888,5.010
36.310,169.0,169.0,169.0,169.0,0.000,0.014,0.036,0.46995,-0.27888,5.010
36.320,169.0,169.0,169.0,169.0,0.000,0.014,0.036,0.46995,-0.27888,5.010
36.330,169.0,169.0,169.0,169.0,0.000,0.014,0.036,0.46995,-0.27888,5.010
36.340,169.0,169.0,169.0,169.0,0.000,0.014,0.036,0.46995,-0.27888,5.010
36.350,169.0,169.0,169.0,169.0,0.000,0.014,0.036,0.46995,-0.27888,5.010
36.360,169.0,169.0,169.0,169.0,0.000,0.014,0.036,0.46995,-0.27888,5.010
36.370,169.0,169.0,169.0,169.0,0.000,0.014,0.036,0.46995,-0.27888,5.015
36.380,169.0,169.0,169.0,169.0,0.000,0.014,0.036,0.46995,-0.27888,5.015
36.390,169.0,169.0,169.0,169.0,0.000,0.014,0.036,0.46995,-0.27888,5.015
36.400,169.0,169.0,169.0,169.0,0.000,0.014,0.036,0.46995,-0.27888,5.015
36.410,169.0,169.0,169.0,169.0,0.000,0.014,0.036,0.46995,-0.27888,5.015
36.420,169.0,169.0,169.0,169.0,0.000,0.014,0.036,0.46995,-0.27888,5.015
36.430,169.0,169.0,169.0,169.0,0.000,0.014,0.036,0.46995,-0.27888,5.015
36.440,169.0,169.0,169.0,169.0,0.000,0.014,0.036,0.46995,-0.27888,5.015
36.450,169.0,169.0,169.0,169.0,0.000,0.014,0.036,0.46995,-0.27888,5.015
36.460,169.0,169.0,169.0,169.0,0.000,0.014,0.036,0.46995,-0.27888,5.015
36.470,169.0,169.0,169.0,169.0,0.000,0.014,0.036,0.46995,-0.27888,5.015
36.480,169.0,169.0,169.0,169.0,0.000,0.014,0.036,0.46995,-0.27888,5.015
36.490,169.0,169.0,169.0,169.0,0.000,0.014,0.036,0.47253,-0.27889,5.015
36.500,169.0,169.0,169.0,169.0,0.000,0.014,0.036,0.47253,-0.27889,5.015
36.510,169.0,169.0,169.0,169.0,0.000,0.014,0.036,0.47253,-0.27889,5.015
36.520,169.0,169.0,169.0,169.0,0.000,0.014,0.036,0.47253,-0.27889,5.015
36.530,169.0,169.0,169.0,169.0,0.000,0.014,0.036,0.47253,-0.27889,5.015
36.540,169.0,169.0,169.0,169.0,0.000,0.014,0.036,0.47253,-0.27889,5.015
36.550,169.0,169.0,169.0,169.0,0.000,0.014,0.036,0.47253,-0.27889,5.015
36.560,169.0,169.0,169.0,169.0,0.000,0.014,0.036,0.47253,-0.27889,5.015
36.570,169.0,169.0,169.0,169.0,0.000,0.014,0.036,0.47253,-0.27889,5.015
36.580,169.0,169.0,169.0,169.0,0.000,0.014,0.036,0.47253,-0.27889,5.015
36.590,169.0,169.0,169.0,169.0,0.000,0.014,0.036,0.47253,-0.27889,5.015
36.600,169.0,169.0,169.0,169.0,0.000,0.014,0.036,0.47253,-0.27889,5.015
36.610,169.0,169.0,169.0,169.0,0.000,0.014,0.036,0.47253,-0.27889,5.015
36.620,169.0,169.0,169.0,169.0,0.000,0.014,0.036,0.47253,-0.27889,5.015
36.630,169.0,169.0,169.0,169.0,0.000,0.014,0.036,0.47253,-0.27889,5.015
36.640,169.0,169.0,169.0,169.0,0.000,0.014,0.036,0.47253,-0.27889,5.015
36.650,169.0,169.0,169.0,169.0,0.000,0.014,0.036,0.47253,-0.27889,5.015
36.660,169.0,169.0,169.0,169.0,0.000,0.014,0.036,0.47253,-0.27889,5.018
36.670,169.0,169.0,169.0,169.0,0.000,0.014,0.036,0.47253,-0.27889,5.018
36.680,164.0,164.0,164.0,164.0,0.000,0.014,0.036,0.47253,-0.27889,5.018
36.690,169.0,169.0,169.0,169.0,0.000,0.014,0.036,0.47501,-0.27890,5.018
36.700,169.0,169.0,169.0,169.0,0.000,0.014,0.036,0.47501,-0.27890,5.018
36.710,169.0,169.0,169.0,169.0,0.000,0.014,0.036,0.47501,-0.27890,5.018
36.720,169.0,169.0,169.0,169.0,0.000,0.014,0.036,0.47501,-0.27890,5.018
36.730,169.0,169.0,169.0,169.0,0.000,0.014,0.036,0.47501,-0.27890,5.018
36.740,169.0,169.0,169.0,169.0,0.000,0.014,0.036,0.47501,-0.27890,5.018
36.750,169.0,169.0,169.0,169.0,0.000,0.014,0.036,0.47501,-0.27890,5.018
36.760,169.0,169.0,169.0,169.0,0.000,0.014,0.036,0.47501,-0.27890,5.018
36.770,169.0,169.0,169.0,169.0,0.000,0.014,0.036,0.47501,-0.27890,5.018
36.780,169.0,169.0,169.0,169.0,0.000,0.014,0.036,0.47501,-0.27890,5.018
36.790,169.0,169.0,169.0,169.0,0.000,0.014,0.036,0.47501,-0.27890,5.018
36.800,169.0,169.0,169.0,169.0,0.000,0.014,0.036,0.47501,-0.27890,5.018
36.810,169.0,169.0,169.0,169.0,0.000,0.014,0.036,0.47501,-0.27890,5.018
36.820,169.0,169.0,169.0,169.0,0.000,0.014,0.036,0.47501,-0.27890,5.018
36.830,169.0,169.0,169.0,169.0,0.000,0.014,0.036,0.47501,-0.27890,5.018
36.840,169.0,169.0,169.0,169.0,0.000,0.014,0.036,0.47501,-0.27890,5.018
36.850,169.0,169.0,169.0,169.0,0.000,0.014,0.036,0.47501,-0.27890,5.018
36.860,169.0,169.0,169.0,169.0,0.000,0.014,0.036,0.47501,-0.27890,5.018
36.870,169.0,169.0,169.0,169.0,0.000,0.014,0.036,0.47501,-0.27890,5.018
36.880,169.0,169.0,169.0,169.0,0.000,0.014,0.036,0.47501,-0.27890,5.023
36.890,169.0,169.0,169.0,169.0,0.000,0.014,0.036,0.47501,-0.27890,5.023
36.900,169.0,169.0,169.0,169.0,0.000,0.014,0.036,0.47764,-0.27891,5.023
36.910,159.0,159.0,159.0,159.0,0.000,0.014,0.036,0.47764,-0.27891,5.023
36.920,169.0,169.0,169.0,169.0,0.000,0.014,0.036,0.47764,-0.27891,5.023
36.930,169.0,169.0,169.0,169.0,0.000,0.014,0.036,0.47764,-0.27891,5.023
36.940,169.0,169.0,169.0,169.0,0.000,0.014,0.036,0.47764,-0.27891,5.023
36.950,169.0,169.0,169.0,169.0,0.000,0.014,0.036,0.47764,-0.27891,5.023
36.960,169.0,169.0,169.0,169.0,0.000,0.014,0.036,0.47764,-0.27891,5.023
36.970,169.0,169.0,169.0,169.0,0.000,0.014,0.036,0.47764,-0.27891,5.023
36.980,169.0,169.0,169.0,169.0,0.000,0.014,0.036,0.47764,-0.27891,5.023
36.990,169.0,169.0,169.0,169.0,0.000,0.014,0.036,0.47764,-0.27891,5.023
37.000,169.0,169.0,169.0,169.0,0.000,0.014,0.036,0.47764,-0.27891,5.023
37.010,169.0,169.0,169.0,169.0,0.000,0.014,0.036,0.47764,-0.27891,5.023
37.020,169.0,169.0,169.0,169.0,0.000,0.014,0.036,0.47764,-0.27891,5.023
37.030,169.0,169.0,169.0,169.0,0.000,0.014,0.036,0.47764,-0.27891,5.023
37.040,169.0,169.0,169.0,169.0,0.000,0.014,0.036,0.47764,-0.27891,5.023
37.050,169.0,169.0,169.0,169.0,0.000,0.014,0.036,0.47764,-0.27891,5.023
37.060,169.0,169.0,169.0,169.0,0.000,0.014,0.036,0.47764,-0.27891,5.023
37.070,169.0,169.0,169.0,169.0,0.000,0.014,0.036,0.47764,-0.27891,5.023
37.080,169.0,169.0,169.0,169.0,0.000,0.014,0.036,0.47764,-0.27891,5.023
37.090,169.0,169.0,169.0,169.0,0.000,0.014,0.036,0.47764,-0.27891,5.023
37.100,169.0,169.0,169.0,169.0,0.000,0.014,0.036,0.48017,-0.27892,5.028
37.110,169.0,169.0,169.0,169.0,0.000,0.014,0.036,0.48017,-0.27892,5.028
37.120,169.0,169.0,169.0,169.0,0.000,0.014,0.036,0.48017,-0.27892,5.028
37.130,169.0,169.0,169.0,169.0,0.000,0.014,0.036,0.48017,-0.27892,5.028
37.140,169.0,169.0,169.0,169.0,0.000,0.014,0.036,0.48017,-0.27892,5.028
37.150,169.0,169.0,169.0,169.0,0.000,0.014,0.036,0.48017,-0.27892,5.028
37.160,169.0,169.0,169.0,169.0,0.000,0.014,0.036,0.48017,-0.27892,5.028
37.170,169.0,169.0,169.0,169.0,0.000,0.014,0.036,0.48017,-0.27892,5.028
37.180,169.0,169.0,169.0,169.0,0.000,0.014,0.036,0.48017,-0.27892,5.028
37.190,169.0,169.0,169.0,169.0,0.000,0.014,0.036,0.48017,-0.27892,5.028
37.200,169.0,169.0,169.0,169.0,0.000,0.014,0.036,0.48017,-0.27892,5.028
37.210,169.0,169.0,169.0,169.0,0.000,0.015,0.036,0.48017,-0.27892,5.028
37.220,169.0,169.0,169.0,169.0,0.000,0.015,0.036,0.48017,-0.27892,5.028
37.230,169.0,169.0,169.0,169.0,0.000,0.015,0.036,0.48017,-0.27892,5.028
37.240,169.0,169.0,169.0,169.0,0.000,0.015,0.036,0.48017,-0.27892,5.028
37.250,169.0,169.0,169.0,169.0,0.000,0.015,0.036,0.48017,-0.27892,5.028
37.260,169.0,169.0,169.0,169.0,0.000,0.015,0.036,0.48017,-0.27892,5.028
37.270,169.0,169.0,169.0,169.0,0.000,0.015,0.036,0.48017,-0.27892,5.028
37.280,169.0,169.0,169.0,169.0,0.000,0.015,0.036,0.48017,-0.27892,5.034
37.290,169.0,169.0,169.0,169.0,0.000,0.015,0.036,0.48017,-0.27892,5.034
37.300,159.0,159.0,159.0,159.0,0.000,0.015,0.036,0.48017,-0.27892,5.034
37.310,169.0,169.0,169.0,169.0,0.000,0.015,0.036,0.48285,-0.27893,5.034
37.320,169.0,169.0,169.0,169.0,0.000,0.015,0.036,0.48285,-0.27893,5.034
37.330,169.0,169.0,169.0,169.0,0.000,0.015,0.036,0.48285,-0.27893,5.034
37.340,169.0,169.0,169.0,169.0,0.000,0.015,0.036,0.48285,-0.27893,5.034
37.350,169.0,169.0,169.0,169.0,0.000,0.015,0.036,0.48285,-0.27893,5.034
37.360,169.0,169.0,169.0,169.0,0.000,0.015,0.036,0.48285,-0.27893,5.034
37.370,169.0,169.0,169.0,169.0,0.000,0.015,0.036,0.48285,-0.27893,5.034
37.380,169.0,169.0,169.0,169.0,0.000,0.015,0.036,0.48285,-0.27893,5.034
37.390,169.0,169.0,169.0,169.0,0.000,0.015,0.036,0.48285,-0.27893,5.034
37.400,169.0,169.0,169.0,169.0,0.000,0.015,0.036,0.48285,-0.27893,5.034
37.410,169.0,169.0,169.0,169.0,0.000,0.015,0.036,0.48285,-0.27893,5.034
37.420,169.0,169.0,169.0,169.0,0.000,0.015,0.036,0.48285,-0.27893,5.034
37.430,169.0,169.0,169.0,169.0,0.000,0.015,0.036,0.48285,-0.27893,5.034
37.440,169.0,169.0,169.0,169.0,0.000,0.015,0.036,0.48285,-0.27893,5.034
37.450,169.0,169.0,169.0,169.0,0.000,0.015,0.036,0.48285,-0.27893,5.034
37.460,169.0,169.0,169.0,169.0,0.000,0.015,0.036,0.48285,-0.27893,5.039
37.470,169.0,169.0,169.0,169.0,0.000,0.015,0.036,0.48285,-0.27893,5.039
37.480,169.0,169.0,169.0,169.0,0.000,0.015,0.036,0.48285,-0.27893,5.039
37.490,159.0,159.0,159.0,159.0,0.000,0.015,0.036,0.48285,-0.27893,5.039
37.500,169.0,169.0,169.0,169.0,0.000,0.015,0.036,0.48285,-0.27893,5.039
37.510,169.0,169.0,169.0,169.0,0.000,0.015,0.036,0.48285,-0.27893,5.039
37.520,169.0,169.0,169.0,169.0,0.000,0.015,0.036,0.48555,-0.27894,5.039
37.530,169.0,169.0,169.0,169.0,0.000,0.015,0.036,0.48555,-0.27894,5.039
37.540,169.0,169.0,169.0,169.0,0.000,0.015,0.036,0.48555,-0.27894,5.039
37.550,169.0,169.0,169.0,169.0,0.000,0.015,0.036,0.48555,-0.27894,5.039
37.560,169.0,169.0,169.0,169.0,0.000,0.015,0.036,0.48555,-0.27894,5.039
37.570,169.0,169.0,169.0,169.0,0.000,0.015,0.036,0.48555,-0.27894,5.039
37.580,169.0,169.0,169.0,169.0,0.000,0.015,0.036,0.48555,-0.27894,5.039
37.590,169.0,169.0,169.0,169.0,0.000,0.015,0.036,0.48555,-0.27894,5.039
37.600,169.0,169.0,169.0,169.0,0.000,0.015,0.036,0.48555,-0.27894,5.039
37.610,169.0,169.0,169.0,169.0,0.000,0.015,0.036,0.48555,-0.27894,5.039
37.620,169.0,169.0,169.0,169.0,0.000,0.015,0.036,0.48555,-0.27894,5.039
37.630,169.0,169.0,169.0,169.0,0.000,0.015,0.036,0.48555,-0.27894,5.039
37.640,169.0,169.0,169.0,169.0,0.000,0.015,0.036,0.48555,-0.27894,5.039
37.650,169.0,169.0,169.0,169.0,0.000,0.015,0.036,0.48555,-0.27894,5.039
37.660,169.0,169.0,169.0,169.0,0.000,0.015,0.036,0.48555,-0.27894,5.042
37.670,169.0,169.0,169.0,169.0,0.000,0.015,0.036,0.48555,-0.27894,5.042
37.680,169.0,169.0,169.0,169.0,0.000,0.015,0.036,0.48555,-0.27894,5.042
37.690,169.0,169.0,169.0,169.0,0.000,0.015,0.036,0.48555,-0.27894,5.042
37.700,169.0,169.0,169.0,169.0,0.000,0.015,0.036,0.48555,-0.27894,5.042
37.710,169.0,169.0,169.0,169.0,0.000,0.015,0.036,0.48555,-0.27894,5.042
37.720,169.0,169.0,169.0,169.0,0.000,0.015,0.036,0.48815,-0.27895,5.042
37.730,169.0,169.0,169.0,169.0,0.000,0.015,0.036,0.48815,-0.27895,5.042
37.740,169.0,169.0,169.0,169.0,0.000,0.015,0.036,0.48815,-0.27895,5.042
37.750,169.0,169.0,169.0,169.0,0.000,0.015,0.036,0.48815,-0.27895,5.042
37.760,169.0,169.0,169.0,169.0,0.000,0.015,0.036,0.48815,-0.27895,5.042
37.770,169.0,169.0,169.0,169.0,0.000,0.015,0.036,0.48815,-0.27895,5.042
37.780,169.0,169.0,169.0,169.0,0.000,0.015,0.036,0.48815,-0.27895,5.042
37.790,169.0,169.0,169.0,169.0,0.000,0.015,0.036,0.48815,-0.27895,5.042
37.800,169.0,169.0,169.0,169.0,0.000,0.015,0.036,0.48815,-0.27895,5.042
37.810,169.0,169.0,169.0,169.0,0.000,0.015,0.036,0.48815,-0.27895,5.042
37.820,169.0,169.0,169.0,169.0,0.000,0.015,0.036,0.48815,-0.27895,5.047
37.830,169.0,169.0,169.0,169.0,0.000,0.015,0.036,0.48815,-0.27895,5.047
37.840,159.0,159.0,159.0,159.0,0.000,0.015,0.036,0.48815,-0.27895,5.047
37.850,169.0,169.0,169.0,169.0,0.000,0.015,0.036,0.48815,-0.27895,5.047
37.860,169.0,169.0,169.0,169.0,0.000,0.015,0.036,0.48815,-0.27895,5.047
37.870,169.0,169.0,169.0,169.0,0.000,0.015,0.036,0.48815,-0.27895,5.047
37.880,169.0,169.0,169.0,169.0,0.000,0.015,0.036,0.48815,-0.27895,5.047
37.890,169.0,169.0,169.0,169.0,0.000,0.015,0.036,0.48815,-0.27895,5.047
37.900,169.0,169.0,169.0,169.0,0.000,0.015,0.036,0.48815,-0.27895,5.047
37.910,169.0,169.0,169.0,169.0,0.000,0.015,0.036,0.48815,-0.27895,5.047
37.920,169.0,169.0,169.0,169.0,0.000,0.015,0.036,0.48815,-0.27895,5.047
37.930,169.0,169.0,169.0,169.0,0.000,0.015,0.036,0.49090,-0.27896,5.047
37.940,169.0,169.0,169.0,169.0,0.000,0.015,0.036,0.49090,-0.27896,5.047
37.950,169.0,169.0,169.0,169.0,0.000,0.015,0.036,0.49090,-0.27896,5.047
37.960,169.0,169.0,169.0,169.0,0.000,0.015,0.036,0.49090,-0.27896,5.047
37.970,169.0,169.0,169.0,169.0,0.000,0.015,0.036,0.49090,-0.27896,5.047
37.980,169.0,169.0,169.0,169.0,0.000,0.015,0.036,0.49090,-0.27896,5.047
37.990,169.0,169.0,169.0,169.0,0.000,0.015,0.036,0.49090,-0.27896,5.052
38.000,169.0,169.0,169.0,169.0,0.000,0.015,0.036,0.49090,-0.27896,5.052
38.010,159.0,159.0,159.0,159.0,0.000,0.015,0.036,0.49090,-0.27896,5.052
38.020,169.0,169.0,169.0,169.0,0.000,0.015,0.036,0.49090,-0.27896,5.052
38.030,169.0,169.0,169.0,169.0,0.000,0.015,0.036,0.49090,-0.27896,5.052
38.040,169.0,169.0,169.0,169.0,0.000,0.015,0.036,0.49090,-0.27896,5.052
38.050,169.0,169.0,169.0,169.0,0.000,0.015,0.036,0.49090,-0.27896,5.052
38.060,169.0,169.0,169.0,169.0,0.000,0.015,0.036,0.49090,-0.27896,5.052
38.070,169.0,169.0,169.0,169.0,0.000,0.015,0.036,0.49090,-0.27896,5.052
38.080,169.0,169.0,169.0,169.0,0.000,0.015,0.036,0.49090,-0.27896,5.052
38.090,169.0,169.0,169.0,169.0,0.000,0.015,0.036,0.49090,-0.27896,5.052
38.100,169.0,169.0,169.0,169.0,0.000,0.015,0.036,0.49090,-0.27896,5.052
38.110,169.0,169.0,169.0,169.0,0.000,0.015,0.036,0.49090,-0.27896,5.052
38.120,169.0,169.0,169.0,169.0,0.000,0.015,0.036,0.49090,-0.27896,5.052
38.130,169.0,169.0,169.0,169.0,0.000,0.015,0.036,0.49354,-0.27897,5.052
38.140,169.0,169.0,169.0,169.0,0.000,0.015,0.036,0.49354,-0.27897,5.052
38.150,169.0,169.0,169.0,169.0,0.000,0.015,0.036,0.49354,-0.27897,5.052
38.160,169.0,169.0,169.0,169.0,0.000,0.015,0.036,0.49354,-0.27897,5.052
38.170,169.0,169.0,169.0,169.0,0.000,0.015,0.036,0.49354,-0.27897,5.052
38.180,169.0,169.0,169.0,169.0,0.000,0.015,0.036,0.49354,-0.27897,5.057
38.190,169.0,169.0,169.0,169.0,0.000,0.015,0.036,0.49354,-0.27897,5.057
38.200,169.0,169.0,169.0,169.0,0.000,0.015,0.036,0.49354,-0.27897,5.057
38.210,169.0,169.0,169.0,169.0,0.000,0.015,0.036,0.49354,-0.27897,5.057
38.220,169.0,169.0,169.0,169.0,0.000,0.015,0.036,0.49354,-0.27897,5.057
38.230,169.0,169.0,169.0,169.0,0.000,0.015,0.036,0.49354,-0.27897,5.057
38.240,169.0,169.0,169.0,169.0,0.000,0.015,0.036,0.49354,-0.27897,5.057
38.250,169.0,169.0,169.0,169.0,0.000,0.015,0.036,0.49354,-0.27897,5.057
38.260,169.0,169.0,169.0,169.0,0.000,0.015,0.036,0.49354,-0.27897,5.057
38.270,169.0,169.0,169.0,169.0,0.000,0.015,0.036,0.49354,-0.27897,5.057
38.280,169.0,169.0,169.0,169.0,0.000,0.015,0.036,0.49354,-0.27897,5.057
38.290,169.0,169.0,169.0,169.0,0.000,0.015,0.036,0.49354,-0.27897,5.057
38.300,169.0,169.0,169.0,169.0,0.000,0.015,0.036,0.49354,-0.27897,5.057
38.310,169.0,169.0,169.0,169.0,0.000,0.015,0.036,0.49354,-0.27897,5.057
38.320,169.0,169.0,169.0,169.0,0.000,0.015,0.036,0.49354,-0.27897,5.057
38.330,169.0,169.0,169.0,169.0,0.000,0.015,0.036,0.49354,-0.27897,5.057
38.340,169.0,169.0,169.0,169.0,0.000,0.015,0.036,0.49634,-0.27898,5.060
38.350,169.0,169.0,169.0,169.0,0.000,0.015,0.036,0.49634,-0.27898,5.060
38.360,163.0,163.0,163.0,163.0,0.000,0.015,0.036,0.49634,-0.27898,5.060
38.370,169.0,169.0,169.0,169.0,0.000,0.015,0.036,0.49634,-0.27898,5.060
38.380,169.0,169.0,169.0,169.0,0.000,0.015,0.036,0.49634,-0.27898,5.060
38.390,169.0,169.0,169.0,169.0,0.000,0.015,0.036,0.49634,-0.27898,5.060
38.400,169.0,169.0,169.0,169.0,0.000,0.015,0.036,0.49634,-0.27898,5.060
38.410,169.0,169.0,169.0,169.0,0.000,0.015,0.036,0.49634,-0.27898,5.060
38.420,169.0,169.0,169.0,169.0,0.000,0.015,0.036,0.49634,-0.27898,5.060
38.430,169.0,169.0,169.0,169.0,0.000,0.015,0.036,0.49634,-0.27898,5.060
38.440,169.0,169.0,169.0,169.0,0.000,0.015,0.036,0.49634,-0.27898,5.060
38.450,169.0,169.0,169.0,169.0,0.000,0.015,0.036,0.49634,-0.27898,5.060
38.460,169.0,169.0,169.0,169.0,0.000,0.015,0.036,0.49634,-0.27898,5.060
38.470,169.0,169.0,169.0,169.0,0.000,0.015,0.036,0.49634,-0.27898,5.060
38.480,169.0,169.0,169.0,169.0,0.000,0.015,0.036,0.49634,-0.27898,5.060
38.490,169.0,169.0,169.0,169.0,0.000,0.015,0.036,0.49634,-0.27898,5.060
38.500,169.0,169.0,169.0,169.0,0.000,0.015,0.036,0.49634,-0.27898,5.065
38.510,169.0,169.0,169.0,169.0,0.000,0.015,0.036,0.49634,-0.27898,5.065
38.520,159.0,159.0,159.0,159.0,0.000,0.015,0.036,0.49634,-0.27898,5.065
38.530,169.0,169.0,169.0,169.0,0.000,0.015,0.036,0.49634,-0.27898,5.065
38.540,169.0,169.0,169.0,169.0,0.000,0.015,0.036,0.49904,-0.27899,5.065
38.550,169.0,169.0,169.0,169.0,0.000,0.015,0.036,0.49904,-0.27899,5.065
38.560,169.0,169.0,169.0,169.0,0.000,0.015,0.036,0.49904,-0.27899,5.065
38.570,169.0,169.0,169.0,169.0,0.000,0.015,0.036,0.49904,-0.27899,5.065
38.580,169.0,169.0,169.0,169.0,0.000,0.015,0.036,0.49904,-0.27899,5.065
38.590,169.0,169.0,169.0,169.0,0.000,0.015,0.036,0.49904,-0.27899,5.065
38.600,169.0,169.0,169.0,169.0,0.000,0.015,0.036,0.49904,-0.27899,5.065
38.610,169.0,169.0,169.0,169.0,0.000,0.015,0.036,0.49904,-0.27899,5.065
38.620,169.0,169.0,169.0,169.0,0.000,0.015,0.036,0.49904,-0.27899,5.065
38.630,169.0,169.0,169.0,169.0,0.000,0.015,0.036,0.49904,-0.27899,5.065
38.640,169.0,169.0,169.0,169.0,0.000,0.015,0.036,0.49904,-0.27899,5.065
38.650,169.0,169.0,169.0,169.0,0.000,0.015,0.036,0.49904,-0.27899,5.065
38.660,169.0,169.0,169.0,169.0,0.000,0.015,0.036,0.49904,-0.27899,5.071
38.670,169.0,169.0,169.0,169.0,0.000,0.015,0.036,0.49904,-0.27899,5.071
38.680,169.0,169.0,169.0,169.0,0.000,0.015,0.036,0.49904,-0.27899,5.071
38.690,159.0,159.0,159.0,159.0,0.000,0.015,0.036,0.49904,-0.27899,5.071
38.700,169.0,169.0,169.0,169.0,0.000,0.015,0.036,0.49904,-0.27899,5.071
38.710,169.0,169.0,169.0,169.0,0.000,0.015,0.036,0.49904,-0.27899,5.071
38.720,169.0,169.0,169.0,169.0,0.000,0.015,0.036,0.49904,-0.27899,5.071
38.730,169.0,169.0,169.0,169.0,0.000,0.015,0.036,0.49904,-0.27899,5.071
38.740,169.0,169.0,169.0,169.0,0.000,0.015,0.036,0.49904,-0.27899,5.071
38.750,169.0,169.0,169.0,169.0,0.000,0.015,0.036,0.50188,-0.27900,5.071
38.760,169.0,169.0,169.0,169.0,0.000,0.015,0.036,0.50188,-0.27900,5.071
38.770,169.0,169.0,169.0,169.0,0.000,0.015,0.036,0.50188,-0.27900,5.071
38.780,169.0,169.0,169.0,169.0,0.000,0.015,0.036,0.50188,-0.27900,5.071
38.790,169.0,169.0,169.0,169.0,0.000,0.015,0.036,0.50188,-0.27900,5.071
38.800,169.0,169.0,169.0,169.0,0.000,0.015,0.036,0.50188,-0.27900,5.071
38.810,169.0,169.0,169.0,169.0,0.000,0.015,0.036,0.50188,-0.27900,5.071
38.820,169.0,169.0,169.0,169.0,0.000,0.015,0.036,0.50188,-0.27900,5.071
38.830,169.0,169.0,169.0,169.0,0.000,0.015,0.036,0.50188,-0.27900,5.071
38.840,169.0,169.0,169.0,169.0,0.000,0.015,0.036,0.50188,-0.27900,5.071
38.850,169.0,169.0,169.0,169.0,0.000,0.015,0.036,0.50188,-0.27900,5.076
38.860,169.0,169.0,169.0,169.0,0.000,0.015,0.036,0.50188,-0.27900,5.076
38.870,169.0,169.0,169.0,169.0,0.000,0.015,0.036,0.50188,-0.27900,5.076
38.880,169.0,169.0,169.0,169.0,0.000,0.015,0.036,0.50188,-0.27900,5.076
38.890,169.0,169.0,169.0,169.0,0.000,0.015,0.036,0.50188,-0.27900,5.076
38.900,169.0,169.0,169.0,169.0,0.000,0.015,0.036,0.50188,-0.27900,5.076
38.910,169.0,169.0,169.0,169.0,0.000,0.015,0.036,0.50188,-0.27900,5.076
38.920,169.0,169.0,169.0,169.0,0.000,0.015,0.036,0.50188,-0.27900,5.076
38.930,169.0,169.0,169.0,169.0,0.000,0.015,0.036,0.50188,-0.27900,5.076
38.940,169.0,169.0,169.0,169.0,0.000,0.015,0.036,0.50188,-0.27900,5.076
38.950,169.0,169.0,169.0,169.0,0.000,0.015,0.036,0.50462,-0.27900,5.076
38.960,169.0,169.0,169.0,169.0,0.000,0.015,0.036,0.50462,-0.27900,5.076
38.970,169.0,169.0,169.0,169.0,0.000,0.015,0.036,0.50462,-0.27900,5.076
38.980,169.0,169.0,169.0,169.0,0.000,0.015,0.036,0.50462,-0.27900,5.076
38.990,169.0,169.0,169.0,169.0,0.000,0.015,0.036,0.50462,-0.27900,5.076
39.000,169.0,169.0,169.0,169.0,0.000,0.015,0.036,0.50462,-0.27900,5.081
39.010,169.0,169.0,169.0,169.0,0.000,0.015,0.036,0.50462,-0.27900,5.081
39.020,158.0,158.0,158.0,158.0,0.000,0.015,0.036,0.50462,-0.27900,5.081
39.030,169.0,169.0,169.0,169.0,0.000,0.015,0.036,0.50462,-0.27900,5.081
39.040,168.0,168.0,168.0,168.0,0.000,0.015,0.036,0.50462,-0.27900,5.081
39.050,168.0,168.0,168.0,168.0,0.000,0.015,0.036,0.50462,-0.27900,5.081
39.060,168.0,168.0,168.0,168.0,0.000,0.015,0.036,0.50462,-0.27900,5.081
39.070,168.0,168.0,168.0,168.0,0.000,0.015,0.036,0.50462,-0.27900,5.081
39.080,168.0,168.0,168.0,168.0,0.000,0.015,0.036,0.50462,-0.27900,5.081
39.090,168.0,168.0,168.0,168.0,0.000,0.015,0.036,0.50462,-0.27900,5.081
39.100,168.0,168.0,168.0,168.0,0.000,0.015,0.036,0.50462,-0.27900,5.081
39.110,168.0,168.0,168.0,168.0,0.000,0.015,0.036,0.50462,-0.27900,5.081
39.120,168.0,168.0,168.0,168.0,0.000,0.015,0.036,0.50462,-0.27900,5.081
39.130,168.0,168.0,168.0,168.0,0.000,0.015,0.036,0.50462,-0.27900,5.081
39.140,168.0,168.0,168.0,168.0,0.000,0.015,0.036,0.50462,-0.27900,5.081
39.150,168.0,168.0,168.0,168.0,0.000,0.015,0.036,0.50462,-0.27900,5.081
39.160,168.0,168.0,168.0,168.0,0.000,0.015,0.036,0.50752,-0.27901,5.081
39.170,168.0,168.0,168.0,168.0,0.000,0.015,0.036,0.50752,-0.27901,5.081
39.180,168.0,168.0,168.0,168.0,0.000,0.015,0.036,0.50752,-0.27901,5.081
39.190,168.0,168.0,168.0,168.0,0.000,0.015,0.036,0.50752,-0.27901,5.081
39.200,168.0,168.0,168.0,168.0,0.000,0.016,0.036,0.50752,-0.27901,5.081
39.210,168.0,168.0,168.0,168.0,0.000,0.016,0.036,0.50752,-0.27901,5.081
39.220,168.0,168.0,168.0,168.0,0.000,0.016,0.036,0.50752,-0.27901,5.081
39.230,168.0,168.0,168.0,168.0,0.000,0.016,0.036,0.50752,-0.27901,5.084
39.240,168.0,168.0,168.0,168.0,0.000,0.016,0.036,0.50752,-0.27901,5.084
39.250,168.0,168.0,168.0,168.0,0.000,0.016,0.036,0.50752,-0.27901,5.084
39.260,168.0,168.0,168.0,168.0,0.000,0.016,0.036,0.50752,-0.27901,5.084
39.270,168.0,168.0,168.0,168.0,0.000,0.016,0.036,0.50752,-0.27901,5.084
39.280,168.0,168.0,168.0,168.0,0.000,0.016,0.036,0.50752,-0.27901,5.084
39.290,168.0,168.0,168.0,168.0,0.000,0.016,0.036,0.50752,-0.27901,5.084
39.300,168.0,168.0,168.0,168.0,0.000,0.016,0.036,0.50752,-0.27901,5.084
39.310,168.0,168.0,168.0,168.0,0.000,0.016,0.036,0.50752,-0.27901,5.084
39.320,168.0,168.0,168.0,168.0,0.000,0.016,0.036,0.50752,-0.27901,5.084
39.330,168.0,168.0,168.0,168.0,0.000,0.016,0.036,0.50752,-0.27901,5.084
39.340,168.0,168.0,168.0,168.0,0.000,0.016,0.036,0.50752,-0.27901,5.084
39.350,168.0,168.0,168.0,168.0,0.000,0.016,0.036,0.50752,-0.27901,5.084
39.360,168.0,168.0,168.0,168.0,0.000,0.016,0.036,0.51030,-0.27902,5.084
39.370,168.0,168.0,168.0,168.0,0.000,0.016,0.036,0.51030,-0.27902,5.084
39.380,168.0,168.0,168.0,168.0,0.000,0.016,0.036,0.51030,-0.27902,5.084
39.390,168.0,168.0,168.0,168.0,0.000,0.016,0.036,0.51030,-0.27902,5.084
39.400,168.0,168.0,168.0,168.0,0.000,0.016,0.036,0.51030,-0.27902,5.084
39.410,168.0,168.0,168.0,168.0,0.000,0.016,0.036,0.51030,-0.27902,5.084
39.420,168.0,168.0,168.0,168.0,0.000,0.016,0.036,0.51030,-0.27902,5.084
39.430,168.0,168.0,168.0,168.0,0.000,0.016,0.036,0.51030,-0.27902,5.084
39.440,168.0,168.0,168.0,168.0,0.000,0.016,0.036,0.51030,-0.27902,5.084
39.450,168.0,168.0,168.0,168.0,0.000,0.016,0.036,0.51030,-0.27902,5.084
39.460,168.0,168.0,168.0,168.0,0.000,0.016,0.036,0.51030,-0.27902,5.084
39.470,168.0,168.0,168.0,168.0,0.000,0.016,0.036,0.51030,-0.27902,5.084
39.480,168.0,168.0,168.0,168.0,0.000,0.016,0.036,0.51030,-0.27902,5.084
39.490,168.0,168.0,168.0,168.0,0.000,0.016,0.036,0.51030,-0.27902,5.084
39.500,168.0,168.0,168.0,168.0,0.000,0.016,0.036,0.51030,-0.27902,5.084
39.510,168.0,168.0,168.0,168.0,0.000,0.016,0.036,0.51030,-0.27902,5.084
39.520,168.0,168.0,168.0,168.0,0.000,0.016,0.036,0.51030,-0.27902,5.084
39.530,168.0,168.0,168.0,168.0,0.000,0.016,0.036,0.51030,-0.27902,5.084
39.540,168.0,168.0,168.0,168.0,0.000,0.016,0.036,0.51030,-0.27902,5.084
39.550,168.0,168.0,168.0,168.0,0.000,0.016,0.036,0.51030,-0.27902,5.084
39.560,168.0,168.0,168.0,168.0,0.000,0.016,0.036,0.51030,-0.27902,5.084
39.570,168.0,168.0,168.0,168.0,0.000,0.016,0.036,0.51325,-0.27903,5.084
39.580,168.0,168.0,168.0,168.0,0.000,0.016,0.036,0.51325,-0.27903,5.084
39.590,168.0,168.0,168.0,168.0,0.000,0.016,0.036,0.51325,-0.27903,5.084
39.600,168.0,168.0,168.0,168.0,0.000,0.016,0.036,0.51325,-0.27903,5.084
39.610,168.0,168.0,168.0,168.0,0.000,0.016,0.036,0.51325,-0.27903,5.084
39.620,168.0,168.0,168.0,168.0,0.000,0.016,0.036,0.51325,-0.27903,5.084
39.630,168.0,168.0,168.0,168.0,0.000,0.016,0.036,0.51325,-0.27903,5.084
39.640,168.0,168.0,168.0,168.0,0.000,0.016,0.036,0.51325,-0.27903,5.084
39.650,168.0,168.0,168.0,168.0,0.000,0.016,0.036,0.51325,-0.27903,5.084
39.660,168.0,168.0,168.0,168.0,0.000,0.016,0.036,0.51325,-0.27903,5.084
39.670,168.0,168.0,168.0,168.0,0.000,0.016,0.036,0.51325,-0.27903,5.084
39.680,168.0,168.0,168.0,168.0,0.000,0.016,0.036,0.51325,-0.27903,5.084
39.690,168.0,168.0,168.0,168.0,0.000,0.016,0.036,0.51325,-0.27903,5.084
39.700,168.0,168.0,168.0,168.0,0.000,0.016,0.036,0.51325,-0.27903,5.084
39.710,168.0,168.0,168.0,168.0,0.000,0.016,0.036,0.51325,-0.27903,5.084
39.720,168.0,168.0,168.0,168.0,0.000,0.016,0.036,0.51325,-0.27903,5.084
39.730,168.0,168.0,168.0,168.0,0.000,0.016,0.036,0.51325,-0.27903,5.084
39.740,168.0,168.0,168.0,168.0,0.000,0.016,0.036,0.51325,-0.27903,5.084
39.750,168.0,168.0,168.0,168.0,0.000,0.016,0.036,0.51325,-0.27903,5.084
39.760,168.0,168.0,168.0,168.0,0.000,0.016,0.036,0.51325,-0.27903,5.084
39.770,168.0,168.0,168.0,168.0,0.000,0.016,0.036,0.51325,-0.27903,5.084
39.780,168.0,168.0,168.0,168.0,0.000,0.016,0.036,0.51621,-0.27904,5.084
39.790,168.0,168.0,168.0,168.0,0.000,0.016,0.036,0.51621,-0.27904,5.084
39.800,168.0,168.0,168.0,168.0,0.000,0.016,0.036,0.51621,-0.27904,5.081
39.810,168.0,168.0,168.0,168.0,0.000,0.016,0.036,0.51621,-0.27904,5.081
39.820,168.0,168.0,168.0,168.0,0.000,0.016,0.036,0.51621,-0.27904,5.081
39.830,173.0,173.0,173.0,173.0,0.000,0.016,0.036,0.51621,-0.27904,5.081
39.840,173.0,173.0,173.0,173.0,0.000,0.016,0.036,0.51621,-0.27904,5.081
39.850,168.0,168.0,168.0,168.0,0.000,0.016,0.036,0.51621,-0.27904,5.081
39.860,168.0,168.0,168.0,168.0,0.000,0.016,0.036,0.51621,-0.27904,5.081
39.870,168.0,168.0,168.0,168.0,0.000,0.016,0.036,0.51621,-0.27904,5.081
39.880,168.0,168.0,168.0,168.0,0.000,0.016,0.036,0.51621,-0.27904,5.081
39.890,168.0,168.0,168.0,168.0,0.000,0.016,0.036,0.51621,-0.27904,5.081
39.900,168.0,168.0,168.0,168.0,0.000,0.016,0.036,0.51621,-0.27904,5.081
39.910,168.0,168.0,168.0,168.0,0.000,0.016,0.036,0.51621,-0.27904,5.081
39.920,168.0,168.0,168.0,168.0,0.000,0.016,0.036,0.51621,-0.27904,5.081
39.930,168.0,168.0,168.0,168.0,0.000,0.016,0.036,0.51621,-0.27904,5.081
39.940,168.0,168.0,168.0,168.0,0.000,0.016,0.036,0.51621,-0.27904,5.081
39.950,168.0,168.0,168.0,168.0,0.000,0.016,0.036,0.51621,-0.27904,5.081
39.960,168.0,168.0,168.0,168.0,0.000,0.016,0.036,0.51621,-0.27904,5.081
39.970,168.0,168.0,168.0,168.0,0.000,0.016,0.036,0.51621,-0.27904,5.081
39.980,168.0,168.0,168.0,168.0,0.000,0.016,0.036,0.51907,-0.27905,5.081
39.990,168.0,168.0,168.0,168.0,0.000,0.016,0.036,0.51907,-0.27905,5.081
40.000,168.0,168.0,168.0,168.0,0.000,0.016,0.036,0.51907,-0.27905,5.081
40.010,168.0,168.0,168.0,168.0,0.000,0.016,0.036,0.51907,-0.27905,5.081
40.020,168.0,168.0,168.0,168.0,0.000,0.016,0.036,0.51907,-0.27905,5.081
40.030,168.0,168.0,168.0,168.0,0.000,0.016,0.036,0.51907,-0.27905,5.081
40.040,168.0,168.0,168.0,168.0,0.000,0.016,0.036,0.51907,-0.27905,5.081
40.050,168.0,168.0,168.0,168.0,0.000,0.016,0.036,0.51907,-0.27905,5.081
40.060,168.0,168.0,168.0,168.0,0.000,0.016,0.036,0.51907,-0.27905,5.081
40.070,168.0,168.0,168.0,168.0,0.000,0.016,0.036,0.51907,-0.27905,5.081
40.080,168.0,168.0,168.0,168.0,0.000,0.016,0.036,0.51907,-0.27905,5.081
40.090,168.0,168.0,168.0,168.0,0.000,0.016,0.036,0.51907,-0.27905,5.081
40.100,168.0,168.0,168.0,168.0,0.000,0.016,0.036,0.51907,-0.27905,5.081
40.110,168.0,168.0,168.0,168.0,0.000,0.016,0.036,0.51907,-0.27905,5.081
40.120,168.0,168.0,168.0,168.0,0.000,0.016,0.036,0.51907,-0.27905,5.081
40.130,168.0,168.0,168.0,168.0,0.000,0.016,0.036,0.51907,-0.27905,5.076
40.140,168.0,168.0,168.0,168.0,0.000,0.016,0.036,0.51907,-0.27905,5.076
40.150,168.0,168.0,168.0,168.0,0.000,0.016,0.036,0.51907,-0.27905,5.076
40.160,168.0,168.0,168.0,168.0,0.000,0.016,0.036,0.51907,-0.27905,5.076
40.170,168.0,168.0,168.0,168.0,0.000,0.016,0.036,0.51907,-0.27905,5.076
40.180,168.0,168.0,168.0,168.0,0.000,0.016,0.036,0.51907,-0.27905,5.076
40.190,168.0,168.0,168.0,168.0,0.000,0.016,0.036,0.52208,-0.27906,5.076
40.200,168.0,168.0,168.0,168.0,0.000,0.016,0.036,0.52208,-0.27906,5.076
40.210,168.0,168.0,168.0,168.0,0.000,0.016,0.036,0.52208,-0.27906,5.076
40.220,168.0,168.0,168.0,168.0,0.000,0.016,0.036,0.52208,-0.27906,5.076
40.230,168.0,168.0,168.0,168.0,0.000,0.016,0.036,0.52208,-0.27906,5.076
40.240,168.0,168.0,168.0,168.0,0.000,0.016,0.036,0.52208,-0.27906,5.076
40.250,168.0,168.0,168.0,168.0,0.000,0.016,0.036,0.52208,-0.27906,5.076
40.260,168.0,168.0,168.0,168.0,0.000,0.016,0.036,0.52208,-0.27906,5.076
40.270,168.0,168.0,168.0,168.0,0.000,0.016,0.036,0.52208,-0.27906,5.076
40.280,168.0,168.0,168.0,168.0,0.000,0.016,0.036,0.52208,-0.27906,5.076
40.290,168.0,168.0,168.0,168.0,0.000,0.016,0.036,0.52208,-0.27906,5.076
40.300,168.0,168.0,168.0,168.0,0.000,0.016,0.036,0.52208,-0.27906,5.076
40.310,168.0,168.0,168.0,168.0,0.000,0.016,0.036,0.52208,-0.27906,5.076
40.320,168.0,168.0,168.0,168.0,0.000,0.016,0.036,0.52208,-0.27906,5.071
40.330,168.0,168.0,168.0,168.0,0.000,0.016,0.036,0.52208,-0.27906,5.071
40.340,168.0,168.0,168.0,168.0,0.000,0.016,0.036,0.52208,-0.27906,5.071
40.350,168.0,168.0,168.0,168.0,0.000,0.016,0.036,0.52208,-0.27906,5.071
40.360,168.0,168.0,168.0,168.0,0.000,0.016,0.036,0.52208,-0.27906,5.071
40.370,168.0,168.0,168.0,168.0,0.000,0.016,0.036,0.52208,-0.27906,5.071
40.380,168.0,168.0,168.0,168.0,0.000,0.016,0.036,0.52208,-0.27906,5.071
40.390,168.0,168.0,168.0,168.0,0.000,0.016,0.036,0.52498,-0.27907,5.071
40.400,168.0,168.0,168.0,168.0,0.000,0.016,0.036,0.52498,-0.27907,5.071
40.410,168.0,168.0,168.0,168.0,0.000,0.016,0.036,0.52498,-0.27907,5.071
40.420,168.0,168.0,168.0,168.0,0.000,0.016,0.036,0.52498,-0.27907,5.071
40.430,168.0,168.0,168.0,168.0,0.000,0.016,0.036,0.52498,-0.27907,5.071
40.440,168.0,168.0,168.0,168.0,0.000,0.016,0.036,0.52498,-0.27907,5.071
40.450,168.0,168.0,168.0,168.0,0.000,0.016,0.036,0.52498,-0.27907,5.071
40.460,168.0,168.0,168.0,168.0,0.000,0.016,0.036,0.52498,-0.27907,5.065
40.470,168.0,168.0,168.0,168.0,0.000,0.016,0.036,0.52498,-0.27907,5.065
40.480,168.0,168.0,168.0,168.0,0.000,0.016,0.036,0.52498,-0.27907,5.065
40.490,168.0,168.0,168.0,168.0,0.000,0.016,0.036,0.52498,-0.27907,5.065
40.500,168.0,168.0,168.0,168.0,0.000,0.016,0.036,0.52498,-0.27907,5.065
40.510,168.0,168.0,168.0,168.0,0.000,0.016,0.036,0.52498,-0.27907,5.065
40.520,168.0,168.0,168.0,168.0,0.000,0.016,0.036,0.52498,-0.27907,5.065
40.530,168.0,168.0,168.0,168.0,0.000,0.016,0.036,0.52498,-0.27907,5.065
40.540,168.0,168.0,168.0,168.0,0.000,0.016,0.036,0.52498,-0.27907,5.065
40.550,168.0,168.0,168.0,168.0,0.000,0.016,0.036,0.52498,-0.27907,5.065
40.560,168.0,168.0,168.0,168.0,0.000,0.016,0.036,0.52498,-0.27907,5.065
40.570,168.0,168.0,168.0,168.0,0.000,0.016,0.036,0.52498,-0.27907,5.065
40.580,168.0,168.0,168.0,168.0,0.000,0.016,0.036,0.52498,-0.27907,5.060
40.590,168.0,168.0,168.0,168.0,0.000,0.016,0.036,0.52498,-0.27907,5.060
40.600,168.0,168.0,168.0,168.0,0.000,0.016,0.036,0.52804,-0.27908,5.060
40.610,168.0,168.0,168.0,168.0,0.000,0.016,0.036,0.52804,-0.27908,5.060
40.620,168.0,168.0,168.0,168.0,0.000,0.016,0.036,0.52804,-0.27908,5.060
40.630,168.0,168.0,168.0,168.0,0.000,0.016,0.036,0.52804,-0.27908,5.060
40.640,168.0,168.0,168.0,168.0,0.000,0.016,0.036,0.52804,-0.27908,5.060
40.650,168.0,168.0,168.0,168.0,0.000,0.016,0.036,0.52804,-0.27908,5.060
40.660,168.0,168.0,168.0,168.0,0.000,0.016,0.036,0.52804,-0.27908,5.060
40.670,168.0,168.0,168.0,168.0,0.000,0.016,0.036,0.52804,-0.27908,5.060
40.680,168.0,168.0,168.0,168.0,0.000,0.016,0.036,0.52804,-0.27908,5.060
40.690,168.0,168.0,168.0,168.0,0.000,0.016,0.036,0.52804,-0.27908,5.057
40.700,168.0,168.0,168.0,168.0,0.000,0.016,0.036,0.52804,-0.27908,5.057
40.710,173.0,173.0,173.0,173.0,0.000,0.016,0.036,0.52804,-0.27908,5.057
40.720,168.0,168.0,168.0,168.0,0.000,0.016,0.036,0.52804,-0.27908,5.057
40.730,168.0,168.0,168.0,168.0,0.000,0.016,0.036,0.52804,-0.27908,5.057
40.740,168.0,168.0,168.0,168.0,0.000,0.016,0.036,0.52804,-0.27908,5.057
40.750,168.0,168.0,168.0,168.0,0.000,0.016,0.036,0.52804,-0.27908,5.057
40.760,168.0,168.0,168.0,168.0,0.000,0.016,0.036,0.52804,-0.27908,5.057
40.770,168.0,168.0,168.0,168.0,0.000,0.016,0.036,0.52804,-0.27908,5.057
40.780,168.0,168.0,168.0,168.0,0.000,0.016,0.036,0.52804,-0.27908,5.057
40.790,168.0,168.0,168.0,168.0,0.000,0.016,0.036,0.52804,-0.27908,5.057
40.800,168.0,168.0,168.0,168.0,0.000,0.016,0.036,0.53099,-0.27909,5.052
40.810,168.0,168.0,168.0,168.0,0.000,0.016,0.036,0.53099,-0.27909,5.052
40.820,168.0,168.0,168.0,168.0,0.000,0.016,0.036,0.53099,-0.27909,5.052
40.830,168.0,168.0,168.0,168.0,0.000,0.016,0.036,0.53099,-0.27909,5.052
40.840,168.0,168.0,168.0,168.0,0.000,0.016,0.036,0.53099,-0.27909,5.052
40.850,168.0,168.0,168.0,168.0,0.000,0.016,0.036,0.53099,-0.27909,5.052
40.860,168.0,168.0,168.0,168.0,0.000,0.016,0.036,0.53099,-0.27909,5.052
40.870,168.0,168.0,168.0,168.0,0.000,0.016,0.036,0.53099,-0.27909,5.052
40.880,168.0,168.0,168.0,168.0,0.000,0.016,0.036,0.53099,-0.27909,5.052
40.890,168.0,168.0,168.0,168.0,0.000,0.016,0.036,0.53099,-0.27909,5.047
40.900,168.0,168.0,168.0,168.0,0.000,0.016,0.036,0.53099,-0.27909,5.047
40.910,177.0,177.0,177.0,177.0,0.000,0.016,0.036,0.53099,-0.27909,5.047
40.920,168.0,168.0,168.0,168.0,0.000,0.016,0.036,0.53099,-0.27909,5.047
40.930,168.0,168.0,168.0,168.0,0.000,0.016,0.036,0.53099,-0.27909,5.047
40.940,168.0,168.0,168.0,168.0,0.000,0.016,0.036,0.53099,-0.27909,5.047
40.950,168.0,168.0,168.0,168.0,0.000,0.016,0.036,0.53099,-0.27909,5.047
40.960,168.0,168.0,168.0,168.0,0.000,0.016,0.036,0.53099,-0.27909,5.047
40.970,168.0,168.0,168.0,168.0,0.000,0.016,0.036,0.53099,-0.27909,5.047
40.980,168.0,168.0,168.0,168.0,0.000,0.016,0.036,0.53099,-0.27909,5.047
40.990,168.0,168.0,168.0,168.0,0.000,0.016,0.036,0.53099,-0.27909,5.047
41.000,168.0,168.0,168.0,168.0,0.000,0.016,0.036,0.53099,-0.27909,5.042
41.010,168.0,168.0,168.0,168.0,0.000,0.016,0.036,0.53410,-0.27910,5.042
41.020,168.0,168.0,168.0,168.0,0.000,0.016,0.036,0.53410,-0.27910,5.042
41.030,169.0,169.0,169.0,169.0,0.000,0.016,0.036,0.53410,-0.27910,5.042
41.040,169.0,169.0,169.0,169.0,0.000,0.016,0.036,0.53410,-0.27910,5.042
41.050,168.0,168.0,168.0,168.0,0.000,0.016,0.036,0.53410,-0.27910,5.042
41.060,168.0,168.0,168.0,168.0,0.000,0.016,0.036,0.53410,-0.27910,5.042
41.070,168.0,168.0,168.0,168.0,0.000,0.016,0.036,0.53410,-0.27910,5.042
41.080,168.0,168.0,168.0,168.0,0.000,0.016,0.036,0.53410,-0.27910,5.042
41.090,168.0,168.0,168.0,168.0,0.000,0.016,0.036,0.53410,-0.27910,5.039
41.100,168.0,168.0,168.0,168.0,0.000,0.016,0.036,0.53410,-0.27910,5.039
41.110,169.0,169.0,169.0,169.0,0.000,0.016,0.036,0.53410,-0.27910,5.039
41.120,169.0,169.0,169.0,169.0,0.000,0.016,0.036,0.53410,-0.27910,5.039
41.130,169.0,169.0,169.0,169.0,0.000,0.016,0.036,0.53410,-0.27910,5.039
41.140,169.0,169.0,169.0,169.0,0.000,0.016,0.036,0.53410,-0.27910,5.039
41.150,169.0,169.0,169.0,169.0,0.000,0.016,0.036,0.53410,-0.27910,5.039
41.160,169.0,169.0,169.0,169.0,0.000,0.016,0.036,0.53410,-0.27910,5.039
41.170,169.0,169.0,169.0,169.0,0.000,0.016,0.036,0.53410,-0.27910,5.039
41.180,169.0,169.0,169.0,169.0,0.000,0.016,0.036,0.53410,-0.27910,5.039
41.190,169.0,169.0,169.0,169.0,0.000,0.016,0.036,0.53410,-0.27910,5.034
41.200,169.0,169.0,169.0,169.0,0.000,0.016,0.036,0.53410,-0.27910,5.034
41.210,169.0,169.0,169.0,169.0,0.000,0.016,0.036,0.53709,-0.27911,5.034
41.220,169.0,169.0,169.0,169.0,0.000,0.016,0.036,0.53709,-0.27911,5.034
41.230,169.0,169.0,169.0,169.0,0.000,0.016,0.036,0.53709,-0.27911,5.034
41.240,169.0,169.0,169.0,169.0,0.000,0.016,0.036,0.53709,-0.27911,5.034
41.250,169.0,169.0,169.0,169.0,0.000,0.016,0.036,0.53709,-0.27911,5.034
41.260,169.0,169.0,169.0,169.0,0.000,0.016,0.036,0.53709,-0.27911,5.034
41.270,169.0,169.0,169.0,169.0,0.000,0.017,0.036,0.53709,-0.27911,5.034
41.280,169.0,169.0,169.0,169.0,0.000,0.017,0.036,0.53709,-0.27911,5.034
41.290,169.0,169.0,169.0,169.0,0.000,0.017,0.036,0.53709,-0.27911,5.034
41.300,169.0,169.0,169.0,169.0,0.000,0.017,0.036,0.53709,-0.27911,5.028
41.310,169.0,169.0,169.0,169.0,0.000,0.017,0.036,0.53709,-0.27911,5.028
41.320,169.0,169.0,169.0,169.0,0.000,0.017,0.036,0.53709,-0.27911,5.028
41.330,169.0,169.0,169.0,169.0,0.000,0.017,0.036,0.53709,-0.27911,5.028
41.340,169.0,169.0,169.0,169.0,0.000,0.017,0.036,0.53709,-0.27911,5.028
41.350,169.0,169.0,169.0,169.0,0.000,0.017,0.036,0.53709,-0.27911,5.028
41.360,169.0,169.0,169.0,169.0,0.000,0.017,0.036,0.53709,-0.27911,5.028
41.370,169.0,169.0,169.0,169.0,0.000,0.017,0.036,0.53709,-0.27911,5.028
41.380,169.0,169.0,169.0,169.0,0.000,0.017,0.036,0.53709,-0.27911,5.028
41.390,169.0,169.0,169.0,169.0,0.000,0.017,0.036,0.53709,-0.27911,5.028
41.400,169.0,169.0,169.0,169.0,0.000,0.017,0.036,0.53709,-0.27911,5.028
41.410,169.0,169.0,169.0,169.0,0.000,0.017,0.036,0.53709,-0.27911,5.028
41.420,169.0,169.0,169.0,169.0,0.000,0.017,0.036,0.54025,-0.27912,5.023
41.430,169.0,169.0,169.0,169.0,0.000,0.017,0.036,0.54025,-0.27912,5.023
41.440,169.0,169.0,169.0,169.0,0.000,0.017,0.036,0.54025,-0.27912,5.023
41.450,169.0,169.0,169.0,169.0,0.000,0.017,0.036,0.54025,-0.27912,5.023
41.460,169.0,169.0,169.0,169.0,0.000,0.017,0.036,0.54025,-0.27912,5.023
41.470,169.0,169.0,169.0,169.0,0.000,0.017,0.036,0.54025,-0.27912,5.023
41.480,169.0,169.0,169.0,169.0,0.000,0.017,0.036,0.54025,-0.27912,5.023
41.490,169.0,169.0,169.0,169.0,0.000,0.017,0.036,0.54025,-0.27912,5.023
41.500,169.0,169.0,169.0,169.0,0.000,0.017,0.036,0.54025,-0.27912,5.023
41.510,169.0,169.0,169.0,169.0,0.000,0.017,0.036,0.54025,-0.27912,5.023
41.520,169.0,169.0,169.0,169.0,0.000,0.017,0.036,0.54025,-0.27912,5.023
41.530,169.0,169.0,169.0,169.0,0.000,0.017,0.036,0.54025,-0.27912,5.023
41.540,169.0,169.0,169.0,169.0,0.000,0.017,0.036,0.54025,-0.27912,5.023
41.550,169.0,169.0,169.0,169.0,0.000,0.017,0.036,0.54025,-0.27912,5.023
41.560,169.0,169.0,169.0,169.0,0.000,0.017,0.036,0.54025,-0.27912,5.023
41.570,169.0,169.0,169.0,169.0,0.000,0.017,0.036,0.54025,-0.27912,5.018
41.580,169.0,169.0,169.0,169.0,0.000,0.017,0.036,0.54025,-0.27912,5.018
41.590,178.0,178.0,178.0,178.0,0.000,0.017,0.036,0.54025,-0.27912,5.018
41.600,169.0,169.0,169.0,169.0,0.000,0.017,0.036,0.54025,-0.27912,5.018
41.610,169.0,169.0,169.0,169.0,0.000,0.017,0.036,0.54025,-0.27912,5.018
41.620,169.0,169.0,169.0,169.0,0.000,0.017,0.036,0.54329,-0.27913,5.018
41.630,169.0,169.0,169.0,169.0,0.000,0.017,0.036,0.54329,-0.27913,5.018
41.640,169.0,169.0,169.0,169.0,0.000,0.017,0.036,0.54329,-0.27913,5.018
41.650,169.0,169.0,169.0,169.0,0.000,0.017,0.036,0.54329,-0.27913,5.018
41.660,169.0,169.0,169.0,169.0,0.000,0.017,0.036,0.54329,-0.27913,5.018
41.670,169.0,169.0,169.0,169.0,0.000,0.017,0.036,0.54329,-0.27913,5.018
41.680,169.0,169.0,169.0,169.0,0.000,0.017,0.036,0.54329,-0.27913,5.018
41.690,169.0,169.0,169.0,169.0,0.000,0.017,0.036,0.54329,-0.27913,5.018
41.700,169.0,169.0,169.0,169.0,0.000,0.017,0.036,0.54329,-0.27913,5.018
41.710,169.0,169.0,169.0,169.0,0.000,0.017,0.036,0.54329,-0.27913,5.018
41.720,169.0,169.0,169.0,169.0,0.000,0.017,0.036,0.54329,-0.27913,5.018
41.730,169.0,169.0,169.0,169.0,0.000,0.017,0.036,0.54329,-0.27913,5.018
41.740,169.0,169.0,169.0,169.0,0.000,0.017,0.036,0.54329,-0.27913,5.018
41.750,169.0,169.0,169.0,169.0,0.000,0.017,0.036,0.54329,-0.27913,5.018
41.760,169.0,169.0,169.0,169.0,0.000,0.017,0.036,0.54329,-0.27913,5.018
41.770,169.0,169.0,169.0,169.0,0.000,0.017,0.036,0.54329,-0.27913,5.018
41.780,169.0,169.0,169.0,169.0,0.000,0.017,0.036,0.54329,-0.27913,5.018
41.790,169.0,169.0,169.0,169.0,0.000,0.017,0.036,0.54329,-0.27913,5.018
41.800,169.0,169.0,169.0,169.0,0.000,0.017,0.036,0.54329,-0.27913,5.018
41.810,169.0,169.0,169.0,169.0,0.000,0.017,0.036,0.54329,-0.27913,5.018
41.820,169.0,169.0,169.0,169.0,0.000,0.017,0.036,0.54329,-0.27913,5.018
41.830,169.0,169.0,169.0,169.0,0.000,0.017,0.036,0.54650,-0.27914,5.018
41.840,169.0,169.0,169.0,169.0,0.000,0.017,0.036,0.54650,-0.27914,5.018
41.850,169.0,169.0,169.0,169.0,0.000,0.017,0.036,0.54650,-0.27914,5.018
41.860,169.0,169.0,169.0,169.0,0.000,0.017,0.036,0.54650,-0.27914,5.018
41.870,169.0,169.0,169.0,169.0,0.000,0.017,0.036,0.54650,-0.27914,5.018
41.880,169.0,169.0,169.0,169.0,0.000,0.017,0.036,0.54650,-0.27914,5.018
41.890,169.0,169.0,169.0,169.0,0.000,0.017,0.036,0.54650,-0.27914,5.015
41.900,169.0,169.0,169.0,169.0,0.000,0.017,0.036,0.54650,-0.27914,5.015
41.910,173.0,173.0,173.0,173.0,0.000,0.017,0.036,0.54650,-0.27914,5.015
41.920,169.0,169.0,169.0,169.0,0.000,0.017,0.036,0.54650,-0.27914,5.015
41.930,169.0,169.0,169.0,169.0,0.000,0.017,0.036,0.54650,-0.27914,5.015
41.940,169.0,169.0,169.0,169.0,0.000,0.017,0.036,0.54650,-0.27914,5.015
41.950,169.0,169.0,169.0,169.0,0.000,0.017,0.036,0.54650,-0.27914,5.015
41.960,169.0,169.0,169.0,169.0,0.000,0.017,0.036,0.54650,-0.27914,5.015
41.970,169.0,169.0,169.0,169.0,0.000,0.017,0.036,0.54650,-0.27914,5.015
41.980,169.0,169.0,169.0,169.0,0.000,0.017,0.036,0.54650,-0.27914,5.015
41.990,169.0,169.0,169.0,169.0,0.000,0.017,0.036,0.54650,-0.27914,5.015
42.000,169.0,169.0,169.0,169.0,0.000,0.017,0.036,0.54650,-0.27914,5.015
42.010,169.0,169.0,169.0,169.0,0.000,0.017,0.036,0.54650,-0.27914,5.015
42.020,169.0,169.0,169.0,169.0,0.000,0.017,0.036,0.54650,-0.27914,5.015
42.030,169.0,169.0,169.0,169.0,0.000,0.017,0.036,0.54958,-0.27915,5.015
42.040,169.0,169.0,169.0,169.0,0.000,0.017,0.036,0.54958,-0.27915,5.015
42.050,169.0,169.0,169.0,169.0,0.000,0.017,0.036,0.54958,-0.27915,5.015
42.060,169.0,169.0,169.0,169.0,0.000,0.017,0.036,0.54958,-0.27915,5.015
42.070,169.0,169.0,169.0,169.0,0.000,0.017,0.036,0.54958,-0.27915,5.015
42.080,169.0,169.0,169.0,169.0,0.000,0.017,0.036,0.54958,-0.27915,5.015
42.090,169.0,169.0,169.0,169.0,0.000,0.017,0.036,0.54958,-0.27915,5.015
42.100,169.0,169.0,169.0,169.0,0.000,0.017,0.036,0.54958,-0.27915,5.015
42.110,169.0,169.0,169.0,169.0,0.000,0.017,0.036,0.54958,-0.27915,5.015
42.120,169.0,169.0,169.0,169.0,0.000,0.017,0.036,0.54958,-0.27915,5.018
42.130,169.0,169.0,169.0,169.0,0.000,0.017,0.036,0.54958,-0.27915,5.018
42.140,169.0,169.0,169.0,169.0,0.000,0.017,0.036,0.54958,-0.27915,5.018
42.150,163.0,163.0,163.0,163.0,0.000,0.017,0.036,0.54958,-0.27915,5.018
42.160,169.0,169.0,169.0,169.0,0.000,0.017,0.036,0.54958,-0.27915,5.018
42.170,169.0,169.0,169.0,169.0,0.000,0.017,0.036,0.54958,-0.27915,5.018
42.180,169.0,169.0,169.0,169.0,0.000,0.017,0.036,0.54958,-0.27915,5.018
42.190,169.0,169.0,169.0,169.0,0.000,0.017,0.036,0.54958,-0.27915,5.018
42.200,169.0,169.0,169.0,169.0,0.000,0.017,0.036,0.54958,-0.27915,5.018
42.210,169.0,169.0,169.0,169.0,0.000,0.017,0.036,0.54958,-0.27915,5.018
42.220,169.0,169.0,169.0,169.0,0.000,0.017,0.036,0.54958,-0.27915,5.018
42.230,169.0,169.0,169.0,169.0,0.000,0.017,0.036,0.54958,-0.27915,5.018
42.240,169.0,169.0,169.0,169.0,0.000,0.017,0.036,0.55285,-0.27916,5.018
42.250,169.0,169.0,169.0,169.0,0.000,0.017,0.036,0.55285,-0.27916,5.018
42.260,169.0,169.0,169.0,169.0,0.000,0.017,0.036,0.55285,-0.27916,5.018
42.270,169.0,169.0,169.0,169.0,0.000,0.017,0.036,0.55285,-0.27916,5.018
42.280,169.0,169.0,169.0,169.0,0.000,0.017,0.036,0.55285,-0.27916,5.018
42.290,169.0,169.0,169.0,169.0,0.000,0.017,0.036,0.55285,-0.27916,5.018
42.300,169.0,169.0,169.0,169.0,0.000,0.017,0.036,0.55285,-0.27916,5.018
42.310,169.0,169.0,169.0,169.0,0.000,0.017,0.036,0.55285,-0.27916,5.018
42.320,169.0,169.0,169.0,169.0,0.000,0.017,0.036,0.55285,-0.27916,5.018
42.330,169.0,169.0,169.0,169.0,0.000,0.017,0.036,0.55285,-0.27916,5.018
42.340,169.0,169.0,169.0,169.0,0.000,0.017,0.036,0.55285,-0.27916,5.018
42.350,169.0,169.0,169.0,169.0,0.000,0.017,0.036,0.55285,-0.27916,5.018
42.360,169.0,169.0,169.0,169.0,0.000,0.017,0.036,0.55285,-0.27916,5.018
42.370,169.0,169.0,169.0,169.0,0.000,0.017,0.036,0.55285,-0.27916,5.018
42.380,169.0,169.0,169.0,169.0,0.000,0.017,0.036,0.55285,-0.27916,5.018
42.390,169.0,169.0,169.0,169.0,0.000,0.017,0.036,0.55285,-0.27916,5.018
42.400,169.0,169.0,169.0,169.0,0.000,0.017,0.036,0.55285,-0.27916,5.018
42.410,169.0,169.0,169.0,169.0,0.000,0.017,0.036,0.55285,-0.27916,5.018
42.420,169.0,169.0,169.0,169.0,0.000,0.017,0.036,0.55285,-0.27916,5.018
42.430,169.0,169.0,169.0,169.0,0.000,0.017,0.036,0.55285,-0.27916,5.018
42.440,169.0,169.0,169.0,169.0,0.000,0.017,0.036,0.55285,-0.27916,5.018
42.450,169.0,169.0,169.0,169.0,0.000,0.017,0.036,0.55614,-0.27917,5.018
42.460,169.0,169.0,169.0,169.0,0.000,0.017,0.036,0.55614,-0.27917,5.018
42.470,169.0,169.0,169.0,169.0,0.000,0.017,0.036,0.55614,-0.27917,5.018
42.480,169.0,169.0,169.0,169.0,0.000,0.017,0.036,0.55614,-0.27917,5.018
42.490,169.0,169.0,169.0,169.0,0.000,0.017,0.036,0.55614,-0.27917,5.018
42.500,169.0,169.0,169.0,169.0,0.000,0.017,0.036,0.55614,-0.27917,5.018
42.510,169.0,169.0,169.0,169.0,0.000,0.017,0.036,0.55614,-0.27917,5.018
42.520,169.0,169.0,169.0,169.0,0.000,0.017,0.036,0.55614,-0.27917,5.018
42.530,169.0,169.0,169.0,169.0,0.000,0.017,0.036,0.55614,-0.27917,5.018
42.540,169.0,169.0,169.0,169.0,0.000,0.017,0.036,0.55614,-0.27917,5.018
42.550,169.0,169.0,169.0,169.0,0.000,0.017,0.036,0.55614,-0.27917,5.018
42.560,169.0,169.0,169.0,169.0,0.000,0.017,0.036,0.55614,-0.27917,5.018
42.570,169.0,169.0,169.0,169.0,0.000,0.017,0.036,0.55614,-0.27917,5.018
42.580,169.0,169.0,169.0,169.0,0.000,0.017,0.036,0.55614,-0.27917,5.018
42.590,169.0,169.0,169.0,169.0,0.000,0.017,0.036,0.55614,-0.27917,5.018
42.600,169.0,169.0,169.0,169.0,0.000,0.017,0.036,0.55614,-0.27917,5.018
42.610,169.0,169.0,169.0,169.0,0.000,0.017,0.036,0.55614,-0.27917,5.018
42.620,169.0,169.0,169.0,169.0,0.000,0.017,0.036,0.55614,-0.27917,5.023
42.630,169.0,169.0,169.0,169.0,0.000,0.017,0.036,0.55614,-0.27917,5.023
42.640,169.0,169.0,169.0,169.0,0.000,0.017,0.036,0.55614,-0.27917,5.023
42.650,169.0,169.0,169.0,169.0,0.000,0.017,0.036,0.55929,-0.27918,5.023
42.660,169.0,169.0,169.0,169.0,0.000,0.017,0.036,0.55929,-0.27918,5.023
42.670,169.0,169.0,169.0,169.0,0.000,0.017,0.036,0.55929,-0.27918,5.023
42.680,169.0,169.0,169.0,169.0,0.000,0.017,0.036,0.55929,-0.27918,5.023
42.690,169.0,169.0,169.0,169.0,0.000,0.017,0.036,0.55929,-0.27918,5.023
42.700,169.0,169.0,169.0,169.0,0.000,0.017,0.036,0.55929,-0.27918,5.023
42.710,169.0,169.0,169.0,169.0,0.000,0.017,0.036,0.55929,-0.27918,5.023
42.720,169.0,169.0,169.0,169.0,0.000,0.017,0.036,0.55929,-0.27918,5.023
42.730,169.0,169.0,169.0,169.0,0.000,0.017,0.036,0.55929,-0.27918,5.023
42.740,169.0,169.0,169.0,169.0,0.000,0.017,0.036,0.55929,-0.27918,5.023
42.750,169.0,169.0,169.0,169.0,0.000,0.017,0.036,0.55929,-0.27918,5.023
42.760,169.0,169.0,169.0,169.0,0.000,0.017,0.036,0.55929,-0.27918,5.023
42.770,169.0,169.0,169.0,169.0,0.000,0.017,0.036,0.55929,-0.27918,5.023
42.780,169.0,169.0,169.0,169.0,0.000,0.017,0.036,0.55929,-0.27918,5.023
42.790,169.0,169.0,169.0,169.0,0.000,0.017,0.036,0.55929,-0.27918,5.023
42.800,169.0,169.0,169.0,169.0,0.000,0.017,0.036,0.55929,-0.27918,5.023
42.810,169.0,169.0,169.0,169.0,0.000,0.017,0.036,0.55929,-0.27918,5.023
42.820,169.0,169.0,169.0,169.0,0.000,0.017,0.036,0.55929,-0.27918,5.023
42.830,169.0,169.0,169.0,169.0,0.000,0.017,0.036,0.55929,-0.27918,5.028
42.840,169.0,169.0,169.0,169.0,0.000,0.017,0.036,0.55929,-0.27918,5.028
42.850,159.0,159.0,159.0,159.0,0.000,0.017,0.036,0.55929,-0.27918,5.028
42.860,159.0,159.0,159.0,159.0,0.000,0.017,0.036,0.56263,-0.27919,5.028
42.870,169.0,169.0,169.0,169.0,0.000,0.017,0.036,0.56263,-0.27919,5.028
42.880,169.0,169.0,169.0,169.0,0.000,0.017,0.036,0.56263,-0.27919,5.028
42.890,169.0,169.0,169.0,169.0,0.000,0.017,0.036,0.56263,-0.27919,5.028
42.900,169.0,169.0,169.0,169.0,0.000,0.017,0.036,0.56263,-0.27919,5.028
42.910,169.0,169.0,169.0,169.0,0.000,0.017,0.036,0.56263,-0.27919,5.028
42.920,169.0,169.0,169.0,169.0,0.000,0.017,0.036,0.56263,-0.27919,5.028
42.930,169.0,169.0,169.0,169.0,0.000,0.017,0.036,0.56263,-0.27919,5.028
42.940,169.0,169.0,169.0,169.0,0.000,0.017,0.036,0.56263,-0.27919,5.028
42.950,169.0,169.0,169.0,169.0,0.000,0.017,0.036,0.56263,-0.27919,5.028
42.960,169.0,169.0,169.0,169.0,0.000,0.017,0.036,0.56263,-0.27919,5.028
42.970,169.0,169.0,169.0,169.0,0.000,0.017,0.036,0.56263,-0.27919,5.028
42.980,169.0,169.0,169.0,169.0,0.000,0.017,0.036,0.56263,-0.27919,5.028
42.990,169.0,169.0,169.0,169.0,0.000,0.017,0.036,0.56263,-0.27919,5.028
43.000,169.0,169.0,169.0,169.0,0.000,0.017,0.036,0.56263,-0.27919,5.028
43.010,169.0,169.0,169.0,169.0,0.000,0.017,0.036,0.56263,-0.27919,5.028
43.020,169.0,169.0,169.0,169.0,0.000,0.017,0.036,0.56263,-0.27919,5.028
43.030,169.0,169.0,169.0,169.0,0.000,0.017,0.036,0.56263,-0.27919,5.028
43.040,169.0,169.0,169.0,169.0,0.000,0.017,0.036,0.56263,-0.27919,5.028
43.050,169.0,169.0,169.0,169.0,0.000,0.017,0.036,0.56263,-0.27919,5.028
43.060,169.0,169.0,169.0,169.0,0.000,0.017,0.036,0.56584,-0.27920,5.028
43.070,169.0,169.0,169.0,169.0,0.000,0.017,0.036,0.56584,-0.27920,5.028
43.080,169.0,169.0,169.0,169.0,0.000,0.017,0.036,0.56584,-0.27920,5.028
43.090,169.0,169.0,169.0,169.0,0.000,0.017,0.036,0.56584,-0.27920,5.028
43.100,169.0,169.0,169.0,169.0,0.000,0.017,0.036,0.56584,-0.27920,5.028
43.110,169.0,169.0,169.0,169.0,0.000,0.017,0.036,0.56584,-0.27920,5.028
43.120,169.0,169.0,169.0,169.0,0.000,0.017,0.036,0.56584,-0.27920,5.028
43.130,169.0,169.0,169.0,169.0,0.000,0.017,0.036,0.56584,-0.27920,5.034
43.140,169.0,169.0,169.0,169.0,0.000,0.017,0.036,0.56584,-0.27920,5.034
43.150,169.0,169.0,169.0,169.0,0.000,0.017,0.036,0.56584,-0.27920,5.034
43.160,158.0,158.0,158.0,158.0,0.000,0.018,0.036,0.56584,-0.27920,5.034
43.170,168.0,168.0,168.0,168.0,0.000,0.018,0.036,0.56584,-0.27920,5.034
43.180,168.0,168.0,168.0,168.0,0.000,0.018,0.036,0.56584,-0.27920,5.034
43.190,168.0,168.0,168.0,168.0,0.000,0.018,0.036,0.56584,-0.27920,5.034
43.200,168.0,168.0,168.0,168.0,0.000,0.018,0.036,0.56584,-0.27920,5.034
43.210,168.0,168.0,168.0,168.0,0.000,0.018,0.036,0.56584,-0.27920,5.034
43.220,168.0,168.0,168.0,168.0,0.000,0.018,0.036,0.56584,-0.27920,5.034
43.230,168.0,168.0,168.0,168.0,0.000,0.018,0.036,0.56584,-0.27920,5.034
43.240,168.0,168.0,168.0,168.0,0.000,0.018,0.036,0.56584,-0.27920,5.034
43.250,168.0,168.0,168.0,168.0,0.000,0.018,0.036,0.56584,-0.27920,5.034
43.260,168.0,168.0,168.0,168.0,0.000,0.018,0.036,0.56584,-0.27920,5.034
43.270,168.0,168.0,168.0,168.0,0.000,0.018,0.036,0.56923,-0.27921,5.034
43.280,168.0,168.0,168.0,168.0,0.000,0.018,0.036,0.56923,-0.27921,5.034
43.290,168.0,168.0,168.0,168.0,0.000,0.018,0.036,0.56923,-0.27921,5.034
43.300,168.0,168.0,168.0,168.0,0.000,0.018,0.036,0.56923,-0.27921,5.034
43.310,168.0,168.0,168.0,168.0,0.000,0.018,0.036,0.56923,-0.27921,5.034
43.320,168.0,168.0,168.0,168.0,0.000,0.018,0.036,0.56923,-0.27921,5.034
43.330,168.0,168.0,168.0,168.0,0.000,0.018,0.036,0.56923,-0.27921,5.034
43.340,168.0,168.0,168.0,168.0,0.000,0.018,0.036,0.56923,-0.27921,5.034
43.350,168.0,168.0,168.0,168.0,0.000,0.018,0.036,0.56923,-0.27921,5.034
43.360,168.0,168.0,168.0,168.0,0.000,0.018,0.036,0.56923,-0.27921,5.034
43.370,168.0,168.0,168.0,168.0,0.000,0.018,0.036,0.56923,-0.27921,5.034
43.380,168.0,168.0,168.0,168.0,0.000,0.018,0.036,0.56923,-0.27921,5.034
43.390,168.0,168.0,168.0,168.0,0.000,0.018,0.036,0.56923,-0.27921,5.034
43.400,168.0,168.0,168.0,168.0,0.000,0.018,0.036,0.56923,-0.27921,5.034
43.410,168.0,168.0,168.0,168.0,0.000,0.018,0.036,0.56923,-0.27921,5.034
43.420,168.0,168.0,168.0,168.0,0.000,0.018,0.036,0.56923,-0.27921,5.034
43.430,168.0,168.0,168.0,168.0,0.000,0.018,0.036,0.56923,-0.27921,5.034
43.440,168.0,168.0,168.0,168.0,0.000,0.018,0.036,0.56923,-0.27921,5.034
43.450,168.0,168.0,168.0,168.0,0.000,0.018,0.036,0.56923,-0.27921,5.034
43.460,168.0,168.0,168.0,168.0,0.000,0.018,0.036,0.56923,-0.27921,5.034
43.470,168.0,168.0,168.0,168.0,0.000,0.018,0.036,0.57248,-0.27922,5.034
43.480,168.0,168.0,168.0,168.0,0.000,0.018,0.036,0.57248,-0.27922,5.034
43.490,168.0,168.0,168.0,168.0,0.000,0.018,0.036,0.57248,-0.27922,5.034
43.500,168.0,168.0,168.0,168.0,0.000,0.018,0.036,0.57248,-0.27922,5.034
43.510,168.0,168.0,168.0,168.0,0.000,0.018,0.036,0.57248,-0.27922,5.034
43.520,168.0,168.0,168.0,168.0,0.000,0.018,0.036,0.57248,-0.27922,5.034
43.530,168.0,168.0,168.0,168.0,0.000,0.018,0.036,0.57248,-0.27922,5.034
43.540,168.0,168.0,168.0,168.0,0.000,0.018,0.036,0.57248,-0.27922,5.034
43.550,168.0,168.0,168.0,168.0,0.000,0.018,0.036,0.57248,-0.27922,5.034
43.560,168.0,168.0,168.0,168.0,0.000,0.018,0.036,0.57248,-0.27922,5.034
43.570,168.0,168.0,168.0,168.0,0.000,0.018,0.036,0.57248,-0.27922,5.034
43.580,168.0,168.0,168.0,168.0,0.000,0.018,0.036,0.57248,-0.27922,5.034
43.590,168.0,168.0,168.0,168.0,0.000,0.018,0.036,0.57248,-0.27922,5.034
43.600,168.0,168.0,168.0,168.0,0.000,0.018,0.036,0.57248,-0.27922,5.034
43.610,168.0,168.0,168.0,168.0,0.000,0.018,0.036,0.57248,-0.27922,5.034
43.620,168.0,168.0,168.0,168.0,0.000,0.018,0.036,0.57248,-0.27922,5.034
43.630,168.0,168.0,168.0,168.0,0.000,0.018,0.036,0.57248,-0.27922,5.034
43.640,168.0,168.0,168.0,168.0,0.000,0.018,0.036,0.57248,-0.27922,5.034
43.650,168.0,168.0,168.0,168.0,0.000,0.018,0.036,0.57248,-0.27922,5.034
43.660,168.0,168.0,168.0,168.0,0.000,0.018,0.036,0.57248,-0.27922,5.034
43.670,168.0,168.0,168.0,168.0,0.000,0.018,0.036,0.57248,-0.27922,5.034
43.680,168.0,168.0,168.0,168.0,0.000,0.018,0.036,0.57592,-0.27923,5.028
43.690,168.0,168.0,168.0,168.0,0.000,0.018,0.036,0.57592,-0.27923,5.028
43.700,178.0,178.0,178.0,178.0,0.000,0.018,0.036,0.57592,-0.27923,5.028
43.710,168.0,168.0,168.0,168.0,0.000,0.018,0.036,0.57592,-0.27923,5.028
43.720,168.0,168.0,168.0,168.0,0.000,0.018,0.036,0.57592,-0.27923,5.028
43.730,168.0,168.0,168.0,168.0,0.000,0.018,0.036,0.57592,-0.27923,5.028
43.740,168.0,168.0,168.0,168.0,0.000,0.018,0.036,0.57592,-0.27923,5.028
43.750,168.0,168.0,168.0,168.0,0.000,0.018,0.036,0.57592,-0.27923,5.028
43.760,168.0,168.0,168.0,168.0,0.000,0.018,0.036,0.57592,-0.27923,5.028
43.770,168.0,168.0,168.0,168.0,0.000,0.018,0.036,0.57592,-0.27923,5.028
43.780,168.0,168.0,168.0,168.0,0.000,0.018,0.036,0.57592,-0.27923,5.028
43.790,168.0,168.0,168.0,168.0,0.000,0.018,0.036,0.57592,-0.27923,5.028
43.800,168.0,168.0,168.0,168.0,0.000,0.018,0.036,0.57592,-0.27923,5.028
43.810,168.0,168.0,168.0,168.0,0.000,0.018,0.036,0.57592,-0.27923,5.028
43.820,168.0,168.0,168.0,168.0,0.000,0.018,0.036,0.57592,-0.27923,5.028
43.830,168.0,168.0,168.0,168.0,0.000,0.018,0.036,0.57592,-0.27923,5.028
43.840,168.0,168.0,168.0,168.0,0.000,0.018,0.036,0.57592,-0.27923,5.028
43.850,168.0,168.0,168.0,168.0,0.000,0.018,0.036,0.57592,-0.27923,5.028
43.860,168.0,168.0,168.0,168.0,0.000,0.018,0.036,0.57592,-0.27923,5.028
43.870,168.0,168.0,168.0,168.0,0.000,0.018,0.036,0.57592,-0.27923,5.028
43.880,168.0,168.0,168.0,168.0,0.000,0.018,0.036,0.57921,-0.27924,5.028
43.890,168.0,168.0,168.0,168.0,0.000,0.018,0.036,0.57921,-0.27924,5.028
43.900,168.0,168.0,168.0,168.0,0.000,0.018,0.036,0.57921,-0.27924,5.028
43.910,168.0,168.0,168.0,168.0,0.000,0.018,0.036,0.57921,-0.27924,5.028
43.920,168.0,168.0,168.0,168.0,0.000,0.018,0.036,0.57921,-0.27924,5.028
43.930,168.0,168.0,168.0,168.0,0.000,0.018,0.036,0.57921,-0.27924,5.028
43.940,168.0,168.0,168.0,168.0,0.000,0.018,0.036,0.57921,-0.27924,5.028
43.950,168.0,168.0,168.0,168.0,0.000,0.018,0.036,0.57921,-0.27924,5.028
43.960,168.0,168.0,168.0,168.0,0.000,0.018,0.036,0.57921,-0.27924,5.028
43.970,168.0,168.0,168.0,168.0,0.000,0.018,0.036,0.57921,-0.27924,5.028
43.980,168.0,168.0,168.0,168.0,0.000,0.018,0.036,0.57921,-0.27924,5.028
43.990,168.0,168.0,168.0,168.0,0.000,0.018,0.036,0.57921,-0.27924,5.028
44.000,168.0,168.0,168.0,168.0,0.000,0.018,0.036,0.57921,-0.27924,5.028
44.010,168.0,168.0,168.0,168.0,0.000,0.018,0.036,0.57921,-0.27924,5.028
44.020,168.0,168.0,168.0,168.0,0.000,0.018,0.036,0.57921,-0.27924,5.023
44.030,168.0,168.0,168.0,168.0,0.000,0.018,0.036,0.57921,-0.27924,5.023
44.040,168.0,168.0,168.0,168.0,0.000,0.018,0.036,0.57921,-0.27924,5.023
44.050,168.0,168.0,168.0,168.0,0.000,0.018,0.036,0.57921,-0.27924,5.023
44.060,168.0,168.0,168.0,168.0,0.000,0.018,0.036,0.57921,-0.27924,5.023
44.070,168.0,168.0,168.0,168.0,0.000,0.018,0.036,0.57921,-0.27924,5.023
44.080,168.0,168.0,168.0,168.0,0.000,0.018,0.036,0.57921,-0.27924,5.023
44.090,168.0,168.0,168.0,168.0,0.000,0.018,0.036,0.58270,-0.27925,5.023
44.100,168.0,168.0,168.0,168.0,0.000,0.018,0.036,0.58270,-0.27925,5.023
44.110,168.0,168.0,168.0,168.0,0.000,0.018,0.036,0.58270,-0.27925,5.023
44.120,168.0,168.0,168.0,168.0,0.000,0.018,0.036,0.58270,-0.27925,5.023
44.130,168.0,168.0,168.0,168.0,0.000,0.018,0.036,0.58270,-0.27925,5.023
44.140,168.0,168.0,168.0,168.0,0.000,0.018,0.036,0.58270,-0.27925,5.023
44.150,168.0,168.0,168.0,168.0,0.000,0.018,0.036,0.58270,-0.27925,5.023
44.160,168.0,168.0,168.0,168.0,0.000,0.018,0.036,0.58270,-0.27925,5.023
44.170,168.0,168.0,168.0,168.0,0.000,0.018,0.036,0.58270,-0.27925,5.023
44.180,168.0,168.0,168.0,168.0,0.000,0.018,0.036,0.58270,-0.27925,5.023
44.190,168.0,168.0,168.0,168.0,0.000,0.018,0.036,0.58270,-0.27925,5.023
44.200,168.0,168.0,168.0,168.0,0.000,0.018,0.036,0.58270,-0.27925,5.023
44.210,168.0,168.0,168.0,168.0,0.000,0.018,0.036,0.58270,-0.27925,5.018
44.220,168.0,168.0,168.0,168.0,0.000,0.018,0.036,0.58270,-0.27925,5.018
44.230,168.0,168.0,168.0,168.0,0.000,0.018,0.036,0.58270,-0.27925,5.018
44.240,178.0,178.0,178.0,178.0,0.000,0.018,0.036,0.58270,-0.27925,5.018
44.250,169.0,169.0,169.0,169.0,0.000,0.018,0.036,0.58270,-0.27925,5.018
44.260,169.0,169.0,169.0,169.0,0.000,0.018,0.036,0.58270,-0.27925,5.018
44.270,169.0,169.0,169.0,169.0,0.000,0.018,0.036,0.58270,-0.27925,5.018
44.280,169.0,169.0,169.0,169.0,0.000,0.018,0.036,0.58270,-0.27925,5.018
44.290,169.0,169.0,169.0,169.0,0.000,0.018,0.036,0.58604,-0.27926,5.018
44.300,169.0,169.0,169.0,169.0,0.000,0.018,0.036,0.58604,-0.27926,5.018
44.310,169.0,169.0,169.0,169.0,0.000,0.018,0.036,0.58604,-0.27926,5.018
44.320,169.0,169.0,169.0,169.0,0.000,0.018,0.036,0.58604,-0.27926,5.018
44.330,169.0,169.0,169.0,169.0,0.000,0.018,0.036,0.58604,-0.27926,5.018
44.340,169.0,169.0,169.0,169.0,0.000,0.018,0.036,0.58604,-0.27926,5.018
44.350,169.0,169.0,169.0,169.0,0.000,0.018,0.036,0.58604,-0.27926,5.018
44.360,169.0,169.0,169.0,169.0,0.000,0.018,0.036,0.58604,-0.27926,5.018
44.370,169.0,169.0,169.0,169.0,0.000,0.018,0.036,0.58604,-0.27926,5.018
44.380,169.0,169.0,169.0,169.0,0.000,0.018,0.036,0.58604,-0.27926,5.018
44.390,169.0,169.0,169.0,169.0,0.000,0.018,0.036,0.58604,-0.27926,5.018
44.400,169.0,169.0,169.0,169.0,0.000,0.018,0.036,0.58604,-0.27926,5.018
44.410,169.0,169.0,169.0,169.0,0.000,0.018,0.036,0.58604,-0.27926,5.018
44.420,169.0,169.0,169.0,169.0,0.000,0.018,0.036,0.58604,-0.27926,5.018
44.430,169.0,169.0,169.0,169.0,0.000,0.018,0.036,0.58604,-0.27926,5.015
44.440,169.0,169.0,169.0,169.0,0.000,0.018,0.036,0.58604,-0.27926,5.015
44.450,173.0,173.0,173.0,173.0,0.000,0.018,0.036,0.58604,-0.27926,5.015
44.460,169.0,169.0,169.0,169.0,0.000,0.018,0.036,0.58604,-0.27926,5.015
44.470,169.0,169.0,169.0,169.0,0.000,0.018,0.036,0.58604,-0.27926,5.015
44.480,169.0,169.0,169.0,169.0,0.000,0.018,0.036,0.58604,-0.27926,5.015
44.490,169.0,169.0,169.0,169.0,0.000,0.018,0.036,0.58604,-0.27926,5.015
44.500,169.0,169.0,169.0,169.0,0.000,0.018,0.036,0.58958,-0.27927,5.015
44.510,169.0,169.0,169.0,169.0,0.000,0.018,0.036,0.58958,-0.27927,5.015
44.520,169.0,169.0,169.0,169.0,0.000,0.018,0.036,0.58958,-0.27927,5.015
44.530,169.0,169.0,169.0,169.0,0.000,0.018,0.036,0.58958,-0.27927,5.015
44.540,169.0,169.0,169.0,169.0,0.000,0.018,0.036,0.58958,-0.27927,5.015
44.550,169.0,169.0,169.0,169.0,0.000,0.018,0.036,0.58958,-0.27927,5.015
44.560,169.0,169.0,169.0,169.0,0.000,0.018,0.036,0.58958,-0.27927,5.015
44.570,169.0,169.0,169.0,169.0,0.000,0.018,0.036,0.58958,-0.27927,5.015
44.580,169.0,169.0,169.0,169.0,0.000,0.018,0.036,0.58958,-0.27927,5.015
44.590,169.0,169.0,169.0,169.0,0.000,0.018,0.036,0.58958,-0.27927,5.015
44.600,169.0,169.0,169.0,169.0,0.000,0.018,0.036,0.58958,-0.27927,5.015
44.610,169.0,169.0,169.0,169.0,0.000,0.018,0.036,0.58958,-0.27927,5.015
44.620,169.0,169.0,169.0,169.0,0.000,0.018,0.036,0.58958,-0.27927,5.015
44.630,169.0,169.0,169.0,169.0,0.000,0.018,0.036,0.58958,-0.27927,5.015
44.640,169.0,169.0,169.0,169.0,0.000,0.018,0.036,0.58958,-0.27927,5.015
44.650,169.0,169.0,169.0,169.0,0.000,0.018,0.036,0.58958,-0.27927,5.015
44.660,169.0,169.0,169.0,169.0,0.000,0.018,0.036,0.58958,-0.27927,5.015
44.670,169.0,169.0,169.0,169.0,0.000,0.018,0.036,0.58958,-0.27927,5.015
44.680,169.0,169.0,169.0,169.0,0.000,0.018,0.036,0.58958,-0.27927,5.015
44.690,169.0,169.0,169.0,169.0,0.000,0.018,0.036,0.58958,-0.27927,5.015
44.700,169.0,169.0,169.0,169.0,0.000,0.018,0.036,0.58958,-0.27927,5.015
44.710,169.0,169.0,169.0,169.0,0.000,0.018,0.036,0.59314,-0.27928,5.015
44.720,169.0,169.0,169.0,169.0,0.000,0.018,0.036,0.59314,-0.27928,5.015
44.730,169.0,169.0,169.0,169.0,0.000,0.018,0.036,0.59314,-0.27928,5.015
44.740,169.0,169.0,169.0,169.0,0.000,0.018,0.036,0.59314,-0.27928,5.015
44.750,169.0,169.0,169.0,169.0,0.000,0.018,0.036,0.59314,-0.27928,5.015
44.760,169.0,169.0,169.0,169.0,0.000,0.018,0.036,0.59314,-0.27928,5.015
44.770,169.0,169.0,169.0,169.0,0.000,0.018,0.036,0.59314,-0.27928,5.015
44.780,169.0,169.0,169.0,169.0,0.000,0.018,0.036,0.59314,-0.27928,5.015
44.790,169.0,169.0,169.0,169.0,0.000,0.018,0.036,0.59314,-0.27928,5.015
44.800,169.0,169.0,169.0,169.0,0.000,0.018,0.036,0.59314,-0.27928,5.015
44.810,169.0,169.0,169.0,169.0,0.000,0.018,0.036,0.59314,-0.27928,5.015
44.820,169.0,169.0,169.0,169.0,0.000,0.018,0.036,0.59314,-0.27928,5.015
44.830,169.0,169.0,169.0,169.0,0.000,0.018,0.036,0.59314,-0.27928,5.015
44.840,169.0,169.0,169.0,169.0,0.000,0.018,0.036,0.59314,-0.27928,5.015
44.850,169.0,169.0,169.0,169.0,0.000,0.018,0.036,0.59314,-0.27928,5.015
44.860,169.0,169.0,169.0,169.0,0.000,0.018,0.036,0.59314,-0.27928,5.015
44.870,169.0,169.0,169.0,169.0,0.000,0.018,0.036,0.59314,-0.27928,5.015
44.880,169.0,169.0,169.0,169.0,0.000,0.018,0.036,0.59314,-0.27928,5.015
44.890,169.0,169.0,169.0,169.0,0.000,0.018,0.036,0.59314,-0.27928,5.015
44.900,169.0,169.0,169.0,169.0,0.000,0.018,0.036,0.59314,-0.27928,5.015
44.910,169.0,169.0,169.0,169.0,0.000,0.018,0.036,0.59655,-0.27929,5.015
44.920,169.0,169.0,169.0,169.0,0.000,0.018,0.036,0.59655,-0.27929,5.015
44.930,169.0,169.0,169.0,169.0,0.000,0.018,0.036,0.59655,-0.27929,5.015
44.940,169.0,169.0,169.0,169.0,0.000,0.018,0.036,0.59655,-0.27929,5.015
44.950,169.0,169.0,169.0,169.0,0.000,0.018,0.036,0.59655,-0.27929,5.015
44.960,169.0,169.0,169.0,169.0,0.000,0.018,0.036,0.59655,-0.27929,5.015
44.970,169.0,169.0,169.0,169.0,0.000,0.018,0.036,0.59655,-0.27929,5.015
44.980,169.0,169.0,169.0,169.0,0.000,0.018,0.036,0.59655,-0.27929,5.015
44.990,169.0,169.0,169.0,169.0,0.000,0.018,0.036,0.59655,-0.27929,5.015
45.000,169.0,169.0,169.0,169.0,0.000,0.018,0.036,0.59655,-0.27929,5.015
45.010,169.0,169.0,169.0,169.0,0.000,0.018,0.036,0.59655,-0.27929,5.015
45.020,169.0,169.0,169.0,169.0,0.000,0.018,0.036,0.59655,-0.27929,5.018
45.030,169.0,169.0,169.0,169.0,0.000,0.018,0.036,0.59655,-0.27929,5.018
45.040,169.0,169.0,169.0,169.0,0.000,0.018,0.036,0.59655,-0.27929,5.018
45.050,168.0,168.0,168.0,168.0,0.000,0.018,0.036,0.59655,-0.27929,5.018
45.060,168.0,168.0,168.0,168.0,0.000,0.018,0.036,0.59655,-0.27929,5.018
45.070,168.0,168.0,168.0,168.0,0.000,0.018,0.036,0.59655,-0.27929,5.018
45.080,168.0,168.0,168.0,168.0,0.000,0.018,0.036,0.59655,-0.27929,5.018
45.090,168.0,168.0,168.0,168.0,0.000,0.018,0.036,0.59655,-0.27929,5.018
45.100,168.0,168.0,168.0,168.0,0.000,0.018,0.036,0.59655,-0.27929,5.018
45.110,168.0,168.0,168.0,168.0,0.000,0.018,0.036,0.59655,-0.27929,5.018
45.120,168.0,168.0,168.0,168.0,0.000,0.018,0.036,0.60017,-0.27930,5.018
45.130,168.0,168.0,168.0,168.0,0.000,0.018,0.036,0.60017,-0.27930,5.018
45.140,168.0,168.0,168.0,168.0,0.000,0.018,0.036,0.60017,-0.27930,5.018
45.150,168.0,168.0,168.0,168.0,0.000,0.018,0.036,0.60017,-0.27930,5.018
45.160,168.0,168.0,168.0,168.0,0.000,0.019,0.036,0.60017,-0.27930,5.018
45.170,168.0,168.0,168.0,168.0,0.000,0.019,0.036,0.60017,-0.27930,5.018
45.180,168.0,168.0,168.0,168.0,0.000,0.019,0.036,0.60017,-0.27930,5.018
45.190,168.0,168.0,168.0,168.0,0.000,0.019,0.036,0.60017,-0.27930,5.018
45.200,168.0,168.0,168.0,168.0,0.000,0.019,0.036,0.60017,-0.27930,5.018
45.210,168.0,168.0,168.0,168.0,0.000,0.019,0.036,0.60017,-0.27930,5.018
45.220,168.0,168.0,168.0,168.0,0.000,0.019,0.036,0.60017,-0.27930,5.018
45.230,168.0,168.0,168.0,168.0,0.000,0.019,0.036,0.60017,-0.27930,5.018
45.240,168.0,168.0,168.0,168.0,0.000,0.019,0.036,0.60017,-0.27930,5.018
45.250,168.0,168.0,168.0,168.0,0.000,0.019,0.036,0.60017,-0.27930,5.018
45.260,168.0,168.0,168.0,168.0,0.000,0.019,0.036,0.60017,-0.27930,5.018
45.270,168.0,168.0,168.0,168.0,0.000,0.019,0.036,0.60017,-0.27930,5.018
45.280,168.0,168.0,168.0,168.0,0.000,0.019,0.036,0.60017,-0.27930,5.018
45.290,168.0,168.0,168.0,168.0,0.000,0.019,0.036,0.60017,-0.27930,5.018
45.300,168.0,168.0,168.0,168.0,0.000,0.019,0.036,0.60017,-0.27930,5.018
45.310,168.0,168.0,168.0,168.0,0.000,0.019,0.036,0.60017,-0.27930,5.018
45.320,168.0,168.0,168.0,168.0,0.000,0.019,0.036,0.60363,-0.27931,5.018
45.330,168.0,168.0,168.0,168.0,0.000,0.019,0.036,0.60363,-0.27931,5.018
45.340,168.0,168.0,168.0,168.0,0.000,0.019,0.036,0.60363,-0.27931,5.018
45.350,168.0,168.0,168.0,168.0,0.000,0.019,0.036,0.60363,-0.27931,5.018
45.360,168.0,168.0,168.0,168.0,0.000,0.019,0.036,0.60363,-0.27931,5.018
45.370,168.0,168.0,168.0,168.0,0.000,0.019,0.036,0.60363,-0.27931,5.018
45.380,168.0,168.0,168.0,168.0,0.000,0.019,0.036,0.60363,-0.27931,5.018
45.390,168.0,168.0,168.0,168.0,0.000,0.019,0.036,0.60363,-0.27931,5.018
45.400,168.0,168.0,168.0,168.0,0.000,0.019,0.036,0.60363,-0.27931,5.018
45.410,168.0,168.0,168.0,168.0,0.000,0.019,0.036,0.60363,-0.27931,5.018
45.420,168.0,168.0,168.0,168.0,0.000,0.019,0.036,0.60363,-0.27931,5.018
45.430,168.0,168.0,168.0,168.0,0.000,0.019,0.036,0.60363,-0.27931,5.018
45.440,168.0,168.0,168.0,168.0,0.000,0.019,0.036,0.60363,-0.27931,5.018
45.450,168.0,168.0,168.0,168.0,0.000,0.019,0.036,0.60363,-0.27931,5.018
45.460,168.0,168.0,168.0,168.0,0.000,0.019,0.036,0.60363,-0.27931,5.018
45.470,168.0,168.0,168.0,168.0,0.000,0.019,0.036,0.60363,-0.27931,5.018
45.480,168.0,168.0,168.0,168.0,0.000,0.019,0.036,0.60363,-0.27931,5.018
45.490,168.0,168.0,168.0,168.0,0.000,0.019,0.036,0.60363,-0.27931,5.018
45.500,168.0,168.0,168.0,168.0,0.000,0.019,0.036,0.60363,-0.27931,5.018
45.510,168.0,168.0,168.0,168.0,0.000,0.019,0.036,0.60363,-0.27931,5.018
45.520,168.0,168.0,168.0,168.0,0.000,0.019,0.036,0.60363,-0.27931,5.018
45.530,168.0,168.0,168.0,168.0,0.000,0.019,0.036,0.60729,-0.27932,5.018
45.540,168.0,168.0,168.0,168.0,0.000,0.019,0.036,0.60729,-0.27932,5.018
45.550,168.0,168.0,168.0,168.0,0.000,0.019,0.036,0.60729,-0.27932,5.018
45.560,168.0,168.0,168.0,168.0,0.000,0.019,0.036,0.60729,-0.27932,5.018
45.570,168.0,168.0,168.0,168.0,0.000,0.019,0.036,0.60729,-0.27932,5.015
45.580,168.0,168.0,168.0,168.0,0.000,0.019,0.036,0.60729,-0.27932,5.015
45.590,168.0,168.0,168.0,168.0,0.000,0.019,0.036,0.60729,-0.27932,5.015
45.600,168.0,168.0,168.0,168.0,0.000,0.019,0.036,0.60729,-0.27932,5.015
45.610,173.0,173.0,173.0,173.0,0.000,0.019,0.036,0.60729,-0.27932,5.015
45.620,168.0,168.0,168.0,168.0,0.000,0.019,0.036,0.60729,-0.27932,5.015
45.630,168.0,168.0,168.0,168.0,0.000,0.019,0.036,0.60729,-0.27932,5.015
45.640,168.0,168.0,168.0,168.0,0.000,0.019,0.036,0.60729,-0.27932,5.015
45.650,168.0,168.0,168.0,168.0,0.000,0.019,0.036,0.60729,-0.27932,5.015
45.660,168.0,168.0,168.0,168.0,0.000,0.019,0.036,0.60729,-0.27932,5.015
45.670,168.0,168.0,168.0,168.0,0.000,0.019,0.036,0.60729,-0.27932,5.015
45.680,168.0,168.0,168.0,168.0,0.000,0.019,0.036,0.60729,-0.27932,5.015
45.690,168.0,168.0,168.0,168.0,0.000,0.019,0.036,0.60729,-0.27932,5.015
45.700,168.0,168.0,168.0,168.0,0.000,0.019,0.036,0.60729,-0.27932,5.015
45.710,168.0,168.0,168.0,168.0,0.000,0.019,0.036,0.60729,-0.27932,5.015
45.720,168.0,168.0,168.0,168.0,0.000,0.019,0.036,0.60729,-0.27932,5.015
45.730,168.0,168.0,168.0,168.0,0.000,0.019,0.036,0.61080,-0.27933,5.015
45.740,168.0,168.0,168.0,168.0,0.000,0.019,0.036,0.61080,-0.27933,5.015
45.750,168.0,168.0,168.0,168.0,0.000,0.019,0.036,0.61080,-0.27933,5.015
45.760,168.0,168.0,168.0,168.0,0.000,0.019,0.036,0.61080,-0.27933,5.015
45.770,168.0,168.0,168.0,168.0,0.000,0.019,0.036,0.61080,-0.27933,5.015
45.780,168.0,168.0,168.0,168.0,0.000,0.019,0.036,0.61080,-0.27933,5.015
45.790,168.0,168.0,168.0,168.0,0.000,0.019,0.036,0.61080,-0.27933,5.015
45.800,168.0,168.0,168.0,168.0,0.000,0.019,0.036,0.61080,-0.27933,5.015
45.810,168.0,168.0,168.0,168.0,0.000,0.019,0.036,0.61080,-0.27933,5.015
45.820,168.0,168.0,168.0,168.0,0.000,0.019,0.036,0.61080,-0.27933,5.015
45.830,168.0,168.0,168.0,168.0,0.000,0.019,0.036,0.61080,-0.27933,5.015
45.840,168.0,168.0,168.0,168.0,0.000,0.019,0.036,0.61080,-0.27933,5.015
45.850,168.0,168.0,168.0,168.0,0.000,0.019,0.036,0.61080,-0.27933,5.015
45.860,168.0,168.0,168.0,168.0,0.000,0.019,0.036,0.61080,-0.27933,5.010
45.870,168.0,168.0,168.0,168.0,0.000,0.019,0.036,0.61080,-0.27933,5.010
45.880,169.0,169.0,169.0,169.0,0.000,0.019,0.036,0.61080,-0.27933,5.010
45.890,169.0,169.0,169.0,169.0,0.000,0.019,0.036,0.61080,-0.27933,5.010
45.900,169.0,169.0,169.0,169.0,0.000,0.019,0.036,0.61080,-0.27933,5.010
45.910,169.0,169.0,169.0,169.0,0.000,0.019,0.036,0.61080,-0.27933,5.010
45.920,169.0,169.0,169.0,169.0,0.000,0.019,0.036,0.61080,-0.27933,5.010
45.930,169.0,169.0,169.0,169.0,0.000,0.019,0.036,0.61080,-0.27933,5.010
45.940,169.0,169.0,169.0,169.0,0.000,0.019,0.036,0.61451,-0.27934,5.010
45.950,169.0,169.0,169.0,169.0,0.000,0.019,0.036,0.61451,-0.27934,5.010
45.960,169.0,169.0,169.0,169.0,0.000,0.019,0.036,0.61451,-0.27934,5.010
45.970,169.0,169.0,169.0,169.0,0.000,0.019,0.036,0.61451,-0.27934,5.010
45.980,169.0,169.0,169.0,169.0,0.000,0.019,0.036,0.61451,-0.27934,5.010
45.990,169.0,169.0,169.0,169.0,0.000,0.019,0.036,0.61451,-0.27934,5.010
46.000,169.0,169.0,169.0,169.0,0.000,0.019,0.036,0.61451,-0.27934,5.010
46.010,169.0,169.0,169.0,169.0,0.000,0.019,0.036,0.61451,-0.27934,5.010
46.020,169.0,169.0,169.0,169.0,0.000,0.019,0.036,0.61451,-0.27934,5.010
46.030,169.0,169.0,169.0,169.0,0.000,0.019,0.036,0.61451,-0.27934,5.010
46.040,169.0,169.0,169.0,169.0,0.000,0.019,0.036,0.61451,-0.27934,5.010
46.050,169.0,169.0,169.0,169.0,0.000,0.019,0.036,0.61451,-0.27934,5.010
46.060,169.0,169.0,169.0,169.0,0.000,0.019,0.036,0.61451,-0.27934,5.010
46.070,169.0,169.0,169.0,169.0,0.000,0.019,0.036,0.61451,-0.27934,5.010
46.080,169.0,169.0,169.0,169.0,0.000,0.019,0.036,0.61451,-0.27934,5.010
46.090,169.0,169.0,169.0,169.0,0.000,0.019,0.036,0.61451,-0.27934,5.010
46.100,169.0,169.0,169.0,169.0,0.000,0.019,0.036,0.61451,-0.27934,5.005
46.110,169.0,169.0,169.0,169.0,0.000,0.019,0.036,0.61451,-0.27934,5.005
46.120,169.0,169.0,169.0,169.0,0.000,0.019,0.036,0.61451,-0.27934,5.005
46.130,169.0,169.0,169.0,169.0,0.000,0.019,0.036,0.61451,-0.27934,5.005
46.140,169.0,169.0,169.0,169.0,0.000,0.019,0.036,0.61806,-0.27935,5.005
46.150,169.0,169.0,169.0,169.0,0.000,0.019,0.036,0.61806,-0.27935,5.005
46.160,169.0,169.0,169.0,169.0,0.000,0.019,0.036,0.61806,-0.27935,5.005
46.170,169.0,169.0,169.0,169.0,0.000,0.019,0.036,0.61806,-0.27935,5.005
46.180,169.0,169.0,169.0,169.0,0.000,0.019,0.036,0.61806,-0.27935,5.005
46.190,169.0,169.0,169.0,169.0,0.000,0.019,0.036,0.61806,-0.27935,5.005
46.200,169.0,169.0,169.0,169.0,0.000,0.019,0.036,0.61806,-0.27935,5.005
46.210,169.0,169.0,169.0,169.0,0.000,0.019,0.036,0.61806,-0.27935,5.005
46.220,169.0,169.0,169.0,169.0,0.000,0.019,0.036,0.61806,-0.27935,5.005
46.230,169.0,169.0,169.0,169.0,0.000,0.019,0.036,0.61806,-0.27935,5.005
46.240,169.0,169.0,169.0,169.0,0.000,0.019,0.036,0.61806,-0.27935,5.005
46.250,169.0,169.0,169.0,169.0,0.000,0.019,0.036,0.61806,-0.27935,5.005
46.260,169.0,169.0,169.0,169.0,0.000,0.019,0.036,0.61806,-0.27935,5.005
46.270,169.0,169.0,169.0,169.0,0.000,0.019,0.036,0.61806,-0.27935,5.005
46.280,169.0,169.0,169.0,169.0,0.000,0.019,0.036,0.61806,-0.27935,5.005
46.290,169.0,169.0,169.0,169.0,0.000,0.019,0.036,0.61806,-0.27935,5.005
46.300,169.0,169.0,169.0,169.0,0.000,0.019,0.036,0.61806,-0.27935,5.005
46.310,169.0,169.0,169.0,169.0,0.000,0.019,0.036,0.61806,-0.27935,5.005
46.320,169.0,169.0,169.0,169.0,0.000,0.019,0.036,0.61806,-0.27935,5.005
46.330,169.0,169.0,169.0,169.0,0.000,0.019,0.036,0.61806,-0.27935,5.005
46.340,169.0,169.0,169.0,169.0,0.000,0.019,0.036,0.61806,-0.27935,5.005
46.350,169.0,169.0,169.0,169.0,0.000,0.019,0.036,0.62182,-0.27936,5.005
46.360,169.0,169.0,169.0,169.0,0.000,0.019,0.036,0.62182,-0.27936,5.005
46.370,169.0,169.0,169.0,169.0,0.000,0.019,0.036,0.62182,-0.27936,5.005
46.380,169.0,169.0,169.0,169.0,0.000,0.019,0.036,0.62182,-0.27936,5.005
46.390,169.0,169.0,169.0,169.0,0.000,0.019,0.036,0.62182,-0.27936,5.005
46.400,169.0,169.0,169.0,169.0,0.000,0.019,0.036,0.62182,-0.27936,5.005
46.410,169.0,169.0,169.0,169.0,0.000,0.019,0.036,0.62182,-0.27936,5.005
46.420,169.0,169.0,169.0,169.0,0.000,0.019,0.036,0.62182,-0.27936,5.005
46.430,169.0,169.0,169.0,169.0,0.000,0.019,0.036,0.62182,-0.27936,5.005
46.440,169.0,169.0,169.0,169.0,0.000,0.019,0.036,0.62182,-0.27936,5.005
46.450,169.0,169.0,169.0,169.0,0.000,0.019,0.036,0.62182,-0.27936,5.005
46.460,169.0,169.0,169.0,169.0,0.000,0.019,0.036,0.62182,-0.27936,5.005
46.470,169.0,169.0,169.0,169.0,0.000,0.019,0.036,0.62182,-0.27936,5.005
46.480,169.0,169.0,169.0,169.0,0.000,0.019,0.036,0.62182,-0.27936,5.005
46.490,169.0,169.0,169.0,169.0,0.000,0.019,0.036,0.62182,-0.27936,5.005
46.500,169.0,169.0,169.0,169.0,0.000,0.019,0.036,0.62182,-0.27936,5.005
46.510,169.0,169.0,169.0,169.0,0.000,0.019,0.036,0.62182,-0.27936,5.005
46.520,169.0,169.0,169.0,169.0,0.000,0.019,0.036,0.62182,-0.27936,5.005
46.530,169.0,169.0,169.0,169.0,0.000,0.019,0.036,0.62182,-0.27936,5.005
46.540,169.0,169.0,169.0,169.0,0.000,0.019,0.036,0.62182,-0.27936,5.005
46.550,169.0,169.0,169.0,169.0,0.000,0.019,0.036,0.62543,-0.27937,5.005
46.560,169.0,169.0,169.0,169.0,0.000,0.019,0.036,0.62543,-0.27937,5.005
46.570,169.0,169.0,169.0,169.0,0.000,0.019,0.036,0.62543,-0.27937,5.005
46.580,169.0,169.0,169.0,169.0,0.000,0.019,0.036,0.62543,-0.27937,5.005
46.590,169.0,169.0,169.0,169.0,0.000,0.019,0.036,0.62543,-0.27937,5.005
46.600,169.0,169.0,169.0,169.0,0.000,0.019,0.036,0.62543,-0.27937,5.005
46.610,169.0,169.0,169.0,169.0,0.000,0.019,0.036,0.62543,-0.27937,5.005
46.620,169.0,169.0,169.0,169.0,0.000,0.019,0.036,0.62543,-0.27937,5.005
46.630,169.0,169.0,169.0,169.0,0.000,0.019,0.036,0.62543,-0.27937,5.005
46.640,169.0,169.0,169.0,169.0,0.000,0.019,0.036,0.62543,-0.27937,5.005
46.650,169.0,169.0,169.0,169.0,0.000,0.019,0.036,0.62543,-0.27937,5.005
46.660,169.0,169.0,169.0,169.0,0.000,0.019,0.036,0.62543,-0.27937,5.005
46.670,169.0,169.0,169.0,169.0,0.000,0.019,0.036,0.62543,-0.27937,5.005
46.680,169.0,169.0,169.0,169.0,0.000,0.019,0.036,0.62543,-0.27937,5.005
46.690,169.0,169.0,169.0,169.0,0.000,0.019,0.036,0.62543,-0.27937,5.005
46.700,169.0,169.0,169.0,169.0,0.000,0.019,0.036,0.62543,-0.27937,5.005
46.710,169.0,169.0,169.0,169.0,0.000,0.019,0.036,0.62543,-0.27937,5.005
46.720,169.0,169.0,169.0,169.0,0.000,0.019,0.036,0.62543,-0.27937,5.005
46.730,169.0,169.0,169.0,169.0,0.000,0.019,0.036,0.62543,-0.27937,5.005
46.740,169.0,169.0,169.0,169.0,0.000,0.019,0.036,0.62543,-0.27937,5.005
46.750,169.0,169.0,169.0,169.0,0.000,0.019,0.036,0.62543,-0.27937,5.005
46.760,169.0,169.0,169.0,169.0,0.000,0.019,0.036,0.62924,-0.27938,5.005
46.770,169.0,169.0,169.0,169.0,0.000,0.019,0.036,0.62924,-0.27938,5.005
46.780,169.0,169.0,169.0,169.0,0.000,0.019,0.036,0.62924,-0.27938,5.005
46.790,169.0,169.0,169.0,169.0,0.000,0.019,0.036,0.62924,-0.27938,5.005
46.800,169.0,169.0,169.0,169.0,0.000,0.019,0.036,0.62924,-0.27938,5.005
46.810,169.0,169.0,169.0,169.0,0.000,0.019,0.036,0.62924,-0.27938,5.005
46.820,169.0,169.0,169.0,169.0,0.000,0.019,0.036,0.62924,-0.27938,5.010
46.830,169.0,169.0,169.0,169.0,0.000,0.019,0.036,0.62924,-0.27938,5.010
46.840,169.0,169.0,169.0,169.0,0.000,0.019,0.036,0.62924,-0.27938,5.010
46.850,169.0,169.0,169.0,169.0,0.000,0.019,0.036,0.62924,-0.27938,5.010
46.860,169.0,169.0,169.0,169.0,0.000,0.019,0.036,0.62924,-0.27938,5.010
46.870,169.0,169.0,169.0,169.0,0.000,0.019,0.036,0.62924,-0.27938,5.010
46.880,169.0,169.0,169.0,169.0,0.000,0.019,0.036,0.62924,-0.27938,5.010
46.890,169.0,169.0,169.0,169.0,0.000,0.019,0.036,0.62924,-0.27938,5.010
46.900,169.0,169.0,169.0,169.0,0.000,0.019,0.036,0.62924,-0.27938,5.010
46.910,169.0,169.0,169.0,169.0,0.000,0.019,0.036,0.62924,-0.27938,5.010
46.920,169.0,169.0,169.0,169.0,0.000,0.019,0.036,0.62924,-0.27938,5.010
46.930,169.0,169.0,169.0,169.0,0.000,0.019,0.036,0.62924,-0.27938,5.010
46.940,169.0,169.0,169.0,169.0,0.000,0.019,0.036,0.62924,-0.27938,5.010
46.950,169.0,169.0,169.0,169.0,0.000,0.019,0.036,0.62924,-0.27938,5.010
46.960,169.0,169.0,169.0,169.0,0.000,0.019,0.036,0.63289,-0.27939,5.010
46.970,169.0,169.0,169.0,169.0,0.000,0.019,0.036,0.63289,-0.27939,5.010
46.980,169.0,169.0,169.0,169.0,0.000,0.019,0.036,0.63289,-0.27939,5.010
46.990,169.0,169.0,169.0,169.0,0.000,0.019,0.036,0.63289,-0.27939,5.010
47.000,169.0,169.0,169.0,169.0,0.000,0.019,0.036,0.63289,-0.27939,5.010
47.010,169.0,169.0,169.0,169.0,0.000,0.019,0.036,0.63289,-0.27939,5.010
47.020,169.0,169.0,169.0,169.0,0.000,0.019,0.036,0.63289,-0.27939,5.010
47.030,169.0,169.0,169.0,169.0,0.000,0.019,0.036,0.63289,-0.27939,5.010
47.040,169.0,169.0,169.0,169.0,0.000,0.019,0.036,0.63289,-0.27939,5.010
47.050,169.0,169.0,169.0,169.0,0.000,0.019,0.036,0.63289,-0.27939,5.010
47.060,169.0,169.0,169.0,169.0,0.000,0.019,0.036,0.63289,-0.27939,5.010
47.070,169.0,169.0,169.0,169.0,0.000,0.020,0.036,0.63289,-0.27939,5.010
47.080,169.0,169.0,169.0,169.0,0.000,0.020,0.036,0.63289,-0.27939,5.015
47.090,169.0,169.0,169.0,169.0,0.000,0.020,0.036,0.63289,-0.27939,5.015
47.100,169.0,169.0,169.0,169.0,0.000,0.020,0.036,0.63289,-0.27939,5.015
47.110,158.0,158.0,158.0,158.0,0.000,0.020,0.036,0.63289,-0.27939,5.015
47.120,158.0,158.0,158.0,158.0,0.000,0.020,0.036,0.63289,-0.27939,5.015
47.130,168.0,168.0,168.0,168.0,0.000,0.020,0.036,0.63289,-0.27939,5.015
47.140,168.0,168.0,168.0,168.0,0.000,0.020,0.036,0.63289,-0.27939,5.015
47.150,168.0,168.0,168.0,168.0,0.000,0.020,0.036,0.63289,-0.27939,5.015
47.160,168.0,168.0,168.0,168.0,0.000,0.020,0.036,0.63289,-0.27939,5.015
47.170,168.0,168.0,168.0,168.0,0.000,0.020,0.036,0.63675,-0.27940,5.015
47.180,168.0,168.0,168.0,168.0,0.000,0.020,0.036,0.63675,-0.27940,5.015
47.190,168.0,168.0,168.0,168.0,0.000,0.020,0.036,0.63675,-0.27940,5.015
47.200,168.0,168.0,168.0,168.0,0.000,0.020,0.036,0.63675,-0.27940,5.015
47.210,168.0,168.0,168.0,168.0,0.000,0.020,0.036,0.63675,-0.27940,5.015
47.220,168.0,168.0,168.0,168.0,0.000,0.020,0.036,0.63675,-0.27940,5.015
47.230,168.0,168.0,168.0,168.0,0.000,0.020,0.036,0.63675,-0.27940,5.015
47.240,168.0,168.0,168.0,168.0,0.000,0.020,0.036,0.63675,-0.27940,5.015
47.250,168.0,168.0,168.0,168.0,0.000,0.020,0.036,0.63675,-0.27940,5.015
47.260,168.0,168.0,168.0,168.0,0.000,0.020,0.036,0.63675,-0.27940,5.015
47.270,168.0,168.0,168.0,168.0,0.000,0.020,0.036,0.63675,-0.27940,5.015
47.280,168.0,168.0,168.0,168.0,0.000,0.020,0.036,0.63675,-0.27940,5.015
47.290,168.0,168.0,168.0,168.0,0.000,0.020,0.036,0.63675,-0.27940,5.015
47.300,168.0,168.0,168.0,168.0,0.000,0.020,0.036,0.63675,-0.27940,5.015
47.310,168.0,168.0,168.0,168.0,0.000,0.020,0.036,0.63675,-0.27940,5.015
47.320,168.0,168.0,168.0,168.0,0.000,0.020,0.036,0.63675,-0.27940,5.015
47.330,168.0,168.0,168.0,168.0,0.000,0.020,0.036,0.63675,-0.27940,5.015
47.340,168.0,168.0,168.0,168.0,0.000,0.020,0.036,0.63675,-0.27940,5.015
47.350,168.0,168.0,168.0,168.0,0.000,0.020,0.036,0.63675,-0.27940,5.015
47.360,168.0,168.0,168.0,168.0,0.000,0.020,0.036,0.63675,-0.27940,5.015
47.370,168.0,168.0,168.0,168.0,0.000,0.020,0.036,0.63675,-0.27940,5.015
47.380,168.0,168.0,168.0,168.0,0.000,0.020,0.036,0.64063,-0.27941,5.015
47.390,168.0,168.0,168.0,168.0,0.000,0.020,0.036,0.64063,-0.27941,5.015
47.400,168.0,168.0,168.0,168.0,0.000,0.020,0.036,0.64063,-0.27941,5.015
47.410,168.0,168.0,168.0,168.0,0.000,0.020,0.036,0.64063,-0.27941,5.015
47.420,168.0,168.0,168.0,168.0,0.000,0.020,0.036,0.64063,-0.27941,5.015
47.430,168.0,168.0,168.0,168.0,0.000,0.020,0.036,0.64063,-0.27941,5.015
47.440,168.0,168.0,168.0,168.0,0.000,0.020,0.036,0.64063,-0.27941,5.015
47.450,168.0,168.0,168.0,168.0,0.000,0.020,0.036,0.64063,-0.27941,5.015
47.460,168.0,168.0,168.0,168.0,0.000,0.020,0.036,0.64063,-0.27941,5.015
47.470,168.0,168.0,168.0,168.0,0.000,0.020,0.036,0.64063,-0.27941,5.015
47.480,168.0,168.0,168.0,168.0,0.000,0.020,0.036,0.64063,-0.27941,5.010
47.490,168.0,168.0,168.0,168.0,0.000,0.020,0.036,0.64063,-0.27941,5.010
47.500,178.0,178.0,178.0,178.0,0.000,0.020,0.036,0.64063,-0.27941,5.010
47.510,168.0,168.0,168.0,168.0,0.000,0.020,0.036,0.64063,-0.27941,5.010
47.520,168.0,168.0,168.0,168.0,0.000,0.020,0.036,0.64063,-0.27941,5.010
47.530,168.0,168.0,168.0,168.0,0.000,0.020,0.036,0.64063,-0.27941,5.010
47.540,168.0,168.0,168.0,168.0,0.000,0.020,0.036,0.64063,-0.27941,5.010
47.550,168.0,168.0,168.0,168.0,0.000,0.020,0.036,0.64063,-0.27941,5.010
47.560,168.0,168.0,168.0,168.0,0.000,0.020,0.036,0.64063,-0.27941,5.010
47.570,168.0,168.0,168.0,168.0,0.000,0.020,0.036,0.64063,-0.27941,5.010
47.580,168.0,168.0,168.0,168.0,0.000,0.020,0.036,0.64436,-0.27942,5.010
47.590,168.0,168.0,168.0,168.0,0.000,0.020,0.036,0.64436,-0.27942,5.010
47.600,168.0,168.0,168.0,168.0,0.000,0.020,0.036,0.64436,-0.27942,5.010
47.610,168.0,168.0,168.0,168.0,0.000,0.020,0.036,0.64436,-0.27942,5.010
47.620,168.0,168.0,168.0,168.0,0.000,0.020,0.036,0.64436,-0.27942,5.010
47.630,168.0,168.0,168.0,168.0,0.000,0.020,0.036,0.64436,-0.27942,5.010
47.640,168.0,168.0,168.0,168.0,0.000,0.020,0.036,0.64436,-0.27942,5.010
47.650,168.0,168.0,168.0,168.0,0.000,0.020,0.036,0.64436,-0.27942,5.010
47.660,168.0,168.0,168.0,168.0,0.000,0.020,0.036,0.64436,-0.27942,5.010
47.670,168.0,168.0,168.0,168.0,0.000,0.020,0.036,0.64436,-0.27942,5.010
47.680,168.0,168.0,168.0,168.0,0.000,0.020,0.036,0.64436,-0.27942,5.010
47.690,168.0,168.0,168.0,168.0,0.000,0.020,0.036,0.64436,-0.27942,5.010
47.700,168.0,168.0,168.0,168.0,0.000,0.020,0.036,0.64436,-0.27942,5.010
47.710,168.0,168.0,168.0,168.0,0.000,0.020,0.036,0.64436,-0.27942,5.010
47.720,168.0,168.0,168.0,168.0,0.000,0.020,0.036,0.64436,-0.27942,5.010
47.730,168.0,168.0,168.0,168.0,0.000,0.020,0.036,0.64436,-0.27942,5.010
47.740,168.0,168.0,168.0,168.0,0.000,0.020,0.036,0.64436,-0.27942,5.010
47.750,168.0,168.0,168.0,168.0,0.000,0.020,0.036,0.64436,-0.27942,5.010
47.760,168.0,168.0,168.0,168.0,0.000,0.020,0.036,0.64436,-0.27942,5.010
47.770,168.0,168.0,168.0,168.0,0.000,0.020,0.036,0.64436,-0.27942,5.010
47.780,168.0,168.0,168.0,168.0,0.000,0.020,0.036,0.64436,-0.27942,5.010
47.790,168.0,168.0,168.0,168.0,0.000,0.020,0.036,0.64829,-0.27943,5.010
47.800,168.0,168.0,168.0,168.0,0.000,0.020,0.036,0.64829,-0.27943,5.010
47.810,168.0,168.0,168.0,168.0,0.000,0.020,0.036,0.64829,-0.27943,5.010
47.820,168.0,168.0,168.0,168.0,0.000,0.020,0.036,0.64829,-0.27943,5.010
47.830,168.0,168.0,168.0,168.0,0.000,0.020,0.036,0.64829,-0.27943,5.010
47.840,168.0,168.0,168.0,168.0,0.000,0.020,0.036,0.64829,-0.27943,5.010
47.850,168.0,168.0,168.0,168.0,0.000,0.020,0.036,0.64829,-0.27943,5.010
47.860,168.0,168.0,168.0,168.0,0.000,0.020,0.036,0.64829,-0.27943,5.005
47.870,168.0,168.0,168.0,168.0,0.000,0.020,0.036,0.64829,-0.27943,5.005
47.880,178.0,178.0,178.0,178.0,0.000,0.020,0.036,0.64829,-0.27943,5.005
47.890,169.0,169.0,169.0,169.0,0.000,0.020,0.036,0.64829,-0.27943,5.005
47.900,169.0,169.0,169.0,169.0,0.000,0.020,0.036,0.64829,-0.27943,5.005
47.910,169.0,169.0,169.0,169.0,0.000,0.020,0.036,0.64829,-0.27943,5.005
47.920,169.0,169.0,169.0,169.0,0.000,0.020,0.036,0.64829,-0.27943,5.005
47.930,169.0,169.0,169.0,169.0,0.000,0.020,0.036,0.64829,-0.27943,5.005
47.940,169.0,169.0,169.0,169.0,0.000,0.020,0.036,0.64829,-0.27943,5.005
47.950,169.0,169.0,169.0,169.0,0.000,0.020,0.036,0.64829,-0.27943,5.005
47.960,169.0,169.0,169.0,169.0,0.000,0.020,0.036,0.64829,-0.27943,5.005
47.970,169.0,169.0,169.0,169.0,0.000,0.020,0.036,0.64829,-0.27943,5.005
47.980,169.0,169.0,169.0,169.0,0.000,0.020,0.036,0.64829,-0.27943,5.005
47.990,169.0,169.0,169.0,169.0,0.000,0.020,0.036,0.65206,-0.27944,5.005
48.000,169.0,169.0,169.0,169.0,0.000,0.020,0.036,0.65206,-0.27944,5.005
48.010,169.0,169.0,169.0,169.0,0.000,0.020,0.036,0.65206,-0.27944,5.005
48.020,169.0,169.0,169.0,169.0,0.000,0.020,0.036,0.65206,-0.27944,5.005
48.030,169.0,169.0,169.0,169.0,0.000,0.020,0.036,0.65206,-0.27944,5.005
48.040,169.0,169.0,169.0,169.0,0.000,0.020,0.036,0.65206,-0.27944,5.005
48.050,169.0,169.0,169.0,169.0,0.000,0.020,0.036,0.65206,-0.27944,5.005
48.060,169.0,169.0,169.0,169.0,0.000,0.020,0.036,0.65206,-0.27944,5.005
48.070,169.0,169.0,169.0,169.0,0.000,0.020,0.036,0.65206,-0.27944,5.005
48.080,169.0,169.0,169.0,169.0,0.000,0.020,0.036,0.65206,-0.27944,5.005
48.090,169.0,169.0,169.0,169.0,0.000,0.020,0.036,0.65206,-0.27944,5.005
48.100,169.0,169.0,169.0,169.0,0.000,0.020,0.036,0.65206,-0.27944,5.005
48.110,169.0,169.0,169.0,169.0,0.000,0.020,0.036,0.65206,-0.27944,5.005
48.120,169.0,169.0,169.0,169.0,0.000,0.020,0.036,0.65206,-0.27944,5.005
48.130,169.0,169.0,169.0,169.0,0.000,0.020,0.036,0.65206,-0.27944,5.005
48.140,169.0,169.0,169.0,169.0,0.000,0.020,0.036,0.65206,-0.27944,5.005
48.150,169.0,169.0,169.0,169.0,0.000,0.020,0.036,0.65206,-0.27944,5.005
48.160,169.0,169.0,169.0,169.0,0.000,0.020,0.036,0.65206,-0.27944,5.005
48.170,169.0,169.0,169.0,169.0,0.000,0.020,0.036,0.65206,-0.27944,5.005
48.180,169.0,169.0,169.0,169.0,0.000,0.020,0.036,0.65206,-0.27944,5.005
48.190,169.0,169.0,169.0,169.0,0.000,0.020,0.036,0.65206,-0.27944,5.005
48.200,169.0,169.0,169.0,169.0,0.000,0.020,0.036,0.65604,-0.27945,5.005
48.210,169.0,169.0,169.0,169.0,0.000,0.020,0.036,0.65604,-0.27945,5.005
48.220,169.0,169.0,169.0,169.0,0.000,0.020,0.036,0.65604,-0.27945,5.005
48.230,169.0,169.0,169.0,169.0,0.000,0.020,0.036,0.65604,-0.27945,5.005
48.240,169.0,169.0,169.0,169.0,0.000,0.020,0.036,0.65604,-0.27945,5.005
48.250,169.0,169.0,169.0,169.0,0.000,0.020,0.036,0.65604,-0.27945,5.005
48.260,169.0,169.0,169.0,169.0,0.000,0.020,0.036,0.65604,-0.27945,5.005
48.270,169.0,169.0,169.0,169.0,0.000,0.020,0.036,0.65604,-0.27945,5.005
48.280,169.0,169.0,169.0,169.0,0.000,0.020,0.036,0.65604,-0.27945,5.005
48.290,169.0,169.0,169.0,169.0,0.000,0.020,0.036,0.65604,-0.27945,5.005
48.300,169.0,169.0,169.0,169.0,0.000,0.020,0.036,0.65604,-0.27945,5.005
48.310,169.0,169.0,169.0,169.0,0.000,0.020,0.036,0.65604,-0.27945,5.005
48.320,169.0,169.0,169.0,169.0,0.000,0.020,0.036,0.65604,-0.27945,5.005
48.330,169.0,169.0,169.0,169.0,0.000,0.020,0.036,0.65604,-0.27945,5.005
48.340,169.0,169.0,169.0,169.0,0.000,0.020,0.036,0.65604,-0.27945,5.005
48.350,169.0,169.0,169.0,169.0,0.000,0.020,0.036,0.65604,-0.27945,5.005
48.360,169.0,169.0,169.0,169.0,0.000,0.020,0.036,0.65604,-0.27945,5.005
48.370,169.0,169.0,169.0,169.0,0.000,0.020,0.036,0.65604,-0.27945,5.005
48.380,169.0,169.0,169.0,169.0,0.000,0.020,0.036,0.65604,-0.27945,5.005
48.390,169.0,169.0,169.0,169.0,0.000,0.020,0.036,0.65604,-0.27945,5.005
48.400,169.0,169.0,169.0,169.0,0.000,0.020,0.036,0.65986,-0.27945,5.005
48.410,169.0,169.0,169.0,169.0,0.000,0.020,0.036,0.65986,-0.27945,5.005
48.420,169.0,169.0,169.0,169.0,0.000,0.020,0.036,0.65986,-0.27945,5.005
48.430,169.0,169.0,169.0,169.0,0.000,0.020,0.036,0.65986,-0.27945,5.005
48.440,169.0,169.0,169.0,169.0,0.000,0.020,0.036,0.65986,-0.27945,5.005
48.450,169.0,169.0,169.0,169.0,0.000,0.020,0.036,0.65986,-0.27945,5.005
48.460,169.0,169.0,169.0,169.0,0.000,0.020,0.036,0.65986,-0.27945,5.005
48.470,169.0,169.0,169.0,169.0,0.000,0.020,0.036,0.65986,-0.27945,5.005
48.480,169.0,169.0,169.0,169.0,0.000,0.020,0.036,0.65986,-0.27945,5.005
48.490,169.0,169.0,169.0,169.0,0.000,0.020,0.036,0.65986,-0.27945,5.005
48.500,169.0,169.0,169.0,169.0,0.000,0.020,0.036,0.65986,-0.27945,5.005
48.510,169.0,169.0,169.0,169.0,0.000,0.020,0.036,0.65986,-0.27945,5.005
48.520,169.0,169.0,169.0,169.0,0.000,0.020,0.036,0.65986,-0.27945,5.005
48.530,169.0,169.0,169.0,169.0,0.000,0.020,0.036,0.65986,-0.27945,5.005
48.540,169.0,169.0,169.0,169.0,0.000,0.020,0.036,0.65986,-0.27945,5.005
48.550,169.0,169.0,169.0,169.0,0.000,0.020,0.036,0.65986,-0.27945,5.005
48.560,169.0,169.0,169.0,169.0,0.000,0.020,0.036,0.65986,-0.27945,5.005
48.570,169.0,169.0,169.0,169.0,0.000,0.020,0.036,0.65986,-0.27945,5.005
48.580,169.0,169.0,169.0,169.0,0.000,0.020,0.036,0.65986,-0.27945,5.005
48.590,169.0,169.0,169.0,169.0,0.000,0.020,0.036,0.65986,-0.27945,5.010
48.600,169.0,169.0,169.0,169.0,0.000,0.020,0.036,0.65986,-0.27945,5.010
48.610,158.0,158.0,158.0,158.0,0.000,0.020,0.036,0.66390,-0.27947,5.010
48.620,168.0,168.0,168.0,168.0,0.000,0.020,0.036,0.66390,-0.27947,5.010
48.630,168.0,168.0,168.0,168.0,0.000,0.020,0.036,0.66390,-0.27947,5.010
48.640,168.0,168.0,168.0,168.0,0.000,0.020,0.036,0.66390,-0.27947,5.010
48.650,168.0,168.0,168.0,168.0,0.000,0.020,0.036,0.66390,-0.27947,5.010
48.660,168.0,168.0,168.0,168.0,0.000,0.020,0.036,0.66390,-0.27947,5.010
48.670,168.0,168.0,168.0,168.0,0.000,0.020,0.036,0.66390,-0.27947,5.010
48.680,168.0,168.0,168.0,168.0,0.000,0.020,0.036,0.66390,-0.27947,5.010
48.690,168.0,168.0,168.0,168.0,0.000,0.020,0.036,0.66390,-0.27947,5.010
48.700,168.0,168.0,168.0,168.0,0.000,0.020,0.036,0.66390,-0.27947,5.010
48.710,168.0,168.0,168.0,168.0,0.000,0.020,0.036,0.66390,-0.27947,5.010
48.720,168.0,168.0,168.0,168.0,0.000,0.020,0.036,0.66390,-0.27947,5.010
48.730,168.0,168.0,168.0,168.0,0.000,0.020,0.036,0.66390,-0.27947,5.010
48.740,168.0,168.0,168.0,168.0,0.000,0.020,0.036,0.66390,-0.27947,5.010
48.750,168.0,168.0,168.0,168.0,0.000,0.020,0.036,0.66390,-0.27947,5.010
48.760,168.0,168.0,168.0,168.0,0.000,0.020,0.036,0.66390,-0.27947,5.010
48.770,168.0,168.0,168.0,168.0,0.000,0.020,0.036,0.66390,-0.27947,5.010
48.780,168.0,168.0,168.0,168.0,0.000,0.020,0.036,0.66390,-0.27947,5.010
48.790,168.0,168.0,168.0,168.0,0.000,0.020,0.036,0.66390,-0.27947,5.010
48.800,168.0,168.0,168.0,168.0,0.000,0.020,0.036,0.66390,-0.27947,5.010
48.810,168.0,168.0,168.0,168.0,0.000,0.020,0.036,0.66776,-0.27947,5.010
48.820,168.0,168.0,168.0,168.0,0.000,0.020,0.036,0.66776,-0.27947,5.010
48.830,168.0,168.0,168.0,168.0,0.000,0.020,0.036,0.66776,-0.27947,5.010
48.840,168.0,168.0,168.0,168.0,0.000,0.020,0.036,0.66776,-0.27947,5.010
48.850,168.0,168.0,168.0,168.0,0.000,0.020,0.036,0.66776,-0.27947,5.010
48.860,168.0,168.0,168.0,168.0,0.000,0.020,0.036,0.66776,-0.27947,5.010
48.870,168.0,168.0,168.0,168.0,0.000,0.020,0.036,0.66776,-0.27947,5.010
48.880,168.0,168.0,168.0,168.0,0.000,0.020,0.036,0.66776,-0.27947,5.010
48.890,168.0,168.0,168.0,168.0,0.000,0.020,0.036,0.66776,-0.27947,5.010
48.900,168.0,168.0,168.0,168.0,0.000,0.020,0.036,0.66776,-0.27947,5.005
48.910,168.0,168.0,168.0,168.0,0.000,0.020,0.036,0.66776,-0.27947,5.005
48.920,168.0,168.0,168.0,168.0,0.000,0.020,0.036,0.66776,-0.27947,5.005
48.930,178.0,178.0,178.0,178.0,0.000,0.020,0.036,0.66776,-0.27947,5.005
48.940,169.0,169.0,169.0,169.0,0.000,0.020,0.036,0.66776,-0.27947,5.005
48.950,169.0,169.0,169.0,169.0,0.000,0.021,0.036,0.66776,-0.27947,5.005
48.960,169.0,169.0,169.0,169.0,0.000,0.021,0.036,0.66776,-0.27947,5.005
48.970,169.0,169.0,169.0,169.0,0.000,0.021,0.036,0.66776,-0.27947,5.005
48.980,169.0,169.0,169.0,169.0,0.000,0.021,0.036,0.66776,-0.27947,5.005
48.990,169.0,169.0,169.0,169.0,0.000,0.021,0.036,0.66776,-0.27947,5.005
49.000,169.0,169.0,169.0,169.0,0.000,0.021,0.036,0.66776,-0.27947,5.005
49.010,169.0,169.0,169.0,169.0,0.000,0.021,0.036,0.66776,-0.27947,5.005
49.020,169.0,169.0,169.0,169.0,0.000,0.021,0.036,0.67185,-0.27948,5.005
49.030,169.0,169.0,169.0,169.0,0.000,0.021,0.036,0.67185,-0.27948,5.005
49.040,169.0,169.0,169.0,169.0,0.000,0.021,0.036,0.67185,-0.27948,5.005
49.050,169.0,169.0,169.0,169.0,0.000,0.021,0.036,0.67185,-0.27948,5.005
49.060,169.0,169.0,169.0,169.0,0.000,0.021,0.036,0.67185,-0.27948,5.005
49.070,169.0,169.0,169.0,169.0,0.000,0.021,0.036,0.67185,-0.27948,5.005
49.080,169.0,169.0,169.0,169.0,0.000,0.021,0.036,0.67185,-0.27948,5.005
49.090,169.0,169.0,169.0,169.0,0.000,0.021,0.036,0.67185,-0.27948,5.005
49.100,169.0,169.0,169.0,169.0,0.000,0.021,0.036,0.67185,-0.27948,5.010
49.110,169.0,169.0,169.0,169.0,0.000,0.021,0.036,0.67185,-0.27948,5.010
49.120,158.0,158.0,158.0,158.0,0.000,0.021,0.036,0.67185,-0.27948,5.010
49.130,158.0,158.0,158.0,158.0,0.000,0.021,0.036,0.67185,-0.27948,5.010
49.140,168.0,168.0,168.0,168.0,0.000,0.021,0.036,0.67185,-0.27948,5.005
49.150,168.0,168.0,168.0,168.0,0.000,0.021,0.036,0.67185,-0.27948,5.005
49.160,169.0,169.0,169.0,169.0,0.000,0.021,0.036,0.67185,-0.27948,5.005
49.170,169.0,169.0,169.0,169.0,0.000,0.021,0.036,0.67185,-0.27948,5.005
49.180,169.0,169.0,169.0,169.0,0.000,0.021,0.036,0.67185,-0.27948,5.005
49.190,169.0,169.0,169.0,169.0,0.000,0.021,0.036,0.67185,-0.27948,5.005
49.200,169.0,169.0,169.0,169.0,0.000,0.021,0.036,0.67185,-0.27948,5.005
49.210,169.0,169.0,169.0,169.0,0.000,0.021,0.036,0.67185,-0.27948,5.005
49.220,169.0,169.0,169.0,169.0,0.000,0.021,0.036,0.67576,-0.27949,5.005
49.230,169.0,169.0,169.0,169.0,0.000,0.021,0.036,0.67576,-0.27949,5.005
49.240,169.0,169.0,169.0,169.0,0.000,0.021,0.036,0.67576,-0.27949,5.005
49.250,169.0,169.0,169.0,169.0,0.000,0.021,0.036,0.67576,-0.27949,5.005
49.260,169.0,169.0,169.0,169.0,0.000,0.021,0.036,0.67576,-0.27949,5.005
49.270,169.0,169.0,169.0,169.0,0.000,0.021,0.036,0.67576,-0.27949,5.005
49.280,169.0,169.0,169.0,169.0,0.000,0.021,0.036,0.67576,-0.27949,5.005
49.290,169.0,169.0,169.0,169.0,0.000,0.021,0.036,0.67576,-0.27949,5.005
49.300,169.0,169.0,169.0,169.0,0.000,0.021,0.036,0.67576,-0.27949,5.005
49.310,169.0,169.0,169.0,169.0,0.000,0.021,0.036,0.67576,-0.27949,5.005
49.320,169.0,169.0,169.0,169.0,0.000,0.021,0.036,0.67576,-0.27949,5.005
49.330,169.0,169.0,169.0,169.0,0.000,0.021,0.036,0.67576,-0.27949,5.005
49.340,169.0,169.0,169.0,169.0,0.000,0.021,0.036,0.67576,-0.27949,5.005
49.350,169.0,169.0,169.0,169.0,0.000,0.021,0.036,0.67576,-0.27949,5.005
49.360,169.0,169.0,169.0,169.0,0.000,0.021,0.036,0.67576,-0.27949,5.005
49.370,169.0,169.0,169.0,169.0,0.000,0.021,0.036,0.67576,-0.27949,5.005
49.380,169.0,169.0,169.0,169.0,0.000,0.021,0.036,0.67576,-0.27949,5.005
49.390,169.0,169.0,169.0,169.0,0.000,0.021,0.036,0.67576,-0.27949,5.005
49.400,169.0,169.0,169.0,169.0,0.000,0.021,0.036,0.67576,-0.27949,5.005
49.410,169.0,169.0,169.0,169.0,0.000,0.021,0.036,0.67576,-0.27949,5.005
49.420,169.0,169.0,169.0,169.0,0.000,0.021,0.036,0.67576,-0.27949,5.005
49.430,169.0,169.0,169.0,169.0,0.000,0.021,0.036,0.67989,-0.27950,5.005
49.440,169.0,169.0,169.0,169.0,0.000,0.021,0.036,0.67989,-0.27950,5.005
49.450,169.0,169.0,169.0,169.0,0.000,0.021,0.036,0.67989,-0.27950,5.005
49.460,169.0,169.0,169.0,169.0,0.000,0.021,0.036,0.67989,-0.27950,5.005
49.470,169.0,169.0,169.0,169.0,0.000,0.021,0.036,0.67989,-0.27950,5.005
49.480,169.0,169.0,169.0,169.0,0.000,0.021,0.036,0.67989,-0.27950,5.005
49.490,169.0,169.0,169.0,169.0,0.000,0.021,0.036,0.67989,-0.27950,5.005
49.500,169.0,169.0,169.0,169.0,0.000,0.021,0.036,0.67989,-0.27950,5.005
49.510,169.0,169.0,169.0,169.0,0.000,0.021,0.036,0.67989,-0.27950,5.005
49.520,169.0,169.0,169.0,169.0,0.000,0.021,0.036,0.67989,-0.27950,5.005
49.530,169.0,169.0,169.0,169.0,0.000,0.021,0.036,0.67989,-0.27950,5.005
49.540,169.0,169.0,169.0,169.0,0.000,0.021,0.036,0.67989,-0.27950,5.005
49.550,169.0,169.0,169.0,169.0,0.000,0.021,0.036,0.67989,-0.27950,5.005
49.560,169.0,169.0,169.0,169.0,0.000,0.021,0.036,0.67989,-0.27950,5.005
49.570,169.0,169.0,169.0,169.0,0.000,0.021,0.036,0.67989,-0.27950,5.005
49.580,169.0,169.0,169.0,169.0,0.000,0.021,0.036,0.67989,-0.27950,5.005
49.590,169.0,169.0,169.0,169.0,0.000,0.021,0.036,0.67989,-0.27950,5.005
49.600,169.0,169.0,169.0,169.0,0.000,0.021,0.036,0.67989,-0.27950,5.005
49.610,169.0,169.0,169.0,169.0,0.000,0.021,0.036,0.67989,-0.27950,5.005
49.620,169.0,169.0,169.0,169.0,0.000,0.021,0.036,0.67989,-0.27950,5.005
49.630,169.0,169.0,169.0,169.0,0.000,0.021,0.036,0.68385,-0.27951,5.005
49.640,169.0,169.0,169.0,169.0,0.000,0.021,0.036,0.68385,-0.27951,5.005
49.650,169.0,169.0,169.0,169.0,0.000,0.021,0.036,0.68385,-0.27951,5.005
49.660,169.0,169.0,169.0,169.0,0.000,0.021,0.036,0.68385,-0.27951,5.005
49.670,169.0,169.0,169.0,169.0,0.000,0.021,0.036,0.68385,-0.27951,5.005
49.680,169.0,169.0,169.0,169.0,0.000,0.021,0.036,0.68385,-0.27951,5.005
49.690,169.0,169.0,169.0,169.0,0.000,0.021,0.036,0.68385,-0.27951,5.005
49.700,169.0,169.0,169.0,169.0,0.000,0.021,0.036,0.68385,-0.27951,5.005
49.710,169.0,169.0,169.0,169.0,0.000,0.021,0.036,0.68385,-0.27951,5.005
49.720,169.0,169.0,169.0,169.0,0.000,0.021,0.036,0.68385,-0.27951,5.005
49.730,169.0,169.0,169.0,169.0,0.000,0.021,0.036,0.68385,-0.27951,5.005
49.740,169.0,169.0,169.0,169.0,0.000,0.021,0.036,0.68385,-0.27951,5.005
49.750,169.0,169.0,169.0,169.0,0.000,0.021,0.036,0.68385,-0.27951,5.005
49.760,169.0,169.0,169.0,169.0,0.000,0.021,0.036,0.68385,-0.27951,5.005
49.770,169.0,169.0,169.0,169.0,0.000,0.021,0.036,0.68385,-0.27951,5.005
49.780,169.0,169.0,169.0,169.0,0.000,0.021,0.036,0.68385,-0.27951,5.005
49.790,169.0,169.0,169.0,169.0,0.000,0.021,0.036,0.68385,-0.27951,5.005
49.800,169.0,169.0,169.0,169.0,0.000,0.021,0.036,0.68385,-0.27951,5.005
49.810,169.0,169.0,169.0,169.0,0.000,0.021,0.036,0.68385,-0.27951,5.005
49.820,169.0,169.0,169.0,169.0,0.000,0.021,0.036,0.68385,-0.27951,5.005
49.830,169.0,169.0,169.0,169.0,0.000,0.021,0.036,0.68385,-0.27951,5.005
49.840,169.0,169.0,169.0,169.0,0.000,0.021,0.036,0.68804,-0.27952,5.005
49.850,169.0,169.0,169.0,169.0,0.000,0.021,0.036,0.68804,-0.27952,5.005
49.860,169.0,169.0,169.0,169.0,0.000,0.021,0.036,0.68804,-0.27952,5.010
49.870,169.0,169.0,169.0,169.0,0.000,0.021,0.036,0.68804,-0.27952,5.010
49.880,168.0,168.0,168.0,168.0,0.000,0.021,0.036,0.68804,-0.27952,5.010
49.890,168.0,168.0,168.0,168.0,0.000,0.021,0.036,0.68804,-0.27952,5.010
49.900,168.0,168.0,168.0,168.0,0.000,0.021,0.036,0.68804,-0.27952,5.010
49.910,168.0,168.0,168.0,168.0,0.000,0.021,0.036,0.68804,-0.27952,5.010
49.920,168.0,168.0,168.0,168.0,0.000,0.021,0.036,0.68804,-0.27952,5.010
49.930,168.0,168.0,168.0,168.0,0.000,0.021,0.036,0.68804,-0.27952,5.010
49.940,168.0,168.0,168.0,168.0,0.000,0.021,0.036,0.68804,-0.27952,5.010
49.950,168.0,168.0,168.0,168.0,0.000,0.021,0.036,0.68804,-0.27952,5.010
49.960,168.0,168.0,168.0,168.0,0.000,0.021,0.036,0.68804,-0.27952,5.010
49.970,168.0,168.0,168.0,168.0,0.000,0.021,0.036,0.68804,-0.27952,5.010
49.980,168.0,168.0,168.0,168.0,0.000,0.021,0.036,0.68804,-0.27952,5.010
49.990,168.0,168.0,168.0,168.0,0.000,0.021,0.036,0.68804,-0.27952,5.010
50.000,168.0,168.0,168.0,168.0,0.000,0.021,0.036,0.68804,-0.27952,5.010
50.010,168.0,168.0,168.0,168.0,0.000,0.021,0.036,0.68804,-0.27952,5.010
50.020,168.0,168.0,168.0,168.0,0.000,0.021,0.036,0.68804,-0.27952,5.010
50.030,168.0,168.0,168.0,168.0,0.000,0.021,0.036,0.68804,-0.27952,5.010
50.040,168.0,168.0,168.0,168.0,0.000,0.021,0.036,0.68804,-0.27952,5.010
50.050,168.0,168.0,168.0,168.0,0.000,0.021,0.036,0.69225,-0.27953,5.010
50.060,168.0,168.0,168.0,168.0,0.000,0.021,0.036,0.69225,-0.27953,5.010
50.070,168.0,168.0,168.0,168.0,0.000,0.021,0.036,0.69225,-0.27953,5.010
50.080,168.0,168.0,168.0,168.0,0.000,0.021,0.036,0.69225,-0.27953,5.010
50.090,168.0,168.0,168.0,168.0,0.000,0.021,0.036,0.69225,-0.27953,5.010
50.100,168.0,168.0,168.0,168.0,0.000,0.021,0.036,0.69225,-0.27953,5.010
50.110,168.0,168.0,168.0,168.0,0.000,0.021,0.036,0.69225,-0.27953,5.010
50.120,168.0,168.0,168.0,168.0,0.000,0.021,0.036,0.69225,-0.27953,5.010
50.130,168.0,168.0,168.0,168.0,0.000,0.021,0.036,0.69225,-0.27953,5.010
50.140,168.0,168.0,168.0,168.0,0.000,0.021,0.036,0.69225,-0.27953,5.010
50.150,168.0,168.0,168.0,168.0,0.000,0.021,0.036,0.69225,-0.27953,5.010
50.160,168.0,168.0,168.0,168.0,0.000,0.021,0.036,0.69225,-0.27953,5.010
50.170,168.0,168.0,168.0,168.0,0.000,0.021,0.036,0.69225,-0.27953,5.010
50.180,168.0,168.0,168.0,168.0,0.000,0.021,0.036,0.69225,-0.27953,5.010
50.190,168.0,168.0,168.0,168.0,0.000,0.021,0.036,0.69225,-0.27953,5.010
50.200,168.0,168.0,168.0,168.0,0.000,0.021,0.036,0.69225,-0.27953,5.010
50.210,168.0,168.0,168.0,168.0,0.000,0.021,0.036,0.69225,-0.27953,5.010
50.220,168.0,168.0,168.0,168.0,0.000,0.021,0.036,0.69225,-0.27953,5.010
50.230,168.0,168.0,168.0,168.0,0.000,0.021,0.036,0.69225,-0.27953,5.010
50.240,168.0,168.0,168.0,168.0,0.000,0.021,0.036,0.69225,-0.27953,5.010
50.250,168.0,168.0,168.0,168.0,0.000,0.021,0.036,0.69628,-0.27954,5.010
50.260,168.0,168.0,168.0,168.0,0.000,0.021,0.036,0.69628,-0.27954,5.010
50.270,168.0,168.0,168.0,168.0,0.000,0.021,0.036,0.69628,-0.27954,5.010
50.280,168.0,168.0,168.0,168.0,0.000,0.021,0.036,0.69628,-0.27954,5.010
50.290,168.0,168.0,168.0,168.0,0.000,0.021,0.036,0.69628,-0.27954,5.010
50.300,168.0,168.0,168.0,168.0,0.000,0.021,0.036,0.69628,-0.27954,5.010
50.310,168.0,168.0,168.0,168.0,0.000,0.021,0.036,0.69628,-0.27954,5.010
50.320,168.0,168.0,168.0,168.0,0.000,0.021,0.036,0.69628,-0.27954,5.010
50.330,168.0,168.0,168.0,168.0,0.000,0.021,0.036,0.69628,-0.27954,5.010
50.340,168.0,168.0,168.0,168.0,0.000,0.021,0.036,0.69628,-0.27954,5.010
50.350,168.0,168.0,168.0,168.0,0.000,0.021,0.036,0.69628,-0.27954,5.010
50.360,168.0,168.0,168.0,168.0,0.000,0.021,0.036,0.69628,-0.27954,5.010
50.370,168.0,168.0,168.0,168.0,0.000,0.021,0.036,0.69628,-0.27954,5.010
50.380,168.0,168.0,168.0,168.0,0.000,0.021,0.036,0.69628,-0.27954,5.010
50.390,168.0,168.0,168.0,168.0,0.000,0.021,0.036,0.69628,-0.27954,5.010
50.400,168.0,168.0,168.0,168.0,0.000,0.021,0.036,0.69628,-0.27954,5.010
50.410,168.0,168.0,168.0,168.0,0.000,0.021,0.036,0.69628,-0.27954,5.010
50.420,168.0,168.0,168.0,168.0,0.000,0.021,0.036,0.69628,-0.27954,5.010
50.430,168.0,168.0,168.0,168.0,0.000,0.021,0.036,0.69628,-0.27954,5.010
50.440,168.0,168.0,168.0,168.0,0.000,0.021,0.036,0.69628,-0.27954,5.010
50.450,168.0,168.0,168.0,168.0,0.000,0.021,0.036,0.69628,-0.27954,5.010
50.460,168.0,168.0,168.0,168.0,0.000,0.021,0.036,0.70054,-0.27955,5.010
50.470,168.0,168.0,168.0,168.0,0.000,0.021,0.036,0.70054,-0.27955,5.010
50.480,168.0,168.0,168.0,168.0,0.000,0.021,0.036,0.70054,-0.27955,5.005
50.490,168.0,168.0,168.0,168.0,0.000,0.021,0.036,0.70054,-0.27955,5.005
50.500,168.0,168.0,168.0,168.0,0.000,0.021,0.036,0.70054,-0.27955,5.005
50.510,168.0,168.0,168.0,168.0,0.000,0.021,0.036,0.70054,-0.27955,5.005
50.520,168.0,168.0,168.0,168.0,0.000,0.021,0.036,0.70054,-0.27955,5.005
50.530,168.0,168.0,168.0,168.0,0.000,0.021,0.036,0.70054,-0.27955,5.005
50.540,168.0,168.0,168.0,168.0,0.000,0.021,0.036,0.70054,-0.27955,5.005
50.550,168.0,168.0,168.0,168.0,0.000,0.021,0.036,0.70054,-0.27955,5.005
50.560,168.0,168.0,168.0,168.0,0.000,0.021,0.036,0.70054,-0.27955,5.005
50.570,168.0,168.0,168.0,168.0,0.000,0.021,0.036,0.70054,-0.27955,5.005
50.580,168.0,168.0,168.0,168.0,0.000,0.021,0.036,0.70054,-0.27955,5.005
50.590,168.0,168.0,168.0,168.0,0.000,0.021,0.036,0.70054,-0.27955,5.005
50.600,168.0,168.0,168.0,168.0,0.000,0.021,0.036,0.70054,-0.27955,5.005
50.610,168.0,168.0,168.0,168.0,0.000,0.021,0.036,0.70054,-0.27955,5.005
50.620,168.0,168.0,168.0,168.0,0.000,0.021,0.036,0.70054,-0.27955,5.005
50.630,168.0,168.0,168.0,168.0,0.000,0.021,0.036,0.70054,-0.27955,5.005
50.640,168.0,168.0,168.0,168.0,0.000,0.021,0.036,0.70054,-0.27955,5.005
50.650,168.0,168.0,168.0,168.0,0.000,0.021,0.036,0.70054,-0.27955,5.005
50.660,168.0,168.0,168.0,168.0,0.000,0.021,0.036,0.70462,-0.27956,5.005
50.670,168.0,168.0,168.0,168.0,0.000,0.021,0.036,0.70462,-0.27956,5.005
50.680,168.0,168.0,168.0,168.0,0.000,0.021,0.036,0.70462,-0.27956,5.005
50.690,168.0,168.0,168.0,168.0,0.000,0.021,0.036,0.70462,-0.27956,5.005
50.700,168.0,168.0,168.0,168.0,0.000,0.021,0.036,0.70462,-0.27956,4.999
50.710,168.0,168.0,168.0,168.0,0.000,0.021,0.036,0.70462,-0.27956,4.999
50.720,169.0,169.0,169.0,169.0,0.000,0.021,0.036,0.70462,-0.27956,4.999
50.730,169.0,169.0,169.0,169.0,0.000,0.021,0.036,0.70462,-0.27956,4.999
50.740,169.0,169.0,169.0,169.0,0.000,0.021,0.036,0.70462,-0.27956,4.999
50.750,169.0,169.0,169.0,169.0,0.000,0.021,0.036,0.70462,-0.27956,4.999
50.760,169.0,169.0,169.0,169.0,0.000,0.021,0.036,0.70462,-0.27956,4.999
50.770,169.0,169.0,169.0,169.0,0.000,0.021,0.036,0.70462,-0.27956,4.999
50.780,169.0,169.0,169.0,169.0,0.000,0.021,0.036,0.70462,-0.27956,4.999
50.790,169.0,169.0,169.0,169.0,0.000,0.021,0.036,0.70462,-0.27956,4.999
50.800,169.0,169.0,169.0,169.0,0.000,0.021,0.036,0.70462,-0.27956,4.999
50.810,169.0,169.0,169.0,169.0,0.000,0.021,0.036,0.70462,-0.27956,4.999
50.820,169.0,169.0,169.0,169.0,0.000,0.021,0.036,0.70462,-0.27956,4.999
50.830,169.0,169.0,169.0,169.0,0.000,0.021,0.036,0.70462,-0.27956,4.999
50.840,169.0,169.0,169.0,169.0,0.000,0.021,0.036,0.70462,-0.27956,4.999
50.850,169.0,169.0,169.0,169.0,0.000,0.021,0.036,0.70462,-0.27956,4.999
50.860,169.0,169.0,169.0,169.0,0.000,0.021,0.036,0.70462,-0.27956,4.999
50.870,169.0,169.0,169.0,169.0,0.000,0.021,0.036,0.70893,-0.27957,4.999
50.880,169.0,169.0,169.0,169.0,0.000,0.021,0.036,0.70893,-0.27957,4.999
50.890,169.0,169.0,169.0,169.0,0.000,0.021,0.036,0.70893,-0.27957,4.999
50.900,169.0,169.0,169.0,169.0,0.000,0.021,0.036,0.70893,-0.27957,4.999
50.910,169.0,169.0,169.0,169.0,0.000,0.021,0.036,0.70893,-0.27957,4.997
50.920,169.0,169.0,169.0,169.0,0.000,0.021,0.036,0.70893,-0.27957,4.997
50.930,169.0,169.0,169.0,169.0,0.000,0.021,0.036,0.70893,-0.27957,4.997
50.940,174.0,174.0,174.0,174.0,0.000,0.021,0.036,0.70893,-0.27957,4.997
50.950,169.0,169.0,169.0,169.0,0.000,0.021,0.036,0.70893,-0.27957,4.997
50.960,169.0,169.0,169.0,169.0,0.000,0.021,0.036,0.70893,-0.27957,4.997
50.970,169.0,169.0,169.0,169.0,0.000,0.021,0.036,0.70893,-0.27957,4.997
50.980,169.0,169.0,169.0,169.0,0.000,0.022,0.036,0.70893,-0.27957,4.997
50.990,169.0,169.0,169.0,169.0,0.000,0.022,0.036,0.70893,-0.27957,4.997
51.000,169.0,169.0,169.0,169.0,0.000,0.022,0.036,0.70893,-0.27957,4.997
51.010,169.0,169.0,169.0,169.0,0.000,0.022,0.036,0.70893,-0.27957,4.997
51.020,169.0,169.0,169.0,169.0,0.000,0.022,0.036,0.70893,-0.27957,4.997
51.030,169.0,169.0,169.0,169.0,0.000,0.022,0.036,0.70893,-0.27957,4.997
51.040,169.0,169.0,169.0,169.0,0.000,0.022,0.036,0.70893,-0.27957,4.997
51.050,169.0,169.0,169.0,169.0,0.000,0.022,0.036,0.70893,-0.27957,4.997
51.060,169.0,169.0,169.0,169.0,0.000,0.022,0.036,0.70893,-0.27957,4.997
51.070,169.0,169.0,169.0,169.0,0.000,0.022,0.036,0.71306,-0.27958,4.997
51.080,169.0,169.0,169.0,169.0,0.000,0.022,0.036,0.71306,-0.27958,4.997
51.090,169.0,169.0,169.0,169.0,0.000,0.022,0.036,0.71306,-0.27958,4.997
51.100,169.0,169.0,169.0,169.0,0.000,0.022,0.036,0.71306,-0.27958,4.997
51.110,169.0,169.0,169.0,169.0,0.000,0.022,0.036,0.71306,-0.27958,4.997
51.120,169.0,169.0,169.0,169.0,0.000,0.022,0.036,0.71306,-0.27958,4.997
51.130,169.0,169.0,169.0,169.0,0.000,0.022,0.036,0.71306,-0.27958,4.997
51.140,169.0,169.0,169.0,169.0,0.000,0.022,0.036,0.71306,-0.27958,4.997
51.150,169.0,169.0,169.0,169.0,0.000,0.022,0.036,0.71306,-0.27958,4.997
51.160,169.0,169.0,169.0,169.0,0.000,0.022,0.036,0.71306,-0.27958,4.997
51.170,169.0,169.0,169.0,169.0,0.000,0.022,0.036,0.71306,-0.27958,4.997
51.180,169.0,169.0,169.0,169.0,0.000,0.022,0.036,0.71306,-0.27958,4.997
51.190,169.0,169.0,169.0,169.0,0.000,0.022,0.036,0.71306,-0.27958,4.997
51.200,169.0,169.0,169.0,169.0,0.000,0.022,0.036,0.71306,-0.27958,4.997
51.210,169.0,169.0,169.0,169.0,0.000,0.022,0.036,0.71306,-0.27958,4.997
51.220,169.0,169.0,169.0,169.0,0.000,0.022,0.036,0.71306,-0.27958,4.997
51.230,169.0,169.0,169.0,169.0,0.000,0.022,0.036,0.71306,-0.27958,4.997
51.240,169.0,169.0,169.0,169.0,0.000,0.022,0.036,0.71306,-0.27958,4.997
51.250,169.0,169.0,169.0,169.0,0.000,0.022,0.036,0.71306,-0.27958,4.997
51.260,169.0,169.0,169.0,169.0,0.000,0.022,0.036,0.71306,-0.27958,4.997
51.270,169.0,169.0,169.0,169.0,0.000,0.022,0.036,0.71306,-0.27958,4.997
51.280,169.0,169.0,169.0,169.0,0.000,0.022,0.036,0.71742,-0.27959,4.997
51.290,169.0,169.0,169.0,169.0,0.000,0.022,0.036,0.71742,-0.27959,4.997
51.300,169.0,169.0,169.0,169.0,0.000,0.022,0.036,0.71742,-0.27959,4.997
51.310,169.0,169.0,169.0,169.0,0.000,0.022,0.036,0.71742,-0.27959,4.997
51.320,169.0,169.0,169.0,169.0,0.000,0.022,0.036,0.71742,-0.27959,4.997
51.330,169.0,169.0,169.0,169.0,0.000,0.022,0.036,0.71742,-0.27959,4.997
51.340,169.0,169.0,169.0,169.0,0.000,0.022,0.036,0.71742,-0.27959,4.997
51.350,169.0,169.0,169.0,169.0,0.000,0.022,0.036,0.71742,-0.27959,4.997
51.360,169.0,169.0,169.0,169.0,0.000,0.022,0.036,0.71742,-0.27959,4.997
51.370,169.0,169.0,169.0,169.0,0.000,0.022,0.036,0.71742,-0.27959,4.997
51.380,169.0,169.0,169.0,169.0,0.000,0.022,0.036,0.71742,-0.27959,4.997
51.390,169.0,169.0,169.0,169.0,0.000,0.022,0.036,0.71742,-0.27959,4.997
51.400,169.0,169.0,169.0,169.0,0.000,0.022,0.036,0.71742,-0.27959,4.997
51.410,169.0,169.0,169.0,169.0,0.000,0.022,0.036,0.71742,-0.27959,4.997
51.420,169.0,169.0,169.0,169.0,0.000,0.022,0.036,0.71742,-0.27959,4.997
51.430,169.0,169.0,169.0,169.0,0.000,0.022,0.036,0.71742,-0.27959,4.997
51.440,169.0,169.0,169.0,169.0,0.000,0.022,0.036,0.71742,-0.27959,4.997
51.450,169.0,169.0,169.0,169.0,0.000,0.022,0.036,0.71742,-0.27959,4.997
51.460,169.0,169.0,169.0,169.0,0.000,0.022,0.036,0.71742,-0.27959,4.997
51.470,169.0,169.0,169.0,169.0,0.000,0.022,0.036,0.71742,-0.27959,4.997
51.480,169.0,169.0,169.0,169.0,0.000,0.022,0.036,0.72159,-0.27960,4.997
51.490,169.0,169.0,169.0,169.0,0.000,0.022,0.036,0.72159,-0.27960,4.997
51.500,169.0,169.0,169.0,169.0,0.000,0.022,0.036,0.72159,-0.27960,4.997
51.510,169.0,169.0,169.0,169.0,0.000,0.022,0.036,0.72159,-0.27960,4.997
51.520,169.0,169.0,169.0,169.0,0.000,0.022,0.036,0.72159,-0.27960,4.997
51.530,169.0,169.0,169.0,169.0,0.000,0.022,0.036,0.72159,-0.27960,4.997
51.540,169.0,169.0,169.0,169.0,0.000,0.022,0.036,0.72159,-0.27960,4.997
51.550,169.0,169.0,169.0,169.0,0.000,0.022,0.036,0.72159,-0.27960,4.997
51.560,169.0,169.0,169.0,169.0,0.000,0.022,0.036,0.72159,-0.27960,4.997
51.570,169.0,169.0,169.0,169.0,0.000,0.022,0.036,0.72159,-0.27960,4.997
51.580,169.0,169.0,169.0,169.0,0.000,0.022,0.036,0.72159,-0.27960,4.997
51.590,169.0,169.0,169.0,169.0,0.000,0.022,0.036,0.72159,-0.27960,4.997
51.600,169.0,169.0,169.0,169.0,0.000,0.022,0.036,0.72159,-0.27960,4.997
51.610,169.0,169.0,169.0,169.0,0.000,0.022,0.036,0.72159,-0.27960,4.997
51.620,169.0,169.0,169.0,169.0,0.000,0.022,0.036,0.72159,-0.27960,4.997
51.630,169.0,169.0,169.0,169.0,0.000,0.022,0.036,0.72159,-0.27960,4.999
51.640,169.0,169.0,169.0,169.0,0.000,0.022,0.036,0.72159,-0.27960,4.999
51.650,164.0,164.0,164.0,164.0,0.000,0.022,0.036,0.72159,-0.27960,4.999
51.660,164.0,164.0,164.0,164.0,0.000,0.022,0.036,0.72159,-0.27960,4.999
51.670,169.0,169.0,169.0,169.0,0.000,0.022,0.036,0.72159,-0.27960,4.999
51.680,169.0,169.0,169.0,169.0,0.000,0.022,0.036,0.72159,-0.27960,4.999
51.690,169.0,169.0,169.0,169.0,0.000,0.022,0.036,0.72601,-0.27961,4.999
51.700,169.0,169.0,169.0,169.0,0.000,0.022,0.036,0.72601,-0.27961,4.999
51.710,169.0,169.0,169.0,169.0,0.000,0.022,0.036,0.72601,-0.27961,4.999
51.720,169.0,169.0,169.0,169.0,0.000,0.022,0.036,0.72601,-0.27961,4.999
51.730,169.0,169.0,169.0,169.0,0.000,0.022,0.036,0.72601,-0.27961,4.999
51.740,169.0,169.0,169.0,169.0,0.000,0.022,0.036,0.72601,-0.27961,4.999
51.750,169.0,169.0,169.0,169.0,0.000,0.022,0.036,0.72601,-0.27961,4.999
51.760,169.0,169.0,169.0,169.0,0.000,0.022,0.036,0.72601,-0.27961,4.999
51.770,169.0,169.0,169.0,169.0,0.000,0.022,0.036,0.72601,-0.27961,4.999
51.780,169.0,169.0,169.0,169.0,0.000,0.022,0.036,0.72601,-0.27961,4.999
51.790,169.0,169.0,169.0,169.0,0.000,0.022,0.036,0.72601,-0.27961,4.999
51.800,169.0,169.0,169.0,169.0,0.000,0.022,0.036,0.72601,-0.27961,4.999
51.810,169.0,169.0,169.0,169.0,0.000,0.022,0.036,0.72601,-0.27961,4.999
51.820,169.0,169.0,169.0,169.0,0.000,0.022,0.036,0.72601,-0.27961,4.999
51.830,169.0,169.0,169.0,169.0,0.000,0.022,0.036,0.72601,-0.27961,4.999
51.840,169.0,169.0,169.0,169.0,0.000,0.022,0.036,0.72601,-0.27961,4.999
51.850,169.0,169.0,169.0,169.0,0.000,0.022,0.036,0.72601,-0.27961,4.999
51.860,169.0,169.0,169.0,169.0,0.000,0.022,0.036,0.72601,-0.27961,4.999
51.870,169.0,169.0,169.0,169.0,0.000,0.022,0.036,0.72601,-0.27961,4.999
51.880,169.0,169.0,169.0,169.0,0.000,0.022,0.036,0.72601,-0.27961,4.999
51.890,169.0,169.0,169.0,169.0,0.000,0.022,0.036,0.73023,-0.27962,4.999
51.900,169.0,169.0,169.0,169.0,0.000,0.022,0.036,0.73023,-0.27962,4.999
51.910,169.0,169.0,169.0,169.0,0.000,0.022,0.036,0.73023,-0.27962,4.999
51.920,169.0,169.0,169.0,169.0,0.000,0.022,0.036,0.73023,-0.27962,4.999
51.930,169.0,169.0,169.0,169.0,0.000,0.022,0.036,0.73023,-0.27962,4.999
51.940,169.0,169.0,169.0,169.0,0.000,0.022,0.036,0.73023,-0.27962,4.999
51.950,169.0,169.0,169.0,169.0,0.000,0.022,0.036,0.73023,-0.27962,4.999
51.960,169.0,169.0,169.0,169.0,0.000,0.022,0.036,0.73023,-0.27962,4.999
51.970,169.0,169.0,169.0,169.0,0.000,0.022,0.036,0.73023,-0.27962,4.999
51.980,169.0,169.0,169.0,169.0,0.000,0.022,0.036,0.73023,-0.27962,4.999
51.990,169.0,169.0,169.0,169.0,0.000,0.022,0.036,0.73023,-0.27962,4.999
52.000,169.0,169.0,169.0,169.0,0.000,0.022,0.036,0.73023,-0.27962,5.005
52.010,169.0,169.0,169.0,169.0,0.000,0.022,0.036,0.73023,-0.27962,5.005
52.020,158.0,158.0,158.0,158.0,0.000,0.022,0.036,0.73023,-0.27962,5.005
52.030,168.0,168.0,168.0,168.0,0.000,0.022,0.036,0.73023,-0.27962,5.005
52.040,168.0,168.0,168.0,168.0,0.000,0.022,0.036,0.73023,-0.27962,5.005
52.050,168.0,168.0,168.0,168.0,0.000,0.022,0.036,0.73023,-0.27962,5.005
52.060,168.0,168.0,168.0,168.0,0.000,0.022,0.036,0.73023,-0.27962,5.005
52.070,168.0,168.0,168.0,168.0,0.000,0.022,0.036,0.73023,-0.27962,5.005
52.080,168.0,168.0,168.0,168.0,0.000,0.022,0.036,0.73023,-0.27962,5.005
52.090,168.0,168.0,168.0,168.0,0.000,0.022,0.036,0.73023,-0.27962,5.005
52.100,168.0,168.0,168.0,168.0,0.000,0.022,0.036,0.73470,-0.27963,5.005
52.110,168.0,168.0,168.0,168.0,0.000,0.022,0.036,0.73470,-0.27963,5.005
52.120,168.0,168.0,168.0,168.0,0.000,0.022,0.036,0.73470,-0.27963,5.005
52.130,168.0,168.0,168.0,168.0,0.000,0.022,0.036,0.73470,-0.27963,5.005
52.140,168.0,168.0,168.0,168.0,0.000,0.022,0.036,0.73470,-0.27963,5.005
52.150,168.0,168.0,168.0,168.0,0.000,0.022,0.036,0.73470,-0.27963,5.005
52.160,168.0,168.0,168.0,168.0,0.000,0.022,0.036,0.73470,-0.27963,5.005
52.170,168.0,168.0,168.0,168.0,0.000,0.022,0.036,0.73470,-0.27963,5.005
52.180,168.0,168.0,168.0,168.0,0.000,0.022,0.036,0.73470,-0.27963,5.005
52.190,168.0,168.0,168.0,168.0,0.000,0.022,0.036,0.73470,-0.27963,5.005
52.200,168.0,168.0,168.0,168.0,0.000,0.022,0.036,0.73470,-0.27963,5.005
52.210,168.0,168.0,168.0,168.0,0.000,0.022,0.036,0.73470,-0.27963,5.005
52.220,168.0,168.0,168.0,168.0,0.000,0.022,0.036,0.73470,-0.27963,5.005
52.230,168.0,168.0,168.0,168.0,0.000,0.022,0.036,0.73470,-0.27963,5.005
52.240,168.0,168.0,168.0,168.0,0.000,0.022,0.036,0.73470,-0.27963,5.005
52.250,168.0,168.0,168.0,168.0,0.000,0.022,0.036,0.73470,-0.27963,5.005
52.260,168.0,168.0,168.0,168.0,0.000,0.022,0.036,0.73470,-0.27963,5.005
52.270,168.0,168.0,168.0,168.0,0.000,0.022,0.036,0.73470,-0.27963,5.005
52.280,168.0,168.0,168.0,168.0,0.000,0.022,0.036,0.73470,-0.27963,5.005
52.290,168.0,168.0,168.0,168.0,0.000,0.022,0.036,0.73470,-0.27963,5.005
52.300,168.0,168.0,168.0,168.0,0.000,0.022,0.036,0.73470,-0.27963,5.005
52.310,168.0,168.0,168.0,168.0,0.000,0.022,0.036,0.73918,-0.27964,5.005
52.320,168.0,168.0,168.0,168.0,0.000,0.022,0.036,0.73918,-0.27964,5.005
52.330,168.0,168.0,168.0,168.0,0.000,0.022,0.036,0.73918,-0.27964,5.005
52.340,168.0,168.0,168.0,168.0,0.000,0.022,0.036,0.73918,-0.27964,5.005
52.350,168.0,168.0,168.0,168.0,0.000,0.022,0.036,0.73918,-0.27964,5.005
52.360,168.0,168.0,168.0,168.0,0.000,0.022,0.036,0.73918,-0.27964,5.005
52.370,168.0,168.0,168.0,168.0,0.000,0.022,0.036,0.73918,-0.27964,5.005
52.380,168.0,168.0,168.0,168.0,0.000,0.022,0.036,0.73918,-0.27964,5.005
52.390,168.0,168.0,168.0,168.0,0.000,0.022,0.036,0.73918,-0.27964,5.005
52.400,168.0,168.0,168.0,168.0,0.000,0.022,0.036,0.73918,-0.27964,5.005
52.410,168.0,168.0,168.0,168.0,0.000,0.022,0.036,0.73918,-0.27964,5.005
52.420,168.0,168.0,168.0,168.0,0.000,0.022,0.036,0.73918,-0.27964,5.005
52.430,168.0,168.0,168.0,168.0,0.000,0.022,0.036,0.73918,-0.27964,5.005
52.440,168.0,168.0,168.0,168.0,0.000,0.022,0.036,0.73918,-0.27964,5.005
52.450,168.0,168.0,168.0,168.0,0.000,0.022,0.036,0.73918,-0.27964,5.005
52.460,168.0,168.0,168.0,168.0,0.000,0.022,0.036,0.73918,-0.27964,5.005
52.470,168.0,168.0,168.0,168.0,0.000,0.022,0.036,0.73918,-0.27964,5.005
52.480,168.0,168.0,168.0,168.0,0.000,0.022,0.036,0.73918,-0.27964,5.005
52.490,168.0,168.0,168.0,168.0,0.000,0.022,0.036,0.73918,-0.27964,5.005
52.500,168.0,168.0,168.0,168.0,0.000,0.022,0.036,0.73918,-0.27964,4.999
52.510,168.0,168.0,168.0,168.0,0.000,0.022,0.036,0.74348,-0.27965,4.999
52.520,178.0,178.0,178.0,178.0,0.000,0.022,0.036,0.74348,-0.27965,4.999
52.530,169.0,169.0,169.0,169.0,0.000,0.022,0.036,0.74348,-0.27965,4.999
52.540,169.0,169.0,169.0,169.0,0.000,0.022,0.036,0.74348,-0.27965,4.999
52.550,169.0,169.0,169.0,169.0,0.000,0.022,0.036,0.74348,-0.27965,4.999
52.560,169.0,169.0,169.0,169.0,0.000,0.022,0.036,0.74348,-0.27965,4.999
52.570,169.0,169.0,169.0,169.0,0.000,0.022,0.036,0.74348,-0.27965,4.999
52.580,169.0,169.0,169.0,169.0,0.000,0.022,0.036,0.74348,-0.27965,4.999
52.590,169.0,169.0,169.0,169.0,0.000,0.022,0.036,0.74348,-0.27965,4.999
52.600,169.0,169.0,169.0,169.0,0.000,0.022,0.036,0.74348,-0.27965,4.999
52.610,169.0,169.0,169.0,169.0,0.000,0.022,0.036,0.74348,-0.27965,4.999
52.620,169.0,169.0,169.0,169.0,0.000,0.022,0.036,0.74348,-0.27965,4.999
52.630,169.0,169.0,169.0,169.0,0.000,0.022,0.036,0.74348,-0.27965,4.999
52.640,169.0,169.0,169.0,169.0,0.000,0.022,0.036,0.74348,-0.27965,4.999
52.650,169.0,169.0,169.0,169.0,0.000,0.022,0.036,0.74348,-0.27965,4.999
52.660,169.0,169.0,169.0,169.0,0.000,0.022,0.036,0.74348,-0.27965,4.999
52.670,169.0,169.0,169.0,169.0,0.000,0.022,0.036,0.74348,-0.27965,4.999
52.680,169.0,169.0,169.0,169.0,0.000,0.022,0.036,0.74348,-0.27965,4.999
52.690,169.0,169.0,169.0,169.0,0.000,0.022,0.036,0.74348,-0.27965,4.999
52.700,169.0,169.0,169.0,169.0,0.000,0.022,0.036,0.74348,-0.27965,4.999
52.710,169.0,169.0,169.0,169.0,0.000,0.022,0.036,0.74348,-0.27965,4.999
52.720,169.0,169.0,169.0,169.0,0.000,0.022,0.036,0.74802,-0.27966,4.999
52.730,169.0,169.0,169.0,169.0,0.000,0.022,0.036,0.74802,-0.27966,4.999
52.740,169.0,169.0,169.0,169.0,0.000,0.022,0.036,0.74802,-0.27966,4.999
52.750,169.0,169.0,169.0,169.0,0.000,0.022,0.036,0.74802,-0.27966,4.999
52.760,169.0,169.0,169.0,169.0,0.000,0.022,0.036,0.74802,-0.27966,4.999
52.770,169.0,169.0,169.0,169.0,0.000,0.022,0.036,0.74802,-0.27966,4.999
52.780,169.0,169.0,169.0,169.0,0.000,0.022,0.036,0.74802,-0.27966,4.999
52.790,169.0,169.0,169.0,169.0,0.000,0.022,0.036,0.74802,-0.27966,4.999
52.800,169.0,169.0,169.0,169.0,0.000,0.022,0.036,0.74802,-0.27966,4.999
52.810,169.0,169.0,169.0,169.0,0.000,0.022,0.036,0.74802,-0.27966,4.999
52.820,169.0,169.0,169.0,169.0,0.000,0.022,0.036,0.74802,-0.27966,4.999
52.830,169.0,169.0,169.0,169.0,0.000,0.022,0.036,0.74802,-0.27966,4.999
52.840,169.0,169.0,169.0,169.0,0.000,0.022,0.036,0.74802,-0.27966,4.999
52.850,169.0,169.0,169.0,169.0,0.000,0.022,0.036,0.74802,-0.27966,4.999
52.860,169.0,169.0,169.0,169.0,0.000,0.022,0.036,0.74802,-0.27966,5.005
52.870,169.0,169.0,169.0,169.0,0.000,0.022,0.036,0.74802,-0.27966,5.005
52.880,158.0,158.0,158.0,158.0,0.000,0.022,0.036,0.74802,-0.27966,5.005
52.890,158.0,158.0,158.0,158.0,0.000,0.022,0.036,0.74802,-0.27966,5.005
52.900,168.0,168.0,168.0,168.0,0.000,0.023,0.036,0.74802,-0.27966,5.005
52.910,168.0,168.0,168.0,168.0,0.000,0.023,0.036,0.74802,-0.27966,4.999
52.920,168.0,168.0,168.0,168.0,0.000,0.023,0.036,0.75236,-0.27967,4.999
52.930,168.0,168.0,168.0,168.0,0.000,0.023,0.036,0.75236,-0.27967,4.999
52.940,169.0,169.0,169.0,169.0,0.000,0.023,0.036,0.75236,-0.27967,4.999
52.950,169.0,169.0,169.0,169.0,0.000,0.023,0.036,0.75236,-0.27967,4.999
52.960,169.0,169.0,169.0,169.0,0.000,0.023,0.036,0.75236,-0.27967,4.999
52.970,169.0,169.0,169.0,169.0,0.000,0.023,0.036,0.75236,-0.27967,4.999
52.980,169.0,169.0,169.0,169.0,0.000,0.023,0.036,0.75236,-0.27967,4.999
52.990,169.0,169.0,169.0,169.0,0.000,0.023,0.036,0.75236,-0.27967,4.999
53.000,169.0,169.0,169.0,169.0,0.000,0.023,0.036,0.75236,-0.27967,4.999
53.010,169.0,169.0,169.0,169.0,0.000,0.023,0.036,0.75236,-0.27967,4.999
53.020,169.0,169.0,169.0,169.0,0.000,0.023,0.036,0.75236,-0.27967,4.999
53.030,169.0,169.0,169.0,169.0,0.000,0.023,0.036,0.75236,-0.27967,4.999
53.040,169.0,169.0,169.0,169.0,0.000,0.023,0.036,0.75236,-0.27967,4.999
53.050,169.0,169.0,169.0,169.0,0.000,0.023,0.036,0.75236,-0.27967,4.999
53.060,169.0,169.0,169.0,169.0,0.000,0.023,0.036,0.75236,-0.27967,4.999
53.070,169.0,169.0,169.0,169.0,0.000,0.023,0.036,0.75236,-0.27967,4.999
53.080,169.0,169.0,169.0,169.0,0.000,0.023,0.036,0.75236,-0.27967,4.999
53.090,169.0,169.0,169.0,169.0,0.000,0.023,0.036,0.75236,-0.27967,4.999
53.100,169.0,169.0,169.0,169.0,0.000,0.023,0.036,0.75236,-0.27967,4.999
53.110,169.0,169.0,169.0,169.0,0.000,0.023,0.036,0.75236,-0.27967,4.999
53.120,169.0,169.0,169.0,169.0,0.000,0.023,0.036,0.75236,-0.27967,4.999
53.130,169.0,169.0,169.0,169.0,0.000,0.023,0.036,0.75695,-0.27968,4.999
53.140,169.0,169.0,169.0,169.0,0.000,0.023,0.036,0.75695,-0.27968,4.999
53.150,169.0,169.0,169.0,169.0,0.000,0.023,0.036,0.75695,-0.27968,4.999
53.160,169.0,169.0,169.0,169.0,0.000,0.023,0.036,0.75695,-0.27968,4.999
53.170,169.0,169.0,169.0,169.0,0.000,0.023,0.036,0.75695,-0.27968,4.999
53.180,169.0,169.0,169.0,169.0,0.000,0.023,0.036,0.75695,-0.27968,4.999
53.190,169.0,169.0,169.0,169.0,0.000,0.023,0.036,0.75695,-0.27968,4.999
53.200,169.0,169.0,169.0,169.0,0.000,0.023,0.036,0.75695,-0.27968,4.999
53.210,169.0,169.0,169.0,169.0,0.000,0.023,0.036,0.75695,-0.27968,4.999
53.220,169.0,169.0,169.0,169.0,0.000,0.023,0.036,0.75695,-0.27968,4.999
53.230,169.0,169.0,169.0,169.0,0.000,0.023,0.036,0.75695,-0.27968,4.999
53.240,169.0,169.0,169.0,169.0,0.000,0.023,0.036,0.75695,-0.27968,4.999
53.250,169.0,169.0,169.0,169.0,0.000,0.023,0.036,0.75695,-0.27968,4.999
53.260,169.0,169.0,169.0,169.0,0.000,0.023,0.036,0.75695,-0.27968,4.999
53.270,169.0,169.0,169.0,169.0,0.000,0.023,0.036,0.75695,-0.27968,4.999
53.280,169.0,169.0,169.0,169.0,0.000,0.023,0.036,0.75695,-0.27968,4.999
53.290,169.0,169.0,169.0,169.0,0.000,0.023,0.036,0.75695,-0.27968,4.999
53.300,169.0,169.0,169.0,169.0,0.000,0.023,0.036,0.75695,-0.27968,4.999
53.310,169.0,169.0,169.0,169.0,0.000,0.023,0.036,0.75695,-0.27968,4.999
53.320,169.0,169.0,169.0,169.0,0.000,0.023,0.036,0.75695,-0.27968,4.999
53.330,169.0,169.0,169.0,169.0,0.000,0.023,0.036,0.76134,-0.27969,4.999
53.340,169.0,169.0,169.0,169.0,0.000,0.023,0.036,0.76134,-0.27969,4.999
53.350,169.0,169.0,169.0,169.0,0.000,0.023,0.036,0.76134,-0.27969,4.999
53.360,169.0,169.0,169.0,169.0,0.000,0.023,0.036,0.76134,-0.27969,4.999
53.370,169.0,169.0,169.0,169.0,0.000,0.023,0.036,0.76134,-0.27969,4.999
53.380,169.0,169.0,169.0,169.0,0.000,0.023,0.036,0.76134,-0.27969,4.999
53.390,169.0,169.0,169.0,169.0,0.000,0.023,0.036,0.76134,-0.27969,4.999
53.400,169.0,169.0,169.0,169.0,0.000,0.023,0.036,0.76134,-0.27969,4.999
53.410,169.0,169.0,169.0,169.0,0.000,0.023,0.036,0.76134,-0.27969,4.999
53.420,169.0,169.0,169.0,169.0,0.000,0.023,0.036,0.76134,-0.27969,4.999
53.430,169.0,169.0,169.0,169.0,0.000,0.023,0.036,0.76134,-0.27969,4.999
53.440,169.0,169.0,169.0,169.0,0.000,0.023,0.036,0.76134,-0.27969,4.999
53.450,169.0,169.0,169.0,169.0,0.000,0.023,0.036,0.76134,-0.27969,4.999
53.460,169.0,169.0,169.0,169.0,0.000,0.023,0.036,0.76134,-0.27969,4.999
53.470,169.0,169.0,169.0,169.0,0.000,0.023,0.036,0.76134,-0.27969,4.999
53.480,169.0,169.0,169.0,169.0,0.000,0.023,0.036,0.76134,-0.27969,4.999
53.490,169.0,169.0,169.0,169.0,0.000,0.023,0.036,0.76134,-0.27969,4.999
53.500,169.0,169.0,169.0,169.0,0.000,0.023,0.036,0.76134,-0.27969,4.999
53.510,169.0,169.0,169.0,169.0,0.000,0.023,0.036,0.76134,-0.27969,4.999
53.520,169.0,169.0,169.0,169.0,0.000,0.023,0.036,0.76134,-0.27969,4.999
53.530,169.0,169.0,169.0,169.0,0.000,0.023,0.036,0.76134,-0.27969,4.999
53.540,169.0,169.0,169.0,169.0,0.000,0.023,0.036,0.76598,-0.27970,4.999
53.550,169.0,169.0,169.0,169.0,0.000,0.023,0.036,0.76598,-0.27970,4.999
53.560,169.0,169.0,169.0,169.0,0.000,0.023,0.036,0.76598,-0.27970,4.999
53.570,169.0,169.0,169.0,169.0,0.000,0.023,0.036,0.76598,-0.27970,5.005
53.580,169.0,169.0,169.0,169.0,0.000,0.023,0.036,0.76598,-0.27970,5.005
53.590,169.0,169.0,169.0,169.0,0.000,0.023,0.036,0.76598,-0.27970,5.005
53.600,168.0,168.0,168.0,168.0,0.000,0.023,0.036,0.76598,-0.27970,5.005
53.610,168.0,168.0,168.0,168.0,0.000,0.023,0.036,0.76598,-0.27970,5.005
53.620,168.0,168.0,168.0,168.0,0.000,0.023,0.036,0.76598,-0.27970,5.005
53.630,168.0,168.0,168.0,168.0,0.000,0.023,0.036,0.76598,-0.27970,5.005
53.640,168.0,168.0,168.0,168.0,0.000,0.023,0.036,0.76598,-0.27970,5.005
53.650,168.0,168.0,168.0,168.0,0.000,0.023,0.036,0.76598,-0.27970,5.005
53.660,168.0,168.0,168.0,168.0,0.000,0.023,0.036,0.76598,-0.27970,5.005
53.670,168.0,168.0,168.0,168.0,0.000,0.023,0.036,0.76598,-0.27970,5.005
53.680,168.0,168.0,168.0,168.0,0.000,0.023,0.036,0.76598,-0.27970,5.005
53.690,168.0,168.0,168.0,168.0,0.000,0.023,0.036,0.76598,-0.27970,5.005
53.700,168.0,168.0,168.0,168.0,0.000,0.023,0.036,0.76598,-0.27970,5.005
53.710,168.0,168.0,168.0,168.0,0.000,0.023,0.036,0.76598,-0.27970,5.005
53.720,168.0,168.0,168.0,168.0,0.000,0.023,0.036,0.76598,-0.27970,5.005
53.730,168.0,168.0,168.0,168.0,0.000,0.023,0.036,0.76598,-0.27970,5.005
53.740,168.0,168.0,168.0,168.0,0.000,0.023,0.036,0.77042,-0.27971,5.005
53.750,168.0,168.0,168.0,168.0,0.000,0.023,0.036,0.77042,-0.27971,5.005
53.760,168.0,168.0,168.0,168.0,0.000,0.023,0.036,0.77042,-0.27971,5.005
53.770,168.0,168.0,168.0,168.0,0.000,0.023,0.036,0.77042,-0.27971,5.005
53.780,168.0,168.0,168.0,168.0,0.000,0.023,0.036,0.77042,-0.27971,5.005
53.790,168.0,168.0,168.0,168.0,0.000,0.023,0.036,0.77042,-0.27971,5.005
53.800,168.0,168.0,168.0,168.0,0.000,0.023,0.036,0.77042,-0.27971,5.005
53.810,168.0,168.0,168.0,168.0,0.000,0.023,0.036,0.77042,-0.27971,5.005
53.820,168.0,168.0,168.0,168.0,0.000,0.023,0.036,0.77042,-0.27971,5.005
53.830,168.0,168.0,168.0,168.0,0.000,0.023,0.036,0.77042,-0.27971,5.005
53.840,168.0,168.0,168.0,168.0,0.000,0.023,0.036,0.77042,-0.27971,5.005
53.850,168.0,168.0,168.0,168.0,0.000,0.023,0.036,0.77042,-0.27971,5.005
53.860,168.0,168.0,168.0,168.0,0.000,0.023,0.036,0.77042,-0.27971,5.005
53.870,168.0,168.0,168.0,168.0,0.000,0.023,0.036,0.77042,-0.27971,5.005
53.880,168.0,168.0,168.0,168.0,0.000,0.023,0.036,0.77042,-0.27971,5.005
53.890,168.0,168.0,168.0,168.0,0.000,0.023,0.036,0.77042,-0.27971,5.005
53.900,168.0,168.0,168.0,168.0,0.000,0.023,0.036,0.77042,-0.27971,5.005
53.910,168.0,168.0,168.0,168.0,0.000,0.023,0.036,0.77042,-0.27971,5.005
53.920,168.0,168.0,168.0,168.0,0.000,0.023,0.036,0.77042,-0.27971,5.005
53.930,168.0,168.0,168.0,168.0,0.000,0.023,0.036,0.77042,-0.27971,5.005
53.940,168.0,168.0,168.0,168.0,0.000,0.023,0.036,0.77042,-0.27971,5.005
53.950,168.0,168.0,168.0,168.0,0.000,0.023,0.036,0.77511,-0.27972,5.005
53.960,168.0,168.0,168.0,168.0,0.000,0.023,0.036,0.77511,-0.27972,5.005
53.970,168.0,168.0,168.0,168.0,0.000,0.023,0.036,0.77511,-0.27972,5.005
53.980,168.0,168.0,168.0,168.0,0.000,0.023,0.036,0.77511,-0.27972,5.005
53.990,168.0,168.0,168.0,168.0,0.000,0.023,0.036,0.77511,-0.27972,5.005
54.000,168.0,168.0,168.0,168.0,0.000,0.023,0.036,0.77511,-0.27972,5.005
54.010,168.0,168.0,168.0,168.0,0.000,0.023,0.036,0.77511,-0.27972,5.005
54.020,168.0,168.0,168.0,168.0,0.000,0.023,0.036,0.77511,-0.27972,5.005
54.030,168.0,168.0,168.0,168.0,0.000,0.023,0.036,0.77511,-0.27972,5.005
54.040,168.0,168.0,168.0,168.0,0.000,0.023,0.036,0.77511,-0.27972,5.005
54.050,168.0,168.0,168.0,168.0,0.000,0.023,0.036,0.77511,-0.27972,5.005
54.060,168.0,168.0,168.0,168.0,0.000,0.023,0.036,0.77511,-0.27972,5.005
54.070,168.0,168.0,168.0,168.0,0.000,0.023,0.036,0.77511,-0.27972,5.005
54.080,168.0,168.0,168.0,168.0,0.000,0.023,0.036,0.77511,-0.27972,5.005
54.090,168.0,168.0,168.0,168.0,0.000,0.023,0.036,0.77511,-0.27972,5.005
54.100,168.0,168.0,168.0,168.0,0.000,0.023,0.036,0.77511,-0.27972,5.005
54.110,168.0,168.0,168.0,168.0,0.000,0.023,0.036,0.77511,-0.27972,5.005
54.120,168.0,168.0,168.0,168.0,0.000,0.023,0.036,0.77511,-0.27972,5.005
54.130,168.0,168.0,168.0,168.0,0.000,0.023,0.036,0.77511,-0.27972,5.005
54.140,168.0,168.0,168.0,168.0,0.000,0.023,0.036,0.77511,-0.27972,5.005
54.150,168.0,168.0,168.0,168.0,0.000,0.023,0.036,0.77960,-0.27973,5.005
54.160,168.0,168.0,168.0,168.0,0.000,0.023,0.036,0.77960,-0.27973,4.999
54.170,168.0,168.0,168.0,168.0,0.000,0.023,0.036,0.77960,-0.27973,4.999
54.180,178.0,178.0,178.0,178.0,0.000,0.023,0.036,0.77960,-0.27973,4.999
54.190,178.0,178.0,178.0,178.0,0.000,0.023,0.036,0.77960,-0.27973,4.999
54.200,169.0,169.0,169.0,169.0,0.000,0.023,0.036,0.77960,-0.27973,4.999
54.210,169.0,169.0,169.0,169.0,0.000,0.023,0.036,0.77960,-0.27973,4.999
54.220,169.0,169.0,169.0,169.0,0.000,0.023,0.036,0.77960,-0.27973,4.999
54.230,169.0,169.0,169.0,169.0,0.000,0.023,0.036,0.77960,-0.27973,4.999
54.240,169.0,169.0,169.0,169.0,0.000,0.023,0.036,0.77960,-0.27973,4.999
54.250,169.0,169.0,169.0,169.0,0.000,0.023,0.036,0.77960,-0.27973,4.999
54.260,169.0,169.0,169.0,169.0,0.000,0.023,0.036,0.77960,-0.27973,4.999
54.270,169.0,169.0,169.0,169.0,0.000,0.023,0.036,0.77960,-0.27973,4.999
54.280,169.0,169.0,169.0,169.0,0.000,0.023,0.036,0.77960,-0.27973,4.999
54.290,169.0,169.0,169.0,169.0,0.000,0.023,0.036,0.77960,-0.27973,4.999
54.300,169.0,169.0,169.0,169.0,0.000,0.023,0.036,0.77960,-0.27973,5.005
54.310,169.0,169.0,169.0,169.0,0.000,0.023,0.036,0.77960,-0.27973,5.005
54.320,168.0,168.0,168.0,168.0,0.000,0.023,0.036,0.77960,-0.27973,5.005
54.330,168.0,168.0,168.0,168.0,0.000,0.023,0.036,0.77960,-0.27973,5.005
54.340,168.0,168.0,168.0,168.0,0.000,0.023,0.036,0.77960,-0.27973,5.005
54.350,168.0,168.0,168.0,168.0,0.000,0.023,0.036,0.77960,-0.27973,5.005
54.360,168.0,168.0,168.0,168.0,0.000,0.023,0.036,0.78434,-0.27974,5.005
54.370,168.0,168.0,168.0,168.0,0.000,0.023,0.036,0.78434,-0.27974,5.005
54.380,168.0,168.0,168.0,168.0,0.000,0.023,0.036,0.78434,-0.27974,5.005
54.390,168.0,168.0,168.0,168.0,0.000,0.023,0.036,0.78434,-0.27974,5.005
54.400,168.0,168.0,168.0,168.0,0.000,0.023,0.036,0.78434,-0.27974,5.005
54.410,168.0,168.0,168.0,168.0,0.000,0.023,0.036,0.78434,-0.27974,5.005
54.420,168.0,168.0,168.0,168.0,0.000,0.023,0.036,0.78434,-0.27974,5.005
54.430,168.0,168.0,168.0,168.0,0.000,0.023,0.036,0.78434,-0.27974,5.005
54.440,168.0,168.0,168.0,168.0,0.000,0.023,0.036,0.78434,-0.27974,5.005
54.450,168.0,168.0,168.0,168.0,0.000,0.023,0.036,0.78434,-0.27974,5.005
54.460,168.0,168.0,168.0,168.0,0.000,0.023,0.036,0.78434,-0.27974,5.005
54.470,168.0,168.0,168.0,168.0,0.000,0.023,0.036,0.78434,-0.27974,5.005
54.480,168.0,168.0,168.0,168.0,0.000,0.023,0.036,0.78434,-0.27974,5.005
54.490,168.0,168.0,168.0,168.0,0.000,0.023,0.036,0.78434,-0.27974,5.005
54.500,168.0,168.0,168.0,168.0,0.000,0.023,0.036,0.78434,-0.27974,5.005
54.510,168.0,168.0,168.0,168.0,0.000,0.023,0.036,0.78434,-0.27974,5.005
54.520,168.0,168.0,168.0,168.0,0.000,0.023,0.036,0.78434,-0.27974,5.005
54.530,168.0,168.0,168.0,168.0,0.000,0.023,0.036,0.78434,-0.27974,5.005
54.540,168.0,168.0,168.0,168.0,0.000,0.023,0.036,0.78434,-0.27974,5.005
54.550,168.0,168.0,168.0,168.0,0.000,0.023,0.036,0.78434,-0.27974,5.005
54.560,168.0,168.0,168.0,168.0,0.000,0.023,0.036,0.78887,-0.27975,5.005
54.570,168.0,168.0,168.0,168.0,0.000,0.023,0.036,0.78887,-0.27975,5.005
54.580,168.0,168.0,168.0,168.0,0.000,0.023,0.036,0.78887,-0.27975,5.005
54.590,168.0,168.0,168.0,168.0,0.000,0.023,0.036,0.78887,-0.27975,4.999
54.600,168.0,168.0,168.0,168.0,0.000,0.023,0.036,0.78887,-0.27975,4.999
54.610,168.0,168.0,168.0,168.0,0.000,0.023,0.036,0.78887,-0.27975,4.999
54.620,168.0,168.0,168.0,168.0,0.000,0.023,0.036,0.78887,-0.27975,4.999
54.630,169.0,169.0,169.0,169.0,0.000,0.023,0.036,0.78887,-0.27975,4.999
54.640,169.0,169.0,169.0,169.0,0.000,0.023,0.036,0.78887,-0.27975,4.999
54.650,169.0,169.0,169.0,169.0,0.000,0.023,0.036,0.78887,-0.27975,4.999
54.660,169.0,169.0,169.0,169.0,0.000,0.023,0.036,0.78887,-0.27975,4.999
54.670,169.0,169.0,169.0,169.0,0.000,0.023,0.036,0.78887,-0.27975,4.999
54.680,169.0,169.0,169.0,169.0,0.000,0.023,0.036,0.78887,-0.27975,4.999
54.690,169.0,169.0,169.0,169.0,0.000,0.023,0.036,0.78887,-0.27975,4.999
54.700,169.0,169.0,169.0,169.0,0.000,0.023,0.036,0.78887,-0.27975,4.999
54.710,169.0,169.0,169.0,169.0,0.000,0.023,0.036,0.78887,-0.27975,4.999
54.720,169.0,169.0,169.0,169.0,0.000,0.023,0.036,0.78887,-0.27975,4.999
54.730,169.0,169.0,169.0,169.0,0.000,0.023,0.036,0.78887,-0.27975,4.999
54.740,169.0,169.0,169.0,169.0,0.000,0.023,0.036,0.78887,-0.27975,4.999
54.750,169.0,169.0,169.0,169.0,0.000,0.023,0.036,0.78887,-0.27975,4.999
54.760,169.0,169.0,169.0,169.0,0.000,0.023,0.036,0.78887,-0.27975,4.999
54.770,169.0,169.0,169.0,169.0,0.000,0.023,0.036,0.79366,-0.27976,4.999
54.780,169.0,169.0,169.0,169.0,0.000,0.023,0.036,0.79366,-0.27976,4.999
54.790,169.0,169.0,169.0,169.0,0.000,0.023,0.036,0.79366,-0.27976,4.999
54.800,169.0,169.0,169.0,169.0,0.000,0.023,0.036,0.79366,-0.27976,4.999
54.810,169.0,169.0,169.0,169.0,0.000,0.023,0.036,0.79366,-0.27976,4.999
54.820,169.0,169.0,169.0,169.0,0.000,0.024,0.036,0.79366,-0.27976,4.999
54.830,169.0,169.0,169.0,169.0,0.000,0.024,0.036,0.79366,-0.27976,4.999
54.840,169.0,169.0,169.0,169.0,0.000,0.024,0.036,0.79366,-0.27976,4.999
54.850,169.0,169.0,169.0,169.0,0.000,0.024,0.036,0.79366,-0.27976,4.999
54.860,169.0,169.0,169.0,169.0,0.000,0.024,0.036,0.79366,-0.27976,4.999
54.870,169.0,169.0,169.0,169.0,0.000,0.024,0.036,0.79366,-0.27976,4.999
54.880,169.0,169.0,169.0,169.0,0.000,0.024,0.036,0.79366,-0.27976,4.999
54.890,169.0,169.0,169.0,169.0,0.000,0.024,0.036,0.79366,-0.27976,4.999
54.900,169.0,169.0,169.0,169.0,0.000,0.024,0.036,0.79366,-0.27976,4.999
54.910,169.0,169.0,169.0,169.0,0.000,0.024,0.036,0.79366,-0.27976,4.999
54.920,169.0,169.0,169.0,169.0,0.000,0.024,0.036,0.79366,-0.27976,4.999
54.930,169.0,169.0,169.0,169.0,0.000,0.024,0.036,0.79366,-0.27976,4.999
54.940,169.0,169.0,169.0,169.0,0.000,0.024,0.036,0.79366,-0.27976,4.999
54.950,169.0,169.0,169.0,169.0,0.000,0.024,0.036,0.79366,-0.27976,4.999
54.960,169.0,169.0,169.0,169.0,0.000,0.024,0.036,0.79366,-0.27976,4.999
54.970,169.0,169.0,169.0,169.0,0.000,0.024,0.036,0.79366,-0.27976,4.999
54.980,169.0,169.0,169.0,169.0,0.000,0.024,0.036,0.79848,-0.27977,4.999
54.990,169.0,169.0,169.0,169.0,0.000,0.024,0.036,0.79848,-0.27977,4.999
55.000,169.0,169.0,169.0,169.0,0.000,0.024,0.036,0.79848,-0.27977,4.999
55.010,169.0,169.0,169.0,169.0,0.000,0.024,0.036,0.79848,-0.27977,4.999
55.020,169.0,169.0,169.0,169.0,0.000,0.024,0.036,0.79848,-0.27977,4.999
55.030,169.0,169.0,169.0,169.0,0.000,0.024,0.036,0.79848,-0.27977,4.999
55.040,169.0,169.0,169.0,169.0,0.000,0.024,0.036,0.79848,-0.27977,4.999
55.050,169.0,169.0,169.0,169.0,0.000,0.024,0.036,0.79848,-0.27977,4.999
55.060,169.0,169.0,169.0,169.0,0.000,0.024,0.036,0.79848,-0.27977,4.999
55.070,169.0,169.0,169.0,169.0,0.000,0.024,0.036,0.79848,-0.27977,4.999
55.080,169.0,169.0,169.0,169.0,0.000,0.024,0.036,0.79848,-0.27977,4.999
55.090,169.0,169.0,169.0,169.0,0.000,0.024,0.036,0.79848,-0.27977,4.999
55.100,169.0,169.0,169.0,169.0,0.000,0.024,0.036,0.79848,-0.27977,4.999
55.110,169.0,169.0,169.0,169.0,0.000,0.024,0.036,0.79848,-0.27977,5.005
55.120,169.0,169.0,169.0,169.0,0.000,0.024,0.036,0.79848,-0.27977,5.005
55.130,159.0,159.0,159.0,159.0,0.000,0.024,0.036,0.79848,-0.27977,5.005
55.140,168.0,168.0,168.0,168.0,0.000,0.024,0.036,0.79848,-0.27977,5.005
55.150,168.0,168.0,168.0,168.0,0.000,0.024,0.036,0.79848,-0.27977,5.005
55.160,168.0,168.0,168.0,168.0,0.000,0.024,0.036,0.79848,-0.27977,5.005
55.170,168.0,168.0,168.0,168.0,0.000,0.024,0.036,0.79848,-0.27977,5.005
55.180,168.0,168.0,168.0,168.0,0.000,0.024,0.036,0.80309,-0.27978,5.005
55.190,168.0,168.0,168.0,168.0,0.000,0.024,0.036,0.80309,-0.27978,5.005
55.200,168.0,168.0,168.0,168.0,0.000,0.024,0.036,0.80309,-0.27978,5.005
55.210,168.0,168.0,168.0,168.0,0.000,0.024,0.036,0.80309,-0.27978,5.005
55.220,168.0,168.0,168.0,168.0,0.000,0.024,0.036,0.80309,-0.27978,5.005
55.230,168.0,168.0,168.0,168.0,0.000,0.024,0.036,0.80309,-0.27978,5.005
55.240,168.0,168.0,168.0,168.0,0.000,0.024,0.036,0.80309,-0.27978,5.005
55.250,168.0,168.0,168.0,168.0,0.000,0.024,0.036,0.80309,-0.27978,5.005
55.260,168.0,168.0,168.0,168.0,0.000,0.024,0.036,0.80309,-0.27978,5.005
55.270,168.0,168.0,168.0,168.0,0.000,0.024,0.036,0.80309,-0.27978,5.005
55.280,168.0,168.0,168.0,168.0,0.000,0.024,0.036,0.80309,-0.27978,5.005
55.290,168.0,168.0,168.0,168.0,0.000,0.024,0.036,0.80309,-0.27978,4.999
55.300,168.0,168.0,168.0,168.0,0.000,0.024,0.036,0.80309,-0.27978,4.999
55.310,178.0,178.0,178.0,178.0,0.000,0.024,0.036,0.80309,-0.27978,4.999
55.320,169.0,169.0,169.0,169.0,0.000,0.024,0.036,0.80309,-0.27978,4.999
55.330,169.0,169.0,169.0,169.0,0.000,0.024,0.036,0.80309,-0.27978,4.999
55.340,169.0,169.0,169.0,169.0,0.000,0.024,0.036,0.80309,-0.27978,4.999
55.350,169.0,169.0,169.0,169.0,0.000,0.024,0.036,0.80309,-0.27978,4.999
55.360,169.0,169.0,169.0,169.0,0.000,0.024,0.036,0.80309,-0.27978,5.005
55.370,169.0,169.0,169.0,169.0,0.000,0.024,0.036,0.80309,-0.27978,5.005
55.380,159.0,159.0,159.0,159.0,0.000,0.024,0.036,0.80309,-0.27978,5.005
55.390,159.0,159.0,159.0,159.0,0.000,0.024,0.036,0.80795,-0.27979,5.005
55.400,168.0,168.0,168.0,168.0,0.000,0.024,0.036,0.80795,-0.27979,4.999
55.410,168.0,168.0,168.0,168.0,0.000,0.024,0.036,0.80795,-0.27979,4.999
55.420,178.0,178.0,178.0,178.0,0.000,0.024,0.036,0.80795,-0.27979,4.999
55.430,169.0,169.0,169.0,169.0,0.000,0.024,0.036,0.80795,-0.27979,4.999
55.440,169.0,169.0,169.0,169.0,0.000,0.024,0.036,0.80795,-0.27979,4.999
55.450,169.0,169.0,169.0,169.0,0.000,0.024,0.036,0.80795,-0.27979,4.999
55.460,169.0,169.0,169.0,169.0,0.000,0.024,0.036,0.80795,-0.27979,4.999
55.470,169.0,169.0,169.0,169.0,0.000,0.024,0.036,0.80795,-0.27979,4.999
55.480,169.0,169.0,169.0,169.0,0.000,0.024,0.036,0.80795,-0.27979,4.999
55.490,169.0,169.0,169.0,169.0,0.000,0.024,0.036,0.80795,-0.27979,4.999
55.500,169.0,169.0,169.0,169.0,0.000,0.024,0.036,0.80795,-0.27979,4.999
55.510,169.0,169.0,169.0,169.0,0.000,0.024,0.036,0.80795,-0.27979,4.999
55.520,169.0,169.0,169.0,169.0,0.000,0.024,0.036,0.80795,-0.27979,4.999
55.530,169.0,169.0,169.0,169.0,0.000,0.024,0.036,0.80795,-0.27979,4.999
55.540,169.0,169.0,169.0,169.0,0.000,0.024,0.036,0.80795,-0.27979,4.999
55.550,169.0,169.0,169.0,169.0,0.000,0.024,0.036,0.80795,-0.27979,4.999
55.560,169.0,169.0,169.0,169.0,0.000,0.024,0.036,0.80795,-0.27979,4.999
55.570,169.0,169.0,169.0,169.0,0.000,0.024,0.036,0.80795,-0.27979,4.999
55.580,169.0,169.0,169.0,169.0,0.000,0.024,0.036,0.80795,-0.27979,4.999
55.590,169.0,169.0,169.0,169.0,0.000,0.024,0.036,0.81261,-0.27980,4.999
55.600,169.0,169.0,169.0,169.0,0.000,0.024,0.036,0.81261,-0.27980,4.999
55.610,169.0,169.0,169.0,169.0,0.000,0.024,0.036,0.81261,-0.27980,4.999
55.620,169.0,169.0,169.0,169.0,0.000,0.024,0.036,0.81261,-0.27980,4.999
55.630,169.0,169.0,169.0,169.0,0.000,0.024,0.036,0.81261,-0.27980,4.999
55.640,169.0,169.0,169.0,169.0,0.000,0.024,0.036,0.81261,-0.27980,4.999
55.650,169.0,169.0,169.0,169.0,0.000,0.024,0.036,0.81261,-0.27980,4.999
55.660,169.0,169.0,169.0,169.0,0.000,0.024,0.036,0.81261,-0.27980,4.999
55.670,169.0,169.0,169.0,169.0,0.000,0.024,0.036,0.81261,-0.27980,4.999
55.680,169.0,169.0,169.0,169.0,0.000,0.024,0.036,0.81261,-0.27980,4.999
55.690,169.0,169.0,169.0,169.0,0.000,0.024,0.036,0.81261,-0.27980,4.999
55.700,169.0,169.0,169.0,169.0,0.000,0.024,0.036,0.81261,-0.27980,4.999
55.710,169.0,169.0,169.0,169.0,0.000,0.024,0.036,0.81261,-0.27980,4.999
55.720,169.0,169.0,169.0,169.0,0.000,0.024,0.036,0.81261,-0.27980,5.005
55.730,169.0,169.0,169.0,169.0,0.000,0.024,0.036,0.81261,-0.27980,5.005
55.740,159.0,159.0,159.0,159.0,0.000,0.024,0.036,0.81261,-0.27980,5.005
55.750,168.0,168.0,168.0,168.0,0.000,0.024,0.036,0.81261,-0.27980,5.005
55.760,168.0,168.0,168.0,168.0,0.000,0.024,0.036,0.81261,-0.27980,5.005
55.770,168.0,168.0,168.0,168.0,0.000,0.024,0.036,0.81261,-0.27980,5.005
55.780,168.0,168.0,168.0,168.0,0.000,0.024,0.036,0.81261,-0.27980,5.005
55.790,168.0,168.0,168.0,168.0,0.000,0.024,0.036,0.81261,-0.27980,5.005
55.800,168.0,168.0,168.0,168.0,0.000,0.024,0.036,0.81753,-0.27981,5.005
55.810,168.0,168.0,168.0,168.0,0.000,0.024,0.036,0.81753,-0.27981,5.005
55.820,168.0,168.0,168.0,168.0,0.000,0.024,0.036,0.81753,-0.27981,4.999
55.830,168.0,168.0,168.0,168.0,0.000,0.024,0.036,0.81753,-0.27981,4.999
55.840,169.0,169.0,169.0,169.0,0.000,0.024,0.036,0.81753,-0.27981,4.999
55.850,169.0,169.0,169.0,169.0,0.000,0.024,0.036,0.81753,-0.27981,4.999
55.860,169.0,169.0,169.0,169.0,0.000,0.024,0.036,0.81753,-0.27981,4.999
55.870,169.0,169.0,169.0,169.0,0.000,0.024,0.036,0.81753,-0.27981,4.999
55.880,169.0,169.0,169.0,169.0,0.000,0.024,0.036,0.81753,-0.27981,4.999
55.890,169.0,169.0,169.0,169.0,0.000,0.024,0.036,0.81753,-0.27981,4.999
55.900,169.0,169.0,169.0,169.0,0.000,0.024,0.036,0.81753,-0.27981,4.999
55.910,169.0,169.0,169.0,169.0,0.000,0.024,0.036,0.81753,-0.27981,4.999
55.920,169.0,169.0,169.0,169.0,0.000,0.024,0.036,0.81753,-0.27981,4.999
55.930,169.0,169.0,169.0,169.0,0.000,0.024,0.036,0.81753,-0.27981,4.999
55.940,169.0,169.0,169.0,169.0,0.000,0.024,0.036,0.81753,-0.27981,4.999
55.950,169.0,169.0,169.0,169.0,0.000,0.024,0.036,0.81753,-0.27981,4.999
55.960,169.0,169.0,169.0,169.0,0.000,0.024,0.036,0.81753,-0.27981,4.999
55.970,169.0,169.0,169.0,169.0,0.000,0.024,0.036,0.81753,-0.27981,4.999
55.980,169.0,169.0,169.0,169.0,0.000,0.024,0.036,0.81753,-0.27981,4.999
55.990,169.0,169.0,169.0,169.0,0.000,0.024,0.036,0.81753,-0.27981,4.999
56.000,169.0,169.0,169.0,169.0,0.000,0.024,0.036,0.82224,-0.27982,4.999
56.010,169.0,169.0,169.0,169.0,0.000,0.024,0.036,0.82224,-0.27982,4.999
56.020,169.0,169.0,169.0,169.0,0.000,0.024,0.036,0.82224,-0.27982,4.999
56.030,169.0,169.0,169.0,169.0,0.000,0.024,0.036,0.82224,-0.27982,4.999
56.040,169.0,169.0,169.0,169.0,0.000,0.024,0.036,0.82224,-0.27982,4.999
56.050,169.0,169.0,169.0,169.0,0.000,0.024,0.036,0.82224,-0.27982,4.999
56.060,169.0,169.0,169.0,169.0,0.000,0.024,0.036,0.82224,-0.27982,4.999
56.070,169.0,169.0,169.0,169.0,0.000,0.024,0.036,0.82224,-0.27982,4.999
56.080,169.0,169.0,169.0,169.0,0.000,0.024,0.036,0.82224,-0.27982,4.999
56.090,169.0,169.0,169.0,169.0,0.000,0.024,0.036,0.82224,-0.27982,4.999
56.100,169.0,169.0,169.0,169.0,0.000,0.024,0.036,0.82224,-0.27982,4.999
56.110,169.0,169.0,169.0,169.0,0.000,0.024,0.036,0.82224,-0.27982,4.999
56.120,169.0,169.0,169.0,169.0,0.000,0.024,0.036,0.82224,-0.27982,5.005
56.130,169.0,169.0,169.0,169.0,0.000,0.024,0.036,0.82224,-0.27982,5.005
56.140,168.0,168.0,168.0,168.0,0.000,0.024,0.036,0.82224,-0.27982,5.005
56.150,168.0,168.0,168.0,168.0,0.000,0.024,0.036,0.82224,-0.27982,5.005
56.160,168.0,168.0,168.0,168.0,0.000,0.024,0.036,0.82224,-0.27982,5.005
56.170,168.0,168.0,168.0,168.0,0.000,0.024,0.036,0.82224,-0.27982,5.005
56.180,168.0,168.0,168.0,168.0,0.000,0.024,0.036,0.82224,-0.27982,5.005
56.190,168.0,168.0,168.0,168.0,0.000,0.024,0.036,0.82224,-0.27982,5.005
56.200,168.0,168.0,168.0,168.0,0.000,0.024,0.036,0.82224,-0.27982,5.005
56.210,168.0,168.0,168.0,168.0,0.000,0.024,0.036,0.82720,-0.27983,5.005
56.220,168.0,168.0,168.0,168.0,0.000,0.024,0.036,0.82720,-0.27983,5.005
56.230,168.0,168.0,168.0,168.0,0.000,0.024,0.036,0.82720,-0.27983,5.005
56.240,168.0,168.0,168.0,168.0,0.000,0.024,0.036,0.82720,-0.27983,5.005
56.250,168.0,168.0,168.0,168.0,0.000,0.024,0.036,0.82720,-0.27983,5.005
56.260,168.0,168.0,168.0,168.0,0.000,0.024,0.036,0.82720,-0.27983,5.005
56.270,168.0,168.0,168.0,168.0,0.000,0.024,0.036,0.82720,-0.27983,5.005
56.280,168.0,168.0,168.0,168.0,0.000,0.024,0.036,0.82720,-0.27983,5.005
56.290,168.0,168.0,168.0,168.0,0.000,0.024,0.036,0.82720,-0.27983,5.005
56.300,168.0,168.0,168.0,168.0,0.000,0.024,0.036,0.82720,-0.27983,5.005
56.310,168.0,168.0,168.0,168.0,0.000,0.024,0.036,0.82720,-0.27983,5.005
56.320,168.0,168.0,168.0,168.0,0.000,0.024,0.036,0.82720,-0.27983,5.005
56.330,168.0,168.0,168.0,168.0,0.000,0.024,0.036,0.82720,-0.27983,5.005
56.340,168.0,168.0,168.0,168.0,0.000,0.024,0.036,0.82720,-0.27983,5.005
56.350,168.0,168.0,168.0,168.0,0.000,0.024,0.036,0.82720,-0.27983,5.005
56.360,168.0,168.0,168.0,168.0,0.000,0.024,0.036,0.82720,-0.27983,5.005
56.370,168.0,168.0,168.0,168.0,0.000,0.024,0.036,0.82720,-0.27983,5.005
56.380,168.0,168.0,168.0,168.0,0.000,0.024,0.036,0.82720,-0.27983,5.005
56.390,168.0,168.0,168.0,168.0,0.000,0.024,0.036,0.82720,-0.27983,5.005
56.400,168.0,168.0,168.0,168.0,0.000,0.024,0.036,0.82720,-0.27983,5.005
56.410,168.0,168.0,168.0,168.0,0.000,0.024,0.036,0.83196,-0.27984,4.999
56.420,168.0,168.0,168.0,168.0,0.000,0.024,0.036,0.83196,-0.27984,4.999
56.430,168.0,168.0,168.0,168.0,0.000,0.024,0.036,0.83196,-0.27984,4.999
56.440,178.0,178.0,178.0,178.0,0.000,0.024,0.036,0.83196,-0.27984,4.999
56.450,169.0,169.0,169.0,169.0,0.000,0.024,0.036,0.83196,-0.27984,4.999
56.460,169.0,169.0,169.0,169.0,0.000,0.024,0.036,0.83196,-0.27984,4.999
56.470,169.0,169.0,169.0,169.0,0.000,0.024,0.036,0.83196,-0.27984,4.999
56.480,169.0,169.0,169.0,169.0,0.000,0.024,0.036,0.83196,-0.27984,4.999
56.490,169.0,169.0,169.0,169.0,0.000,0.024,0.036,0.83196,-0.27984,4.999
56.500,169.0,169.0,169.0,169.0,0.000,0.024,0.036,0.83196,-0.27984,4.999
56.510,169.0,169.0,169.0,169.0,0.000,0.024,0.036,0.83196,-0.27984,4.999
56.520,169.0,169.0,169.0,169.0,0.000,0.024,0.036,0.83196,-0.27984,4.999
56.530,169.0,169.0,169.0,169.0,0.000,0.024,0.036,0.83196,-0.27984,4.999
56.540,169.0,169.0,169.0,169.0,0.000,0.024,0.036,0.83196,-0.27984,4.999
56.550,169.0,169.0,169.0,169.0,0.000,0.024,0.036,0.83196,-0.27984,4.999
56.560,169.0,169.0,169.0,169.0,0.000,0.024,0.036,0.83196,-0.27984,5.005
56.570,169.0,169.0,169.0,169.0,0.000,0.024,0.036,0.83196,-0.27984,5.005
56.580,168.0,168.0,168.0,168.0,0.000,0.024,0.036,0.83196,-0.27984,5.005
56.590,168.0,168.0,168.0,168.0,0.000,0.024,0.036,0.83196,-0.27984,5.005
56.600,168.0,168.0,168.0,168.0,0.000,0.024,0.036,0.83196,-0.27984,5.005
56.610,168.0,168.0,168.0,168.0,0.000,0.024,0.036,0.83196,-0.27984,5.005
56.620,168.0,168.0,168.0,168.0,0.000,0.024,0.036,0.83698,-0.27985,5.005
56.630,168.0,168.0,168.0,168.0,0.000,0.024,0.036,0.83698,-0.27985,5.005
56.640,168.0,168.0,168.0,168.0,0.000,0.024,0.036,0.83698,-0.27985,5.005
56.650,168.0,168.0,168.0,168.0,0.000,0.024,0.036,0.83698,-0.27985,5.005
56.660,168.0,168.0,168.0,168.0,0.000,0.024,0.036,0.83698,-0.27985,5.005
56.670,168.0,168.0,168.0,168.0,0.000,0.024,0.036,0.83698,-0.27985,5.005
56.680,168.0,168.0,168.0,168.0,0.000,0.025,0.036,0.83698,-0.27985,5.005
56.690,168.0,168.0,168.0,168.0,0.000,0.025,0.036,0.83698,-0.27985,5.005
56.700,168.0,168.0,168.0,168.0,0.000,0.025,0.036,0.83698,-0.27985,5.005
56.710,168.0,168.0,168.0,168.0,0.000,0.025,0.036,0.83698,-0.27985,5.005
56.720,168.0,168.0,168.0,168.0,0.000,0.025,0.036,0.83698,-0.27985,5.005
56.730,168.0,168.0,168.0,168.0,0.000,0.025,0.036,0.83698,-0.27985,5.005
56.740,168.0,168.0,168.0,168.0,0.000,0.025,0.036,0.83698,-0.27985,5.005
56.750,168.0,168.0,168.0,168.0,0.000,0.025,0.036,0.83698,-0.27985,5.005
56.760,168.0,168.0,168.0,168.0,0.000,0.025,0.036,0.83698,-0.27985,5.005
56.770,168.0,168.0,168.0,168.0,0.000,0.025,0.036,0.83698,-0.27985,5.005
56.780,168.0,168.0,168.0,168.0,0.001,0.025,0.036,0.83698,-0.27985,5.005
56.790,168.0,168.0,168.0,168.0,0.001,0.025,0.036,0.83698,-0.27985,5.005
56.800,168.0,168.0,168.0,168.0,0.001,0.025,0.036,0.83698,-0.27985,4.999
56.810,168.0,168.0,168.0,168.0,0.001,0.025,0.036,0.83698,-0.27985,4.999
56.820,169.0,169.0,169.0,169.0,0.001,0.025,0.036,0.84178,-0.27986,4.999
56.830,169.0,169.0,169.0,169.0,0.001,0.025,0.036,0.84178,-0.27986,4.999
56.840,169.0,169.0,169.0,169.0,0.001,0.025,0.036,0.84178,-0.27986,4.999
56.850,169.0,169.0,169.0,169.0,0.001,0.025,0.036,0.84178,-0.27986,4.999
56.860,169.0,169.0,169.0,169.0,0.001,0.025,0.036,0.84178,-0.27986,4.999
56.870,169.0,169.0,169.0,169.0,0.001,0.025,0.036,0.84178,-0.27986,4.999
56.880,169.0,169.0,169.0,169.0,0.001,0.025,0.036,0.84178,-0.27986,4.999
56.890,169.0,169.0,169.0,169.0,0.001,0.025,0.036,0.84178,-0.27986,4.999
56.900,169.0,169.0,169.0,169.0,0.001,0.025,0.036,0.84178,-0.27986,4.999
56.910,169.0,169.0,169.0,169.0,0.001,0.025,0.036,0.84178,-0.27986,4.999
56.920,169.0,169.0,169.0,169.0,0.001,0.025,0.036,0.84178,-0.27986,4.999
56.930,169.0,169.0,169.0,169.0,0.001,0.025,0.036,0.84178,-0.27986,4.999
56.940,169.0,169.0,169.0,169.0,0.001,0.025,0.036,0.84178,-0.27986,4.999
56.950,169.0,169.0,169.0,169.0,0.001,0.025,0.036,0.84178,-0.27986,4.999
56.960,169.0,169.0,169.0,169.0,0.001,0.025,0.036,0.84178,-0.27986,4.999
56.970,169.0,169.0,169.0,169.0,0.001,0.025,0.036,0.84178,-0.27986,4.999
56.980,169.0,169.0,169.0,169.0,0.001,0.025,0.036,0.84178,-0.27986,4.999
56.990,169.0,169.0,169.0,169.0,0.001,0.025,0.036,0.84178,-0.27986,4.999
57.000,169.0,169.0,169.0,169.0,0.001,0.025,0.036,0.84178,-0.27986,4.999
57.010,169.0,169.0,169.0,169.0,0.001,0.025,0.036,0.84178,-0.27986,4.999
57.020,169.0,169.0,169.0,169.0,0.001,0.025,0.036,0.84178,-0.27986,4.999
57.030,169.0,169.0,169.0,169.0,0.001,0.025,0.036,0.84685,-0.27987,4.999
57.040,169.0,169.0,169.0,169.0,0.001,0.025,0.036,0.84685,-0.27987,4.999
57.050,169.0,169.0,169.0,169.0,0.001,0.025,0.036,0.84685,-0.27987,4.999
57.060,169.0,169.0,169.0,169.0,0.001,0.025,0.036,0.84685,-0.27987,4.999
57.070,169.0,169.0,169.0,169.0,0.001,0.025,0.036,0.84685,-0.27987,4.999
57.080,169.0,169.0,169.0,169.0,0.001,0.025,0.036,0.84685,-0.27987,4.999
57.090,169.0,169.0,169.0,169.0,0.001,0.025,0.036,0.84685,-0.27987,4.999
57.100,169.0,169.0,169.0,169.0,0.001,0.025,0.036,0.84685,-0.27987,4.999
57.110,169.0,169.0,169.0,169.0,0.001,0.025,0.036,0.84685,-0.27987,4.999
57.120,169.0,169.0,169.0,169.0,0.001,0.025,0.036,0.84685,-0.27987,4.999
57.130,169.0,169.0,169.0,169.0,0.001,0.025,0.036,0.84685,-0.27987,4.999
57.140,169.0,169.0,169.0,169.0,0.001,0.025,0.036,0.84685,-0.27987,4.999
57.150,169.0,169.0,169.0,169.0,0.001,0.025,0.036,0.84685,-0.27987,4.999
57.160,169.0,169.0,169.0,169.0,0.001,0.025,0.036,0.84685,-0.27987,4.999
57.170,169.0,169.0,169.0,169.0,0.001,0.025,0.036,0.84685,-0.27987,4.999
57.180,169.0,169.0,169.0,169.0,0.001,0.025,0.036,0.84685,-0.27987,5.005
57.190,169.0,169.0,169.0,169.0,0.001,0.025,0.036,0.84685,-0.27987,5.005
57.200,159.0,159.0,159.0,159.0,0.001,0.025,0.036,0.84685,-0.27987,5.005
57.210,159.0,159.0,159.0,159.0,0.001,0.025,0.036,0.84685,-0.27987,5.005
57.220,168.0,168.0,168.0,168.0,0.001,0.025,0.036,0.84685,-0.27987,5.005
57.230,168.0,168.0,168.0,168.0,0.001,0.025,0.036,0.84685,-0.27987,5.005
57.240,168.0,168.0,168.0,168.0,0.001,0.025,0.036,0.85195,-0.27989,4.999
57.250,168.0,168.0,168.0,168.0,0.001,0.025,0.036,0.85195,-0.27989,4.999
57.260,168.0,168.0,168.0,168.0,0.001,0.025,0.036,0.85195,-0.27989,4.999
57.270,168.0,168.0,168.0,168.0,0.001,0.025,0.036,0.85195,-0.27989,4.999
57.280,168.0,168.0,168.0,168.0,0.001,0.025,0.036,0.85195,-0.27989,4.999
57.290,169.0,169.0,169.0,169.0,0.002,0.025,0.036,0.85195,-0.27989,4.999
57.300,169.0,169.0,169.0,169.0,0.002,0.025,0.036,0.85195,-0.27989,4.999
57.310,169.0,169.0,169.0,169.0,0.002,0.025,0.036,0.85195,-0.27989,4.999
57.320,169.0,169.0,169.0,169.0,0.002,0.025,0.036,0.85195,-0.27989,4.999
57.330,169.0,169.0,169.0,169.0,0.002,0.025,0.036,0.85195,-0.27989,4.999
57.340,169.0,169.0,169.0,169.0,0.002,0.025,0.036,0.85195,-0.27989,4.999
57.350,169.0,169.0,169.0,169.0,0.002,0.025,0.036,0.85195,-0.27989,4.999
57.360,169.0,169.0,169.0,169.0,0.002,0.025,0.036,0.85195,-0.27989,4.999
57.370,169.0,169.0,169.0,169.0,0.002,0.025,0.036,0.85195,-0.27989,4.999
57.380,169.0,169.0,169.0,169.0,0.002,0.025,0.036,0.85195,-0.27989,4.999
57.390,169.0,169.0,169.0,169.0,0.002,0.025,0.036,0.85195,-0.27989,4.999
57.400,169.0,169.0,169.0,169.0,0.002,0.025,0.036,0.85195,-0.27989,4.999
57.410,169.0,169.0,169.0,169.0,0.002,0.025,0.036,0.85195,-0.27989,4.999
57.420,169.0,169.0,169.0,169.0,0.002,0.025,0.036,0.85195,-0.27989,4.999
57.430,169.0,169.0,169.0,169.0,0.002,0.025,0.036,0.85195,-0.27989,4.999
57.440,169.0,169.0,169.0,169.0,0.002,0.025,0.036,0.85682,-0.27992,4.999
57.450,169.0,169.0,169.0,169.0,0.002,0.025,0.036,0.85682,-0.27992,4.999
57.460,169.0,169.0,169.0,169.0,0.002,0.025,0.036,0.85682,-0.27992,4.999
57.470,169.0,169.0,169.0,169.0,0.002,0.025,0.036,0.85682,-0.27992,4.999
57.480,169.0,169.0,169.0,169.0,0.002,0.025,0.036,0.85682,-0.27992,4.999
57.490,169.0,169.0,169.0,169.0,0.002,0.025,0.036,0.85682,-0.27992,4.999
57.500,169.0,169.0,169.0,169.0,0.002,0.025,0.036,0.85682,-0.27992,4.999
57.510,169.0,169.0,169.0,169.0,0.002,0.025,0.036,0.85682,-0.27992,4.999
57.520,169.0,169.0,169.0,169.0,0.002,0.025,0.036,0.85682,-0.27992,4.999
57.530,169.0,169.0,169.0,169.0,0.002,0.025,0.036,0.85682,-0.27992,4.999
57.540,169.0,169.0,169.0,169.0,0.002,0.025,0.036,0.85682,-0.27992,4.999
57.550,169.0,169.0,169.0,169.0,0.002,0.025,0.036,0.85682,-0.27992,4.999
57.560,169.0,169.0,169.0,169.0,0.002,0.025,0.036,0.85682,-0.27992,4.999
57.570,169.0,169.0,169.0,169.0,0.002,0.025,0.036,0.85682,-0.27992,4.999
57.580,169.0,169.0,169.0,169.0,0.002,0.025,0.036,0.85682,-0.27992,4.999
57.590,169.0,169.0,169.0,169.0,0.002,0.025,0.036,0.85682,-0.27992,4.999
57.600,169.0,169.0,169.0,169.0,0.002,0.025,0.036,0.85682,-0.27992,4.999
57.610,169.0,169.0,169.0,169.0,0.002,0.025,0.036,0.85682,-0.27992,4.999
57.620,169.0,169.0,169.0,169.0,0.002,0.025,0.036,0.85682,-0.27992,4.999
57.630,169.0,169.0,169.0,169.0,0.002,0.025,0.036,0.85682,-0.27992,4.999
57.640,169.0,169.0,169.0,169.0,0.002,0.025,0.036,0.85682,-0.27992,4.999
57.650,169.0,169.0,169.0,169.0,0.003,0.025,0.036,0.86197,-0.27996,4.999
57.660,169.0,169.0,169.0,169.0,0.003,0.025,0.036,0.86197,-0.27996,4.999
57.670,169.0,169.0,169.0,169.0,0.003,0.025,0.036,0.86197,-0.27996,4.999
57.680,169.0,169.0,169.0,169.0,0.003,0.025,0.036,0.86197,-0.27996,4.999
57.690,169.0,169.0,169.0,169.0,0.003,0.025,0.036,0.86197,-0.27996,4.999
57.700,169.0,169.0,169.0,169.0,0.003,0.025,0.036,0.86197,-0.27996,4.999
57.710,169.0,169.0,169.0,169.0,0.003,0.025,0.036,0.86197,-0.27996,4.999
57.720,169.0,169.0,169.0,169.0,0.003,0.025,0.036,0.86197,-0.27996,4.999
57.730,169.0,169.0,169.0,169.0,0.003,0.025,0.036,0.86197,-0.27996,4.999
57.740,169.0,169.0,169.0,169.0,0.003,0.025,0.036,0.86197,-0.27996,4.999
57.750,169.0,169.0,169.0,169.0,0.003,0.025,0.036,0.86197,-0.27996,4.999
57.760,169.0,169.0,169.0,169.0,0.003,0.025,0.036,0.86197,-0.27996,4.999
57.770,169.0,169.0,169.0,169.0,0.003,0.025,0.036,0.86197,-0.27996,4.999
57.780,169.0,169.0,169.0,169.0,0.003,0.025,0.036,0.86197,-0.27996,4.999
57.790,169.0,169.0,169.0,169.0,0.003,0.025,0.036,0.86197,-0.27996,4.999
57.800,169.0,169.0,169.0,169.0,0.003,0.025,0.036,0.86197,-0.27996,4.999
57.810,169.0,169.0,169.0,169.0,0.003,0.025,0.036,0.86197,-0.27996,4.999
57.820,169.0,169.0,169.0,169.0,0.003,0.025,0.036,0.86197,-0.27996,4.999
57.830,169.0,169.0,169.0,169.0,0.003,0.025,0.036,0.86197,-0.27996,4.999
57.840,169.0,169.0,169.0,169.0,0.003,0.025,0.036,0.86197,-0.27996,4.999
57.850,169.0,169.0,169.0,169.0,0.003,0.025,0.036,0.86689,-0.28002,4.999
57.860,169.0,169.0,169.0,169.0,0.003,0.025,0.036,0.86689,-0.28002,4.999
57.870,169.0,169.0,169.0,169.0,0.003,0.025,0.036,0.86689,-0.28002,4.999
57.880,169.0,169.0,169.0,169.0,0.003,0.025,0.036,0.86689,-0.28002,4.999
57.890,169.0,169.0,169.0,169.0,0.003,0.025,0.036,0.86689,-0.28002,4.999
57.900,169.0,169.0,169.0,169.0,0.003,0.025,0.036,0.86689,-0.28002,4.999
57.910,169.0,169.0,169.0,169.0,0.003,0.025,0.036,0.86689,-0.28002,4.999
57.920,169.0,169.0,169.0,169.0,0.003,0.025,0.036,0.86689,-0.28002,4.999
57.930,169.0,169.0,169.0,169.0,0.003,0.025,0.036,0.86689,-0.28002,4.999
57.940,169.0,169.0,169.0,169.0,0.003,0.025,0.036,0.86689,-0.28002,5.005
57.950,169.0,169.0,169.0,169.0,0.003,0.025,0.036,0.86689,-0.28002,5.005
57.960,169.0,169.0,169.0,169.0,0.004,0.025,0.036,0.86689,-0.28002,5.005
57.970,168.0,168.0,168.0,168.0,0.004,0.025,0.036,0.86689,-0.28002,5.005
57.980,168.0,168.0,168.0,168.0,0.004,0.025,0.036,0.86689,-0.28002,5.005
57.990,168.0,168.0,168.0,168.0,0.004,0.025,0.036,0.86689,-0.28002,5.005
58.000,168.0,168.0,168.0,168.0,0.004,0.025,0.036,0.86689,-0.28002,5.005
58.010,168.0,168.0,168.0,168.0,0.004,0.025,0.036,0.86689,-0.28002,5.005
58.020,168.0,168.0,168.0,168.0,0.004,0.025,0.036,0.86689,-0.28002,5.005
58.030,168.0,168.0,168.0,168.0,0.004,0.025,0.036,0.86689,-0.28002,5.005
58.040,168.0,168.0,168.0,168.0,0.004,0.025,0.036,0.86689,-0.28002,5.005
58.050,168.0,168.0,168.0,168.0,0.004,0.025,0.036,0.86689,-0.28002,5.005
58.060,168.0,168.0,168.0,168.0,0.004,0.025,0.036,0.87209,-0.28010,5.005
58.070,168.0,168.0,168.0,168.0,0.004,0.025,0.036,0.87209,-0.28010,5.005
58.080,168.0,168.0,168.0,168.0,0.004,0.025,0.036,0.87209,-0.28010,5.005
58.090,168.0,168.0,168.0,168.0,0.004,0.025,0.036,0.87209,-0.28010,5.005
58.100,168.0,168.0,168.0,168.0,0.004,0.025,0.036,0.87209,-0.28010,5.005
58.110,168.0,168.0,168.0,168.0,0.004,0.025,0.036,0.87209,-0.28010,5.005
58.120,168.0,168.0,168.0,168.0,0.004,0.025,0.036,0.87209,-0.28010,5.005
58.130,168.0,168.0,168.0,168.0,0.004,0.025,0.036,0.87209,-0.28010,5.005
58.140,168.0,168.0,168.0,168.0,0.004,0.025,0.036,0.87209,-0.28010,5.005
58.150,168.0,168.0,168.0,168.0,0.004,0.025,0.036,0.87209,-0.28010,5.005
58.160,168.0,168.0,168.0,168.0,0.004,0.025,0.036,0.87209,-0.28010,5.005
58.170,168.0,168.0,168.0,168.0,0.004,0.025,0.036,0.87209,-0.28010,5.005
58.180,168.0,168.0,168.0,168.0,0.004,0.025,0.036,0.87209,-0.28010,5.005
58.190,168.0,168.0,168.0,168.0,0.004,0.025,0.036,0.87209,-0.28010,5.005
58.200,168.0,168.0,168.0,168.0,0.004,0.025,0.036,0.87209,-0.28010,5.005
58.210,168.0,168.0,168.0,168.0,0.004,0.025,0.036,0.87209,-0.28010,5.005
58.220,168.0,168.0,168.0,168.0,0.005,0.025,0.036,0.87209,-0.28010,5.005
58.230,168.0,168.0,168.0,168.0,0.005,0.025,0.036,0.87209,-0.28010,5.005
58.240,168.0,168.0,168.0,168.0,0.005,0.025,0.036,0.87209,-0.28010,5.005
58.250,168.0,168.0,168.0,168.0,0.005,0.025,0.036,0.87209,-0.28010,5.005
58.260,168.0,168.0,168.0,168.0,0.005,0.025,0.036,0.87707,-0.28020,5.005
58.270,168.0,168.0,168.0,168.0,0.005,0.025,0.036,0.87707,-0.28020,5.005
58.280,168.0,168.0,168.0,168.0,0.005,0.025,0.036,0.87707,-0.28020,5.005
58.290,168.0,168.0,168.0,168.0,0.005,0.025,0.036,0.87707,-0.28020,5.005
58.300,168.0,168.0,168.0,168.0,0.005,0.025,0.036,0.87707,-0.28020,5.005
58.310,168.0,168.0,168.0,168.0,0.005,0.025,0.036,0.87707,-0.28020,5.005
58.320,168.0,168.0,168.0,168.0,0.005,0.025,0.036,0.87707,-0.28020,5.005
58.330,168.0,168.0,168.0,168.0,0.005,0.025,0.036,0.87707,-0.28020,5.005
58.340,168.0,168.0,168.0,168.0,0.005,0.025,0.036,0.87707,-0.28020,5.005
58.350,168.0,168.0,168.0,168.0,0.005,0.025,0.036,0.87707,-0.28020,5.005
58.360,168.0,168.0,168.0,168.0,0.005,0.025,0.036,0.87707,-0.28020,5.005
58.370,168.0,168.0,168.0,168.0,0.005,0.025,0.036,0.87707,-0.28020,5.005
58.380,168.0,168.0,168.0,168.0,0.005,0.025,0.036,0.87707,-0.28020,5.005
58.390,168.0,168.0,168.0,168.0,0.005,0.025,0.036,0.87707,-0.28020,5.005
58.400,168.0,168.0,168.0,168.0,0.005,0.025,0.036,0.87707,-0.28020,5.005
58.410,168.0,168.0,168.0,168.0,0.005,0.025,0.036,0.87707,-0.28020,5.005
58.420,168.0,168.0,168.0,168.0,0.005,0.025,0.036,0.87707,-0.28020,5.005
58.430,168.0,168.0,168.0,168.0,0.005,0.025,0.036,0.87707,-0.28020,5.005
58.440,168.0,168.0,168.0,168.0,0.005,0.025,0.036,0.87707,-0.28020,5.005
58.450,168.0,168.0,168.0,168.0,0.005,0.025,0.036,0.87707,-0.28020,5.005
58.460,168.0,168.0,168.0,168.0,0.006,0.025,0.036,0.87707,-0.28020,5.005
58.470,168.0,168.0,168.0,168.0,0.006,0.025,0.036,0.88231,-0.28034,5.005
58.480,168.0,168.0,168.0,168.0,0.006,0.025,0.036,0.88231,-0.28034,5.005
58.490,168.0,168.0,168.0,168.0,0.006,0.025,0.036,0.88231,-0.28034,5.005
58.500,168.0,168.0,168.0,168.0,0.006,0.025,0.036,0.88231,-0.28034,5.005
58.510,168.0,168.0,168.0,168.0,0.006,0.025,0.036,0.88231,-0.28034,5.005
58.520,168.0,168.0,168.0,168.0,0.006,0.025,0.036,0.88231,-0.28034,5.005
58.530,168.0,168.0,168.0,168.0,0.006,0.025,0.036,0.88231,-0.28034,5.005
58.540,168.0,168.0,168.0,168.0,0.006,0.025,0.036,0.88231,-0.28034,5.005
58.550,168.0,168.0,168.0,168.0,0.006,0.025,0.036,0.88231,-0.28034,5.005
58.560,168.0,168.0,168.0,168.0,0.006,0.025,0.036,0.88231,-0.28034,5.005
58.570,168.0,168.0,168.0,168.0,0.006,0.026,0.036,0.88231,-0.28034,4.999
58.580,168.0,168.0,168.0,168.0,0.006,0.026,0.036,0.88231,-0.28034,4.999
58.590,168.0,168.0,168.0,168.0,0.006,0.026,0.036,0.88231,-0.28034,4.999
58.600,170.0,170.0,170.0,170.0,0.006,0.026,0.036,0.88231,-0.28034,4.999
58.610,170.0,170.0,170.0,170.0,0.006,0.026,0.036,0.88231,-0.28034,4.999
58.620,170.0,170.0,170.0,170.0,0.006,0.026,0.036,0.88231,-0.28034,4.999
58.630,170.0,170.0,170.0,170.0,0.006,0.026,0.036,0.88231,-0.28034,4.999
58.640,170.0,170.0,170.0,170.0,0.006,0.026,0.036,0.88231,-0.28034,4.999
58.650,170.0,170.0,170.0,170.0,0.006,0.026,0.036,0.88231,-0.28034,4.999
58.660,170.0,170.0,170.0,170.0,0.006,0.026,0.036,0.88231,-0.28034,4.999
58.670,170.0,170.0,170.0,170.0,0.006,0.026,0.036,0.88733,-0.28050,4.999
58.680,170.0,170.0,170.0,170.0,0.007,0.026,0.036,0.88733,-0.28050,4.999
58.690,170.0,170.0,170.0,170.0,0.007,0.026,0.036,0.88733,-0.28050,4.999
58.700,170.0,170.0,170.0,170.0,0.007,0.026,0.036,0.88733,-0.28050,4.999
58.710,170.0,170.0,170.0,170.0,0.007,0.026,0.036,0.88733,-0.28050,4.999
58.720,170.0,170.0,170.0,170.0,0.007,0.026,0.036,0.88733,-0.28050,4.999
58.730,170.0,170.0,170.0,170.0,0.007,0.026,0.036,0.88733,-0.28050,4.999
58.740,170.0,170.0,170.0,170.0,0.007,0.026,0.036,0.88733,-0.28050,4.999
58.750,170.0,170.0,170.0,170.0,0.007,0.026,0.036,0.88733,-0.28050,4.999
58.760,170.0,170.0,170.0,170.0,0.007,0.026,0.036,0.88733,-0.28050,4.999
58.770,170.0,170.0,170.0,170.0,0.007,0.026,0.036,0.88733,-0.28050,4.999
58.780,170.0,170.0,170.0,170.0,0.007,0.026,0.036,0.88733,-0.28050,4.999
58.790,170.0,170.0,170.0,170.0,0.007,0.026,0.036,0.88733,-0.28050,4.999
58.800,170.0,170.0,170.0,170.0,0.007,0.026,0.036,0.88733,-0.28050,4.999
58.810,170.0,170.0,170.0,170.0,0.007,0.026,0.036,0.88733,-0.28050,4.999
58.820,170.0,170.0,170.0,170.0,0.007,0.026,0.036,0.88733,-0.28050,4.999
58.830,170.0,170.0,170.0,170.0,0.007,0.026,0.036,0.88733,-0.28050,4.999
58.840,170.0,170.0,170.0,170.0,0.007,0.026,0.036,0.88733,-0.28050,4.999
58.850,170.0,170.0,170.0,170.0,0.007,0.026,0.036,0.88733,-0.28050,4.999
58.860,170.0,170.0,170.0,170.0,0.007,0.026,0.036,0.88733,-0.28050,4.999
58.870,170.0,170.0,170.0,170.0,0.007,0.026,0.036,0.88733,-0.28050,4.999
58.880,170.0,170.0,170.0,170.0,0.008,0.026,0.036,0.89263,-0.28072,4.999
58.890,170.0,170.0,170.0,170.0,0.008,0.026,0.036,0.89263,-0.28072,5.005
58.900,170.0,170.0,170.0,170.0,0.008,0.026,0.036,0.89263,-0.28072,5.005
58.910,170.0,170.0,170.0,170.0,0.008,0.026,0.036,0.89263,-0.28072,5.005
58.920,159.0,159.0,159.0,159.0,0.008,0.026,0.036,0.89263,-0.28072,5.005
58.930,168.0,168.0,168.0,168.0,0.008,0.026,0.036,0.89263,-0.28072,5.005
58.940,168.0,168.0,168.0,168.0,0.008,0.026,0.036,0.89263,-0.28072,5.005
58.950,168.0,168.0,168.0,168.0,0.008,0.026,0.036,0.89263,-0.28072,5.005
58.960,168.0,168.0,168.0,168.0,0.008,0.026,0.036,0.89263,-0.28072,5.005
58.970,168.0,168.0,168.0,168.0,0.008,0.026,0.036,0.89263,-0.28072,5.005
58.980,168.0,168.0,168.0,168.0,0.008,0.026,0.036,0.89263,-0.28072,5.005
58.990,168.0,168.0,168.0,168.0,0.008,0.026,0.036,0.89263,-0.28072,5.005
59.000,168.0,168.0,168.0,168.0,0.008,0.026,0.036,0.89263,-0.28072,5.005
59.010,168.0,168.0,168.0,168.0,0.008,0.026,0.036,0.89263,-0.28072,5.005
59.020,168.0,168.0,168.0,168.0,0.008,0.026,0.036,0.89263,-0.28072,5.005
59.030,168.0,168.0,168.0,168.0,0.008,0.026,0.036,0.89263,-0.28072,5.005
59.040,168.0,168.0,168.0,168.0,0.008,0.026,0.036,0.89263,-0.28072,5.005
59.050,168.0,168.0,168.0,168.0,0.008,0.026,0.036,0.89263,-0.28072,5.005
59.060,168.0,168.0,168.0,168.0,0.008,0.026,0.036,0.89263,-0.28072,5.005
59.070,168.0,168.0,168.0,168.0,0.008,0.026,0.036,0.89263,-0.28072,5.005
59.080,168.0,168.0,168.0,168.0,0.009,0.026,0.036,0.89770,-0.28097,5.005
59.090,168.0,168.0,168.0,168.0,0.009,0.026,0.036,0.89770,-0.28097,5.005
59.100,168.0,168.0,168.0,168.0,0.009,0.026,0.036,0.89770,-0.28097,5.005
59.110,168.0,168.0,168.0,168.0,0.009,0.026,0.036,0.89770,-0.28097,5.005
59.120,168.0,168.0,168.0,168.0,0.009,0.026,0.036,0.89770,-0.28097,5.005
59.130,168.0,168.0,168.0,168.0,0.009,0.026,0.036,0.89770,-0.28097,5.005
59.140,168.0,168.0,168.0,168.0,0.009,0.026,0.036,0.89770,-0.28097,5.005
59.150,168.0,168.0,168.0,168.0,0.009,0.026,0.036,0.89770,-0.28097,5.005
59.160,168.0,168.0,168.0,168.0,0.009,0.026,0.036,0.89770,-0.28097,5.005
59.170,168.0,168.0,168.0,168.0,0.009,0.026,0.036,0.89770,-0.28097,5.005
59.180,168.0,168.0,168.0,168.0,0.009,0.026,0.036,0.89770,-0.28097,5.005
59.190,168.0,168.0,168.0,168.0,0.009,0.026,0.036,0.89770,-0.28097,5.005
59.200,168.0,168.0,168.0,168.0,0.009,0.026,0.036,0.89770,-0.28097,5.005
59.210,168.0,168.0,168.0,168.0,0.009,0.026,0.036,0.89770,-0.28097,5.005
59.220,168.0,168.0,168.0,168.0,0.009,0.026,0.036,0.89770,-0.28097,5.005
59.230,168.0,168.0,168.0,168.0,0.009,0.026,0.036,0.89770,-0.28097,5.005
59.240,168.0,168.0,168.0,168.0,0.009,0.026,0.036,0.89770,-0.28097,5.005
59.250,168.0,168.0,168.0,168.0,0.009,0.026,0.036,0.89770,-0.28097,5.005
59.260,168.0,168.0,168.0,168.0,0.009,0.026,0.036,0.89770,-0.28097,5.005
59.270,168.0,168.0,168.0,168.0,0.010,0.026,0.036,0.89770,-0.28097,5.005
59.280,168.0,168.0,168.0,168.0,0.010,0.026,0.036,0.89770,-0.28097,5.005
59.290,168.0,168.0,168.0,168.0,0.010,0.026,0.036,0.90305,-0.28129,5.005
59.300,168.0,168.0,168.0,168.0,0.010,0.026,0.036,0.90305,-0.28129,5.005
59.310,168.0,168.0,168.0,168.0,0.010,0.026,0.036,0.90305,-0.28129,5.005
59.320,168.0,168.0,168.0,168.0,0.010,0.026,0.036,0.90305,-0.28129,5.005
59.330,168.0,168.0,168.0,168.0,0.010,0.026,0.036,0.90305,-0.28129,5.005
59.340,168.0,168.0,168.0,168.0,0.010,0.026,0.036,0.90305,-0.28129,5.005
59.350,168.0,168.0,168.0,168.0,0.010,0.026,0.036,0.90305,-0.28129,5.005
59.360,168.0,168.0,168.0,168.0,0.010,0.026,0.036,0.90305,-0.28129,5.005
59.370,168.0,168.0,168.0,168.0,0.010,0.026,0.036,0.90305,-0.28129,5.005
59.380,168.0,168.0,168.0,168.0,0.010,0.026,0.036,0.90305,-0.28129,5.005
59.390,168.0,168.0,168.0,168.0,0.010,0.026,0.036,0.90305,-0.28129,5.005
59.400,168.0,168.0,168.0,168.0,0.010,0.026,0.036,0.90305,-0.28129,5.005
59.410,168.0,168.0,168.0,168.0,0.010,0.026,0.036,0.90305,-0.28129,5.005
59.420,168.0,168.0,168.0,168.0,0.010,0.026,0.036,0.90305,-0.28129,5.005
59.430,168.0,168.0,168.0,168.0,0.010,0.026,0.036,0.90305,-0.28129,5.005
59.440,168.0,168.0,168.0,168.0,0.010,0.026,0.036,0.90305,-0.28129,5.005
59.450,168.0,168.0,168.0,168.0,0.010,0.026,0.036,0.90305,-0.28129,5.005
59.460,168.0,168.0,168.0,168.0,0.010,0.026,0.036,0.90305,-0.28129,5.005
59.470,168.0,168.0,168.0,168.0,0.011,0.026,0.036,0.90305,-0.28129,5.005
59.480,168.0,168.0,168.0,168.0,0.011,0.026,0.036,0.90305,-0.28129,5.005
59.490,168.0,168.0,168.0,168.0,0.011,0.026,0.036,0.90817,-0.28165,5.005
59.500,168.0,168.0,168.0,168.0,0.011,0.026,0.036,0.90817,-0.28165,5.005
59.510,168.0,168.0,168.0,168.0,0.011,0.026,0.036,0.90817,-0.28165,5.005
59.520,168.0,168.0,168.0,168.0,0.011,0.026,0.036,0.90817,-0.28165,5.005
59.530,168.0,168.0,168.0,168.0,0.011,0.026,0.036,0.90817,-0.28165,5.005
59.540,168.0,168.0,168.0,168.0,0.011,0.026,0.036,0.90817,-0.28165,5.005
59.550,168.0,168.0,168.0,168.0,0.011,0.026,0.036,0.90817,-0.28165,5.005
59.560,168.0,168.0,168.0,168.0,0.011,0.026,0.036,0.90817,-0.28165,5.005
59.570,168.0,168.0,168.0,168.0,0.011,0.026,0.036,0.90817,-0.28165,5.005
59.580,168.0,168.0,168.0,168.0,0.011,0.026,0.036,0.90817,-0.28165,5.005
59.590,168.0,168.0,168.0,168.0,0.011,0.026,0.036,0.90817,-0.28165,5.005
59.600,168.0,168.0,168.0,168.0,0.011,0.026,0.036,0.90817,-0.28165,5.005
59.610,168.0,168.0,168.0,168.0,0.011,0.026,0.036,0.90817,-0.28165,4.999
59.620,168.0,168.0,168.0,168.0,0.011,0.026,0.036,0.90817,-0.28165,4.999
59.630,178.0,178.0,178.0,178.0,0.011,0.026,0.036,0.90817,-0.28165,4.999
59.640,170.0,170.0,170.0,170.0,0.012,0.026,0.036,0.90817,-0.28165,4.999
59.650,170.0,170.0,170.0,170.0,0.012,0.026,0.036,0.90817,-0.28165,4.999
59.660,170.0,170.0,170.0,170.0,0.012,0.026,0.036,0.90817,-0.28165,4.999
59.670,170.0,170.0,170.0,170.0,0.012,0.026,0.036,0.90817,-0.28165,4.999
59.680,170.0,170.0,170.0,170.0,0.012,0.026,0.036,0.90817,-0.28165,4.999
59.690,170.0,170.0,170.0,170.0,0.012,0.026,0.036,0.90817,-0.28165,4.999
59.700,170.0,170.0,170.0,170.0,0.012,0.026,0.036,0.91357,-0.28209,4.999
59.710,170.0,170.0,170.0,170.0,0.012,0.026,0.036,0.91357,-0.28209,4.999
59.720,170.0,170.0,170.0,170.0,0.012,0.026,0.036,0.91357,-0.28209,4.999
59.730,170.0,170.0,170.0,170.0,0.012,0.026,0.036,0.91357,-0.28209,4.999
59.740,170.0,170.0,170.0,170.0,0.012,0.026,0.036,0.91357,-0.28209,4.999
59.750,170.0,170.0,170.0,170.0,0.012,0.026,0.036,0.91357,-0.28209,4.999
59.760,170.0,170.0,170.0,170.0,0.012,0.026,0.036,0.91357,-0.28209,4.999
59.770,170.0,170.0,170.0,170.0,0.012,0.026,0.036,0.91357,-0.28209,4.999
59.780,170.0,170.0,170.0,170.0,0.012,0.026,0.036,0.91357,-0.28209,4.999
59.790,170.0,170.0,170.0,170.0,0.012,0.026,0.036,0.91357,-0.28209,4.999
59.800,170.0,170.0,170.0,170.0,0.012,0.026,0.036,0.91357,-0.28209,4.999
59.810,170.0,170.0,170.0,170.0,0.012,0.026,0.036,0.91357,-0.28209,4.999
59.820,170.0,170.0,170.0,170.0,0.013,0.026,0.036,0.91357,-0.28209,4.999
59.830,170.0,170.0,170.0,170.0,0.013,0.026,0.036,0.91357,-0.28209,4.999
59.840,170.0,170.0,170.0,170.0,0.013,0.026,0.036,0.91357,-0.28209,5.005
59.850,170.0,170.0,170.0,170.0,0.013,0.026,0.036,0.91357,-0.28209,5.005
59.860,170.0,170.0,170.0,170.0,0.013,0.026,0.036,0.91357,-0.28209,5.005
59.870,159.0,159.0,159.0,159.0,0.013,0.026,0.036,0.91357,-0.28209,5.005
59.880,168.0,168.0,168.0,168.0,0.013,0.026,0.036,0.91357,-0.28209,5.005
59.890,168.0,168.0,168.0,168.0,0.013,0.026,0.036,0.91357,-0.28209,5.005
59.900,168.0,168.0,168.0,168.0,0.013,0.026,0.036,0.91357,-0.28209,5.005
59.910,168.0,168.0,168.0,168.0,0.013,0.026,0.036,0.91900,-0.28262,5.005
59.920,168.0,168.0,168.0,168.0,0.013,0.026,0.036,0.91900,-0.28262,5.005
59.930,168.0,168.0,168.0,168.0,0.013,0.026,0.036,0.91900,-0.28262,5.005
59.940,168.0,168.0,168.0,168.0,0.013,0.026,0.036,0.91900,-0.28262,5.005
59.950,168.0,168.0,168.0,168.0,0.013,0.026,0.036,0.91900,-0.28262,5.005
59.960,168.0,168.0,168.0,168.0,0.013,0.026,0.036,0.91900,-0.28262,5.005
59.970,168.0,168.0,168.0,168.0,0.013,0.026,0.036,0.91900,-0.28262,5.005
59.980,168.0,168.0,168.0,168.0,0.013,0.026,0.036,0.91900,-0.28262,5.005
59.990,168.0,168.0,168.0,168.0,0.013,0.026,0.036,0.91900,-0.28262,5.005
60.000,168.0,168.0,168.0,168.0,0.014,0.026,0.036,0.91900,-0.28262,5.005
60.010,168.0,168.0,168.0,168.0,0.014,0.026,0.036,0.91900,-0.28262,5.005
60.020,168.0,168.0,168.0,168.0,0.014,0.026,0.036,0.91900,-0.28262,5.005
60.030,168.0,168.0,168.0,168.0,0.014,0.026,0.036,0.91900,-0.28262,5.005
60.040,168.0,168.0,168.0,168.0,0.014,0.026,0.036,0.91900,-0.28262,5.005
60.050,168.0,168.0,168.0,168.0,0.014,0.026,0.036,0.91900,-0.28262,5.005
60.060,168.0,168.0,168.0,168.0,0.014,0.026,0.036,0.91900,-0.28262,5.005
60.070,168.0,168.0,168.0,168.0,0.014,0.026,0.036,0.91900,-0.28262,5.005
60.080,168.0,168.0,168.0,168.0,0.014,0.026,0.036,0.91900,-0.28262,5.005
60.090,168.0,168.0,168.0,168.0,0.014,0.026,0.036,0.91900,-0.28262,5.005
60.100,168.0,168.0,168.0,168.0,0.014,0.026,0.036,0.91900,-0.28262,5.005
60.110,168.0,168.0,168.0,168.0,0.014,0.026,0.036,0.92419,-0.28319,5.005
60.120,168.0,168.0,168.0,168.0,0.014,0.026,0.036,0.92419,-0.28319,5.005
60.130,168.0,168.0,168.0,168.0,0.014,0.026,0.036,0.92419,-0.28319,5.005
60.140,168.0,168.0,168.0,168.0,0.014,0.026,0.036,0.92419,-0.28319,5.005
60.150,168.0,168.0,168.0,168.0,0.014,0.026,0.036,0.92419,-0.28319,5.005
60.160,168.0,168.0,168.0,168.0,0.014,0.026,0.036,0.92419,-0.28319,5.005
60.170,168.0,168.0,168.0,168.0,0.014,0.026,0.036,0.92419,-0.28319,5.005
60.180,168.0,168.0,168.0,168.0,0.015,0.026,0.036,0.92419,-0.28319,5.005
60.190,168.0,168.0,168.0,168.0,0.015,0.026,0.036,0.92419,-0.28319,5.005
60.200,168.0,168.0,168.0,168.0,0.015,0.026,0.036,0.92419,-0.28319,5.005
60.210,168.0,168.0,168.0,168.0,0.015,0.026,0.036,0.92419,-0.28319,5.005
60.220,168.0,168.0,168.0,168.0,0.015,0.026,0.036,0.92419,-0.28319,5.005
60.230,168.0,168.0,168.0,168.0,0.015,0.026,0.036,0.92419,-0.28319,5.005
60.240,168.0,168.0,168.0,168.0,0.015,0.026,0.036,0.92419,-0.28319,5.005
60.250,168.0,168.0,168.0,168.0,0.015,0.026,0.036,0.92419,-0.28319,5.005
60.260,168.0,168.0,168.0,168.0,0.015,0.026,0.036,0.92419,-0.28319,5.005
60.270,168.0,168.0,168.0,168.0,0.015,0.026,0.036,0.92419,-0.28319,5.005
60.280,168.0,168.0,168.0,168.0,0.015,0.026,0.036,0.92419,-0.28319,5.005
60.290,168.0,168.0,168.0,168.0,0.015,0.026,0.036,0.92419,-0.28319,5.005
60.300,168.0,168.0,168.0,168.0,0.015,0.026,0.036,0.92419,-0.28319,5.005
60.310,168.0,168.0,168.0,168.0,0.015,0.026,0.036,0.92419,-0.28319,5.005
60.320,168.0,168.0,168.0,168.0,0.015,0.026,0.036,0.92967,-0.28387,5.005
60.330,168.0,168.0,168.0,168.0,0.015,0.026,0.036,0.92967,-0.28387,5.005
60.340,168.0,168.0,168.0,168.0,0.015,0.026,0.036,0.92967,-0.28387,5.005
60.350,168.0,168.0,168.0,168.0,0.016,0.026,0.036,0.92967,-0.28387,5.005
60.360,168.0,168.0,168.0,168.0,0.016,0.026,0.036,0.92967,-0.28387,4.999
60.370,168.0,168.0,168.0,168.0,0.016,0.026,0.036,0.92967,-0.28387,4.999
60.380,178.0,178.0,178.0,178.0,0.016,0.026,0.036,0.92967,-0.28387,4.999
60.390,178.0,178.0,178.0,178.0,0.016,0.026,0.036,0.92967,-0.28387,4.999
60.400,170.0,170.0,170.0,170.0,0.016,0.026,0.036,0.92967,-0.28387,4.999
60.410,170.0,170.0,170.0,170.0,0.016,0.026,0.036,0.92967,-0.28387,4.999
60.420,170.0,170.0,170.0,170.0,0.016,0.026,0.036,0.92967,-0.28387,4.999
60.430,170.0,170.0,170.0,170.0,0.016,0.026,0.036,0.92967,-0.28387,4.999
60.440,170.0,170.0,170.0,170.0,0.016,0.026,0.036,0.92967,-0.28387,4.999
60.450,170.0,170.0,170.0,170.0,0.016,0.026,0.036,0.92967,-0.28387,4.999
60.460,170.0,170.0,170.0,170.0,0.016,0.026,0.036,0.92967,-0.28387,5.005
60.470,170.0,170.0,170.0,170.0,0.016,0.026,0.036,0.92967,-0.28387,5.005
60.480,168.0,168.0,168.0,168.0,0.016,0.026,0.036,0.92967,-0.28387,5.005
60.490,168.0,168.0,168.0,168.0,0.016,0.026,0.036,0.92967,-0.28387,5.005
60.500,168.0,168.0,168.0,168.0,0.016,0.026,0.036,0.92967,-0.28387,5.005
60.510,168.0,168.0,168.0,168.0,0.016,0.026,0.036,0.92967,-0.28387,5.005
60.520,169.0,169.0,169.0,169.0,0.016,0.026,0.036,0.93491,-0.28461,5.005
60.530,169.0,169.0,169.0,169.0,0.016,0.026,0.036,0.93491,-0.28461,5.005
60.540,169.0,169.0,169.0,169.0,0.017,0.026,0.036,0.93491,-0.28461,5.005
60.550,169.0,169.0,169.0,169.0,0.017,0.026,0.036,0.93491,-0.28461,5.005
60.560,169.0,169.0,169.0,169.0,0.017,0.026,0.036,0.93491,-0.28461,5.005
60.570,169.0,169.0,169.0,169.0,0.017,0.026,0.036,0.93491,-0.28461,5.005
60.580,169.0,169.0,169.0,169.0,0.017,0.026,0.036,0.93491,-0.28461,5.005
60.590,169.0,169.0,169.0,169.0,0.017,0.026,0.036,0.93491,-0.28461,5.005
60.600,169.0,169.0,169.0,169.0,0.017,0.027,0.036,0.93491,-0.28461,5.005
60.610,169.0,169.0,169.0,169.0,0.017,0.027,0.036,0.93491,-0.28461,5.005
60.620,169.0,169.0,169.0,169.0,0.017,0.027,0.036,0.93491,-0.28461,5.005
60.630,169.0,169.0,169.0,169.0,0.017,0.027,0.036,0.93491,-0.28461,5.005
60.640,169.0,169.0,169.0,169.0,0.017,0.027,0.036,0.93491,-0.28461,5.005
60.650,169.0,169.0,169.0,169.0,0.017,0.027,0.036,0.93491,-0.28461,5.005
60.660,169.0,169.0,169.0,169.0,0.017,0.027,0.036,0.93491,-0.28461,5.005
60.670,169.0,169.0,169.0,169.0,0.017,0.027,0.036,0.93491,-0.28461,5.005
60.680,169.0,169.0,169.0,169.0,0.017,0.027,0.036,0.93491,-0.28461,5.005
60.690,169.0,169.0,169.0,169.0,0.017,0.027,0.036,0.93491,-0.28461,5.005
60.700,169.0,169.0,169.0,169.0,0.018,0.027,0.036,0.93491,-0.28461,5.005
60.710,169.0,169.0,169.0,169.0,0.018,0.027,0.036,0.93491,-0.28461,5.005
60.720,169.0,169.0,169.0,169.0,0.018,0.027,0.036,0.93491,-0.28461,5.005
60.730,169.0,169.0,169.0,169.0,0.018,0.027,0.036,0.94044,-0.28548,5.005
60.740,169.0,169.0,169.0,169.0,0.018,0.027,0.036,0.94044,-0.28548,5.005
60.750,169.0,169.0,169.0,169.0,0.018,0.027,0.036,0.94044,-0.28548,5.005
60.760,169.0,169.0,169.0,169.0,0.018,0.027,0.036,0.94044,-0.28548,5.005
60.770,169.0,169.0,169.0,169.0,0.018,0.027,0.036,0.94044,-0.28548,5.010
60.780,169.0,169.0,169.0,169.0,0.018,0.027,0.036,0.94044,-0.28548,5.010
60.790,159.0,159.0,159.0,159.0,0.018,0.027,0.036,0.94044,-0.28548,5.010
60.800,159.0,159.0,159.0,159.0,0.018,0.027,0.036,0.94044,-0.28548,5.010
60.810,169.0,169.0,169.0,169.0,0.018,0.027,0.036,0.94044,-0.28548,5.010
60.820,169.0,169.0,169.0,169.0,0.018,0.027,0.036,0.94044,-0.28548,5.010
60.830,169.0,169.0,169.0,169.0,0.018,0.027,0.036,0.94044,-0.28548,5.010
60.840,169.0,169.0,169.0,169.0,0.018,0.027,0.036,0.94044,-0.28548,5.010
60.850,169.0,169.0,169.0,169.0,0.018,0.027,0.036,0.94044,-0.28548,5.010
60.860,169.0,169.0,169.0,169.0,0.018,0.027,0.036,0.94044,-0.28548,5.010
60.870,169.0,169.0,169.0,169.0,0.019,0.027,0.036,0.94044,-0.28548,5.010
60.880,169.0,169.0,169.0,169.0,0.019,0.027,0.036,0.94044,-0.28548,5.010
60.890,169.0,169.0,169.0,169.0,0.019,0.027,0.036,0.94044,-0.28548,5.010
60.900,169.0,169.0,169.0,169.0,0.019,0.027,0.036,0.94044,-0.28548,5.010
60.910,169.0,169.0,169.0,169.0,0.019,0.027,0.036,0.94044,-0.28548,5.010
60.920,169.0,169.0,169.0,169.0,0.019,0.027,0.036,0.94044,-0.28548,5.010
60.930,169.0,169.0,169.0,169.0,0.019,0.027,0.036,0.94573,-0.28641,5.010
60.940,169.0,169.0,169.0,169.0,0.019,0.027,0.036,0.94573,-0.28641,5.010
60.950,160.0,160.0,160.0,160.0,0.019,0.027,0.036,0.94573,-0.28641,5.010
60.960,160.0,160.0,160.0,160.0,0.019,0.027,0.036,0.94573,-0.28641,5.010
60.970,160.0,160.0,160.0,160.0,0.019,0.027,0.036,0.94573,-0.28641,5.010
60.980,160.0,160.0,160.0,160.0,0.019,0.027,0.036,0.94573,-0.28641,5.010
60.990,160.0,160.0,160.0,160.0,0.019,0.027,0.036,0.94573,-0.28641,5.010
61.000,159.0,159.0,159.0,159.0,0.019,0.027,0.036,0.94573,-0.28641,5.010
61.010,159.0,159.0,159.0,159.0,0.019,0.027,0.036,0.94573,-0.28641,5.010
61.020,159.0,159.0,159.0,159.0,0.019,0.027,0.036,0.94573,-0.28641,5.010
61.030,159.0,159.0,159.0,159.0,0.020,0.027,0.036,0.94573,-0.28641,5.005
61.040,159.0,159.0,159.0,159.0,0.020,0.027,0.036,0.94573,-0.28641,5.005
61.050,159.0,159.0,159.0,159.0,0.020,0.027,0.036,0.94573,-0.28641,5.005
61.060,159.0,159.0,159.0,159.0,0.020,0.027,0.036,0.94573,-0.28641,5.005
61.070,159.0,159.0,159.0,159.0,0.020,0.027,0.036,0.94573,-0.28641,5.005
61.080,159.0,159.0,159.0,159.0,0.020,0.027,0.036,0.94573,-0.28641,5.005
61.090,159.0,159.0,159.0,159.0,0.020,0.027,0.036,0.94573,-0.28641,4.999
61.100,159.0,159.0,159.0,159.0,0.020,0.027,0.036,0.94573,-0.28641,4.999
61.110,159.0,159.0,159.0,159.0,0.020,0.027,0.036,0.94573,-0.28641,4.999
61.120,159.0,159.0,159.0,159.0,0.020,0.027,0.036,0.94573,-0.28641,4.999
61.130,159.0,159.0,159.0,159.0,0.020,0.027,0.036,0.94573,-0.28641,4.997
61.140,159.0,159.0,159.0,159.0,0.020,0.027,0.036,0.95130,-0.28749,4.997
61.150,159.0,159.0,159.0,159.0,0.020,0.027,0.036,0.95130,-0.28749,4.997
61.160,159.0,159.0,159.0,159.0,0.020,0.027,0.036,0.95130,-0.28749,4.991
61.170,159.0,159.0,159.0,159.0,0.020,0.027,0.036,0.95130,-0.28749,4.991
61.180,159.0,159.0,159.0,159.0,0.020,0.027,0.036,0.95130,-0.28749,4.991
61.190,159.0,159.0,159.0,159.0,0.021,0.027,0.036,0.95130,-0.28749,4.986
61.200,159.0,159.0,159.0,159.0,0.021,0.027,0.036,0.95130,-0.28749,4.986
61.210,159.0,159.0,159.0,159.0,0.021,0.027,0.036,0.95130,-0.28749,4.981
61.220,159.0,159.0,159.0,159.0,0.021,0.027,0.036,0.95130,-0.28749,4.981
61.230,159.0,159.0,159.0,159.0,0.021,0.027,0.036,0.95130,-0.28749,4.981
61.240,158.0,158.0,158.0,158.0,0.021,0.027,0.036,0.95130,-0.28749,4.975
61.250,158.0,158.0,158.0,158.0,0.021,0.027,0.036,0.95130,-0.28749,4.975
61.260,163.0,163.0,163.0,163.0,0.021,0.027,0.036,0.95130,-0.28749,4.973
61.270,163.0,163.0,163.0,163.0,0.021,0.027,0.036,0.95130,-0.28749,4.973
61.280,158.0,158.0,158.0,158.0,0.021,0.027,0.036,0.95130,-0.28749,4.968
61.290,167.0,167.0,167.0,167.0,0.021,0.027,0.036,0.95130,-0.28749,4.962
61.300,158.0,158.0,158.0,158.0,0.021,0.027,0.036,0.95130,-0.28749,4.962
61.310,158.0,158.0,158.0,158.0,0.021,0.027,0.036,0.95130,-0.28749,4.957
61.320,177.0,177.0,177.0,177.0,0.021,0.027,0.036,0.95130,-0.28749,4.957
61.330,177.0,177.0,177.0,177.0,0.021,0.027,0.036,0.95130,-0.28749,4.954
61.340,158.0,158.0,158.0,158.0,0.021,0.027,0.036,0.95662,-0.28861,4.954
61.350,158.0,158.0,158.0,158.0,0.021,0.027,0.036,0.95662,-0.28861,4.949
61.360,163.0,163.0,163.0,163.0,0.022,0.027,0.036,0.95662,-0.28861,4.944
61.370,163.0,163.0,163.0,163.0,0.022,0.027,0.036,0.95662,-0.28861,4.944
61.380,158.0,158.0,158.0,158.0,0.022,0.027,0.036,0.95662,-0.28861,4.938
61.390,158.0,158.0,158.0,158.0,0.022,0.027,0.036,0.95662,-0.28861,4.938
61.400,158.0,158.0,158.0,158.0,0.022,0.027,0.036,0.95662,-0.28861,4.933
61.410,167.0,167.0,167.0,167.0,0.022,0.027,0.036,0.95662,-0.28861,4.931
61.420,167.0,167.0,167.0,167.0,0.022,0.027,0.036,0.95662,-0.28861,4.931
61.430,167.0,167.0,167.0,167.0,0.022,0.027,0.036,0.95662,-0.28861,4.925
61.440,162.0,162.0,162.0,162.0,0.022,0.027,0.036,0.95662,-0.28861,4.920
61.450,162.0,162.0,162.0,162.0,0.022,0.027,0.036,0.95662,-0.28861,4.920
61.460,177.0,177.0,177.0,177.0,0.022,0.027,0.036,0.95662,-0.28861,4.915
61.470,158.0,158.0,158.0,158.0,0.022,0.027,0.036,0.95662,-0.28861,4.912
61.480,158.0,158.0,158.0,158.0,0.022,0.027,0.036,0.95662,-0.28861,4.912
61.490,158.0,158.0,158.0,158.0,0.022,0.027,0.036,0.95662,-0.28861,4.907
61.500,158.0,158.0,158.0,158.0,0.022,0.027,0.036,0.95662,-0.28861,4.902
61.510,158.0,158.0,158.0,158.0,0.022,0.027,0.036,0.95662,-0.28861,4.896
61.520,158.0,158.0,158.0,158.0,0.023,0.027,0.036,0.95662,-0.28861,4.896
61.530,158.0,158.0,158.0,158.0,0.023,0.027,0.036,0.95662,-0.28861,4.891
61.540,176.0,176.0,176.0,176.0,0.023,0.027,0.036,0.95662,-0.28861,4.888
61.550,176.0,176.0,176.0,176.0,0.023,0.027,0.036,0.96222,-0.28990,4.883
61.560,176.0,176.0,176.0,176.0,0.023,0.027,0.036,0.96222,-0.28990,4.878
61.570,167.0,167.0,167.0,167.0,0.023,0.027,0.036,0.96222,-0.28990,4.878
61.580,167.0,167.0,167.0,167.0,0.023,0.027,0.036,0.96222,-0.28990,4.872
61.590,157.0,157.0,157.0,157.0,0.023,0.027,0.036,0.96222,-0.28990,4.870
61.600,157.0,157.0,157.0,157.0,0.023,0.027,0.036,0.96222,-0.28990,4.865
61.610,167.0,167.0,167.0,167.0,0.023,0.027,0.036,0.96222,-0.28990,4.865
61.620,167.0,167.0,167.0,167.0,0.023,0.027,0.036,0.96222,-0.28990,4.859
61.630,167.0,167.0,167.0,167.0,0.023,0.027,0.036,0.96222,-0.28990,4.854
61.640,182.0,182.0,182.0,182.0,0.023,0.027,0.036,0.96222,-0.28990,4.849
61.650,182.0,182.0,182.0,182.0,0.023,0.027,0.036,0.96222,-0.28990,4.846
61.660,182.0,182.0,182.0,182.0,0.023,0.027,0.036,0.96222,-0.28990,4.846
61.670,157.0,157.0,157.0,157.0,0.024,0.027,0.036,0.96222,-0.28990,4.841
61.680,157.0,157.0,157.0,157.0,0.024,0.027,0.036,0.96222,-0.28990,4.835
61.690,157.0,157.0,157.0,157.0,0.024,0.027,0.036,0.96222,-0.28990,4.830
61.700,157.0,157.0,157.0,157.0,0.024,0.027,0.036,0.96222,-0.28990,4.830
61.710,176.0,176.0,176.0,176.0,0.024,0.027,0.036,0.96222,-0.28990,4.828
61.720,176.0,176.0,176.0,176.0,0.024,0.027,0.036,0.96222,-0.28990,4.822
61.730,181.0,181.0,181.0,181.0,0.024,0.027,0.036,0.96222,-0.28990,4.817
61.740,157.0,157.0,157.0,157.0,0.024,0.027,0.036,0.96222,-0.28990,4.812
61.750,166.0,166.0,166.0,166.0,0.024,0.027,0.036,0.96757,-0.29125,4.812
61.760,166.0,166.0,166.0,166.0,0.024,0.027,0.036,0.96757,-0.29125,4.806
61.770,166.0,166.0,166.0,166.0,0.024,0.027,0.036,0.96757,-0.29125,4.804
61.780,166.0,166.0,166.0,166.0,0.024,0.027,0.036,0.96757,-0.29125,4.798
61.790,166.0,166.0,166.0,166.0,0.024,0.027,0.036,0.96757,-0.29125,4.798
61.800,166.0,166.0,166.0,166.0,0.024,0.027,0.036,0.96757,-0.29125,4.793
61.810,166.0,166.0,166.0,166.0,0.024,0.027,0.036,0.96757,-0.29125,4.788
61.820,162.0,162.0,162.0,162.0,0.025,0.027,0.036,0.96757,-0.29125,4.785
61.830,162.0,162.0,162.0,162.0,0.025,0.027,0.036,0.96757,-0.29125,4.780
61.840,162.0,162.0,162.0,162.0,0.025,0.027,0.036,0.96757,-0.29125,4.775
61.850,166.0,166.0,166.0,166.0,0.025,0.027,0.036,0.96757,-0.29125,4.775
61.860,166.0,166.0,166.0,166.0,0.025,0.027,0.036,0.96757,-0.29125,4.769
61.870,166.0,166.0,166.0,166.0,0.025,0.027,0.036,0.96757,-0.29125,4.767
61.880,166.0,166.0,166.0,166.0,0.025,0.027,0.036,0.96757,-0.29125,4.761
61.890,157.0,157.0,157.0,157.0,0.025,0.027,0.036,0.96757,-0.29125,4.756
61.900,157.0,157.0,157.0,157.0,0.025,0.027,0.036,0.96757,-0.29125,4.751
61.910,157.0,157.0,157.0,157.0,0.025,0.027,0.036,0.96757,-0.29125,4.751
61.920,157.0,157.0,157.0,157.0,0.025,0.027,0.036,0.96757,-0.29125,4.746
61.930,157.0,157.0,157.0,157.0,0.025,0.027,0.036,0.96757,-0.29125,4.743
61.940,157.0,157.0,157.0,157.0,0.025,0.027,0.036,0.96757,-0.29125,4.738
61.950,157.0,157.0,157.0,157.0,0.025,0.027,0.036,0.96757,-0.29125,4.732
61.960,157.0,157.0,157.0,157.0,0.025,0.027,0.036,0.97322,-0.29279,4.727
61.970,157.0,157.0,157.0,157.0,0.026,0.027,0.036,0.97322,-0.29279,4.724
61.980,176.0,176.0,176.0,176.0,0.026,0.027,0.036,0.97322,-0.29279,4.719
61.990,176.0,176.0,176.0,176.0,0.026,0.027,0.036,0.97322,-0.29279,4.714
62.000,157.0,157.0,157.0,157.0,0.026,0.027,0.036,0.97322,-0.29279,4.709
62.010,157.0,157.0,157.0,157.0,0.026,0.027,0.036,0.97322,-0.29279,4.703
62.020,166.0,166.0,166.0,166.0,0.026,0.027,0.036,0.97322,-0.29279,4.701
62.030,166.0,166.0,166.0,166.0,0.026,0.027,0.036,0.97322,-0.29279,4.695
62.040,166.0,166.0,166.0,166.0,0.026,0.027,0.036,0.97322,-0.29279,4.690
62.050,171.0,171.0,171.0,171.0,0.026,0.027,0.036,0.97322,-0.29279,4.685
62.060,171.0,171.0,171.0,171.0,0.026,0.027,0.036,0.97322,-0.29279,4.682
62.070,157.0,157.0,157.0,157.0,0.026,0.027,0.036,0.97322,-0.29279,4.677
62.080,157.0,157.0,157.0,157.0,0.026,0.027,0.036,0.97322,-0.29279,4.672
62.090,157.0,157.0,157.0,157.0,0.026,0.027,0.036,0.97322,-0.29279,4.661
62.100,157.0,157.0,157.0,157.0,0.026,0.027,0.036,0.97322,-0.29279,4.658
62.110,157.0,157.0,157.0,157.0,0.026,0.027,0.036,0.97322,-0.29279,4.653
62.120,176.0,176.0,176.0,176.0,0.026,0.027,0.036,0.97322,-0.29279,4.648
62.130,176.0,176.0,176.0,176.0,0.027,0.027,0.036,0.97322,-0.29279,4.643
62.140,157.0,157.0,157.0,157.0,0.027,0.027,0.036,0.97322,-0.29279,4.640
62.150,181.0,181.0,181.0,181.0,0.027,0.027,0.036,0.97322,-0.29279,4.635
62.160,181.0,181.0,181.0,181.0,0.027,0.027,0.036,0.97322,-0.29279,4.629
62.170,176.0,176.0,176.0,176.0,0.027,0.027,0.036,0.97887,-0.29446,4.624
62.180,176.0,176.0,176.0,176.0,0.027,0.027,0.036,0.97887,-0.29446,4.619
62.190,157.0,157.0,157.0,157.0,0.027,0.027,0.036,0.97887,-0.29446,4.616
62.200,157.0,157.0,157.0,157.0,0.027,0.027,0.036,0.97887,-0.29446,4.611
62.210,157.0,157.0,157.0,157.0,0.027,0.027,0.036,0.97887,-0.29446,4.600
62.220,176.0,176.0,176.0,176.0,0.027,0.027,0.036,0.97887,-0.29446,4.598
62.230,176.0,176.0,176.0,176.0,0.027,0.027,0.036,0.97887,-0.29446,4.592
62.240,181.0,181.0,181.0,181.0,0.027,0.027,0.036,0.97887,-0.29446,4.587
62.250,181.0,181.0,181.0,181.0,0.027,0.027,0.036,0.97887,-0.29446,4.582
62.260,181.0,181.0,181.0,181.0,0.027,0.027,0.036,0.97887,-0.29446,4.576
62.270,175.0,175.0,175.0,175.0,0.028,0.027,0.036,0.97887,-0.29446,4.574
62.280,175.0,175.0,175.0,175.0,0.028,0.027,0.036,0.97887,-0.29446,4.569
62.290,171.0,171.0,171.0,171.0,0.028,0.027,0.036,0.97887,-0.29446,4.563
62.300,171.0,171.0,171.0,171.0,0.028,0.027,0.036,0.97887,-0.29446,4.558
62.310,161.0,161.0,161.0,161.0,0.028,0.027,0.036,0.97887,-0.29446,4.555
62.320,161.0,161.0,161.0,161.0,0.028,0.027,0.036,0.97887,-0.29446,4.550
62.330,185.0,185.0,185.0,185.0,0.028,0.027,0.036,0.97887,-0.29446,4.545
62.340,185.0,185.0,185.0,185.0,0.028,0.027,0.036,0.97887,-0.29446,4.545
62.350,157.0,157.0,157.0,157.0,0.028,0.027,0.036,0.97887,-0.29446,4.540
62.360,156.0,156.0,156.0,156.0,0.028,0.027,0.036,0.97887,-0.29446,4.534
62.370,156.0,156.0,156.0,156.0,0.028,0.027,0.036,0.98429,-0.29620,4.532
62.380,156.0,156.0,156.0,156.0,0.028,0.027,0.036,0.98429,-0.29620,4.526
62.390,156.0,156.0,156.0,156.0,0.028,0.027,0.036,0.98429,-0.29620,4.521
62.400,156.0,156.0,156.0,156.0,0.028,0.027,0.036,0.98429,-0.29620,4.516
62.410,156.0,156.0,156.0,156.0,0.029,0.027,0.036,0.98429,-0.29620,4.513
62.420,156.0,156.0,156.0,156.0,0.029,0.027,0.036,0.98429,-0.29620,4.508
62.430,156.0,156.0,156.0,156.0,0.029,0.027,0.036,0.98429,-0.29620,4.503
62.440,171.0,171.0,171.0,171.0,0.029,0.027,0.036,0.98429,-0.29620,4.497
62.450,171.0,171.0,171.0,171.0,0.029,0.027,0.036,0.98429,-0.29620,4.489
62.460,171.0,171.0,171.0,171.0,0.029,0.027,0.036,0.98429,-0.29620,4.484
62.470,175.0,175.0,175.0,175.0,0.029,0.027,0.036,0.98429,-0.29620,4.479
62.480,156.0,156.0,156.0,156.0,0.029,0.027,0.036,0.98429,-0.29620,4.473
62.490,156.0,156.0,156.0,156.0,0.029,0.027,0.036,0.98429,-0.29620,4.471
62.500,156.0,156.0,156.0,156.0,0.029,0.027,0.036,0.98429,-0.29620,4.466
62.510,156.0,156.0,156.0,156.0,0.029,0.027,0.036,0.98429,-0.29620,4.460
62.520,156.0,156.0,156.0,156.0,0.029,0.027,0.036,0.98429,-0.29620,4.455
62.530,171.0,171.0,171.0,171.0,0.029,0.027,0.036,0.98429,-0.29620,4.450
62.540,171.0,171.0,171.0,171.0,0.029,0.027,0.036,0.98429,-0.29620,4.442
62.550,171.0,171.0,171.0,171.0,0.029,0.027,0.036,0.98429,-0.29620,4.436
62.560,175.0,175.0,175.0,175.0,0.030,0.027,0.036,0.98429,-0.29620,4.431
62.570,175.0,175.0,175.0,175.0,0.030,0.027,0.036,0.98429,-0.29620,4.429
62.580,189.0,189.0,189.0,189.0,0.030,0.027,0.036,0.99000,-0.29816,4.423
62.590,189.0,189.0,189.0,189.0,0.030,0.027,0.036,0.99000,-0.29816,4.418
62.600,175.0,175.0,175.0,175.0,0.030,0.027,0.036,0.99000,-0.29816,4.413
62.610,156.0,156.0,156.0,156.0,0.030,0.027,0.036,0.99000,-0.29816,4.407
62.620,156.0,156.0,156.0,156.0,0.030,0.027,0.036,0.99000,-0.29816,4.405
62.630,156.0,156.0,156.0,156.0,0.030,0.027,0.036,0.99000,-0.29816,4.399
62.640,171.0,171.0,171.0,171.0,0.030,0.027,0.036,0.99000,-0.29816,4.394
62.650,171.0,171.0,171.0,171.0,0.030,0.027,0.036,0.99000,-0.29816,4.386
62.660,175.0,175.0,175.0,175.0,0.030,0.027,0.036,0.99000,-0.29816,4.381
62.670,175.0,175.0,175.0,175.0,0.030,0.027,0.036,0.99000,-0.29816,4.376
62.680,175.0,175.0,175.0,175.0,0.030,0.027,0.036,0.99000,-0.29816,4.370
62.690,156.0,156.0,156.0,156.0,0.031,0.027,0.036,0.99000,-0.29816,4.365
62.700,156.0,156.0,156.0,156.0,0.031,0.027,0.036,0.99000,-0.29816,4.362
62.710,156.0,156.0,156.0,156.0,0.031,0.027,0.036,0.99000,-0.29816,4.357
62.720,156.0,156.0,156.0,156.0,0.031,0.027,0.036,0.99000,-0.29816,4.352
62.730,156.0,156.0,156.0,156.0,0.031,0.027,0.036,0.99000,-0.29816,4.347
62.740,156.0,156.0,156.0,156.0,0.031,0.027,0.036,0.99000,-0.29816,4.344
62.750,156.0,156.0,156.0,156.0,0.031,0.028,0.036,0.99000,-0.29816,4.339
62.760,156.0,156.0,156.0,156.0,0.031,0.028,0.036,0.99000,-0.29816,4.328
62.770,156.0,156.0,156.0,156.0,0.031,0.028,0.036,0.99000,-0.29816,4.323
62.780,156.0,156.0,156.0,156.0,0.031,0.028,0.036,0.99545,-0.30018,4.320
62.790,156.0,156.0,156.0,156.0,0.031,0.028,0.036,0.99545,-0.30018,4.315
62.800,156.0,156.0,156.0,156.0,0.031,0.028,0.036,0.99545,-0.30018,4.304
62.810,156.0,156.0,156.0,156.0,0.031,0.028,0.036,0.99545,-0.30018,4.302
62.820,156.0,156.0,156.0,156.0,0.031,0.028,0.036,0.99545,-0.30018,4.296
62.830,156.0,156.0,156.0,156.0,0.031,0.028,0.036,0.99545,-0.30018,4.291
62.840,156.0,156.0,156.0,156.0,0.032,0.028,0.036,0.99545,-0.30018,4.281
62.850,156.0,156.0,156.0,156.0,0.032,0.028,0.036,0.99545,-0.30018,4.278
62.860,156.0,156.0,156.0,156.0,0.032,0.028,0.036,0.99545,-0.30018,4.267
62.870,156.0,156.0,156.0,156.0,0.032,0.028,0.036,0.99545,-0.30018,4.262
62.880,156.0,156.0,156.0,156.0,0.032,0.028,0.036,0.99545,-0.30018,4.259
62.890,156.0,156.0,156.0,156.0,0.032,0.028,0.036,0.99545,-0.30018,4.249
62.900,156.0,156.0,156.0,156.0,0.032,0.028,0.036,0.99545,-0.30018,4.244
62.910,156.0,156.0,156.0,156.0,0.032,0.028,0.036,0.99545,-0.30018,4.236
62.920,189.0,189.0,189.0,189.0,0.032,0.028,0.036,0.99545,-0.30018,4.230
62.930,156.0,156.0,156.0,156.0,0.032,0.028,0.036,0.99545,-0.30018,4.220
62.940,156.0,156.0,156.0,156.0,0.032,0.028,0.036,0.99545,-0.30018,4.217
62.950,156.0,156.0,156.0,156.0,0.032,0.028,0.036,0.99545,-0.30018,4.207
62.960,181.0,181.0,181.0,181.0,0.032,0.028,0.036,0.99545,-0.30018,4.201
62.970,156.0,156.0,156.0,156.0,0.032,0.028,0.036,0.99545,-0.30018,4.193
62.980,185.0,185.0,185.0,185.0,0.033,0.028,0.036,0.99545,-0.30018,4.183
62.990,185.0,185.0,185.0,185.0,0.033,0.028,0.036,1.00119,-0.30244,4.178
63.000,189.0,189.0,189.0,189.0,0.033,0.028,0.036,1.00119,-0.30244,4.175
63.010,157.0,157.0,157.0,157.0,0.033,0.028,0.036,1.00119,-0.30244,4.164
63.020,157.0,157.0,157.0,157.0,0.033,0.028,0.036,1.00119,-0.30244,4.159
63.030,157.0,157.0,157.0,157.0,0.033,0.028,0.036,1.00119,-0.30244,4.151
63.040,157.0,157.0,157.0,157.0,0.033,0.028,0.036,1.00119,-0.30244,4.146
63.050,157.0,157.0,157.0,157.0,0.033,0.028,0.036,1.00119,-0.30244,4.135
63.060,157.0,157.0,157.0,157.0,0.033,0.028,0.036,1.00119,-0.30244,4.133
63.070,157.0,157.0,157.0,157.0,0.033,0.028,0.036,1.00119,-0.30244,4.122
63.080,157.0,157.0,157.0,157.0,0.033,0.028,0.036,1.00119,-0.30244,4.117
63.090,157.0,157.0,157.0,157.0,0.033,0.028,0.036,1.00119,-0.30244,4.109
63.100,157.0,157.0,157.0,157.0,0.033,0.028,0.036,1.00119,-0.30244,4.098
63.110,157.0,157.0,157.0,157.0,0.033,0.028,0.036,1.00119,-0.30244,4.093
63.120,198.0,198.0,198.0,198.0,0.034,0.028,0.036,1.00119,-0.30244,4.085
63.130,157.0,157.0,157.0,157.0,0.034,0.028,0.036,1.00119,-0.30244,4.080
63.140,181.0,181.0,181.0,181.0,0.034,0.028,0.036,1.00119,-0.30244,4.072
63.150,157.0,157.0,157.0,157.0,0.034,0.028,0.036,1.00119,-0.30244,4.061
63.160,157.0,157.0,157.0,157.0,0.034,0.028,0.036,1.00119,-0.30244,4.056
63.170,157.0,157.0,157.0,157.0,0.034,0.028,0.036,1.00119,-0.30244,4.048
63.180,157.0,157.0,157.0,157.0,0.034,0.028,0.036,1.00119,-0.30244,4.043
63.190,157.0,157.0,157.0,157.0,0.034,0.028,0.036,1.00668,-0.30474,4.032
63.200,157.0,157.0,157.0,157.0,0.034,0.028,0.036,1.00668,-0.30474,4.024
63.210,185.0,185.0,185.0,185.0,0.034,0.028,0.036,1.00668,-0.30474,4.019
63.220,185.0,185.0,185.0,185.0,0.034,0.028,0.036,1.00668,-0.30474,4.008
63.230,181.0,181.0,181.0,181.0,0.034,0.028,0.036,1.00668,-0.30474,4.000
63.240,181.0,181.0,181.0,181.0,0.034,0.028,0.036,1.00668,-0.30474,3.995
63.250,191.0,191.0,191.0,191.0,0.034,0.028,0.036,1.00668,-0.30474,3.987
63.260,191.0,191.0,191.0,191.0,0.035,0.028,0.036,1.00668,-0.30474,3.982
63.270,181.0,181.0,181.0,181.0,0.035,0.028,0.036,1.00668,-0.30474,3.971
63.280,157.0,157.0,157.0,157.0,0.035,0.028,0.036,1.00668,-0.30474,3.966
63.290,157.0,157.0,157.0,157.0,0.035,0.028,0.036,1.00668,-0.30474,3.958
63.300,157.0,157.0,157.0,157.0,0.035,0.028,0.036,1.00668,-0.30474,3.953
63.310,157.0,157.0,157.0,157.0,0.035,0.028,0.036,1.00668,-0.30474,3.945
63.320,157.0,157.0,157.0,157.0,0.035,0.028,0.036,1.00668,-0.30474,3.940
63.330,157.0,157.0,157.0,157.0,0.035,0.028,0.036,1.00668,-0.30474,3.929
63.340,157.0,157.0,157.0,157.0,0.035,0.028,0.036,1.00668,-0.30474,3.924
63.350,157.0,157.0,157.0,157.0,0.035,0.028,0.036,1.00668,-0.30474,3.916
63.360,157.0,157.0,157.0,157.0,0.035,0.028,0.036,1.00668,-0.30474,3.911
63.370,157.0,157.0,157.0,157.0,0.035,0.028,0.036,1.00668,-0.30474,3.903
63.380,157.0,157.0,157.0,157.0,0.035,0.028,0.036,1.00668,-0.30474,3.892
63.390,157.0,157.0,157.0,157.0,0.036,0.028,0.036,1.00668,-0.30474,3.887
63.400,157.0,157.0,157.0,157.0,0.036,0.028,0.036,1.01246,-0.30733,3.879
63.410,157.0,157.0,157.0,157.0,0.036,0.028,0.036,1.01246,-0.30733,3.868
63.420,157.0,157.0,157.0,157.0,0.036,0.028,0.036,1.01246,-0.30733,3.863
63.430,158.0,158.0,158.0,158.0,0.036,0.028,0.036,1.01246,-0.30733,3.855
63.440,158.0,158.0,158.0,158.0,0.036,0.028,0.036,1.01246,-0.30733,3.845
63.450,158.0,158.0,158.0,158.0,0.036,0.028,0.036,1.01246,-0.30733,3.837
63.460,158.0,158.0,158.0,158.0,0.036,0.028,0.036,1.01246,-0.30733,3.831
63.470,158.0,158.0,158.0,158.0,0.036,0.028,0.036,1.01246,-0.30733,3.821
63.480,158.0,158.0,158.0,158.0,0.036,0.028,0.036,1.01246,-0.30733,3.813
63.490,158.0,158.0,158.0,158.0,0.036,0.028,0.036,1.01246,-0.30733,3.802
63.500,158.0,158.0,158.0,158.0,0.036,0.028,0.036,1.01246,-0.30733,3.794
63.510,158.0,158.0,158.0,158.0,0.036,0.028,0.036,1.01246,-0.30733,3.789
63.520,158.0,158.0,158.0,158.0,0.036,0.028,0.036,1.01246,-0.30733,3.779
63.530,182.0,182.0,182.0,182.0,0.036,0.028,0.036,1.01246,-0.30733,3.771
63.540,182.0,182.0,182.0,182.0,0.037,0.028,0.036,1.01246,-0.30733,3.760
63.550,182.0,182.0,182.0,182.0,0.037,0.028,0.036,1.01246,-0.30733,3.752
63.560,158.0,158.0,158.0,158.0,0.037,0.028,0.036,1.01246,-0.30733,3.742
63.570,158.0,158.0,158.0,158.0,0.037,0.028,0.036,1.01246,-0.30733,3.736
63.580,158.0,158.0,158.0,158.0,0.037,0.028,0.036,1.01246,-0.30733,3.728
63.590,158.0,158.0,158.0,158.0,0.037,0.028,0.036,1.01246,-0.30733,3.718
63.600,158.0,158.0,158.0,158.0,0.037,0.028,0.036,1.01798,-0.30996,3.710
63.610,158.0,158.0,158.0,158.0,0.037,0.028,0.036,1.01798,-0.30996,3.699
63.620,158.0,158.0,158.0,158.0,0.037,0.028,0.036,1.01798,-0.30996,3.691
63.630,158.0,158.0,158.0,158.0,0.037,0.028,0.036,1.01798,-0.30996,3.681
63.640,158.0,158.0,158.0,158.0,0.037,0.028,0.036,1.01798,-0.30996,3.670
63.650,158.0,158.0,158.0,158.0,0.037,0.028,0.036,1.01798,-0.30996,3.662
63.660,158.0,158.0,158.0,158.0,0.037,0.028,0.036,1.01798,-0.30996,3.652
63.670,158.0,158.0,158.0,158.0,0.038,0.028,0.036,1.01798,-0.30996,3.644
63.680,158.0,158.0,158.0,158.0,0.038,0.028,0.036,1.01798,-0.30996,3.633
63.690,173.0,173.0,173.0,173.0,0.038,0.028,0.036,1.01798,-0.30996,3.625
63.700,173.0,173.0,173.0,173.0,0.038,0.028,0.036,1.01798,-0.30996,3.615
63.710,159.0,159.0,159.0,159.0,0.038,0.028,0.036,1.01798,-0.30996,3.607
63.720,159.0,159.0,159.0,159.0,0.038,0.028,0.036,1.01798,-0.30996,3.596
63.730,159.0,159.0,159.0,159.0,0.038,0.028,0.036,1.01798,-0.30996,3.588
63.740,159.0,159.0,159.0,159.0,0.038,0.028,0.036,1.01798,-0.30996,3.578
63.750,159.0,159.0,159.0,159.0,0.038,0.028,0.036,1.01798,-0.30996,3.567
63.760,159.0,159.0,159.0,159.0,0.038,0.028,0.036,1.01798,-0.30996,3.559
63.770,159.0,159.0,159.0,159.0,0.038,0.028,0.036,1.01798,-0.30996,3.549
63.780,173.0,173.0,173.0,173.0,0.038,0.028,0.036,1.01798,-0.30996,3.541
63.790,173.0,173.0,173.0,173.0,0.038,0.028,0.036,1.01798,-0.30996,3.530
63.800,173.0,173.0,173.0,173.0,0.039,0.028,0.036,1.01798,-0.30996,3.522
63.810,173.0,173.0,173.0,173.0,0.039,0.028,0.036,1.02379,-0.31288,3.512
63.820,174.0,174.0,174.0,174.0,0.039,0.028,0.036,1.02379,-0.31288,3.504
63.830,174.0,174.0,174.0,174.0,0.039,0.028,0.036,1.02379,-0.31288,3.493
63.840,159.0,159.0,159.0,159.0,0.039,0.028,0.036,1.02379,-0.31288,3.483
63.850,159.0,159.0,159.0,159.0,0.039,0.028,0.036,1.02379,-0.31288,3.475
63.860,159.0,159.0,159.0,159.0,0.039,0.028,0.036,1.02379,-0.31288,3.464
63.870,159.0,159.0,159.0,159.0,0.039,0.028,0.036,1.02379,-0.31288,3.456
63.880,159.0,159.0,159.0,159.0,0.039,0.028,0.036,1.02379,-0.31288,3.440
63.890,159.0,159.0,159.0,159.0,0.039,0.028,0.036,1.02379,-0.31288,3.432
63.900,159.0,159.0,159.0,159.0,0.039,0.028,0.036,1.02379,-0.31288,3.422
63.910,205.0,205.0,205.0,205.0,0.039,0.028,0.036,1.02379,-0.31288,3.414
63.920,205.0,205.0,205.0,205.0,0.039,0.028,0.036,1.02379,-0.31288,3.403
63.930,160.0,160.0,160.0,160.0,0.039,0.028,0.036,1.02379,-0.31288,3.395
63.940,160.0,160.0,160.0,160.0,0.040,0.028,0.036,1.02379,-0.31288,3.385
63.950,160.0,160.0,160.0,160.0,0.040,0.028,0.036,1.02379,-0.31288,3.377
63.960,160.0,160.0,160.0,160.0,0.040,0.028,0.036,1.02379,-0.31288,3.366
63.970,160.0,160.0,160.0,160.0,0.040,0.028,0.036,1.02379,-0.31288,3.356
63.980,160.0,160.0,160.0,160.0,0.040,0.028,0.036,1.02379,-0.31288,3.348
63.990,160.0,160.0,160.0,160.0,0.040,0.028,0.036,1.02379,-0.31288,3.337
64.000,193.0,193.0,193.0,193.0,0.040,0.028,0.036,1.02379,-0.31288,3.329
64.010,193.0,193.0,193.0,193.0,0.040,0.028,0.036,1.02934,-0.31584,3.319
64.020,193.0,193.0,193.0,193.0,0.040,0.028,0.036,1.02934,-0.31584,3.311
64.030,193.0,193.0,193.0,193.0,0.040,0.028,0.036,1.02934,-0.31584,3.300
64.040,175.0,175.0,175.0,175.0,0.040,0.028,0.036,1.02934,-0.31584,3.292
64.050,175.0,175.0,175.0,175.0,0.040,0.028,0.036,1.02934,-0.31584,3.282
64.060,160.0,160.0,160.0,160.0,0.040,0.028,0.036,1.02934,-0.31584,3.271
64.070,160.0,160.0,160.0,160.0,0.041,0.028,0.036,1.02934,-0.31584,3.269
64.080,180.0,180.0,180.0,180.0,0.041,0.028,0.036,1.02934,-0.31584,3.258
64.090,180.0,180.0,180.0,180.0,0.041,0.028,0.036,1.02934,-0.31584,3.250
64.100,161.0,161.0,161.0,161.0,0.041,0.028,0.036,1.02934,-0.31584,3.239
64.110,161.0,161.0,161.0,161.0,0.041,0.028,0.036,1.02934,-0.31584,3.229
64.120,161.0,161.0,161.0,161.0,0.041,0.028,0.036,1.02934,-0.31584,3.226
64.130,180.0,180.0,180.0,180.0,0.041,0.028,0.036,1.02934,-0.31584,3.216
64.140,180.0,180.0,180.0,180.0,0.041,0.028,0.036,1.02934,-0.31584,3.208
64.150,161.0,161.0,161.0,161.0,0.041,0.028,0.036,1.02934,-0.31584,3.197
64.160,161.0,161.0,161.0,161.0,0.041,0.028,0.036,1.02934,-0.31584,3.187
64.170,194.0,194.0,194.0,194.0,0.041,0.028,0.036,1.02934,-0.31584,3.179
64.180,161.0,161.0,161.0,161.0,0.041,0.028,0.036,1.02934,-0.31584,3.173
64.190,194.0,194.0,194.0,194.0,0.041,0.028,0.036,1.02934,-0.31584,3.165
64.200,161.0,161.0,161.0,161.0,0.042,0.028,0.036,1.02934,-0.31584,3.155
64.210,161.0,161.0,161.0,161.0,0.042,0.028,0.036,1.03493,-0.31900,3.150
64.220,161.0,161.0,161.0,161.0,0.042,0.028,0.036,1.03493,-0.31900,3.142
64.230,161.0,161.0,161.0,161.0,0.042,0.028,0.036,1.03493,-0.31900,3.131
64.240,161.0,161.0,161.0,161.0,0.042,0.028,0.036,1.03493,-0.31900,3.123
64.250,161.0,161.0,161.0,161.0,0.042,0.028,0.036,1.03493,-0.31900,3.113
64.260,194.0,194.0,194.0,194.0,0.042,0.028,0.036,1.03493,-0.31900,3.107
64.270,194.0,194.0,194.0,194.0,0.042,0.028,0.036,1.03493,-0.31900,3.099
64.280,190.0,190.0,190.0,190.0,0.042,0.028,0.036,1.03493,-0.31900,3.089
64.290,161.0,161.0,161.0,161.0,0.042,0.028,0.036,1.03493,-0.31900,3.084
64.300,194.0,194.0,194.0,194.0,0.042,0.028,0.036,1.03493,-0.31900,3.076
64.310,161.0,161.0,161.0,161.0,0.042,0.028,0.036,1.03493,-0.31900,3.065
64.320,185.0,185.0,185.0,185.0,0.042,0.028,0.036,1.03493,-0.31900,3.062
64.330,185.0,185.0,185.0,185.0,0.042,0.028,0.036,1.03493,-0.31900,3.052
64.340,185.0,185.0,185.0,185.0,0.043,0.028,0.036,1.03493,-0.31900,3.047
64.350,185.0,185.0,185.0,185.0,0.043,0.028,0.036,1.03493,-0.31900,3.039
64.360,162.0,162.0,162.0,162.0,0.043,0.028,0.036,1.03493,-0.31900,3.033
64.370,162.0,162.0,162.0,162.0,0.043,0.028,0.036,1.03493,-0.31900,3.023
64.380,185.0,185.0,185.0,185.0,0.043,0.028,0.036,1.03493,-0.31900,3.020
64.390,162.0,162.0,162.0,162.0,0.043,0.028,0.036,1.03493,-0.31900,3.010
64.400,162.0,162.0,162.0,162.0,0.043,0.028,0.036,1.03493,-0.31900,3.004
64.410,162.0,162.0,162.0,162.0,0.043,0.028,0.036,1.04055,-0.32235,2.996
64.420,162.0,162.0,162.0,162.0,0.043,0.028,0.036,1.04055,-0.32235,2.991
64.430,162.0,162.0,162.0,162.0,0.043,0.028,0.036,1.04055,-0.32235,2.981
64.440,195.0,195.0,195.0,195.0,0.043,0.028,0.036,1.04055,-0.32235,2.978
64.450,195.0,195.0,195.0,195.0,0.043,0.028,0.036,1.04055,-0.32235,2.967
64.460,186.0,186.0,186.0,186.0,0.044,0.028,0.036,1.04055,-0.32235,2.962
64.470,186.0,186.0,186.0,186.0,0.044,0.028,0.036,1.04055,-0.32235,2.957
64.480,172.0,172.0,172.0,172.0,0.044,0.028,0.036,1.04055,-0.32235,2.949
64.490,172.0,172.0,172.0,172.0,0.044,0.028,0.036,1.04055,-0.32235,2.944
64.500,162.0,162.0,162.0,162.0,0.044,0.028,0.036,1.04055,-0.32235,2.938
64.510,162.0,162.0,162.0,162.0,0.044,0.028,0.036,1.04055,-0.32235,2.930
64.520,162.0,162.0,162.0,162.0,0.044,0.028,0.036,1.04055,-0.32235,2.925
64.530,162.0,162.0,162.0,162.0,0.044,0.028,0.036,1.04055,-0.32235,2.920
64.540,186.0,186.0,186.0,186.0,0.044,0.028,0.036,1.04055,-0.32235,2.912
64.550,186.0,186.0,186.0,186.0,0.044,0.028,0.036,1.04055,-0.32235,2.907
64.560,162.0,162.0,162.0,162.0,0.044,0.028,0.036,1.04055,-0.32235,2.901
64.570,162.0,162.0,162.0,162.0,0.044,0.028,0.036,1.04055,-0.32235,2.896
64.580,162.0,162.0,162.0,162.0,0.044,0.028,0.036,1.04055,-0.32235,2.888
64.590,162.0,162.0,162.0,162.0,0.045,0.028,0.036,1.04055,-0.32235,2.883
64.600,162.0,162.0,162.0,162.0,0.045,0.028,0.036,1.04055,-0.32235,2.877
64.610,162.0,162.0,162.0,162.0,0.045,0.028,0.036,1.04620,-0.32591,2.870
64.620,162.0,162.0,162.0,162.0,0.045,0.028,0.036,1.04620,-0.32591,2.864
64.630,162.0,162.0,162.0,162.0,0.045,0.028,0.036,1.04620,-0.32591,2.859
64.640,172.0,172.0,172.0,172.0,0.045,0.028,0.036,1.04620,-0.32591,2.851
64.650,172.0,172.0,172.0,172.0,0.045,0.028,0.036,1.04620,-0.32591,2.846
64.660,162.0,162.0,162.0,162.0,0.045,0.028,0.036,1.04620,-0.32591,2.840
64.670,162.0,162.0,162.0,162.0,0.045,0.028,0.036,1.04620,-0.32591,2.830
64.680,162.0,162.0,162.0,162.0,0.045,0.028,0.036,1.04620,-0.32591,2.827
64.690,162.0,162.0,162.0,162.0,0.045,0.028,0.036,1.04620,-0.32591,2.822
64.700,162.0,162.0,162.0,162.0,0.045,0.028,0.036,1.04620,-0.32591,2.811
64.710,162.0,162.0,162.0,162.0,0.045,0.028,0.036,1.04620,-0.32591,2.809
64.720,163.0,163.0,163.0,163.0,0.046,0.028,0.036,1.04620,-0.32591,2.798
64.730,163.0,163.0,163.0,163.0,0.046,0.028,0.036,1.04620,-0.32591,2.793
64.740,186.0,186.0,186.0,186.0,0.046,0.028,0.036,1.04620,-0.32591,2.788
64.750,163.0,163.0,163.0,163.0,0.046,0.028,0.036,1.04620,-0.32591,2.780
64.760,163.0,163.0,163.0,163.0,0.046,0.028,0.036,1.04620,-0.32591,2.774
64.770,163.0,163.0,163.0,163.0,0.046,0.028,0.036,1.04620,-0.32591,2.767
64.780,163.0,163.0,163.0,163.0,0.046,0.028,0.036,1.04620,-0.32591,2.761
64.790,163.0,163.0,163.0,163.0,0.046,0.028,0.036,1.04620,-0.32591,2.756
64.800,163.0,163.0,163.0,163.0,0.046,0.028,0.036,1.04620,-0.32591,2.745
64.810,163.0,163.0,163.0,163.0,0.046,0.028,0.036,1.05188,-0.32966,2.743
64.820,163.0,163.0,163.0,163.0,0.046,0.028,0.036,1.05188,-0.32966,2.732
64.830,163.0,163.0,163.0,163.0,0.046,0.028,0.036,1.05188,-0.32966,2.727
64.840,182.0,182.0,182.0,182.0,0.047,0.028,0.036,1.05188,-0.32966,2.724
64.850,163.0,163.0,163.0,163.0,0.047,0.028,0.036,1.05188,-0.32966,2.714
64.860,177.0,177.0,177.0,177.0,0.047,0.028,0.036,1.05188,-0.32966,2.708
64.870,163.0,163.0,163.0,163.0,0.047,0.028,0.036,1.05188,-0.32966,2.700
64.880,163.0,163.0,163.0,163.0,0.047,0.028,0.036,1.05188,-0.32966,2.695
64.890,163.0,163.0,163.0,163.0,0.047,0.029,0.036,1.05188,-0.32966,2.685
64.900,163.0,163.0,163.0,163.0,0.047,0.029,0.036,1.05188,-0.32966,2.682
64.910,163.0,163.0,163.0,163.0,0.047,0.029,0.036,1.05188,-0.32966,2.677
64.920,163.0,163.0,163.0,163.0,0.047,0.029,0.036,1.05188,-0.32966,2.666
64.930,163.0,163.0,163.0,163.0,0.047,0.029,0.036,1.05188,-0.32966,2.661
64.940,163.0,163.0,163.0,163.0,0.047,0.029,0.036,1.05188,-0.32966,2.653
64.950,163.0,163.0,163.0,163.0,0.047,0.029,0.036,1.05188,-0.32966,2.648
64.960,187.0,187.0,187.0,187.0,0.047,0.029,0.036,1.05188,-0.32966,2.640
64.970,163.0,163.0,163.0,163.0,0.047,0.029,0.036,1.05188,-0.32966,2.634
64.980,163.0,163.0,163.0,163.0,0.048,0.029,0.036,1.05188,-0.32966,2.624
64.990,163.0,163.0,163.0,163.0,0.048,0.029,0.036,1.05188,-0.32966,2.619
65.000,163.0,163.0,163.0,163.0,0.048,0.029,0.036,1.05188,-0.32966,2.611
65.010,201.0,201.0,201.0,201.0,0.048,0.029,0.036,1.05757,-0.33361,2.605
65.020,163.0,163.0,163.0,163.0,0.048,0.029,0.036,1.05757,-0.33361,2.597
65.030,187.0,187.0,187.0,187.0,0.048,0.029,0.036,1.05757,-0.33361,2.592
65.040,163.0,163.0,163.0,163.0,0.048,0.029,0.036,1.05757,-0.33361,2.587
65.050,163.0,163.0,163.0,163.0,0.048,0.029,0.036,1.05757,-0.33361,2.576
65.060,163.0,163.0,163.0,163.0,0.048,0.029,0.036,1.05757,-0.33361,2.574
65.070,163.0,163.0,163.0,163.0,0.048,0.029,0.036,1.05757,-0.33361,2.563
65.080,187.0,187.0,187.0,187.0,0.048,0.029,0.036,1.05757,-0.33361,2.558
65.090,164.0,164.0,164.0,164.0,0.048,0.029,0.036,1.05757,-0.33361,2.555
65.100,192.0,192.0,192.0,192.0,0.048,0.029,0.036,1.05757,-0.33361,2.545
65.110,192.0,192.0,192.0,192.0,0.049,0.029,0.036,1.05757,-0.33361,2.539
65.120,164.0,164.0,164.0,164.0,0.049,0.029,0.036,1.05757,-0.33361,2.537
65.130,164.0,164.0,164.0,164.0,0.049,0.029,0.036,1.05757,-0.33361,2.526
65.140,164.0,164.0,164.0,164.0,0.049,0.029,0.036,1.05757,-0.33361,2.521
65.150,164.0,164.0,164.0,164.0,0.049,0.029,0.036,1.05757,-0.33361,2.515
65.160,164.0,164.0,164.0,164.0,0.049,0.029,0.036,1.05757,-0.33361,2.508
65.170,164.0,164.0,164.0,164.0,0.049,0.029,0.036,1.05757,-0.33361,2.502
65.180,164.0,164.0,164.0,164.0,0.049,0.029,0.036,1.05757,-0.33361,2.497
65.190,164.0,164.0,164.0,164.0,0.049,0.029,0.036,1.05757,-0.33361,2.489
65.200,164.0,164.0,164.0,164.0,0.049,0.029,0.036,1.05757,-0.33361,2.484
65.210,164.0,164.0,164.0,164.0,0.049,0.029,0.036,1.06329,-0.33776,2.478
65.220,164.0,164.0,164.0,164.0,0.049,0.029,0.036,1.06329,-0.33776,2.471
65.230,164.0,164.0,164.0,164.0,0.050,0.029,0.036,1.06329,-0.33776,2.465
65.240,164.0,164.0,164.0,164.0,0.050,0.029,0.036,1.06329,-0.33776,2.460
65.250,164.0,164.0,164.0,164.0,0.050,0.029,0.036,1.06329,-0.33776,2.452
65.260,164.0,164.0,164.0,164.0,0.050,0.029,0.036,1.06329,-0.33776,2.447
65.270,164.0,164.0,164.0,164.0,0.050,0.029,0.036,1.06329,-0.33776,2.436
65.280,164.0,164.0,164.0,164.0,0.050,0.029,0.036,1.06329,-0.33776,2.431
65.290,164.0,164.0,164.0,164.0,0.050,0.029,0.036,1.06329,-0.33776,2.428
65.300,164.0,164.0,164.0,164.0,0.050,0.029,0.036,1.06329,-0.33776,2.418
65.310,164.0,164.0,164.0,164.0,0.050,0.029,0.036,1.06329,-0.33776,2.412
65.320,164.0,164.0,164.0,164.0,0.050,0.029,0.036,1.06329,-0.33776,2.405
65.330,164.0,164.0,164.0,164.0,0.050,0.029,0.036,1.06329,-0.33776,2.399
65.340,164.0,164.0,164.0,164.0,0.050,0.029,0.036,1.06329,-0.33776,2.394
65.350,164.0,164.0,164.0,164.0,0.050,0.029,0.036,1.06329,-0.33776,2.386
65.360,184.0,184.0,184.0,184.0,0.051,0.029,0.036,1.06329,-0.33776,2.381
65.370,184.0,184.0,184.0,184.0,0.051,0.029,0.036,1.06329,-0.33776,2.370
65.380,189.0,189.0,189.0,189.0,0.051,0.029,0.036,1.06329,-0.33776,2.368
65.390,189.0,189.0,189.0,189.0,0.051,0.029,0.036,1.06329,-0.33776,2.362
65.400,170.0,170.0,170.0,170.0,0.051,0.029,0.036,1.06329,-0.33776,2.352
65.410,170.0,170.0,170.0,170.0,0.051,0.029,0.036,1.06903,-0.34212,2.346
65.420,193.0,193.0,193.0,193.0,0.051,0.029,0.036,1.06903,-0.34212,2.344
65.430,193.0,193.0,193.0,193.0,0.051,0.029,0.036,1.06903,-0.34212,2.333
65.440,193.0,193.0,193.0,193.0,0.051,0.029,0.036,1.06903,-0.34212,2.328
65.450,198.0,198.0,198.0,198.0,0.051,0.029,0.036,1.06903,-0.34212,2.325
65.460,165.0,165.0,165.0,165.0,0.051,0.029,0.036,1.06903,-0.34212,2.320
65.470,180.0,180.0,180.0,180.0,0.051,0.029,0.036,1.06903,-0.34212,2.315
65.480,180.0,180.0,180.0,180.0,0.052,0.029,0.036,1.06903,-0.34212,2.309
65.490,184.0,184.0,184.0,184.0,0.052,0.029,0.036,1.06903,-0.34212,2.304
65.500,184.0,184.0,184.0,184.0,0.052,0.029,0.036,1.06903,-0.34212,2.301
65.510,175.0,175.0,175.0,175.0,0.052,0.029,0.036,1.06903,-0.34212,2.296
65.520,175.0,175.0,175.0,175.0,0.052,0.029,0.036,1.06903,-0.34212,2.291
65.530,165.0,165.0,165.0,165.0,0.052,0.029,0.036,1.06903,-0.34212,2.286
65.540,165.0,165.0,165.0,165.0,0.052,0.029,0.036,1.06903,-0.34212,2.283
65.550,175.0,175.0,175.0,175.0,0.052,0.029,0.036,1.06903,-0.34212,2.278
65.560,175.0,175.0,175.0,175.0,0.052,0.029,0.036,1.06903,-0.34212,2.272
65.570,175.0,175.0,175.0,175.0,0.052,0.029,0.036,1.06903,-0.34212,2.267
65.580,189.0,189.0,189.0,189.0,0.052,0.029,0.036,1.06903,-0.34212,2.262
65.590,189.0,189.0,189.0,189.0,0.052,0.029,0.036,1.06903,-0.34212,2.262
65.600,184.0,184.0,184.0,184.0,0.052,0.029,0.036,1.06903,-0.34212,2.259
65.610,184.0,184.0,184.0,184.0,0.053,0.029,0.036,1.07481,-0.34673,2.254
65.620,165.0,165.0,165.0,165.0,0.053,0.029,0.036,1.07481,-0.34673,2.249
65.630,165.0,165.0,165.0,165.0,0.053,0.029,0.036,1.07481,-0.34673,2.243
65.640,165.0,165.0,165.0,165.0,0.053,0.029,0.036,1.07481,-0.34673,2.243
65.650,165.0,165.0,165.0,165.0,0.053,0.029,0.036,1.07481,-0.34673,2.241
65.660,165.0,165.0,165.0,165.0,0.053,0.029,0.036,1.07481,-0.34673,2.235
65.670,170.0,170.0,170.0,170.0,0.053,0.029,0.036,1.07481,-0.34673,2.230
65.680,165.0,165.0,165.0,165.0,0.053,0.029,0.036,1.07481,-0.34673,2.225
65.690,165.0,165.0,165.0,165.0,0.053,0.029,0.036,1.07481,-0.34673,2.225
65.700,193.0,193.0,193.0,193.0,0.053,0.029,0.036,1.07481,-0.34673,2.220
65.710,193.0,193.0,193.0,193.0,0.053,0.029,0.036,1.07481,-0.34673,2.217
65.720,175.0,175.0,175.0,175.0,0.053,0.029,0.036,1.07481,-0.34673,2.212
65.730,175.0,175.0,175.0,175.0,0.053,0.029,0.036,1.07481,-0.34673,2.212
65.740,180.0,180.0,180.0,180.0,0.054,0.029,0.036,1.07481,-0.34673,2.206
65.750,165.0,165.0,165.0,165.0,0.054,0.029,0.036,1.07481,-0.34673,2.201
65.760,165.0,165.0,165.0,165.0,0.054,0.029,0.036,1.07481,-0.34673,2.201
65.770,165.0,165.0,165.0,165.0,0.054,0.029,0.036,1.07481,-0.34673,2.198
65.780,165.0,165.0,165.0,165.0,0.054,0.029,0.036,1.07481,-0.34673,2.193
65.790,165.0,165.0,165.0,165.0,0.054,0.029,0.036,1.07481,-0.34673,2.193
65.800,165.0,165.0,165.0,165.0,0.054,0.029,0.036,1.07481,-0.34673,2.188
65.810,165.0,165.0,165.0,165.0,0.054,0.029,0.036,1.08063,-0.35157,2.183
65.820,165.0,165.0,165.0,165.0,0.054,0.029,0.036,1.08063,-0.35157,2.183
65.830,165.0,165.0,165.0,165.0,0.054,0.029,0.036,1.08063,-0.35157,2.177
65.840,165.0,165.0,165.0,165.0,0.054,0.029,0.036,1.08063,-0.35157,2.175
65.850,165.0,165.0,165.0,165.0,0.054,0.029,0.036,1.08063,-0.35157,2.175
65.860,165.0,165.0,165.0,165.0,0.055,0.029,0.036,1.08063,-0.35157,2.169
65.870,165.0,165.0,165.0,165.0,0.055,0.029,0.036,1.08063,-0.35157,2.164
65.880,165.0,165.0,165.0,165.0,0.055,0.029,0.036,1.08063,-0.35157,2.159
65.890,165.0,165.0,165.0,165.0,0.055,0.029,0.036,1.08063,-0.35157,2.159
65.900,175.0,175.0,175.0,175.0,0.055,0.029,0.036,1.08063,-0.35157,2.156
65.910,175.0,175.0,175.0,175.0,0.055,0.029,0.036,1.08063,-0.35157,2.151
65.920,165.0,165.0,165.0,165.0,0.055,0.029,0.036,1.08063,-0.35157,2.151
65.930,165.0,165.0,165.0,165.0,0.055,0.029,0.036,1.08063,-0.35157,2.146
65.940,165.0,165.0,165.0,165.0,0.055,0.029,0.036,1.08063,-0.35157,2.140
65.950,165.0,165.0,165.0,165.0,0.055,0.029,0.036,1.08063,-0.35157,2.135
65.960,165.0,165.0,165.0,165.0,0.055,0.029,0.036,1.08063,-0.35157,2.135
65.970,165.0,165.0,165.0,165.0,0.055,0.029,0.036,1.08063,-0.35157,2.132
65.980,165.0,165.0,165.0,165.0,0.056,0.029,0.036,1.08063,-0.35157,2.127
65.990,165.0,165.0,165.0,165.0,0.056,0.029,0.036,1.08063,-0.35157,2.122
66.000,165.0,165.0,165.0,165.0,0.056,0.029,0.036,1.08063,-0.35157,2.122
66.010,165.0,165.0,165.0,165.0,0.056,0.029,0.036,1.08647,-0.35664,2.116
66.020,165.0,165.0,165.0,165.0,0.056,0.029,0.036,1.08647,-0.35664,2.114
66.030,165.0,165.0,165.0,165.0,0.056,0.029,0.036,1.08647,-0.35664,2.109
66.040,180.0,180.0,180.0,180.0,0.056,0.029,0.036,1.08647,-0.35664,2.109
66.050,180.0,180.0,180.0,180.0,0.056,0.029,0.036,1.08647,-0.35664,2.103
66.060,165.0,165.0,165.0,165.0,0.056,0.029,0.036,1.08647,-0.35664,2.098
66.070,165.0,165.0,165.0,165.0,0.056,0.029,0.036,1.08647,-0.35664,2.093
66.080,165.0,165.0,165.0,165.0,0.056,0.029,0.036,1.08647,-0.35664,2.093
66.090,165.0,165.0,165.0,165.0,0.056,0.029,0.036,1.08647,-0.35664,2.090
66.100,165.0,165.0,165.0,165.0,0.057,0.029,0.036,1.08647,-0.35664,2.085
66.110,166.0,166.0,166.0,166.0,0.057,0.029,0.036,1.08647,-0.35664,2.080
66.120,166.0,166.0,166.0,166.0,0.057,0.029,0.036,1.08647,-0.35664,2.080
66.130,166.0,166.0,166.0,166.0,0.057,0.029,0.036,1.08647,-0.35664,2.074
66.140,166.0,166.0,166.0,166.0,0.057,0.029,0.036,1.08647,-0.35664,2.072
66.150,175.0,175.0,175.0,175.0,0.057,0.029,0.036,1.08647,-0.35664,2.066
66.160,166.0,166.0,166.0,166.0,0.057,0.029,0.036,1.08647,-0.35664,2.066
66.170,166.0,166.0,166.0,166.0,0.057,0.029,0.036,1.08647,-0.35664,2.061
66.180,166.0,166.0,166.0,166.0,0.057,0.029,0.036,1.08647,-0.35664,2.056
66.190,166.0,166.0,166.0,166.0,0.057,0.029,0.036,1.08647,-0.35664,2.050
66.200,166.0,166.0,166.0,166.0,0.057,0.029,0.036,1.08647,-0.35664,2.050
66.210,166.0,166.0,166.0,166.0,0.057,0.029,0.036,1.09233,-0.36192,2.048
66.220,166.0,166.0,166.0,166.0,0.057,0.029,0.036,1.09233,-0.36192,2.043
66.230,166.0,166.0,166.0,166.0,0.057,0.029,0.036,1.09233,-0.36192,2.037
66.240,166.0,166.0,166.0,166.0,0.058,0.029,0.036,1.09233,-0.36192,2.032
66.250,166.0,166.0,166.0,166.0,0.058,0.029,0.036,1.09233,-0.36192,2.032
66.260,166.0,166.0,166.0,166.0,0.058,0.029,0.036,1.09233,-0.36192,2.029
66.270,166.0,166.0,166.0,166.0,0.058,0.029,0.036,1.09233,-0.36192,2.024
66.280,166.0,166.0,166.0,166.0,0.058,0.029,0.036,1.09233,-0.36192,2.019
66.290,166.0,166.0,166.0,166.0,0.058,0.029,0.036,1.09233,-0.36192,2.013
66.300,166.0,166.0,166.0,166.0,0.058,0.029,0.036,1.09233,-0.36192,2.013
66.310,166.0,166.0,166.0,166.0,0.058,0.029,0.036,1.09233,-0.36192,2.008
66.320,166.0,166.0,166.0,166.0,0.058,0.029,0.036,1.09233,-0.36192,2.006
66.330,166.0,166.0,166.0,166.0,0.058,0.029,0.036,1.09233,-0.36192,2.000
66.340,180.0,180.0,180.0,180.0,0.058,0.029,0.036,1.09233,-0.36192,1.995
66.350,166.0,166.0,166.0,166.0,0.058,0.029,0.036,1.09233,-0.36192,1.995
66.360,166.0,166.0,166.0,166.0,0.059,0.029,0.036,1.09233,-0.36192,1.990
66.370,166.0,166.0,166.0,166.0,0.059,0.029,0.036,1.09233,-0.36192,1.987
66.380,166.0,166.0,166.0,166.0,0.059,0.029,0.036,1.09233,-0.36192,1.982
66.390,166.0,166.0,166.0,166.0,0.059,0.029,0.036,1.09233,-0.36192,1.976
66.400,166.0,166.0,166.0,166.0,0.059,0.029,0.036,1.09233,-0.36192,1.976
66.410,166.0,166.0,166.0,166.0,0.059,0.029,0.036,1.09821,-0.36744,1.971
66.420,166.0,166.0,166.0,166.0,0.059,0.029,0.036,1.09821,-0.36744,1.969
66.430,166.0,166.0,166.0,166.0,0.059,0.029,0.036,1.09821,-0.36744,1.963
66.440,166.0,166.0,166.0,166.0,0.059,0.029,0.036,1.09821,-0.36744,1.958
66.450,166.0,166.0,166.0,166.0,0.059,0.029,0.036,1.09821,-0.36744,1.953
66.460,166.0,166.0,166.0,166.0,0.059,0.029,0.036,1.09821,-0.36744,1.953
66.470,166.0,166.0,166.0,166.0,0.059,0.029,0.036,1.09821,-0.36744,1.947
66.480,166.0,166.0,166.0,166.0,0.060,0.029,0.036,1.09821,-0.36744,1.945
66.490,166.0,166.0,166.0,166.0,0.060,0.029,0.036,1.09821,-0.36744,1.939
66.500,166.0,166.0,166.0,166.0,0.060,0.029,0.036,1.09821,-0.36744,1.934
66.510,166.0,166.0,166.0,166.0,0.060,0.029,0.036,1.09821,-0.36744,1.929
66.520,166.0,166.0,166.0,166.0,0.060,0.029,0.036,1.09821,-0.36744,1.926
66.530,166.0,166.0,166.0,166.0,0.060,0.029,0.036,1.09821,-0.36744,1.926
66.540,166.0,166.0,166.0,166.0,0.060,0.029,0.036,1.09821,-0.36744,1.921
66.550,166.0,166.0,166.0,166.0,0.060,0.029,0.036,1.09821,-0.36744,1.916
66.560,166.0,166.0,166.0,166.0,0.060,0.029,0.036,1.09821,-0.36744,1.910
66.570,166.0,166.0,166.0,166.0,0.060,0.029,0.036,1.09821,-0.36744,1.905
66.580,166.0,166.0,166.0,166.0,0.060,0.029,0.036,1.09821,-0.36744,1.902
66.590,166.0,166.0,166.0,166.0,0.060,0.029,0.036,1.09821,-0.36744,1.897
66.600,166.0,166.0,166.0,166.0,0.061,0.029,0.036,1.09821,-0.36744,1.892
66.610,166.0,166.0,166.0,166.0,0.061,0.029,0.036,1.10411,-0.37317,1.892
66.620,175.0,175.0,175.0,175.0,0.061,0.029,0.036,1.10411,-0.37317,1.887
66.630,175.0,175.0,175.0,175.0,0.061,0.029,0.036,1.10411,-0.37317,1.884
66.640,175.0,175.0,175.0,175.0,0.061,0.029,0.036,1.10411,-0.37317,1.879
66.650,166.0,166.0,166.0,166.0,0.061,0.029,0.036,1.10411,-0.37317,1.873
66.660,166.0,166.0,166.0,166.0,0.061,0.029,0.036,1.10411,-0.37317,1.868
66.670,166.0,166.0,166.0,166.0,0.061,0.029,0.036,1.10411,-0.37317,1.863
66.680,166.0,166.0,166.0,166.0,0.061,0.029,0.036,1.10411,-0.37317,1.860
66.690,166.0,166.0,166.0,166.0,0.061,0.029,0.036,1.10411,-0.37317,1.860
66.700,166.0,166.0,166.0,166.0,0.061,0.029,0.036,1.10411,-0.37317,1.855
66.710,166.0,166.0,166.0,166.0,0.061,0.029,0.036,1.10411,-0.37317,1.850
66.720,166.0,166.0,166.0,166.0,0.062,0.029,0.036,1.10411,-0.37317,1.844
66.730,166.0,166.0,166.0,166.0,0.062,0.029,0.036,1.10411,-0.37317,1.842
66.740,166.0,166.0,166.0,166.0,0.062,0.029,0.036,1.10411,-0.37317,1.836
66.750,166.0,166.0,166.0,166.0,0.062,0.029,0.036,1.10411,-0.37317,1.831
66.760,166.0,166.0,166.0,166.0,0.062,0.029,0.036,1.10411,-0.37317,1.826
66.770,166.0,166.0,166.0,166.0,0.062,0.029,0.036,1.10411,-0.37317,1.826
66.780,166.0,166.0,166.0,166.0,0.062,0.029,0.036,1.10411,-0.37317,1.821
66.790,166.0,166.0,166.0,166.0,0.062,0.029,0.036,1.10411,-0.37317,1.818
66.800,166.0,166.0,166.0,166.0,0.062,0.029,0.036,1.10411,-0.37317,1.813
66.810,166.0,166.0,166.0,166.0,0.062,0.029,0.036,1.11003,-0.37915,1.807
66.820,166.0,166.0,166.0,166.0,0.062,0.029,0.036,1.11003,-0.37915,1.802
66.830,166.0,166.0,166.0,166.0,0.063,0.029,0.036,1.11003,-0.37915,1.799
66.840,166.0,166.0,166.0,166.0,0.063,0.029,0.036,1.11003,-0.37915,1.794
66.850,166.0,166.0,166.0,166.0,0.063,0.029,0.036,1.11003,-0.37915,1.789
66.860,166.0,166.0,166.0,166.0,0.063,0.029,0.036,1.11003,-0.37915,1.784
66.870,166.0,166.0,166.0,166.0,0.063,0.029,0.036,1.11003,-0.37915,1.778
66.880,166.0,166.0,166.0,166.0,0.063,0.029,0.036,1.11003,-0.37915,1.776
66.890,166.0,166.0,166.0,166.0,0.063,0.029,0.036,1.11003,-0.37915,1.770
66.900,166.0,166.0,166.0,166.0,0.063,0.029,0.036,1.11003,-0.37915,1.770
66.910,166.0,166.0,166.0,166.0,0.063,0.029,0.036,1.11003,-0.37915,1.765
66.920,166.0,166.0,166.0,166.0,0.063,0.029,0.036,1.11003,-0.37915,1.760
66.930,166.0,166.0,166.0,166.0,0.063,0.029,0.036,1.11003,-0.37915,1.757
66.940,166.0,166.0,166.0,166.0,0.063,0.029,0.036,1.11003,-0.37915,1.752
66.950,166.0,166.0,166.0,166.0,0.063,0.030,0.036,1.11003,-0.37915,1.747
66.960,166.0,166.0,166.0,166.0,0.064,0.030,0.036,1.11003,-0.37915,1.741
66.970,166.0,166.0,166.0,166.0,0.064,0.030,0.036,1.11003,-0.37915,1.736
66.980,166.0,166.0,166.0,166.0,0.064,0.030,0.036,1.11003,-0.37915,1.733
66.990,166.0,166.0,166.0,166.0,0.064,0.030,0.036,1.11003,-0.37915,1.728
67.000,166.0,166.0,166.0,166.0,0.064,0.030,0.036,1.11003,-0.37915,1.723
67.010,166.0,166.0,166.0,166.0,0.064,0.030,0.036,1.11597,-0.38536,1.718
67.020,166.0,166.0,166.0,166.0,0.064,0.030,0.036,1.11597,-0.38536,1.715
67.030,166.0,166.0,166.0,166.0,0.064,0.030,0.036,1.11597,-0.38536,1.710
67.040,166.0,166.0,166.0,166.0,0.064,0.030,0.036,1.11597,-0.38536,1.704
67.050,166.0,166.0,166.0,166.0,0.064,0.030,0.036,1.11597,-0.38536,1.699
67.060,184.0,184.0,184.0,184.0,0.064,0.030,0.036,1.11597,-0.38536,1.694
67.070,166.0,166.0,166.0,166.0,0.064,0.030,0.036,1.11597,-0.38536,1.691
67.080,166.0,166.0,166.0,166.0,0.065,0.030,0.036,1.11597,-0.38536,1.686
67.090,166.0,166.0,166.0,166.0,0.065,0.030,0.036,1.11597,-0.38536,1.681
67.100,166.0,166.0,166.0,166.0,0.065,0.030,0.036,1.11597,-0.38536,1.675
67.110,166.0,166.0,166.0,166.0,0.065,0.030,0.036,1.11597,-0.38536,1.673
67.120,166.0,166.0,166.0,166.0,0.065,0.030,0.036,1.11597,-0.38536,1.667
67.130,166.0,166.0,166.0,166.0,0.065,0.030,0.036,1.11597,-0.38536,1.662
67.140,166.0,166.0,166.0,166.0,0.065,0.030,0.036,1.11597,-0.38536,1.657
67.150,166.0,166.0,166.0,166.0,0.065,0.030,0.036,1.11597,-0.38536,1.651
67.160,166.0,166.0,166.0,166.0,0.065,0.030,0.036,1.11597,-0.38536,1.649
67.170,166.0,166.0,166.0,166.0,0.065,0.030,0.036,1.11597,-0.38536,1.644
67.180,166.0,166.0,166.0,166.0,0.065,0.030,0.036,1.11597,-0.38536,1.638
67.190,166.0,166.0,166.0,166.0,0.065,0.030,0.036,1.11597,-0.38536,1.633
67.200,166.0,166.0,166.0,166.0,0.066,0.030,0.036,1.11597,-0.38536,1.630
67.210,166.0,166.0,166.0,166.0,0.066,0.030,0.036,1.12193,-0.39181,1.625
67.220,166.0,166.0,166.0,166.0,0.066,0.030,0.036,1.12193,-0.39181,1.620
67.230,166.0,166.0,166.0,166.0,0.066,0.030,0.036,1.12193,-0.39181,1.614
67.240,166.0,166.0,166.0,166.0,0.066,0.030,0.036,1.12193,-0.39181,1.609
67.250,166.0,166.0,166.0,166.0,0.066,0.030,0.036,1.12193,-0.39181,1.607
67.260,166.0,166.0,166.0,166.0,0.066,0.030,0.036,1.12193,-0.39181,1.601
67.270,166.0,166.0,166.0,166.0,0.066,0.030,0.036,1.12193,-0.39181,1.596
67.280,166.0,166.0,166.0,166.0,0.066,0.030,0.036,1.12193,-0.39181,1.591
67.290,166.0,166.0,166.0,166.0,0.066,0.030,0.036,1.12193,-0.39181,1.588
67.300,166.0,166.0,166.0,166.0,0.066,0.030,0.036,1.12193,-0.39181,1.583
67.310,166.0,166.0,166.0,166.0,0.066,0.030,0.036,1.12193,-0.39181,1.577
67.320,175.0,175.0,175.0,175.0,0.067,0.030,0.036,1.12193,-0.39181,1.572
67.330,166.0,166.0,166.0,166.0,0.067,0.030,0.036,1.12193,-0.39181,1.567
67.340,185.0,185.0,185.0,185.0,0.067,0.030,0.036,1.12193,-0.39181,1.564
67.350,166.0,166.0,166.0,166.0,0.067,0.030,0.036,1.12193,-0.39181,1.559
67.360,166.0,166.0,166.0,166.0,0.067,0.030,0.036,1.12193,-0.39181,1.554
67.370,166.0,166.0,166.0,166.0,0.067,0.030,0.036,1.12193,-0.39181,1.548
67.380,166.0,166.0,166.0,166.0,0.067,0.030,0.036,1.12193,-0.39181,1.546
67.390,166.0,166.0,166.0,166.0,0.067,0.030,0.036,1.12193,-0.39181,1.540
67.400,166.0,166.0,166.0,166.0,0.067,0.030,0.036,1.12193,-0.39181,1.535
67.410,166.0,166.0,166.0,166.0,0.067,0.030,0.036,1.12791,-0.39851,1.530
67.420,166.0,166.0,166.0,166.0,0.067,0.030,0.036,1.12791,-0.39851,1.525
67.430,166.0,166.0,166.0,166.0,0.067,0.030,0.036,1.12791,-0.39851,1.522
67.440,166.0,166.0,166.0,166.0,0.068,0.030,0.036,1.12791,-0.39851,1.517
67.450,166.0,166.0,166.0,166.0,0.068,0.030,0.036,1.12791,-0.39851,1.511
67.460,166.0,166.0,166.0,166.0,0.068,0.030,0.036,1.12791,-0.39851,1.506
67.470,166.0,166.0,166.0,166.0,0.068,0.030,0.036,1.12791,-0.39851,1.503
67.480,166.0,166.0,166.0,166.0,0.068,0.030,0.036,1.12791,-0.39851,1.498
67.490,167.0,167.0,167.0,167.0,0.068,0.030,0.036,1.12791,-0.39851,1.493
67.500,167.0,167.0,167.0,167.0,0.068,0.030,0.036,1.12791,-0.39851,1.482
67.510,185.0,185.0,185.0,185.0,0.068,0.030,0.036,1.12791,-0.39851,1.480
67.520,167.0,167.0,167.0,167.0,0.068,0.030,0.036,1.12791,-0.39851,1.474
67.530,167.0,167.0,167.0,167.0,0.068,0.030,0.036,1.12791,-0.39851,1.469
67.540,167.0,167.0,167.0,167.0,0.068,0.030,0.036,1.12791,-0.39851,1.464
67.550,167.0,167.0,167.0,167.0,0.068,0.030,0.036,1.12791,-0.39851,1.461
67.560,167.0,167.0,167.0,167.0,0.069,0.030,0.036,1.12791,-0.39851,1.456
67.570,167.0,167.0,167.0,167.0,0.069,0.030,0.036,1.12791,-0.39851,1.451
67.580,167.0,167.0,167.0,167.0,0.069,0.030,0.036,1.12791,-0.39851,1.445
67.590,167.0,167.0,167.0,167.0,0.069,0.030,0.036,1.12791,-0.39851,1.440
67.600,167.0,167.0,167.0,167.0,0.069,0.030,0.036,1.12791,-0.39851,1.437
67.610,167.0,167.0,167.0,167.0,0.069,0.030,0.036,1.13392,-0.40546,1.432
67.620,167.0,167.0,167.0,167.0,0.069,0.030,0.036,1.13392,-0.40546,1.427
67.630,167.0,167.0,167.0,167.0,0.069,0.030,0.036,1.13392,-0.40546,1.422
67.640,167.0,167.0,167.0,167.0,0.069,0.030,0.036,1.13392,-0.40546,1.419
67.650,167.0,167.0,167.0,167.0,0.069,0.030,0.036,1.13392,-0.40546,1.414
67.660,167.0,167.0,167.0,167.0,0.069,0.030,0.036,1.13392,-0.40546,1.408
67.670,167.0,167.0,167.0,167.0,0.069,0.030,0.036,1.13392,-0.40546,1.403
67.680,167.0,167.0,167.0,167.0,0.070,0.030,0.036,1.13392,-0.40546,1.400
67.690,167.0,167.0,167.0,167.0,0.070,0.030,0.036,1.13392,-0.40546,1.395
67.700,167.0,167.0,167.0,167.0,0.070,0.030,0.036,1.13392,-0.40546,1.390
67.710,167.0,167.0,167.0,167.0,0.070,0.030,0.036,1.13392,-0.40546,1.385
67.720,167.0,167.0,167.0,167.0,0.070,0.030,0.036,1.13392,-0.40546,1.379
67.730,167.0,167.0,167.0,167.0,0.070,0.030,0.036,1.13392,-0.40546,1.377
67.740,167.0,167.0,167.0,167.0,0.070,0.030,0.036,1.13392,-0.40546,1.371
67.750,167.0,167.0,167.0,167.0,0.070,0.030,0.036,1.13392,-0.40546,1.366
67.760,167.0,167.0,167.0,167.0,0.070,0.030,0.036,1.13392,-0.40546,1.361
67.770,167.0,167.0,167.0,167.0,0.070,0.030,0.036,1.13392,-0.40546,1.358
67.780,167.0,167.0,167.0,167.0,0.070,0.030,0.036,1.13392,-0.40546,1.353
67.790,167.0,167.0,167.0,167.0,0.070,0.030,0.036,1.13392,-0.40546,1.342
67.800,167.0,167.0,167.0,167.0,0.071,0.030,0.036,1.13392,-0.40546,1.337
67.810,185.0,185.0,185.0,185.0,0.071,0.030,0.036,1.13994,-0.41266,1.334
67.820,185.0,185.0,185.0,185.0,0.071,0.030,0.036,1.13994,-0.41266,1.329
67.830,167.0,167.0,167.0,167.0,0.071,0.030,0.036,1.13994,-0.41266,1.324
67.840,167.0,167.0,167.0,167.0,0.071,0.030,0.036,1.13994,-0.41266,1.319
67.850,167.0,167.0,167.0,167.0,0.071,0.030,0.036,1.13994,-0.41266,1.316
67.860,167.0,167.0,167.0,167.0,0.071,0.030,0.036,1.13994,-0.41266,1.311
67.870,167.0,167.0,167.0,167.0,0.071,0.030,0.036,1.13994,-0.41266,1.305
67.880,167.0,167.0,167.0,167.0,0.071,0.030,0.036,1.13994,-0.41266,1.300
67.890,167.0,167.0,167.0,167.0,0.071,0.030,0.036,1.13994,-0.41266,1.295
67.900,167.0,167.0,167.0,167.0,0.071,0.030,0.036,1.13994,-0.41266,1.292
67.910,167.0,167.0,167.0,167.0,0.072,0.030,0.036,1.13994,-0.41266,1.287
67.920,167.0,167.0,167.0,167.0,0.072,0.030,0.036,1.13994,-0.41266,1.282
67.930,167.0,167.0,167.0,167.0,0.072,0.030,0.036,1.13994,-0.41266,1.276
67.940,167.0,167.0,167.0,167.0,0.072,0.030,0.036,1.13994,-0.41266,1.274
67.950,167.0,167.0,167.0,167.0,0.072,0.030,0.036,1.13994,-0.41266,1.268
67.960,167.0,167.0,167.0,167.0,0.072,0.030,0.036,1.13994,-0.41266,1.263
67.970,167.0,167.0,167.0,167.0,0.072,0.030,0.036,1.13994,-0.41266,1.258
67.980,167.0,167.0,167.0,167.0,0.072,0.030,0.036,1.13994,-0.41266,1.252
67.990,167.0,167.0,167.0,167.0,0.072,0.030,0.036,1.13994,-0.41266,1.250
68.000,167.0,167.0,167.0,167.0,0.072,0.030,0.036,1.13994,-0.41266,1.245
68.010,167.0,167.0,167.0,167.0,0.072,0.030,0.036,1.14599,-0.42013,1.239
68.020,167.0,167.0,167.0,167.0,0.072,0.030,0.036,1.14599,-0.42013,1.234
68.030,167.0,167.0,167.0,167.0,0.073,0.030,0.036,1.14599,-0.42013,1.231
68.040,177.0,177.0,177.0,177.0,0.073,0.030,0.036,1.14599,-0.42013,1.226
68.050,177.0,177.0,177.0,177.0,0.073,0.030,0.036,1.14599,-0.42013,1.221
68.060,167.0,167.0,167.0,167.0,0.073,0.030,0.036,1.14599,-0.42013,1.215
68.070,167.0,167.0,167.0,167.0,0.073,0.030,0.036,1.14599,-0.42013,1.210
68.080,185.0,185.0,185.0,185.0,0.073,0.030,0.036,1.14599,-0.42013,1.208
68.090,167.0,167.0,167.0,167.0,0.073,0.030,0.036,1.14599,-0.42013,1.202
68.100,167.0,167.0,167.0,167.0,0.073,0.030,0.036,1.14599,-0.42013,1.197
68.110,167.0,167.0,167.0,167.0,0.073,0.030,0.036,1.14599,-0.42013,1.192
68.120,167.0,167.0,167.0,167.0,0.073,0.030,0.036,1.14599,-0.42013,1.189
68.130,167.0,167.0,167.0,167.0,0.073,0.030,0.036,1.14599,-0.42013,1.189
68.140,167.0,167.0,167.0,167.0,0.073,0.030,0.036,1.14599,-0.42013,1.184
68.150,167.0,167.0,167.0,167.0,0.073,0.030,0.036,1.14599,-0.42013,1.178
68.160,167.0,167.0,167.0,167.0,0.074,0.030,0.036,1.14599,-0.42013,1.173
68.170,167.0,167.0,167.0,167.0,0.074,0.030,0.036,1.14599,-0.42013,1.168
68.180,167.0,167.0,167.0,167.0,0.074,0.030,0.036,1.14599,-0.42013,1.165
68.190,167.0,167.0,167.0,167.0,0.074,0.030,0.036,1.14599,-0.42013,1.160
68.200,167.0,167.0,167.0,167.0,0.074,0.030,0.036,1.14599,-0.42013,1.155
68.210,167.0,167.0,167.0,167.0,0.074,0.030,0.036,1.15206,-0.42787,1.149
68.220,167.0,167.0,167.0,167.0,0.074,0.030,0.036,1.15206,-0.42787,1.147
68.230,167.0,167.0,167.0,167.0,0.074,0.030,0.036,1.15206,-0.42787,1.141
68.240,167.0,167.0,167.0,167.0,0.074,0.030,0.036,1.15206,-0.42787,1.136
68.250,167.0,167.0,167.0,167.0,0.074,0.030,0.036,1.15206,-0.42787,1.131
68.260,167.0,167.0,167.0,167.0,0.074,0.030,0.036,1.15206,-0.42787,1.126
68.270,167.0,167.0,167.0,167.0,0.075,0.030,0.036,1.15206,-0.42787,1.123
68.280,167.0,167.0,167.0,167.0,0.075,0.030,0.036,1.15206,-0.42787,1.118
68.290,167.0,167.0,167.0,167.0,0.075,0.030,0.036,1.15206,-0.42787,1.112
68.300,167.0,167.0,167.0,167.0,0.075,0.030,0.036,1.15206,-0.42787,1.107
68.310,167.0,167.0,167.0,167.0,0.075,0.030,0.036,1.15206,-0.42787,1.104
68.320,167.0,167.0,167.0,167.0,0.075,0.030,0.036,1.15206,-0.42787,1.099
68.330,167.0,167.0,167.0,167.0,0.075,0.030,0.036,1.15206,-0.42787,1.094
68.340,167.0,167.0,167.0,167.0,0.075,0.030,0.036,1.15206,-0.42787,1.089
68.350,167.0,167.0,167.0,167.0,0.075,0.030,0.036,1.15206,-0.42787,1.083
68.360,167.0,167.0,167.0,167.0,0.075,0.030,0.036,1.15206,-0.42787,1.081
68.370,167.0,167.0,167.0,167.0,0.075,0.030,0.036,1.15206,-0.42787,1.075
68.380,167.0,167.0,167.0,167.0,0.075,0.030,0.036,1.15206,-0.42787,1.070
68.390,167.0,167.0,167.0,167.0,0.076,0.030,0.036,1.15206,-0.42787,1.065
68.400,167.0,167.0,167.0,167.0,0.076,0.030,0.036,1.15206,-0.42787,1.062
68.410,167.0,167.0,167.0,167.0,0.076,0.030,0.036,1.15816,-0.43587,1.057
68.420,167.0,167.0,167.0,167.0,0.076,0.030,0.036,1.15816,-0.43587,1.052
68.430,167.0,167.0,167.0,167.0,0.076,0.030,0.036,1.15816,-0.43587,1.046
68.440,167.0,167.0,167.0,167.0,0.076,0.030,0.036,1.15816,-0.43587,1.041
68.450,167.0,167.0,167.0,167.0,0.076,0.030,0.036,1.15816,-0.43587,1.038
68.460,167.0,167.0,167.0,167.0,0.076,0.030,0.036,1.15816,-0.43587,1.033
68.470,167.0,167.0,167.0,167.0,0.076,0.030,0.036,1.15816,-0.43587,1.028
68.480,167.0,167.0,167.0,167.0,0.076,0.030,0.036,1.15816,-0.43587,1.023
68.490,167.0,167.0,167.0,167.0,0.076,0.030,0.036,1.15816,-0.43587,1.020
68.500,168.0,168.0,168.0,168.0,0.077,0.030,0.036,1.15816,-0.43587,1.015
68.510,168.0,168.0,168.0,168.0,0.077,0.030,0.036,1.15816,-0.43587,1.009
68.520,177.0,177.0,177.0,177.0,0.077,0.030,0.036,1.15816,-0.43587,1.004
68.530,177.0,177.0,177.0,177.0,0.077,0.030,0.036,1.15816,-0.43587,0.999
68.540,168.0,168.0,168.0,168.0,0.077,0.030,0.036,1.15816,-0.43587,0.996
68.550,168.0,168.0,168.0,168.0,0.077,0.030,0.036,1.15816,-0.43587,0.991
68.560,168.0,168.0,168.0,168.0,0.077,0.030,0.036,1.15816,-0.43587,0.986
68.570,168.0,168.0,168.0,168.0,0.077,0.030,0.036,1.15816,-0.43587,0.980
68.580,168.0,168.0,168.0,168.0,0.077,0.030,0.036,1.15816,-0.43587,0.978
68.590,168.0,168.0,168.0,168.0,0.077,0.030,0.036,1.15816,-0.43587,0.972
68.600,168.0,168.0,168.0,168.0,0.077,0.030,0.036,1.15816,-0.43587,0.967
68.610,168.0,168.0,168.0,168.0,0.077,0.030,0.036,1.16428,-0.44414,0.962
68.620,168.0,168.0,168.0,168.0,0.078,0.030,0.036,1.16428,-0.44414,0.957
68.630,168.0,168.0,168.0,168.0,0.078,0.030,0.036,1.16428,-0.44414,0.954
68.640,168.0,168.0,168.0,168.0,0.078,0.030,0.036,1.16428,-0.44414,0.949
68.650,168.0,168.0,168.0,168.0,0.078,0.030,0.036,1.16428,-0.44414,0.943
68.660,168.0,168.0,168.0,168.0,0.078,0.030,0.036,1.16428,-0.44414,0.938
68.670,168.0,168.0,168.0,168.0,0.078,0.030,0.036,1.16428,-0.44414,0.935
68.680,168.0,168.0,168.0,168.0,0.078,0.030,0.036,1.16428,-0.44414,0.930
68.690,168.0,168.0,168.0,168.0,0.078,0.030,0.036,1.16428,-0.44414,0.925
68.700,168.0,168.0,168.0,168.0,0.078,0.030,0.036,1.16428,-0.44414,0.920
68.710,168.0,168.0,168.0,168.0,0.078,0.030,0.036,1.16428,-0.44414,0.914
68.720,187.0,187.0,187.0,187.0,0.078,0.030,0.036,1.16428,-0.44414,0.912
68.730,187.0,187.0,187.0,187.0,0.078,0.030,0.036,1.16428,-0.44414,0.912
68.740,168.0,168.0,168.0,168.0,0.078,0.030,0.036,1.16428,-0.44414,0.906
68.750,168.0,168.0,168.0,168.0,0.079,0.030,0.036,1.16428,-0.44414,0.901
68.760,168.0,168.0,168.0,168.0,0.079,0.030,0.036,1.16428,-0.44414,0.896
68.770,187.0,187.0,187.0,187.0,0.079,0.030,0.036,1.16428,-0.44414,0.893
68.780,187.0,187.0,187.0,187.0,0.079,0.030,0.036,1.16428,-0.44414,0.888
68.790,168.0,168.0,168.0,168.0,0.079,0.030,0.036,1.16428,-0.44414,0.883
68.800,168.0,168.0,168.0,168.0,0.079,0.030,0.036,1.16428,-0.44414,0.883
68.810,168.0,168.0,168.0,168.0,0.079,0.030,0.036,1.17042,-0.45270,0.877
68.820,168.0,168.0,168.0,168.0,0.079,0.030,0.036,1.17042,-0.45270,0.872
68.830,168.0,168.0,168.0,168.0,0.079,0.031,0.036,1.17042,-0.45270,0.869
68.840,187.0,187.0,187.0,187.0,0.079,0.031,0.036,1.17042,-0.45270,0.864
68.850,187.0,187.0,187.0,187.0,0.079,0.031,0.036,1.17042,-0.45270,0.859
68.860,182.0,182.0,182.0,182.0,0.080,0.031,0.036,1.17042,-0.45270,0.859
68.870,182.0,182.0,182.0,182.0,0.080,0.031,0.036,1.17042,-0.45270,0.853
68.880,182.0,182.0,182.0,182.0,0.080,0.031,0.036,1.17042,-0.45270,0.851
68.890,187.0,187.0,187.0,187.0,0.080,0.031,0.036,1.17042,-0.45270,0.851
68.900,168.0,168.0,168.0,168.0,0.080,0.031,0.036,1.17042,-0.45270,0.846
68.910,168.0,168.0,168.0,168.0,0.080,0.031,0.036,1.17042,-0.45270,0.840
68.920,178.0,178.0,178.0,178.0,0.080,0.031,0.036,1.17042,-0.45270,0.840
68.930,178.0,178.0,178.0,178.0,0.080,0.031,0.036,1.17042,-0.45270,0.835
68.940,177.0,177.0,177.0,177.0,0.080,0.031,0.036,1.17042,-0.45270,0.835
68.950,177.0,177.0,177.0,177.0,0.080,0.031,0.036,1.17042,-0.45270,0.832
68.960,168.0,168.0,168.0,168.0,0.080,0.031,0.036,1.17042,-0.45270,0.827
68.970,168.0,168.0,168.0,168.0,0.080,0.031,0.036,1.17042,-0.45270,0.827
68.980,168.0,168.0,168.0,168.0,0.081,0.031,0.036,1.17042,-0.45270,0.822
68.990,168.0,168.0,168.0,168.0,0.081,0.031,0.036,1.17042,-0.45270,0.822
69.000,168.0,168.0,168.0,168.0,0.081,0.031,0.036,1.17042,-0.45270,0.816
69.010,177.0,177.0,177.0,177.0,0.081,0.031,0.036,1.17660,-0.46157,0.816
69.020,177.0,177.0,177.0,177.0,0.081,0.031,0.036,1.17660,-0.46157,0.811
69.030,168.0,168.0,168.0,168.0,0.081,0.031,0.036,1.17660,-0.46157,0.811
69.040,187.0,187.0,187.0,187.0,0.081,0.031,0.036,1.17660,-0.46157,0.809
69.050,168.0,168.0,168.0,168.0,0.081,0.031,0.036,1.17660,-0.46157,0.809
69.060,168.0,168.0,168.0,168.0,0.081,0.031,0.036,1.17660,-0.46157,0.803
69.070,168.0,168.0,168.0,168.0,0.081,0.031,0.036,1.17660,-0.46157,0.803
69.080,168.0,168.0,168.0,168.0,0.081,0.031,0.036,1.17660,-0.46157,0.798
69.090,167.0,167.0,167.0,167.0,0.081,0.031,0.036,1.17660,-0.46157,0.798
69.100,167.0,167.0,167.0,167.0,0.082,0.031,0.036,1.17660,-0.46157,0.793
69.110,167.0,167.0,167.0,167.0,0.082,0.031,0.036,1.17660,-0.46157,0.793
69.120,168.0,168.0,168.0,168.0,0.082,0.031,0.036,1.17660,-0.46157,0.790
69.130,168.0,168.0,168.0,168.0,0.082,0.031,0.036,1.17660,-0.46157,0.790
69.140,167.0,167.0,167.0,167.0,0.082,0.031,0.036,1.17660,-0.46157,0.785
69.150,167.0,167.0,167.0,167.0,0.082,0.031,0.036,1.17660,-0.46157,0.785
69.160,167.0,167.0,167.0,167.0,0.082,0.031,0.036,1.17660,-0.46157,0.779
69.170,167.0,167.0,167.0,167.0,0.082,0.031,0.036,1.17660,-0.46157,0.779
69.180,167.0,167.0,167.0,167.0,0.082,0.031,0.036,1.17660,-0.46157,0.774
69.190,167.0,167.0,167.0,167.0,0.082,0.031,0.036,1.17660,-0.46157,0.774
69.200,167.0,167.0,167.0,167.0,0.082,0.031,0.036,1.17660,-0.46157,0.769
69.210,167.0,167.0,167.0,167.0,0.083,0.031,0.036,1.18281,-0.47074,0.769
69.220,167.0,167.0,167.0,167.0,0.083,0.031,0.036,1.18281,-0.47074,0.766
69.230,167.0,167.0,167.0,167.0,0.083,0.031,0.036,1.18281,-0.47074,0.766
69.240,167.0,167.0,167.0,167.0,0.083,0.031,0.036,1.18281,-0.47074,0.761
69.250,167.0,167.0,167.0,167.0,0.083,0.031,0.036,1.18281,-0.47074,0.761
69.260,167.0,167.0,167.0,167.0,0.083,0.031,0.036,1.18281,-0.47074,0.756
69.270,167.0,167.0,167.0,167.0,0.083,0.031,0.036,1.18281,-0.47074,0.756
69.280,167.0,167.0,167.0,167.0,0.083,0.031,0.036,1.18281,-0.47074,0.750
69.290,167.0,167.0,167.0,167.0,0.083,0.031,0.036,1.18281,-0.47074,0.750
69.300,167.0,167.0,167.0,167.0,0.083,0.031,0.036,1.18281,-0.47074,0.748
69.310,167.0,167.0,167.0,167.0,0.083,0.031,0.036,1.18281,-0.47074,0.748
69.320,167.0,167.0,167.0,167.0,0.083,0.031,0.036,1.18281,-0.47074,0.742
69.330,172.0,172.0,172.0,172.0,0.083,0.031,0.036,1.18281,-0.47074,0.742
69.340,172.0,172.0,172.0,172.0,0.084,0.031,0.036,1.18281,-0.47074,0.737
69.350,167.0,167.0,167.0,167.0,0.084,0.031,0.036,1.18281,-0.47074,0.732
69.360,167.0,167.0,167.0,167.0,0.084,0.031,0.036,1.18281,-0.47074,0.732
69.370,177.0,177.0,177.0,177.0,0.084,0.031,0.036,1.18281,-0.47074,0.727
69.380,177.0,177.0,177.0,177.0,0.084,0.031,0.036,1.18281,-0.47074,0.727
69.390,177.0,177.0,177.0,177.0,0.084,0.031,0.036,1.18281,-0.47074,0.724
69.400,177.0,177.0,177.0,177.0,0.084,0.031,0.036,1.18281,-0.47074,0.724
69.410,167.0,167.0,167.0,167.0,0.084,0.031,0.036,1.18904,-0.48019,0.724
69.420,167.0,167.0,167.0,167.0,0.084,0.031,0.036,1.18904,-0.48019,0.719
69.430,167.0,167.0,167.0,167.0,0.084,0.031,0.036,1.18904,-0.48019,0.719
69.440,167.0,167.0,167.0,167.0,0.084,0.031,0.036,1.18904,-0.48019,0.713
69.450,177.0,177.0,177.0,177.0,0.084,0.031,0.036,1.18904,-0.48019,0.713
69.460,177.0,177.0,177.0,177.0,0.085,0.031,0.036,1.18904,-0.48019,0.708
69.470,177.0,177.0,177.0,177.0,0.085,0.031,0.036,1.18904,-0.48019,0.708
69.480,177.0,177.0,177.0,177.0,0.085,0.031,0.036,1.18904,-0.48019,0.705
69.490,167.0,167.0,167.0,167.0,0.085,0.031,0.036,1.18904,-0.48019,0.705
69.500,167.0,167.0,167.0,167.0,0.085,0.031,0.036,1.18904,-0.48019,0.705
69.510,167.0,167.0,167.0,167.0,0.085,0.031,0.036,1.18904,-0.48019,0.700
69.520,167.0,167.0,167.0,167.0,0.085,0.031,0.036,1.18904,-0.48019,0.700
69.530,177.0,177.0,177.0,177.0,0.085,0.031,0.036,1.18904,-0.48019,0.695
69.540,177.0,177.0,177.0,177.0,0.085,0.031,0.036,1.18904,-0.48019,0.695
69.550,177.0,177.0,177.0,177.0,0.085,0.031,0.036,1.18904,-0.48019,0.695
69.560,177.0,177.0,177.0,177.0,0.085,0.031,0.036,1.18904,-0.48019,0.690
69.570,167.0,167.0,167.0,167.0,0.085,0.031,0.036,1.18904,-0.48019,0.690
69.580,167.0,167.0,167.0,167.0,0.086,0.031,0.036,1.18904,-0.48019,0.690
69.590,176.0,176.0,176.0,176.0,0.086,0.031,0.036,1.18904,-0.48019,0.684
69.600,176.0,176.0,176.0,176.0,0.086,0.031,0.036,1.18904,-0.48019,0.684
69.610,176.0,176.0,176.0,176.0,0.086,0.031,0.036,1.19531,-0.48994,0.684
69.620,176.0,176.0,176.0,176.0,0.086,0.031,0.036,1.19531,-0.48994,0.682
69.630,167.0,167.0,167.0,167.0,0.086,0.031,0.036,1.19531,-0.48994,0.682
69.640,167.0,167.0,167.0,167.0,0.086,0.031,0.036,1.19531,-0.48994,0.682
69.650,167.0,167.0,167.0,167.0,0.086,0.031,0.036,1.19531,-0.48994,0.676
69.660,167.0,167.0,167.0,167.0,0.086,0.031,0.036,1.19531,-0.48994,0.676
69.670,167.0,167.0,167.0,167.0,0.086,0.031,0.036,1.19531,-0.48994,0.676
69.680,166.0,166.0,166.0,166.0,0.086,0.031,0.036,1.19531,-0.48994,0.676
69.690,166.0,166.0,166.0,166.0,0.086,0.031,0.036,1.19531,-0.48994,0.671
69.700,166.0,166.0,166.0,166.0,0.087,0.031,0.036,1.19531,-0.48994,0.671
69.710,166.0,166.0,166.0,166.0,0.087,0.031,0.036,1.19531,-0.48994,0.671
69.720,166.0,166.0,166.0,166.0,0.087,0.031,0.036,1.19531,-0.48994,0.666
69.730,166.0,166.0,166.0,166.0,0.087,0.031,0.036,1.19531,-0.48994,0.666
69.740,166.0,166.0,166.0,166.0,0.087,0.031,0.036,1.19531,-0.48994,0.666
69.750,166.0,166.0,166.0,166.0,0.087,0.031,0.036,1.19531,-0.48994,0.663
69.760,166.0,166.0,166.0,166.0,0.087,0.031,0.036,1.19531,-0.48994,0.663
69.770,166.0,166.0,166.0,166.0,0.087,0.031,0.036,1.19531,-0.48994,0.663
69.780,166.0,166.0,166.0,166.0,0.087,0.031,0.036,1.19531,-0.48994,0.658
69.790,166.0,166.0,166.0,166.0,0.087,0.031,0.036,1.19531,-0.48994,0.658
69.800,166.0,166.0,166.0,166.0,0.087,0.031,0.036,1.19531,-0.48994,0.658
69.810,166.0,166.0,166.0,166.0,0.088,0.031,0.036,1.20159,-0.50000,0.653
69.820,166.0,166.0,166.0,166.0,0.088,0.031,0.036,1.20159,-0.50000,0.653
69.830,166.0,166.0,166.0,166.0,0.088,0.031,0.036,1.20159,-0.50000,0.653
69.840,166.0,166.0,166.0,166.0,0.088,0.031,0.036,1.20159,-0.50000,0.647
69.850,166.0,166.0,166.0,166.0,0.088,0.031,0.036,1.20159,-0.50000,0.647
69.860,166.0,166.0,166.0,166.0,0.088,0.031,0.036,1.20159,-0.50000,0.642
69.870,166.0,166.0,166.0,166.0,0.088,0.031,0.036,1.20159,-0.50000,0.642
69.880,184.0,184.0,184.0,184.0,0.088,0.031,0.036,1.20159,-0.50000,0.642
69.890,166.0,166.0,166.0,166.0,0.088,0.031,0.036,1.20159,-0.50000,0.639
69.900,166.0,166.0,166.0,166.0,0.088,0.031,0.036,1.20159,-0.50000,0.639
69.910,170.0,170.0,170.0,170.0,0.088,0.031,0.036,1.20159,-0.50000,0.639
69.920,166.0,166.0,166.0,166.0,0.088,0.031,0.036,1.20159,-0.50000,0.634
69.930,166.0,166.0,166.0,166.0,0.089,0.031,0.036,1.20159,-0.50000,0.634
69.940,166.0,166.0,166.0,166.0,0.089,0.031,0.036,1.20159,-0.50000,0.634
69.950,166.0,166.0,166.0,166.0,0.089,0.031,0.036,1.20159,-0.50000,0.629
69.960,166.0,166.0,166.0,166.0,0.089,0.031,0.036,1.20159,-0.50000,0.629
69.970,166.0,166.0,166.0,166.0,0.089,0.031,0.036,1.20159,-0.50000,0.624
69.980,166.0,166.0,166.0,166.0,0.089,0.031,0.036,1.20159,-0.50000,0.624
69.990,166.0,166.0,166.0,166.0,0.089,0.031,0.036,1.20159,-0.50000,0.624
70.000,166.0,166.0,166.0,166.0,0.089,0.031,0.036,1.20159,-0.50000,0.621
70.010,166.0,166.0,166.0,166.0,0.089,0.031,0.036,1.20790,-0.51034,0.621
70.020,166.0,166.0,166.0,166.0,0.089,0.031,0.036,1.20790,-0.51034,0.616
70.030,170.0,170.0,170.0,170.0,0.089,0.031,0.036,1.20790,-0.51034,0.616
70.040,165.0,165.0,165.0,165.0,0.089,0.031,0.036,1.20790,-0.51034,0.616
70.050,174.0,174.0,174.0,174.0,0.090,0.031,0.036,1.20790,-0.51034,0.610
70.060,174.0,174.0,174.0,174.0,0.090,0.031,0.036,1.20790,-0.51034,0.610
70.070,174.0,174.0,174.0,174.0,0.090,0.031,0.036,1.20790,-0.51034,0.610
70.080,174.0,174.0,174.0,174.0,0.090,0.031,0.036,1.20790,-0.51034,0.605
70.090,165.0,165.0,165.0,165.0,0.090,0.031,0.036,1.20790,-0.51034,0.605
70.100,165.0,165.0,165.0,165.0,0.090,0.031,0.036,1.20790,-0.51034,0.600
70.110,165.0,165.0,165.0,165.0,0.090,0.031,0.036,1.20790,-0.51034,0.600
70.120,165.0,165.0,165.0,165.0,0.090,0.031,0.036,1.20790,-0.51034,0.600
70.130,165.0,165.0,165.0,165.0,0.090,0.031,0.036,1.20790,-0.51034,0.597
70.140,165.0,165.0,165.0,165.0,0.090,0.031,0.036,1.20790,-0.51034,0.597
70.150,165.0,165.0,165.0,165.0,0.090,0.031,0.036,1.20790,-0.51034,0.592
70.160,165.0,165.0,165.0,165.0,0.090,0.031,0.036,1.20790,-0.51034,0.592
70.170,165.0,165.0,165.0,165.0,0.091,0.031,0.036,1.20790,-0.51034,0.592
70.180,165.0,165.0,165.0,165.0,0.091,0.031,0.036,1.20790,-0.51034,0.587
70.190,165.0,165.0,165.0,165.0,0.091,0.031,0.036,1.20790,-0.51034,0.587
70.200,165.0,165.0,165.0,165.0,0.091,0.031,0.036,1.20790,-0.51034,0.581
70.210,165.0,165.0,165.0,165.0,0.091,0.031,0.036,1.21423,-0.52097,0.581
70.220,165.0,165.0,165.0,165.0,0.091,0.031,0.036,1.21423,-0.52097,0.581
70.230,165.0,165.0,165.0,165.0,0.091,0.031,0.036,1.21423,-0.52097,0.579
70.240,165.0,165.0,165.0,165.0,0.091,0.031,0.036,1.21423,-0.52097,0.579
70.250,165.0,165.0,165.0,165.0,0.091,0.031,0.036,1.21423,-0.52097,0.573
70.260,165.0,165.0,165.0,165.0,0.091,0.031,0.036,1.21423,-0.52097,0.573
70.270,165.0,165.0,165.0,165.0,0.091,0.031,0.036,1.21423,-0.52097,0.568
70.280,174.0,174.0,174.0,174.0,0.091,0.031,0.036,1.21423,-0.52097,0.568
70.290,174.0,174.0,174.0,174.0,0.092,0.031,0.036,1.21423,-0.52097,0.563
70.300,165.0,165.0,165.0,165.0,0.092,0.031,0.036,1.21423,-0.52097,0.563
70.310,165.0,165.0,165.0,165.0,0.092,0.031,0.036,1.21423,-0.52097,0.558
70.320,174.0,174.0,174.0,174.0,0.092,0.031,0.036,1.21423,-0.52097,0.558
70.330,165.0,165.0,165.0,165.0,0.092,0.031,0.036,1.21423,-0.52097,0.555
70.340,165.0,165.0,165.0,165.0,0.092,0.031,0.036,1.21423,-0.52097,0.555
70.350,165.0,165.0,165.0,165.0,0.092,0.031,0.036,1.21423,-0.52097,0.550
70.360,165.0,165.0,165.0,165.0,0.092,0.031,0.036,1.21423,-0.52097,0.550
70.370,179.0,179.0,179.0,179.0,0.092,0.031,0.036,1.21423,-0.52097,0.550
70.380,179.0,179.0,179.0,179.0,0.092,0.031,0.036,1.21423,-0.52097,0.544
70.390,165.0,165.0,165.0,165.0,0.092,0.031,0.036,1.21423,-0.52097,0.544
70.400,165.0,165.0,165.0,165.0,0.092,0.031,0.036,1.21423,-0.52097,0.539
70.410,165.0,165.0,165.0,165.0,0.093,0.031,0.036,1.22058,-0.53189,0.539
70.420,165.0,165.0,165.0,165.0,0.093,0.031,0.036,1.22058,-0.53189,0.536
70.430,164.0,164.0,164.0,164.0,0.093,0.031,0.036,1.22058,-0.53189,0.536
70.440,164.0,164.0,164.0,164.0,0.093,0.031,0.036,1.22058,-0.53189,0.531
70.450,164.0,164.0,164.0,164.0,0.093,0.031,0.036,1.22058,-0.53189,0.531
70.460,164.0,164.0,164.0,164.0,0.093,0.031,0.036,1.22058,-0.53189,0.526
70.470,164.0,164.0,164.0,164.0,0.093,0.031,0.036,1.22058,-0.53189,0.526
70.480,164.0,164.0,164.0,164.0,0.093,0.031,0.036,1.22058,-0.53189,0.521
70.490,164.0,164.0,164.0,164.0,0.093,0.031,0.036,1.22058,-0.53189,0.521
70.500,164.0,164.0,164.0,164.0,0.093,0.031,0.036,1.22058,-0.53189,0.515
70.510,164.0,164.0,164.0,164.0,0.093,0.031,0.036,1.22058,-0.53189,0.515
70.520,164.0,164.0,164.0,164.0,0.094,0.031,0.036,1.22058,-0.53189,0.513
70.530,164.0,164.0,164.0,164.0,0.094,0.031,0.036,1.22058,-0.53189,0.513
70.540,164.0,164.0,164.0,164.0,0.094,0.031,0.036,1.22058,-0.53189,0.507
70.550,164.0,164.0,164.0,164.0,0.094,0.031,0.036,1.22058,-0.53189,0.507
70.560,164.0,164.0,164.0,164.0,0.094,0.031,0.036,1.22058,-0.53189,0.502
70.570,164.0,164.0,164.0,164.0,0.094,0.031,0.036,1.22058,-0.53189,0.502
70.580,164.0,164.0,164.0,164.0,0.094,0.031,0.036,1.22058,-0.53189,0.497
70.590,173.0,173.0,173.0,173.0,0.094,0.031,0.036,1.22058,-0.53189,0.494
70.600,173.0,173.0,173.0,173.0,0.094,0.031,0.036,1.22058,-0.53189,0.494
70.610,169.0,169.0,169.0,169.0,0.094,0.031,0.036,1.22695,-0.54309,0.489
70.620,169.0,169.0,169.0,169.0,0.094,0.031,0.036,1.22695,-0.54309,0.489
70.630,173.0,173.0,173.0,173.0,0.094,0.031,0.036,1.22695,-0.54309,0.484
70.640,173.0,173.0,173.0,173.0,0.094,0.031,0.036,1.22695,-0.54309,0.484
70.650,173.0,173.0,173.0,173.0,0.095,0.031,0.036,1.22695,-0.54309,0.478
70.660,173.0,173.0,173.0,173.0,0.095,0.031,0.036,1.22695,-0.54309,0.473
70.670,173.0,173.0,173.0,173.0,0.095,0.031,0.036,1.22695,-0.54309,0.473
70.680,173.0,173.0,173.0,173.0,0.095,0.031,0.036,1.22695,-0.54309,0.470
70.690,173.0,173.0,173.0,173.0,0.095,0.031,0.036,1.22695,-0.54309,0.470
70.700,164.0,164.0,164.0,164.0,0.095,0.031,0.036,1.22695,-0.54309,0.465
70.710,164.0,164.0,164.0,164.0,0.095,0.031,0.036,1.22695,-0.54309,0.465
70.720,164.0,164.0,164.0,164.0,0.095,0.031,0.036,1.22695,-0.54309,0.460
70.730,164.0,164.0,164.0,164.0,0.095,0.031,0.036,1.22695,-0.54309,0.460
70.740,164.0,164.0,164.0,164.0,0.095,0.031,0.036,1.22695,-0.54309,0.454
70.750,164.0,164.0,164.0,164.0,0.095,0.031,0.036,1.22695,-0.54309,0.454
70.760,164.0,164.0,164.0,164.0,0.095,0.031,0.036,1.22695,-0.54309,0.452
70.770,164.0,164.0,164.0,164.0,0.096,0.031,0.036,1.22695,-0.54309,0.452
70.780,164.0,164.0,164.0,164.0,0.096,0.031,0.036,1.22695,-0.54309,0.447
70.790,168.0,168.0,168.0,168.0,0.096,0.031,0.036,1.22695,-0.54309,0.447
70.800,168.0,168.0,168.0,168.0,0.096,0.031,0.036,1.22695,-0.54309,0.441
70.810,164.0,164.0,164.0,164.0,0.096,0.031,0.036,1.23334,-0.55460,0.436
70.820,172.0,172.0,172.0,172.0,0.096,0.031,0.036,1.23334,-0.55460,0.436
70.830,172.0,172.0,172.0,172.0,0.096,0.031,0.036,1.23334,-0.55460,0.431
70.840,164.0,164.0,164.0,164.0,0.096,0.031,0.036,1.23334,-0.55460,0.431
70.850,162.0,162.0,162.0,162.0,0.096,0.032,0.036,1.23334,-0.55460,0.428
70.860,162.0,162.0,162.0,162.0,0.096,0.032,0.036,1.23334,-0.55460,0.428
70.870,162.0,162.0,162.0,162.0,0.096,0.032,0.036,1.23334,-0.55460,0.423
70.880,162.0,162.0,162.0,162.0,0.096,0.032,0.036,1.23334,-0.55460,0.417
70.890,162.0,162.0,162.0,162.0,0.096,0.032,0.036,1.23334,-0.55460,0.417
70.900,162.0,162.0,162.0,162.0,0.097,0.032,0.036,1.23334,-0.55460,0.412
70.910,162.0,162.0,162.0,162.0,0.097,0.032,0.036,1.23334,-0.55460,0.410
70.920,162.0,162.0,162.0,162.0,0.097,0.032,0.036,1.23334,-0.55460,0.410
70.930,162.0,162.0,162.0,162.0,0.097,0.032,0.036,1.23334,-0.55460,0.404
70.940,162.0,162.0,162.0,162.0,0.097,0.032,0.036,1.23334,-0.55460,0.399
70.950,162.0,162.0,162.0,162.0,0.097,0.032,0.036,1.23334,-0.55460,0.399
70.960,162.0,162.0,162.0,162.0,0.097,0.032,0.036,1.23334,-0.55460,0.394
70.970,162.0,162.0,162.0,162.0,0.097,0.032,0.036,1.23334,-0.55460,0.388
70.980,162.0,162.0,162.0,162.0,0.097,0.032,0.036,1.23334,-0.55460,0.388
70.990,162.0,162.0,162.0,162.0,0.097,0.032,0.036,1.23334,-0.55460,0.386
71.000,162.0,162.0,162.0,162.0,0.097,0.032,0.036,1.23334,-0.55460,0.380
71.010,162.0,162.0,162.0,162.0,0.098,0.032,0.036,1.23975,-0.56640,0.375
71.020,162.0,162.0,162.0,162.0,0.098,0.032,0.036,1.23975,-0.56640,0.375
71.030,162.0,162.0,162.0,162.0,0.098,0.032,0.036,1.23975,-0.56640,0.370
71.040,162.0,162.0,162.0,162.0,0.098,0.032,0.036,1.23975,-0.56640,0.367
71.050,162.0,162.0,162.0,162.0,0.098,0.032,0.036,1.23975,-0.56640,0.362
71.060,162.0,162.0,162.0,162.0,0.098,0.032,0.036,1.23975,-0.56640,0.362
71.070,162.0,162.0,162.0,162.0,0.098,0.032,0.036,1.23975,-0.56640,0.357
71.080,162.0,162.0,162.0,162.0,0.098,0.032,0.036,1.23975,-0.56640,0.351
71.090,162.0,162.0,162.0,162.0,0.098,0.032,0.036,1.23975,-0.56640,0.346
71.100,162.0,162.0,162.0,162.0,0.098,0.032,0.036,1.23975,-0.56640,0.344
71.110,162.0,162.0,162.0,162.0,0.098,0.032,0.036,1.23975,-0.56640,0.338
71.120,162.0,162.0,162.0,162.0,0.098,0.032,0.036,1.23975,-0.56640,0.333
71.130,177.0,177.0,177.0,177.0,0.099,0.032,0.036,1.23975,-0.56640,0.333
71.140,177.0,177.0,177.0,177.0,0.099,0.032,0.036,1.23975,-0.56640,0.328
71.150,162.0,162.0,162.0,162.0,0.099,0.032,0.036,1.23975,-0.56640,0.325
71.160,162.0,162.0,162.0,162.0,0.099,0.032,0.036,1.23975,-0.56640,0.320
71.170,162.0,162.0,162.0,162.0,0.099,0.032,0.036,1.23975,-0.56640,0.314
71.180,162.0,162.0,162.0,162.0,0.099,0.032,0.036,1.23975,-0.56640,0.309
71.190,162.0,162.0,162.0,162.0,0.099,0.032,0.036,1.23975,-0.56640,0.304
71.200,162.0,162.0,162.0,162.0,0.099,0.032,0.036,1.23975,-0.56640,0.304
71.210,162.0,162.0,162.0,162.0,0.099,0.032,0.036,1.24617,-0.57846,0.301
71.220,182.0,182.0,182.0,182.0,0.099,0.032,0.036,1.24617,-0.57846,0.296
71.230,162.0,162.0,162.0,162.0,0.099,0.032,0.036,1.24617,-0.57846,0.291
71.240,177.0,177.0,177.0,177.0,0.099,0.032,0.036,1.24617,-0.57846,0.285
71.250,162.0,162.0,162.0,162.0,0.099,0.032,0.036,1.24617,-0.57846,0.283
71.260,162.0,162.0,162.0,162.0,0.100,0.032,0.036,1.24617,-0.57846,0.277
71.270,162.0,162.0,162.0,162.0,0.100,0.032,0.036,1.24617,-0.57846,0.272
71.280,162.0,162.0,162.0,162.0,0.100,0.032,0.036,1.24617,-0.57846,0.267
71.290,162.0,162.0,162.0,162.0,0.100,0.032,0.036,1.24617,-0.57846,0.264
71.300,162.0,162.0,162.0,162.0,0.100,0.032,0.036,1.24617,-0.57846,0.259
71.310,162.0,162.0,162.0,162.0,0.100,0.032,0.036,1.24617,-0.57846,0.254
71.320,162.0,162.0,162.0,162.0,0.100,0.032,0.036,1.24617,-0.57846,0.248
71.330,162.0,162.0,162.0,162.0,0.100,0.032,0.036,1.24617,-0.57846,0.243
71.340,162.0,162.0,162.0,162.0,0.100,0.032,0.036,1.24617,-0.57846,0.240
71.350,162.0,162.0,162.0,162.0,0.100,0.032,0.036,1.24617,-0.57846,0.235
71.360,162.0,162.0,162.0,162.0,0.100,0.032,0.036,1.24617,-0.57846,0.230
71.370,162.0,162.0,162.0,162.0,0.100,0.032,0.036,1.24617,-0.57846,0.225
71.380,162.0,162.0,162.0,162.0,0.101,0.032,0.036,1.24617,-0.57846,0.222
71.390,162.0,162.0,162.0,162.0,0.101,0.032,0.036,1.24617,-0.57846,0.217
71.400,162.0,162.0,162.0,162.0,0.101,0.032,0.036,1.24617,-0.57846,0.211
71.410,162.0,162.0,162.0,162.0,0.101,0.032,0.036,1.25261,-0.59082,0.206
71.420,162.0,162.0,162.0,162.0,0.101,0.032,0.036,1.25261,-0.59082,0.201
71.430,162.0,162.0,162.0,162.0,0.101,0.032,0.036,1.25261,-0.59082,0.198
71.440,162.0,162.0,162.0,162.0,0.101,0.032,0.036,1.25261,-0.59082,0.193
71.450,162.0,162.0,162.0,162.0,0.101,0.032,0.036,1.25261,-0.59082,0.188
71.460,162.0,162.0,162.0,162.0,0.101,0.032,0.036,1.25261,-0.59082,0.182
71.470,162.0,162.0,162.0,162.0,0.101,0.032,0.036,1.25261,-0.59082,0.180
71.480,162.0,162.0,162.0,162.0,0.101,0.032,0.036,1.25261,-0.59082,0.174
71.490,171.0,171.0,171.0,171.0,0.101,0.032,0.036,1.25261,-0.59082,0.164
71.500,171.0,171.0,171.0,171.0,0.102,0.032,0.036,1.25261,-0.59082,0.159
71.510,171.0,171.0,171.0,171.0,0.102,0.032,0.036,1.25261,-0.59082,0.156
71.520,206.0,206.0,206.0,206.0,0.102,0.032,0.036,1.25261,-0.59082,0.151
71.530,171.0,171.0,171.0,171.0,0.102,0.032,0.036,1.25261,-0.59082,0.145
71.540,186.0,186.0,186.0,186.0,0.102,0.032,0.036,1.25261,-0.59082,0.140
71.550,186.0,186.0,186.0,186.0,0.102,0.032,0.036,1.25261,-0.59082,0.137
71.560,172.0,172.0,172.0,172.0,0.102,0.032,0.036,1.25261,-0.59082,0.132
71.570,172.0,172.0,172.0,172.0,0.102,0.032,0.036,1.25261,-0.59082,0.127
71.580,172.0,172.0,172.0,172.0,0.102,0.032,0.036,1.25261,-0.59082,0.122
71.590,172.0,172.0,172.0,172.0,0.102,0.032,0.036,1.25261,-0.59082,0.116
71.600,172.0,172.0,172.0,172.0,0.102,0.032,0.036,1.25261,-0.59082,0.114
71.610,172.0,172.0,172.0,172.0,0.102,0.032,0.036,1.25907,-0.60348,0.108
71.620,172.0,172.0,172.0,172.0,0.103,0.032,0.036,1.25907,-0.60348,0.103
71.630,172.0,172.0,172.0,172.0,0.103,0.032,0.036,1.25907,-0.60348,0.098
71.640,196.0,196.0,196.0,196.0,0.103,0.032,0.036,1.25907,-0.60348,0.095
71.650,196.0,196.0,196.0,196.0,0.103,0.032,0.036,1.25907,-0.60348,0.095
71.660,172.0,172.0,172.0,172.0,0.103,0.032,0.036,1.25907,-0.60348,0.090
71.670,172.0,172.0,172.0,172.0,0.103,0.032,0.036,1.25907,-0.60348,0.085
71.680,172.0,172.0,172.0,172.0,0.103,0.032,0.036,1.25907,-0.60348,0.079
71.690,172.0,172.0,172.0,172.0,0.103,0.032,0.036,1.25907,-0.60348,0.074
71.700,172.0,172.0,172.0,172.0,0.103,0.032,0.036,1.25907,-0.60348,0.074
71.710,172.0,172.0,172.0,172.0,0.103,0.032,0.036,1.25907,-0.60348,0.071
71.720,172.0,172.0,172.0,172.0,0.103,0.032,0.036,1.25907,-0.60348,0.066
71.730,172.0,172.0,172.0,172.0,0.104,0.032,0.036,1.25907,-0.60348,0.061
71.740,172.0,172.0,172.0,172.0,0.104,0.032,0.036,1.25907,-0.60348,0.061
71.750,191.0,191.0,191.0,191.0,0.104,0.032,0.036,1.25907,-0.60348,0.055
71.760,172.0,172.0,172.0,172.0,0.104,0.032,0.036,1.25907,-0.60348,0.053
71.770,172.0,172.0,172.0,172.0,0.104,0.032,0.036,1.25907,-0.60348,0.053
71.780,172.0,172.0,172.0,172.0,0.104,0.032,0.036,1.25907,-0.60348,0.048
71.790,172.0,172.0,172.0,172.0,0.104,0.032,0.036,1.25907,-0.60348,0.042
71.800,0.0,0.0,0.0,0.0,0.104,0.032,0.036,1.25907,-0.60348,0.042
71.810,0.0,0.0,0.0,0.0,0.104,0.032,0.036,1.26557,-0.61649,0.037
71.820,0.0,0.0,0.0,0.0,0.104,0.032,0.036,1.26557,-0.61649,0.032
71.830,0.0,0.0,0.0,0.0,0.104,0.032,0.036,1.26557,-0.61649,0.024
71.840,0.0,0.0,0.0,0.0,0.104,0.032,0.036,1.26557,-0.61649,0.018
71.850,0.0,0.0,0.0,0.0,0.104,0.032,0.036,1.26557,-0.61649,0.011
71.860,0.0,0.0,0.0,0.0,0.105,0.032,0.036,1.26557,-0.61649,0.005
71.870,0.0,0.0,0.0,0.0,0.105,0.032,0.036,1.26557,-0.61649,0.000
71.880,0.0,0.0,0.0,0.0,0.138,0.035,0.028,1.26557,-0.61649,-0.005
71.890,0.0,0.0,0.0,0.0,0.076,0.026,0.023,1.26557,-0.61649,-0.005
71.900,0.0,0.0,0.0,0.0,0.016,0.010,0.028,1.26557,-0.61649,-0.005
71.910,0.0,0.0,0.0,0.0,-0.014,-0.005,0.029,1.26557,-0.61649,-0.005
71.920,0.0,0.0,0.0,0.0,-0.016,-0.009,0.028,1.26557,-0.61649,-0.005
71.930,0.0,0.0,0.0,0.0,-0.006,-0.005,0.028,1.26557,-0.61649,-0.005
71.940,0.0,0.0,0.0,0.0,0.001,-0.001,0.028,1.26557,-0.61649,-0.005
71.950,0.0,0.0,0.0,0.0,0.001,0.001,0.028,1.26557,-0.61649,-0.005
71.960,0.0,0.0,0.0,0.0,0.000,0.001,0.028,1.26557,-0.61649,-0.005
71.970,0.0,0.0,0.0,0.0,0.000,0.000,0.028,1.26557,-0.61649,-0.005
71.980,0.0,0.0,0.0,0.0,0.000,0.000,0.028,1.26557,-0.61649,-0.005
71.990,0.0,0.0,0.0,0.0,0.000,0.000,0.028,1.26557,-0.61649,-0.005
72.000,0.0,0.0,0.0,0.0,0.000,0.000,0.028,1.26557,-0.61649,-0.005
72.010,0.0,0.0,0.0,0.0,0.000,0.000,0.028,1.26737,-0.61943,-0.005
72.020,0.0,0.0,0.0,0.0,0.000,0.000,0.028,1.26737,-0.61943,-0.005
72.030,0.0,0.0,0.0,0.0,0.000,0.000,0.028,1.26737,-0.61943,-0.005
72.040,0.0,0.0,0.0,0.0,0.000,0.000,0.028,1.26737,-0.61943,-0.005
72.050,0.0,0.0,0.0,0.0,0.000,0.000,0.028,1.26737,-0.61943,-0.005
72.060,0.0,0.0,0.0,0.0,0.000,0.000,0.028,1.26737,-0.61943,-0.005
72.070,0.0,0.0,0.0,0.0,0.000,0.000,0.028,1.26737,-0.61943,-0.005
72.080,0.0,0.0,0.0,0.0,0.000,0.000,0.028,1.26737,-0.61943,-0.005
72.090,0.0,0.0,0.0,0.0,0.000,0.000,0.028,1.26737,-0.61943,-0.005
72.100,0.0,0.0,0.0,0.0,0.000,0.000,0.028,1.26737,-0.61943,-0.005
72.110,0.0,0.0,0.0,0.0,0.000,0.000,0.028,1.26737,-0.61943,-0.005
72.120,0.0,0.0,0.0,0.0,0.000,0.000,0.028,1.26737,-0.61943,-0.005
72.130,0.0,0.0,0.0,0.0,0.000,0.000,0.028,1.26737,-0.61943,-0.005
72.140,0.0,0.0,0.0,0.0,0.000,0.000,0.028,1.26737,-0.61943,-0.005
72.150,0.0,0.0,0.0,0.0,0.000,0.000,0.028,1.26737,-0.61943,-0.005
72.160,0.0,0.0,0.0,0.0,0.000,0.000,0.028,1.26737,-0.61943,-0.005
72.170,0.0,0.0,0.0,0.0,0.000,0.000,0.028,1.26737,-0.61943,-0.005
72.180,0.0,0.0,0.0,0.0,0.000,0.000,0.028,1.26737,-0.61943,-0.005
72.190,0.0,0.0,0.0,0.0,0.000,0.000,0.028,1.26737,-0.61943,-0.005
72.200,0.0,0.0,0.0,0.0,0.000,0.000,0.028,1.26737,-0.61943,-0.005
72.210,0.0,0.0,0.0,0.0,0.000,0.000,0.028,1.26737,-0.61943,-0.005
72.220,0.0,0.0,0.0,0.0,0.000,0.000,0.028,1.26737,-0.61943,-0.005
72.230,0.0,0.0,0.0,0.0,0.000,0.000,0.028,1.26737,-0.61943,-0.005
72.240,0.0,0.0,0.0,0.0,0.000,0.000,0.028,1.26737,-0.61943,-0.005
72.250,0.0,0.0,0.0,0.0,0.000,0.000,0.028,1.26737,-0.61943,-0.005
72.260,0.0,0.0,0.0,0.0,0.000,0.000,0.028,1.26737,-0.61943,-0.005
72.270,0.0,0.0,0.0,0.0,0.000,0.000,0.028,1.26737,-0.61943,-0.005
72.280,0.0,0.0,0.0,0.0,0.000,0.000,0.028,1.26737,-0.61943,-0.005
72.290,0.0,0.0,0.0,0.0,0.000,0.000,0.028,1.26737,-0.61943,-0.005
72.300,0.0,0.0,0.0,0.0,0.000,0.000,0.028,1.26737,-0.61943,-0.005
72.310,0.0,0.0,0.0,0.0,0.000,0.000,0.028,1.26737,-0.61943,-0.005
72.320,0.0,0.0,0.0,0.0,0.000,0.000,0.028,1.26737,-0.61943,-0.005
72.330,0.0,0.0,0.0,0.0,0.000,0.000,0.028,1.26737,-0.61943,-0.005
72.340,0.0,0.0,0.0,0.0,0.000,0.000,0.028,1.26737,-0.61943,-0.005
72.350,0.0,0.0,0.0,0.0,0.000,0.000,0.028,1.26737,-0.61943,-0.005
72.360,0.0,0.0,0.0,0.0,0.000,0.000,0.028,1.26737,-0.61943,-0.005
72.370,0.0,0.0,0.0,0.0,0.000,0.000,0.028,1.26737,-0.61943,-0.005
72.380,0.0,0.0,0.0,0.0,0.000,0.000,0.028,1.26737,-0.61943,-0.005
72.390,0.0,0.0,0.0,0.0,0.000,0.000,0.028,1.26737,-0.61943,-0.005
72.400,0.0,0.0,0.0,0.0,0.000,0.000,0.028,1.26737,-0.61943,-0.005
72.410,0.0,0.0,0.0,0.0,0.000,0.000,0.028,1.26737,-0.61943,-0.005
72.420,0.0,0.0,0.0,0.0,0.000,0.000,0.028,1.26737,-0.61943,-0.005
72.430,0.0,0.0,0.0,0.0,0.000,0.000,0.028,1.26737,-0.61943,-0.005
72.440,0.0,0.0,0.0,0.0,0.000,0.000,0.028,1.26737,-0.61943,-0.005
72.450,0.0,0.0,0.0,0.0,0.000,0.000,0.028,1.26737,-0.61943,-0.005
72.460,0.0,0.0,0.0,0.0,0.000,0.000,0.028,1.26737,-0.61943,-0.005
72.470,0.0,0.0,0.0,0.0,0.000,0.000,0.028,1.26737,-0.61943,-0.005
72.480,0.0,0.0,0.0,0.0,0.000,0.000,0.028,1.26737,-0.61943,-0.005
72.490,0.0,0.0,0.0,0.0,0.000,0.000,0.028,1.26737,-0.61943,-0.005
72.500,0.0,0.0,0.0,0.0,0.000,0.000,0.028,1.26737,-0.61943,-0.005
72.510,0.0,0.0,0.0,0.0,0.000,0.000,0.028,1.26737,-0.61943,-0.005
72.520,0.0,0.0,0.0,0.0,0.000,0.000,0.028,1.26737,-0.61943,-0.005
72.530,0.0,0.0,0.0,0.0,0.000,0.000,0.028,1.26737,-0.61943,-0.005
72.540,0.0,0.0,0.0,0.0,0.000,0.000,0.028,1.26737,-0.61943,-0.005
72.550,0.0,0.0,0.0,0.0,0.000,0.000,0.028,1.26737,-0.61943,-0.005
72.560,0.0,0.0,0.0,0.0,0.000,0.000,0.028,1.26737,-0.61943,-0.005
72.570,0.0,0.0,0.0,0.0,0.000,0.000,0.028,1.26737,-0.61943,-0.005
72.580,0.0,0.0,0.0,0.0,0.000,0.000,0.028,1.26737,-0.61943,-0.005
72.590,0.0,0.0,0.0,0.0,0.000,0.000,0.028,1.26737,-0.61943,-0.005
72.600,0.0,0.0,0.0,0.0,0.000,0.000,0.028,1.26737,-0.61943,-0.005
72.610,0.0,0.0,0.0,0.0,0.000,0.000,0.028,1.26737,-0.61943,-0.005
72.620,0.0,0.0,0.0,0.0,0.000,0.000,0.028,1.26737,-0.61943,-0.005
72.630,0.0,0.0,0.0,0.0,0.000,0.000,0.028,1.26737,-0.61943,-0.005
72.640,0.0,0.0,0.0,0.0,0.000,0.000,0.028,1.26737,-0.61943,-0.005
72.650,0.0,0.0,0.0,0.0,0.000,0.000,0.028,1.26737,-0.61943,-0.005
72.660,0.0,0.0,0.0,0.0,0.000,0.000,0.028,1.26737,-0.61943,-0.005
72.670,0.0,0.0,0.0,0.0,0.000,0.000,0.028,1.26737,-0.61943,-0.005
72.680,0.0,0.0,0.0,0.0,0.000,0.000,0.028,1.26737,-0.61943,-0.005
72.690,0.0,0.0,0.0,0.0,0.000,0.000,0.028,1.26737,-0.61943,-0.005
72.700,0.0,0.0,0.0,0.0,0.000,0.000,0.028,1.26737,-0.61943,-0.005
72.710,0.0,0.0,0.0,0.0,0.000,0.000,0.028,1.26737,-0.61943,-0.005
72.720,0.0,0.0,0.0,0.0,0.000,0.000,0.028,1.26737,-0.61943,-0.005
72.730,0.0,0.0,0.0,0.0,0.000,0.000,0.028,1.26737,-0.61943,-0.005
72.740,0.0,0.0,0.0,0.0,0.000,0.000,0.028,1.26737,-0.61943,-0.005
72.750,0.0,0.0,0.0,0.0,0.000,0.000,0.028,1.26737,-0.61943,-0.005
72.760,0.0,0.0,0.0,0.0,0.000,0.000,0.028,1.26737,-0.61943,-0.005
72.770,0.0,0.0,0.0,0.0,0.000,0.000,0.028,1.26737,-0.61943,-0.005
72.780,0.0,0.0,0.0,0.0,0.000,0.000,0.028,1.26737,-0.61943,-0.005
72.790,0.0,0.0,0.0,0.0,0.000,0.000,0.028,1.26737,-0.61943,-0.005
72.800,0.0,0.0,0.0,0.0,0.000,0.000,0.028,1.26737,-0.61943,-0.005
72.810,0.0,0.0,0.0,0.0,0.000,0.000,0.028,1.26737,-0.61943,-0.005
72.820,0.0,0.0,0.0,0.0,0.000,0.000,0.028,1.26737,-0.61943,-0.005
72.830,0.0,0.0,0.0,0.0,0.000,0.000,0.028,1.26737,-0.61943,-0.005
72.840,0.0,0.0,0.0,0.0,0.000,0.000,0.028,1.26737,-0.61943,-0.005
72.850,0.0,0.0,0.0,0.0,0.000,0.000,0.028,1.26737,-0.61943,-0.005
72.860,0.0,0.0,0.0,0.0,0.000,0.000,0.028,1.26737,-0.61943,-0.005
72.870,0.0,0.0,0.0,0.0,0.000,0.000,0.028,1.26737,-0.61943,-0.005
72.880,0.0,0.0,0.0,0.0,0.000,0.000,0.028,1.26737,-0.61943,-0.005
72.890,0.0,0.0,0.0,0.0,0.000,0.000,0.028,1.26737,-0.61943,-0.005
72.900,0.0,0.0,0.0,0.0,0.000,0.000,0.028,1.26737,-0.61943,-0.005
72.910,0.0,0.0,0.0,0.0,0.000,0.000,0.028,1.26737,-0.61943,-0.005
72.920,0.0,0.0,0.0,0.0,0.000,0.000,0.028,1.26737,-0.61943,-0.005
72.930,0.0,0.0,0.0,0.0,0.000,0.000,0.028,1.26737,-0.61943,-0.005
72.940,0.0,0.0,0.0,0.0,0.000,0.000,0.028,1.26737,-0.61943,-0.005
72.950,0.0,0.0,0.0,0.0,0.000,0.000,0.028,1.26737,-0.61943,-0.005
72.960,0.0,0.0,0.0,0.0,0.000,0.000,0.028,1.26737,-0.61943,-0.005
72.970,0.0,0.0,0.0,0.0,0.000,0.000,0.028,1.26737,-0.61943,-0.005
72.980,0.0,0.0,0.0,0.0,0.000,0.000,0.028,1.26737,-0.61943,-0.005
72.990,0.0,0.0,0.0,0.0,0.000,0.000,0.028,1.26737,-0.61943,-0.005
73.000,0.0,0.0,0.0,0.0,0.000,0.000,0.028,1.26737,-0.61943,-0.005
73.010,0.0,0.0,0.0,0.0,0.000,0.000,0.028,1.26737,-0.61943,-0.005
73.020,0.0,0.0,0.0,0.0,0.000,0.000,0.028,1.26737,-0.61943,-0.005
73.030,0.0,0.0,0.0,0.0,0.000,0.000,0.028,1.26737,-0.61943,-0.005
73.040,0.0,0.0,0.0,0.0,0.000,0.000,0.028,1.26737,-0.61943,-0.005
73.050,0.0,0.0,0.0,0.0,0.000,0.000,0.028,1.26737,-0.61943,-0.005
73.060,0.0,0.0,0.0,0.0,0.000,0.000,0.028,1.26737,-0.61943,-0.005
73.070,0.0,0.0,0.0,0.0,0.000,0.000,0.028,1.26737,-0.61943,-0.005
73.080,0.0,0.0,0.0,0.0,0.000,0.000,0.028,1.26737,-0.61943,-0.005
73.090,0.0,0.0,0.0,0.0,0.000,0.000,0.028,1.26737,-0.61943,-0.005
73.100,0.0,0.0,0.0,0.0,0.000,0.000,0.028,1.26737,-0.61943,-0.005
73.110,0.0,0.0,0.0,0.0,0.000,0.000,0.028,1.26737,-0.61943,-0.005
73.120,0.0,0.0,0.0,0.0,0.000,0.000,0.028,1.26737,-0.61943,-0.005
73.130,0.0,0.0,0.0,0.0,0.000,0.000,0.028,1.26737,-0.61943,-0.005
73.140,0.0,0.0,0.0,0.0,0.000,0.000,0.028,1.26737,-0.61943,-0.005
73.150,0.0,0.0,0.0,0.0,0.000,0.000,0.028,1.26737,-0.61943,-0.005
73.160,0.0,0.0,0.0,0.0,0.000,0.000,0.028,1.26737,-0.61943,-0.005
73.170,0.0,0.0,0.0,0.0,0.000,0.000,0.028,1.26737,-0.61943,-0.005
73.180,0.0,0.0,0.0,0.0,0.000,0.000,0.028,1.26737,-0.61943,-0.005
73.190,0.0,0.0,0.0,0.0,0.000,0.000,0.028,1.26737,-0.61943,-0.005
73.200,0.0,0.0,0.0,0.0,0.000,0.000,0.028,1.26737,-0.61943,-0.005
73.210,0.0,0.0,0.0,0.0,0.000,0.000,0.028,1.26737,-0.61943,-0.005
73.220,0.0,0.0,0.0,0.0,0.000,0.000,0.028,1.26737,-0.61943,-0.005
73.230,0.0,0.0,0.0,0.0,0.000,0.000,0.028,1.26737,-0.61943,-0.005
73.240,0.0,0.0,0.0,0.0,0.000,0.000,0.028,1.26737,-0.61943,-0.005
73.250,0.0,0.0,0.0,0.0,0.000,0.000,0.028,1.26737,-0.61943,-0.005
73.260,0.0,0.0,0.0,0.0,0.000,0.000,0.028,1.26737,-0.61943,-0.005
73.270,0.0,0.0,0.0,0.0,0.000,0.000,0.028,1.26737,-0.61943,-0.005
73.280,0.0,0.0,0.0,0.0,0.000,0.000,0.028,1.26737,-0.61943,-0.005
73.290,0.0,0.0,0.0,0.0,0.000,0.000,0.028,1.26737,-0.61943,-0.005
73.300,0.0,0.0,0.0,0.0,0.000,0.000,0.028,1.26737,-0.61943,-0.005
73.310,0.0,0.0,0.0,0.0,0.000,0.000,0.028,1.26737,-0.61943,-0.005
73.320,0.0,0.0,0.0,0.0,0.000,0.000,0.028,1.26737,-0.61943,-0.005
73.330,0.0,0.0,0.0,0.0,0.000,0.000,0.028,1.26737,-0.61943,-0.005
73.340,0.0,0.0,0.0,0.0,0.000,0.000,0.028,1.26737,-0.61943,-0.005
73.350,0.0,0.0,0.0,0.0,0.000,0.000,0.028,1.26737,-0.61943,-0.005
73.360,0.0,0.0,0.0,0.0,0.000,0.000,0.028,1.26737,-0.61943,-0.005
73.370,0.0,0.0,0.0,0.0,0.000,0.000,0.028,1.26737,-0.61943,-0.005
73.380,0.0,0.0,0.0,0.0,0.000,0.000,0.028,1.26737,-0.61943,-0.005
73.390,0.0,0.0,0.0,0.0,0.000,0.000,0.028,1.26737,-0.61943,-0.005
73.400,0.0,0.0,0.0,0.0,0.000,0.000,0.028,1.26737,-0.61943,-0.005
73.410,0.0,0.0,0.0,0.0,0.000,0.000,0.028,1.26737,-0.61943,-0.005
73.420,0.0,0.0,0.0,0.0,0.000,0.000,0.028,1.26737,-0.61943,-0.005
73.430,0.0,0.0,0.0,0.0,0.000,0.000,0.028,1.26737,-0.61943,-0.005
73.440,0.0,0.0,0.0,0.0,0.000,0.000,0.028,1.26737,-0.61943,-0.005
73.450,0.0,0.0,0.0,0.0,0.000,0.000,0.028,1.26737,-0.61943,-0.005
73.460,0.0,0.0,0.0,0.0,0.000,0.000,0.028,1.26737,-0.61943,-0.005
73.470,0.0,0.0,0.0,0.0,0.000,0.000,0.028,1.26737,-0.61943,-0.005
73.480,0.0,0.0,0.0,0.0,0.000,0.000,0.028,1.26737,-0.61943,-0.005
73.490,0.0,0.0,0.0,0.0,0.000,0.000,0.028,1.26737,-0.61943,-0.005
73.500,0.0,0.0,0.0,0.0,0.000,0.000,0.028,1.26737,-0.61943,-0.005
73.510,0.0,0.0,0.0,0.0,0.000,0.000,0.028,1.26737,-0.61943,-0.005
73.520,0.0,0.0,0.0,0.0,0.000,0.000,0.028,1.26737,-0.61943,-0.005
73.530,0.0,0.0,0.0,0.0,0.000,0.000,0.028,1.26737,-0.61943,-0.005
73.540,0.0,0.0,0.0,0.0,0.000,0.000,0.028,1.26737,-0.61943,-0.005
73.550,0.0,0.0,0.0,0.0,0.000,0.000,0.028,1.26737,-0.61943,-0.005
73.560,0.0,0.0,0.0,0.0,0.000,0.000,0.028,1.26737,-0.61943,-0.005
73.570,0.0,0.0,0.0,0.0,0.000,0.000,0.028,1.26737,-0.61943,-0.005
73.580,0.0,0.0,0.0,0.0,0.000,0.000,0.028,1.26737,-0.61943,-0.005
73.590,0.0,0.0,0.0,0.0,0.000,0.000,0.028,1.26737,-0.61943,-0.005
73.600,0.0,0.0,0.0,0.0,0.000,0.000,0.028,1.26737,-0.61943,-0.005
73.610,0.0,0.0,0.0,0.0,0.000,0.000,0.028,1.26737,-0.61943,-0.005
73.620,0.0,0.0,0.0,0.0,0.000,0.000,0.028,1.26737,-0.61943,-0.005
73.630,0.0,0.0,0.0,0.0,0.000,0.000,0.028,1.26737,-0.61943,-0.005
73.640,0.0,0.0,0.0,0.0,0.000,0.000,0.028,1.26737,-0.61943,-0.005
73.650,0.0,0.0,0.0,0.0,0.000,0.000,0.028,1.26737,-0.61943,-0.005
73.660,0.0,0.0,0.0,0.0,0.000,0.000,0.028,1.26737,-0.61943,-0.005
73.670,0.0,0.0,0.0,0.0,0.000,0.000,0.028,1.26737,-0.61943,-0.005
73.680,0.0,0.0,0.0,0.0,0.000,0.000,0.028,1.26737,-0.61943,-0.005
73.690,0.0,0.0,0.0,0.0,0.000,0.000,0.028,1.26737,-0.61943,-0.005
73.700,0.0,0.0,0.0,0.0,0.000,0.000,0.028,1.26737,-0.61943,-0.005
73.710,0.0,0.0,0.0,0.0,0.000,0.000,0.028,1.26737,-0.61943,-0.005
73.720,0.0,0.0,0.0,0.0,0.000,0.000,0.028,1.26737,-0.61943,-0.005
73.730,0.0,0.0,0.0,0.0,0.000,0.000,0.028,1.26737,-0.61943,-0.005
73.740,0.0,0.0,0.0,0.0,0.000,0.000,0.028,1.26737,-0.61943,-0.005
73.750,0.0,0.0,0.0,0.0,0.000,0.000,0.028,1.26737,-0.61943,-0.005
73.760,0.0,0.0,0.0,0.0,0.000,0.000,0.028,1.26737,-0.61943,-0.005
73.770,0.0,0.0,0.0,0.0,0.000,0.000,0.028,1.26737,-0.61943,-0.005
73.780,0.0,0.0,0.0,0.0,0.000,0.000,0.028,1.26737,-0.61943,-0.005
73.790,0.0,0.0,0.0,0.0,0.000,0.000,0.028,1.26737,-0.61943,-0.005
73.800,0.0,0.0,0.0,0.0,0.000,0.000,0.028,1.26737,-0.61943,-0.005
73.810,0.0,0.0,0.0,0.0,0.000,0.000,0.028,1.26737,-0.61943,-0.005
73.820,0.0,0.0,0.0,0.0,0.000,0.000,0.028,1.26737,-0.61943,-0.005
73.830,0.0,0.0,0.0,0.0,0.000,0.000,0.028,1.26737,-0.61943,-0.005
73.840,0.0,0.0,0.0,0.0,0.000,0.000,0.028,1.26737,-0.61943,-0.005
73.850,0.0,0.0,0.0,0.0,0.000,0.000,0.028,1.26737,-0.61943,-0.005
73.860,0.0,0.0,0.0,0.0,0.000,0.000,0.028,1.26737,-0.61943,-0.005
73.870,0.0,0.0,0.0,0.0,0.000,0.000,0.028,1.26737,-0.61943,-0.005
73.880,0.0,0.0,0.0,0.0,0.000,0.000,0.028,1.26737,-0.61943,-0.005
73.890,0.0,0.0,0.0,0.0,0.000,0.000,0.028,1.26737,-0.61943,-0.005
73.900,0.0,0.0,0.0,0.0,0.000,0.000,0.028,1.26737,-0.61943,-0.005
73.910,0.0,0.0,0.0,0.0,0.000,0.000,0.028,1.26737,-0.61943,-0.005
73.920,0.0,0.0,0.0,0.0,0.000,0.000,0.028,1.26737,-0.61943,-0.005
73.930,0.0,0.0,0.0,0.0,0.000,0.000,0.028,1.26737,-0.61943,-0.005
73.940,0.0,0.0,0.0,0.0,0.000,0.000,0.028,1.26737,-0.61943,-0.005
73.950,0.0,0.0,0.0,0.0,0.000,0.000,0.028,1.26737,-0.61943,-0.005
73.960,0.0,0.0,0.0,0.0,0.000,0.000,0.028,1.26737,-0.61943,-0.005
73.970,0.0,0.0,0.0,0.0,0.000,0.000,0.028,1.26737,-0.61943,-0.005
73.980,0.0,0.0,0.0,0.0,0.000,0.000,0.028,1.26737,-0.61943,-0.005
73.990,0.0,0.0,0.0,0.0,0.000,0.000,0.028,1.26737,-0.61943,-0.005
74.000,0.0,0.0,0.0,0.0,0.000,0.000,0.028,1.26737,-0.61943,-0.005
74.010,0.0,0.0,0.0,0.0,0.000,0.000,0.028,1.26737,-0.61943,-0.005
74.020,0.0,0.0,0.0,0.0,0.000,0.000,0.028,1.26737,-0.61943,-0.005
74.030,0.0,0.0,0.0,0.0,0.000,0.000,0.028,1.26737,-0.61943,-0.005
74.040,0.0,0.0,0.0,0.0,0.000,0.000,0.028,1.26737,-0.61943,-0.005
74.050,0.0,0.0,0.0,0.0,0.000,0.000,0.028,1.26737,-0.61943,-0.005
74.060,0.0,0.0,0.0,0.0,0.000,0.000,0.028,1.26737,-0.61943,-0.005
74.070,0.0,0.0,0.0,0.0,0.000,0.000,0.028,1.26737,-0.61943,-0.005
74.080,0.0,0.0,0.0,0.0,0.000,0.000,0.028,1.26737,-0.61943,-0.005
74.090,0.0,0.0,0.0,0.0,0.000,0.000,0.028,1.26737,-0.61943,-0.005
74.100,0.0,0.0,0.0,0.0,0.000,0.000,0.028,1.26737,-0.61943,-0.005
74.110,0.0,0.0,0.0,0.0,0.000,0.000,0.028,1.26737,-0.61943,-0.005
74.120,0.0,0.0,0.0,0.0,0.000,0.000,0.028,1.26737,-0.61943,-0.005
74.130,0.0,0.0,0.0,0.0,0.000,0.000,0.028,1.26737,-0.61943,-0.005
74.140,0.0,0.0,0.0,0.0,0.000,0.000,0.028,1.26737,-0.61943,-0.005
74.150,0.0,0.0,0.0,0.0,0.000,0.000,0.028,1.26737,-0.61943,-0.005
74.160,0.0,0.0,0.0,0.0,0.000,0.000,0.028,1.26737,-0.61943,-0.005
74.170,0.0,0.0,0.0,0.0,0.000,0.000,0.028,1.26737,-0.61943,-0.005
74.180,0.0,0.0,0.0,0.0,0.000,0.000,0.028,1.26737,-0.61943,-0.005
74.190,0.0,0.0,0.0,0.0,0.000,0.000,0.028,1.26737,-0.61943,-0.005
74.200,0.0,0.0,0.0,0.0,0.000,0.000,0.028,1.26737,-0.61943,-0.005
74.210,0.0,0.0,0.0,0.0,0.000,0.000,0.028,1.26737,-0.61943,-0.005
74.220,0.0,0.0,0.0,0.0,0.000,0.000,0.028,1.26737,-0.61943,-0.005
74.230,0.0,0.0,0.0,0.0,0.000,0.000,0.028,1.26737,-0.61943,-0.005
74.240,0.0,0.0,0.0,0.0,0.000,0.000,0.028,1.26737,-0.61943,-0.005
74.250,0.0,0.0,0.0,0.0,0.000,0.000,0.028,1.26737,-0.61943,-0.005
74.260,0.0,0.0,0.0,0.0,0.000,0.000,0.028,1.26737,-0.61943,-0.005
74.270,0.0,0.0,0.0,0.0,0.000,0.000,0.028,1.26737,-0.61943,-0.005
