Time,Roll,Pitch,Yaw,PosX,PosY,Altitude
0.000,0.000,0.000,0.000,0.32507,-0.27613,0.011
0.010,0.000,0.000,0.000,0.32507,-0.27613,0.005
0.020,0.000,0.000,0.000,0.32507,-0.27613,0.005
0.030,0.000,0.000,0.021,0.32507,-0.27613,0.000
0.040,0.000,0.000,0.021,0.32507,-0.27613,0.000
0.050,0.000,0.000,0.021,0.32507,-0.27613,-0.005
0.060,0.000,0.000,0.021,0.32507,-0.27613,-0.005
0.070,0.011,-0.003,0.050,0.32507,-0.27613,-0.005
0.080,-0.005,0.002,0.036,0.32507,-0.27613,-0.005
0.090,-0.004,0.000,0.036,0.32507,-0.27613,-0.005
0.100,-0.001,-0.001,0.036,0.32507,-0.27613,-0.005
0.110,0.001,0.000,0.036,0.32507,-0.27613,-0.005
0.120,0.001,0.000,0.036,0.32507,-0.27613,-0.005
0.130,0.000,0.000,0.036,0.32507,-0.27613,-0.005
0.140,0.000,0.000,0.036,0.32507,-0.27613,-0.005
0.150,0.000,0.000,0.036,0.32507,-0.27613,-0.005
0.160,0.000,0.000,0.036,0.32507,-0.27613,-0.005
0.170,0.000,0.000,0.036,0.32507,-0.27613,-0.005
0.180,0.000,0.000,0.036,0.32507,-0.27613,-0.005
0.190,0.000,0.000,0.036,0.32507,-0.27613,-0.005
0.200,0.000,0.000,0.036,0.32507,-0.27613,-0.005
0.210,0.000,0.000,0.036,0.32436,-0.27779,-0.005
0.220,0.000,0.000,0.036,0.32436,-0.27779,-0.005
0.230,0.000,0.000,0.036,0.32436,-0.27779,-0.005
0.240,0.000,0.000,0.036,0.32436,-0.27779,-0.005
0.250,0.000,0.000,0.036,0.32436,-0.27779,-0.005
0.260,0.000,0.000,0.036,0.32436,-0.27779,-0.005
0.270,0.000,0.000,0.036,0.32436,-0.27779,-0.005
0.280,0.000,0.000,0.036,0.32436,-0.27779,-0.005
0.290,0.000,0.000,0.036,0.32436,-0.27779,-0.005
0.300,0.000,0.000,0.036,0.32436,-0.27779,-0.005
0.310,0.000,0.000,0.036,0.32436,-0.27779,-0.005
0.320,0.000,0.000,0.036,0.32436,-0.27779,-0.005
0.330,0.000,0.000,0.036,0.32436,-0.27779,-0.005
0.340,0.000,0.000,0.036,0.32436,-0.27779,-0.005
0.350,0.000,0.000,0.036,0.32436,-0.27779,-0.005
0.360,0.000,0.000,0.036,0.32436,-0.27779,-0.005
0.370,0.000,0.000,0.036,0.32436,-0.27779,-0.005
0.380,0.000,0.000,0.036,0.32436,-0.27779,-0.005
0.390,0.000,0.000,0.036,0.32436,-0.27779,-0.005
0.400,0.000,0.000,0.036,0.32436,-0.27779,-0.005
0.410,0.000,0.000,0.036,0.32436,-0.27779,-0.005
0.420,0.000,0.000,0.036,0.32436,-0.27779,-0.005
0.430,0.000,0.000,0.036,0.32436,-0.27779,-0.005
0.440,0.000,0.000,0.036,0.32436,-0.27779,-0.005
0.450,0.000,0.000,0.036,0.32436,-0.27779,-0.005
0.460,0.000,0.000,0.036,0.32436,-0.27779,-0.005
0.470,0.000,0.000,0.036,0.32436,-0.27779,-0.005
0.480,0.000,0.000,0.036,0.32436,-0.27779,-0.005
0.490,0.000,0.000,0.036,0.32436,-0.27779,-0.005
0.500,0.000,0.000,0.036,0.32436,-0.27779,-0.005
0.510,0.000,0.000,0.036,0.32436,-0.27779,-0.005
0.520,0.000,0.000,0.036,0.32436,-0.27779,-0.005
0.530,0.000,0.000,0.036,0.32436,-0.27779,-0.005
0.540,0.000,0.000,0.036,0.32436,-0.27779,-0.005
0.550,0.000,0.000,0.036,0.32436,-0.27779,-0.005
0.560,0.000,0.000,0.036,0.32436,-0.27779,-0.005
0.570,0.000,0.000,0.036,0.32436,-0.27779,-0.005
0.580,0.000,0.000,0.036,0.32436,-0.27779,-0.005
0.590,0.000,0.000,0.036,0.32436,-0.27779,-0.005
0.600,0.000,0.000,0.036,0.32436,-0.27779,-0.005
0.610,0.000,0.000,0.036,0.32436,-0.27779,-0.005
0.620,0.000,0.000,0.036,0.32436,-0.27779,-0.005
0.630,0.000,0.000,0.036,0.32436,-0.27779,-0.005
0.640,0.000,0.000,0.036,0.32436,-0.27779,-0.005
0.650,0.000,0.000,0.036,0.32436,-0.27779,-0.005
0.660,0.000,0.000,0.036,0.32436,-0.27779,-0.005
0.670,0.000,0.000,0.036,0.32436,-0.27779,-0.005
0.680,0.000,0.000,0.036,0.32436,-0.27779,-0.005
0.690,0.000,0.000,0.036,0.32436,-0.27779,-0.005
0.700,0.000,0.000,0.036,0.32436,-0.27779,-0.005
0.710,0.000,0.000,0.036,0.32436,-0.27779,-0.005
0.720,0.000,0.000,0.036,0.32436,-0.27779,-0.005
0.730,0.000,0.000,0.036,0.32436,-0.27779,-0.005
0.740,0.000,0.000,0.036,0.32436,-0.27779,-0.005
0.750,0.000,0.000,0.036,0.32436,-0.27779,-0.005
0.760,0.000,0.000,0.036,0.32436,-0.27779,-0.005
0.770,0.000,0.000,0.036,0.32436,-0.27779,-0.005
0.780,0.000,0.000,0.036,0.32436,-0.27779,-0.005
0.790,0.000,0.000,0.036,0.32436,-0.27779,-0.005
0.800,0.000,0.000,0.036,0.32436,-0.27779,-0.005
0.810,0.000,0.000,0.036,0.32436,-0.27779,-0.005
0.820,0.000,0.000,0.036,0.32436,-0.27779,-0.005
0.830,0.000,0.000,0.036,0.32436,-0.27779,-0.005
0.840,0.000,0.000,0.036,0.32436,-0.27779,-0.005
0.850,0.000,0.000,0.036,0.32436,-0.27779,-0.005
0.860,0.000,0.000,0.036,0.32436,-0.27779,-0.005
0.870,0.000,0.000,0.036,0.32436,-0.27779,-0.005
0.880,0.000,0.000,0.036,0.32436,-0.27779,-0.005
0.890,0.000,0.000,0.036,0.32436,-0.27779,-0.005
0.900,0.000,0.000,0.036,0.32436,-0.27779,-0.005
0.910,0.000,0.000,0.036,0.32436,-0.27779,-0.005
0.920,0.000,0.000,0.036,0.32436,-0.27779,-0.005
0.930,0.000,0.000,0.036,0.32436,-0.27779,-0.005
0.940,0.000,0.000,0.036,0.32436,-0.27779,-0.005
0.950,0.000,0.000,0.036,0.32436,-0.27779,-0.005
0.960,0.000,0.000,0.036,0.32436,-0.27779,-0.005
0.970,0.000,0.000,0.036,0.32436,-0.27779,-0.005
0.980,0.000,0.000,0.036,0.32436,-0.27779,-0.005
0.990,0.000,0.000,0.036,0.32436,-0.27779,-0.005
1.000,0.000,0.000,0.036,0.32436,-0.27779,-0.005
1.010,0.000,0.000,0.036,0.32436,-0.27779,-0.005
1.020,0.000,0.000,0.036,0.32436,-0.27779,-0.005
1.030,0.000,0.000,0.036,0.32436,-0.27779,-0.005
1.040,0.000,0.000,0.036,0.32436,-0.27779,-0.005
1.050,0.000,0.000,0.036,0.32436,-0.27779,-0.005
1.060,0.000,0.000,0.036,0.32436,-0.27779,-0.005
1.070,0.000,0.000,0.036,0.32436,-0.27779,0.000
1.080,0.000,0.000,0.036,0.32436,-0.27779,0.000
1.090,0.000,0.000,0.036,0.32436,-0.27779,0.000
1.100,0.000,0.000,0.036,0.32436,-0.27779,0.000
1.110,0.000,0.000,0.036,0.32436,-0.27779,0.005
1.120,0.000,0.000,0.036,0.32436,-0.27779,0.005
1.130,0.000,0.000,0.036,0.32436,-0.27779,0.011
1.140,0.000,0.000,0.036,0.32436,-0.27779,0.011
1.150,0.000,0.000,0.036,0.32436,-0.27779,0.011
1.160,0.000,0.000,0.036,0.32436,-0.27779,0.013
1.170,0.000,0.000,0.036,0.32436,-0.27779,0.018
1.180,0.000,0.000,0.036,0.32436,-0.27779,0.018
1.190,0.000,0.000,0.036,0.32436,-0.27779,0.024
1.200,0.000,0.000,0.036,0.32436,-0.27779,0.024
1.210,0.000,0.000,0.036,0.32436,-0.27779,0.029
1.220,0.000,0.000,0.036,0.32436,-0.27779,0.032
1.230,0.000,0.000,0.036,0.32436,-0.27779,0.037
1.240,0.000,0.000,0.036,0.32436,-0.27779,0.042
1.250,0.000,0.000,0.036,0.32436,-0.27779,0.042
1.260,0.000,0.000,0.036,0.32436,-0.27779,0.048
1.270,0.000,0.000,0.036,0.32436,-0.27779,0.053
1.280,0.000,0.000,0.036,0.32436,-0.27779,0.055
1.290,0.000,0.000,0.036,0.32436,-0.27779,0.061
1.300,0.000,0.000,0.036,0.32436,-0.27779,0.071
1.310,0.000,0.000,0.036,0.32436,-0.27779,0.074
1.320,0.000,0.000,0.036,0.32436,-0.27779,0.079
1.330,0.000,0.000,0.036,0.32436,-0.27779,0.085
1.340,0.000,0.000,0.036,0.32436,-0.27779,0.090
1.350,0.000,0.000,0.036,0.32436,-0.27779,0.098
1.360,0.000,0.000,0.036,0.32436,-0.27779,0.103
1.370,0.000,0.000,0.036,0.32436,-0.27779,0.114
1.380,0.000,0.000,0.036,0.32436,-0.27779,0.116
1.390,0.000,0.000,0.036,0.32436,-0.27779,0.127
1.400,0.000,0.000,0.036,0.32436,-0.27779,0.132
1.410,0.000,0.000,0.036,0.32436,-0.27779,0.140
1.420,0.000,0.000,0.036,0.32436,-0.27779,0.145
1.430,0.000,0.000,0.036,0.32436,-0.27779,0.156
1.440,0.000,0.000,0.036,0.32436,-0.27779,0.164
1.450,0.000,0.000,0.036,0.32436,-0.27779,0.169
1.460,0.000,0.000,0.036,0.32436,-0.27779,0.180
1.470,0.000,0.000,0.036,0.32436,-0.27779,0.188
1.480,0.000,0.000,0.036,0.32436,-0.27779,0.198
1.490,0.000,0.000,0.036,0.32436,-0.27779,0.206
1.500,0.000,0.000,0.036,0.32436,-0.27779,0.217
1.510,0.000,0.000,0.036,0.32436,-0.27779,0.225
1.520,0.000,0.000,0.036,0.32436,-0.27779,0.235
1.530,0.000,0.000,0.036,0.32436,-0.27779,0.243
1.540,0.000,0.000,0.036,0.32436,-0.27779,0.254
1.550,0.000,0.000,0.036,0.32436,-0.27779,0.267
1.560,0.000,0.000,0.036,0.32436,-0.27779,0.277
1.570,0.000,0.000,0.036,0.32436,-0.27779,0.285
1.580,0.000,0.000,0.036,0.32436,-0.27779,0.301
1.590,0.000,0.000,0.036,0.32436,-0.27779,0.309
1.600,0.000,0.000,0.036,0.32436,-0.27779,0.325
1.610,0.000,0.000,0.036,0.32436,-0.27779,0.333
1.620,0.000,0.000,0.036,0.32436,-0.27779,0.346
1.630,0.000,0.000,0.036,0.32436,-0.27779,0.357
1.640,0.000,0.000,0.036,0.32436,-0.27779,0.370
1.650,0.000,0.000,0.036,0.32436,-0.27779,0.386
1.660,0.000,0.000,0.036,0.32436,-0.27779,0.394
1.670,0.000,0.000,0.036,0.32436,-0.27779,0.410
1.680,0.000,0.000,0.036,0.32436,-0.27779,0.423
1.690,0.000,0.000,0.036,0.32436,-0.27779,0.436
1.700,0.000,0.000,0.036,0.32436,-0.27779,0.447
1.710,0.000,0.000,0.036,0.32436,-0.27779,0.460
1.720,0.000,0.000,0.036,0.32436,-0.27779,0.473
1.730,0.000,0.000,0.036,0.32436,-0.27779,0.489
1.740,0.000,0.000,0.036,0.32436,-0.27779,0.502
1.750,0.000,0.000,0.036,0.32436,-0.27779,0.515
1.760,0.000,0.000,0.036,0.32436,-0.27779,0.531
1.770,0.000,0.000,0.036,0.32436,-0.27779,0.544
1.780,0.000,0.000,0.036,0.32436,-0.27779,0.558
1.790,0.000,0.000,0.036,0.32436,-0.27779,0.579
1.800,0.000,0.000,0.036,0.32436,-0.27779,0.592
1.810,0.000,0.000,0.036,0.32436,-0.27779,0.605
1.820,0.000,0.000,0.036,0.32436,-0.27779,0.621
1.830,0.000,0.000,0.036,0.32436,-0.27779,0.634
1.840,0.000,0.000,0.036,0.32436,-0.27779,0.653
1.850,0.000,0.000,0.036,0.32436,-0.27779,0.666
1.860,0.000,0.000,0.036,0.32436,-0.27779,0.682
1.870,0.000,0.000,0.036,0.32436,-0.27779,0.700
1.880,0.000,0.000,0.036,0.32436,-0.27779,0.713
1.890,0.000,0.000,0.036,0.32436,-0.27779,0.727
1.900,0.000,0.000,0.036,0.32436,-0.27779,0.748
1.910,0.000,0.000,0.036,0.32436,-0.27779,0.761
1.920,0.000,0.000,0.036,0.32436,-0.27779,0.779
1.930,0.000,0.000,0.036,0.32436,-0.27779,0.793
1.940,0.000,0.000,0.036,0.32436,-0.27779,0.811
1.950,0.000,0.000,0.036,0.32436,-0.27779,0.827
1.960,0.000,0.000,0.036,0.32436,-0.27779,0.846
1.970,0.000,0.000,0.036,0.32436,-0.27779,0.859
1.980,0.000,0.000,0.036,0.32436,-0.27779,0.877
1.990,0.000,0.000,0.036,0.32436,-0.27779,0.896
2.000,0.000,0.000,0.036,0.32436,-0.27779,0.912
2.010,0.000,0.000,0.036,0.32436,-0.27779,0.930
2.020,0.000,0.000,0.036,0.32436,-0.27779,0.949
2.030,0.000,0.000,0.036,0.32436,-0.27779,0.962
2.040,0.000,0.000,0.036,0.32436,-0.27779,0.980
2.050,0.000,0.000,0.036,0.32436,-0.27779,0.999
2.060,0.000,0.000,0.036,0.32436,-0.27779,1.015
2.070,0.000,0.000,0.036,0.32436,-0.27779,1.033
2.080,0.000,0.000,0.036,0.32436,-0.27779,1.052
2.090,0.000,0.000,0.036,0.32436,-0.27779,1.070
2.100,0.000,0.000,0.036,0.32436,-0.27779,1.083
2.110,0.000,0.000,0.036,0.32436,-0.27779,1.104
2.120,0.000,0.000,0.036,0.32436,-0.27779,1.123
2.130,0.000,0.000,0.036,0.32436,-0.27779,1.141
2.140,0.000,0.000,0.036,0.32436,-0.27779,1.155
2.150,0.000,0.000,0.036,0.32436,-0.27779,1.173
2.160,0.000,0.000,0.036,0.32436,-0.27779,1.192
2.170,0.000,0.000,0.036,0.32436,-0.27779,1.210
2.180,0.000,0.000,0.036,0.32436,-0.27779,1.226
2.190,0.000,0.000,0.036,0.32436,-0.27779,1.245
2.200,0.000,0.000,0.036,0.32436,-0.27779,1.263
2.210,0.000,0.000,0.036,0.32436,-0.27779,1.282
2.220,0.000,0.000,0.036,0.32436,-0.27779,1.300
2.230,0.000,0.000,0.036,0.32436,-0.27779,1.319
2.240,0.000,0.000,0.036,0.32436,-0.27779,1.334
2.250,0.000,0.000,0.036,0.32436,-0.27779,1.353
2.260,0.000,0.000,0.036,0.32436,-0.27779,1.371
2.270,0.000,0.000,0.036,0.32436,-0.27779,1.390
2.280,0.000,0.000,0.036,0.32436,-0.27779,1.408
2.290,0.000,0.000,0.036,0.32436,-0.27779,1.427
2.300,0.000,0.000,0.036,0.32436,-0.27779,1.440
2.310,0.000,0.000,0.036,0.32436,-0.27779,1.461
2.320,0.000,0.000,0.036,0.32436,-0.27779,1.480
2.330,0.000,0.000,0.036,0.32436,-0.27779,1.498
2.340,0.000,0.000,0.036,0.32436,-0.27779,1.517
2.350,0.000,0.000,0.036,0.32436,-0.27779,1.535
2.360,0.000,0.000,0.036,0.32436,-0.27779,1.554
2.370,0.000,0.000,0.036,0.32436,-0.27779,1.567
2.380,0.000,0.000,0.036,0.32436,-0.27779,1.588
2.390,0.000,0.000,0.036,0.32436,-0.27779,1.607
2.400,0.000,0.000,0.036,0.32436,-0.27779,1.625
2.410,0.000,0.000,0.036,0.32436,-0.27779,1.644
2.420,0.000,0.000,0.036,0.32436,-0.27779,1.662
2.430,0.000,0.000,0.036,0.32436,-0.27779,1.681
2.440,0.000,0.000,0.036,0.32436,-0.27779,1.699
2.450,0.000,0.000,0.036,0.32436,-0.27779,1.718
2.460,0.000,0.000,0.036,0.32436,-0.27779,1.733
2.470,0.000,0.000,0.036,0.32436,-0.27779,1.752
2.480,0.000,0.000,0.036,0.32436,-0.27779,1.770
2.490,0.000,0.000,0.036,0.32436,-0.27779,1.789
2.500,0.000,0.000,0.036,0.32436,-0.27779,1.807
2.510,0.000,0.000,0.036,0.32436,-0.27779,1.826
2.520,0.000,0.000,0.036,0.32436,-0.27779,1.844
2.530,0.000,0.000,0.036,0.32436,-0.27779,1.863
2.540,0.000,0.000,0.036,0.32436,-0.27779,1.879
2.550,0.000,0.000,0.036,0.32436,-0.27779,1.897
2.560,0.000,0.000,0.036,0.32436,-0.27779,1.916
2.570,0.000,0.000,0.036,0.32436,-0.27779,1.934
2.580,0.000,0.000,0.036,0.32436,-0.27779,1.953
2.590,0.000,0.000,0.036,0.32436,-0.27779,1.971
2.600,0.000,0.000,0.036,0.32436,-0.27779,1.990
2.610,0.000,0.000,0.036,0.32436,-0.27779,2.008
2.620,0.000,0.000,0.036,0.32436,-0.27779,2.029
2.630,0.000,0.000,0.036,0.32436,-0.27779,2.048
2.640,0.000,0.000,0.036,0.32436,-0.27779,2.066
2.650,0.000,0.000,0.036,0.32436,-0.27779,2.085
2.660,0.000,0.000,0.036,0.32436,-0.27779,2.103
2.670,0.000,0.000,0.036,0.32436,-0.27779,2.122
2.680,0.000,0.000,0.036,0.32436,-0.27779,2.140
2.690,0.000,0.000,0.036,0.32436,-0.27779,2.159
2.700,0.000,0.000,0.036,0.32436,-0.27779,2.177
2.710,0.000,0.000,0.036,0.32436,-0.27779,2.198
2.720,0.000,0.000,0.036,0.32437,-0.27779,2.217
2.730,0.000,0.000,0.036,0.32437,-0.27779,2.235
2.740,0.000,0.000,0.036,0.32437,-0.27779,2.254
2.750,0.000,0.000,0.036,0.32437,-0.27779,2.272
2.760,0.000,0.000,0.036,0.32437,-0.27779,2.291
2.770,0.000,0.000,0.036,0.32437,-0.27779,2.309
2.780,0.000,0.000,0.036,0.32437,-0.27779,2.328
2.790,0.000,0.000,0.036,0.32437,-0.27779,2.346
2.800,0.000,0.000,0.036,0.32437,-0.27779,2.368
2.810,0.000,0.000,0.036,0.32437,-0.27779,2.386
2.820,0.000,0.000,0.036,0.32437,-0.27779,2.405
2.830,0.000,0.000,0.036,0.32437,-0.27779,2.428
2.840,0.000,0.000,0.036,0.32437,-0.27779,2.447
2.850,0.000,0.000,0.036,0.32437,-0.27779,2.465
2.860,0.000,0.000,0.036,0.32437,-0.27779,2.484
2.870,0.000,0.000,0.036,0.32437,-0.27779,2.502
2.880,0.000,0.000,0.036,0.32437,-0.27779,2.521
2.890,0.000,0.000,0.036,0.32437,-0.27779,2.539
2.900,0.000,0.000,0.036,0.32437,-0.27779,2.558
2.910,0.000,0.000,0.036,0.32437,-0.27779,2.582
2.920,0.000,0.000,0.036,0.32437,-0.27779,2.600
2.930,0.000,0.000,0.036,0.32437,-0.27779,2.619
2.940,0.000,0.000,0.036,0.32437,-0.27779,2.640
2.950,0.000,0.000,0.036,0.32437,-0.27779,2.658
2.960,0.000,0.000,0.036,0.32437,-0.27779,2.677
2.970,0.000,0.000,0.036,0.32437,-0.27779,2.695
2.980,0.000,0.000,0.036,0.32437,-0.27779,2.719
2.990,0.000,0.000,0.036,0.32437,-0.27779,2.737
3.000,0.000,0.000,0.036,0.32437,-0.27779,2.756
3.010,0.000,0.000,0.036,0.32437,-0.27779,2.774
3.020,0.000,0.000,0.036,0.32437,-0.27779,2.793
3.030,0.000,0.000,0.036,0.32437,-0.27779,2.817
3.040,0.000,0.000,0.036,0.32437,-0.27779,2.835
3.050,0.000,0.000,0.036,0.32437,-0.27779,2.854
3.060,0.000,0.000,0.036,0.32437,-0.27779,2.872
3.070,0.000,0.000,0.036,0.32437,-0.27779,2.893
3.080,0.000,0.000,0.036,0.32437,-0.27779,2.914
3.090,0.000,0.000,0.036,0.32437,-0.27779,2.936
3.100,0.000,0.000,0.036,0.32437,-0.27779,2.954
3.110,0.000,0.000,0.036,0.32437,-0.27779,2.973
3.120,0.000,0.000,0.036,0.32437,-0.27779,2.991
3.130,0.000,0.000,0.036,0.32437,-0.27779,3.010
3.140,0.000,0.000,0.036,0.32438,-0.27780,3.028
3.150,0.000,0.000,0.036,0.32438,-0.27780,3.047
3.160,0.000,0.000,0.036,0.32438,-0.27780,3.065
3.170,0.000,0.000,0.036,0.32438,-0.27780,3.084
3.180,0.000,0.000,0.036,0.32438,-0.27780,3.102
3.190,0.000,0.000,0.036,0.32438,-0.27780,3.123
3.200,0.000,0.000,0.036,0.32438,-0.27780,3.142
3.210,0.000,0.000,0.036,0.32438,-0.27780,3.160
3.220,0.000,0.000,0.036,0.32438,-0.27780,3.179
3.230,0.000,0.000,0.036,0.32438,-0.27780,3.197
3.240,0.000,0.000,0.036,0.32438,-0.27780,3.216
3.250,0.000,0.000,0.036,0.32438,-0.27780,3.229
3.260,0.000,0.000,0.036,0.32438,-0.27780,3.250
3.270,0.000,0.000,0.036,0.32438,-0.27780,3.269
3.280,0.000,0.000,0.036,0.32438,-0.27780,3.287
3.290,0.000,0.000,0.036,0.32438,-0.27780,3.306
3.300,0.000,0.000,0.036,0.32438,-0.27780,3.324
3.310,0.000,0.000,0.036,0.32438,-0.27780,3.337
3.320,0.000,0.000,0.036,0.32438,-0.27780,3.356
3.330,0.000,0.000,0.036,0.32438,-0.27780,3.377
3.340,0.000,0.000,0.036,0.32438,-0.27780,3.390
3.350,0.000,0.000,0.036,0.32439,-0.27780,3.409
3.360,0.000,0.000,0.036,0.32439,-0.27780,3.427
3.370,0.000,0.000,0.036,0.32439,-0.27780,3.446
3.380,0.000,0.000,0.036,0.32439,-0.27780,3.461
3.390,0.000,0.000,0.036,0.32439,-0.27780,3.480
3.400,0.000,0.000,0.036,0.32439,-0.27780,3.498
3.410,0.000,0.000,0.036,0.32439,-0.27780,3.512
3.420,0.000,0.000,0.036,0.32439,-0.27780,3.530
3.430,0.000,0.000,0.036,0.32439,-0.27780,3.546
3.440,0.000,0.000,0.036,0.32439,-0.27780,3.564
3.450,0.000,0.000,0.036,0.32439,-0.27780,3.578
3.460,0.000,0.000,0.036,0.32439,-0.27780,3.596
3.470,0.000,0.000,0.036,0.32439,-0.27780,3.615
3.480,0.000,0.000,0.036,0.32439,-0.27780,3.631
3.490,0.000,0.000,0.036,0.32439,-0.27780,3.649
3.500,0.000,0.000,0.036,0.32439,-0.27780,3.662
3.510,0.000,0.000,0.036,0.32439,-0.27780,3.681
3.520,0.000,0.000,0.036,0.32439,-0.27780,3.694
3.530,0.000,0.000,0.036,0.32439,-0.27780,3.710
3.540,0.000,0.000,0.036,0.32439,-0.27780,3.728
3.550,0.000,0.000,0.036,0.32440,-0.27781,3.742
3.560,0.000,0.000,0.036,0.32440,-0.27781,3.760
3.570,0.000,0.000,0.036,0.32440,-0.27781,3.776
3.580,0.000,0.000,0.036,0.32440,-0.27781,3.789
3.590,0.000,0.000,0.036,0.32440,-0.27781,3.808
3.600,0.000,0.000,0.036,0.32440,-0.27781,3.821
3.610,0.000,0.000,0.036,0.32440,-0.27781,3.837
3.620,0.000,0.000,0.036,0.32440,-0.27781,3.855
3.630,0.000,0.000,0.036,0.32440,-0.27781,3.868
3.640,0.000,0.000,0.036,0.32440,-0.27781,3.882
3.650,0.000,0.000,0.036,0.32440,-0.27781,3.903
3.660,0.000,0.000,0.036,0.32440,-0.27781,3.916
3.670,0.000,0.000,0.036,0.32440,-0.27781,3.929
3.680,0.000,0.000,0.036,0.32440,-0.27781,3.948
3.690,0.000,0.001,0.036,0.32440,-0.27781,3.963
3.700,0.000,0.001,0.036,0.32440,-0.27781,3.977
3.710,0.000,0.001,0.036,0.32440,-0.27781,3.995
3.720,0.000,0.001,0.036,0.32440,-0.27781,4.008
3.730,0.000,0.001,0.036,0.32440,-0.27781,4.024
3.740,0.000,0.001,0.036,0.32440,-0.27781,4.043
3.750,0.000,0.001,0.036,0.32440,-0.27781,4.056
3.760,0.000,0.001,0.036,0.32442,-0.27781,4.072
3.770,0.000,0.001,0.036,0.32442,-0.27781,4.090
3.780,0.000,0.001,0.036,0.32442,-0.27781,4.104
3.790,0.000,0.001,0.036,0.32442,-0.27781,4.117
3.800,0.000,0.001,0.036,0.32442,-0.27781,4.135
3.810,0.000,0.001,0.036,0.32442,-0.27781,4.151
3.820,0.000,0.001,0.036,0.32442,-0.27781,4.164
3.830,0.000,0.001,0.036,0.32442,-0.27781,4.183
3.840,0.000,0.001,0.036,0.32442,-0.27781,4.199
3.850,0.000,0.001,0.036,0.32442,-0.27781,4.217
3.860,0.000,0.001,0.036,0.32442,-0.27781,4.230
3.870,0.000,0.001,0.036,0.32442,-0.27781,4.249
3.880,0.000,0.001,0.036,0.32442,-0.27781,4.262
3.890,0.000,0.001,0.036,0.32442,-0.27781,4.281
3.900,0.000,0.001,0.036,0.32442,-0.27781,4.296
3.910,0.000,0.001,0.036,0.32442,-0.27781,4.315
3.920,0.000,0.001,0.036,0.32442,-0.27781,4.328
3.930,0.000,0.001,0.036,0.32442,-0.27781,4.347
3.940,0.000,0.001,0.036,0.32442,-0.27781,4.362
3.950,0.000,0.001,0.036,0.32442,-0.27781,4.381
3.960,0.000,0.001,0.036,0.32442,-0.27781,4.394
3.970,0.000,0.001,0.036,0.32444,-0.27782,4.413
3.980,0.000,0.001,0.036,0.32444,-0.27782,4.429
3.990,0.000,0.001,0.036,0.32444,-0.27782,4.447
4.000,0.000,0.001,0.036,0.32444,-0.27782,4.460
4.010,0.000,0.001,0.036,0.32444,-0.27782,4.479
4.020,0.000,0.001,0.036,0.32444,-0.27782,4.497
4.030,0.000,0.001,0.036,0.32444,-0.27782,4.513
4.040,0.000,0.001,0.036,0.32444,-0.27782,4.532
4.050,0.000,0.001,0.036,0.32444,-0.27782,4.550
4.060,0.000,0.001,0.036,0.32444,-0.27782,4.563
4.070,0.000,0.001,0.036,0.32444,-0.27782,4.582
4.080,0.000,0.001,0.036,0.32444,-0.27782,4.600
4.090,0.000,0.001,0.036,0.32444,-0.27782,4.616
4.100,0.000,0.001,0.036,0.32444,-0.27782,4.635
4.110,0.000,0.001,0.036,0.32444,-0.27782,4.653
4.120,0.000,0.001,0.036,0.32444,-0.27782,4.666
4.130,0.000,0.001,0.036,0.32444,-0.27782,4.685
4.140,0.000,0.001,0.036,0.32444,-0.27782,4.703
4.150,0.000,0.001,0.036,0.32444,-0.27782,4.719
4.160,0.000,0.001,0.036,0.32444,-0.27782,4.738
4.170,0.000,0.001,0.036,0.32446,-0.27782,4.756
4.180,0.000,0.001,0.036,0.32446,-0.27782,4.769
4.190,0.000,0.001,0.036,0.32446,-0.27782,4.788
4.200,0.000,0.001,0.036,0.32446,-0.27782,4.806
4.210,0.000,0.001,0.036,0.32446,-0.27782,4.822
4.220,0.000,0.001,0.036,0.32446,-0.27782,4.841
4.230,0.000,0.001,0.036,0.32446,-0.27782,4.859
4.240,0.000,0.001,0.036,0.32446,-0.27782,4.878
4.250,0.000,0.001,0.036,0.32446,-0.27782,4.891
4.260,0.000,0.001,0.036,0.32446,-0.27782,4.912
4.270,0.000,0.001,0.036,0.32446,-0.27782,4.931
4.280,0.000,0.001,0.036,0.32446,-0.27782,4.944
4.290,0.000,0.001,0.036,0.32446,-0.27782,4.962
4.300,0.000,0.001,0.036,0.32446,-0.27782,4.981
4.310,0.000,0.001,0.036,0.32446,-0.27782,4.999
4.320,0.000,0.001,0.036,0.32446,-0.27782,5.015
4.330,0.000,0.001,0.036,0.32446,-0.27782,5.034
4.340,0.000,0.001,0.036,0.32446,-0.27782,5.052
4.350,0.000,0.001,0.036,0.32446,-0.27782,5.065
4.360,0.000,0.001,0.036,0.32446,-0.27782,5.084
4.370,0.000,0.001,0.036,0.32448,-0.27783,5.102
4.380,0.000,0.001,0.036,0.32448,-0.27783,5.123
4.390,0.000,0.001,0.036,0.32448,-0.27783,5.137
4.400,0.000,0.001,0.036,0.32448,-0.27783,5.155
4.410,0.000,0.001,0.036,0.32448,-0.27783,5.174
4.420,0.000,0.001,0.036,0.32448,-0.27783,5.192
4.430,0.000,0.001,0.036,0.32448,-0.27783,5.208
4.440,0.000,0.001,0.036,0.32448,-0.27783,5.227
4.450,0.000,0.001,0.036,0.32448,-0.27783,5.245
4.460,0.000,0.001,0.036,0.32448,-0.27783,5.264
4.470,0.000,0.001,0.036,0.32448,-0.27783,5.282
4.480,0.000,0.001,0.036,0.32448,-0.27783,5.295
4.490,0.000,0.001,0.036,0.32448,-0.27783,5.314
4.500,0.000,0.001,0.036,0.32448,-0.27783,5.335
4.510,0.000,0.001,0.036,0.32448,-0.27783,5.353
4.520,0.000,0.001,0.036,0.32448,-0.27783,5.367
4.530,0.000,0.001,0.036,0.32448,-0.27783,5.385
4.540,0.000,0.001,0.036,0.32448,-0.27783,5.404
4.550,0.000,0.001,0.036,0.32448,-0.27783,5.422
4.560,0.000,0.001,0.036,0.32448,-0.27783,5.438
4.570,0.000,0.001,0.036,0.32451,-0.27783,5.456
4.580,0.000,0.001,0.036,0.32451,-0.27783,5.475
4.590,0.000,0.001,0.036,0.32451,-0.27783,5.493
4.600,0.000,0.001,0.036,0.32451,-0.27783,5.512
4.610,0.000,0.001,0.036,0.32451,-0.27783,5.525
4.620,0.000,0.001,0.036,0.32451,-0.27783,5.544
4.630,0.000,0.001,0.036,0.32451,-0.27783,5.565
4.640,0.000,0.001,0.036,0.32451,-0.27783,5.583
4.650,0.000,0.001,0.036,0.32451,-0.27783,5.602
4.660,0.000,0.001,0.036,0.32451,-0.27783,5.615
4.670,0.000,0.001,0.036,0.32451,-0.27783,5.633
4.680,0.000,0.001,0.036,0.32451,-0.27783,5.652
4.690,0.000,0.001,0.036,0.32451,-0.27783,5.670
4.700,0.000,0.001,0.036,0.32451,-0.27783,5.692
4.710,0.000,0.001,0.036,0.32451,-0.27783,5.705
4.720,0.000,0.001,0.036,0.32451,-0.27783,5.723
4.730,0.000,0.001,0.036,0.32451,-0.27783,5.742
4.740,0.000,0.001,0.036,0.32451,-0.27783,5.760
4.750,0.000,0.001,0.036,0.32451,-0.27783,5.776
4.760,0.000,0.001,0.036,0.32451,-0.27783,5.795
4.770,0.000,0.001,0.036,0.32455,-0.27783,5.813
4.780,0.000,0.001,0.036,0.32455,-0.27783,5.832
4.790,0.000,0.001,0.036,0.32455,-0.27783,5.845
4.800,0.000,0.001,0.036,0.32455,-0.27783,5.863
4.810,0.000,0.001,0.036,0.32455,-0.27783,5.882
4.820,0.000,0.001,0.036,0.32455,-0.27783,5.903
4.830,0.000,0.001,0.036,0.32455,-0.27783,5.916
4.840,0.000,0.001,0.036,0.32455,-0.27783,5.935
4.850,0.000,0.001,0.036,0.32455,-0.27783,5.953
4.860,0.000,0.001,0.036,0.32455,-0.27783,5.966
4.870,0.000,0.001,0.036,0.32455,-0.27783,5.985
4.880,0.000,0.001,0.036,0.32455,-0.27783,6.006
4.890,0.000,0.001,0.036,0.32455,-0.27783,6.019
4.900,0.000,0.001,0.036,0.32455,-0.27783,6.038
4.910,0.000,0.001,0.036,0.32455,-0.27783,6.056
4.920,0.000,0.001,0.036,0.32455,-0.27783,6.069
4.930,0.000,0.001,0.036,0.32455,-0.27783,6.091
4.940,0.000,0.001,0.036,0.32455,-0.27783,6.109
4.950,0.000,0.001,0.036,0.32455,-0.27783,6.122
4.960,0.000,0.001,0.036,0.32455,-0.27783,6.141
4.970,0.000,0.001,0.036,0.32459,-0.27784,6.159
4.980,0.000,0.001,0.036,0.32459,-0.27784,6.175
4.990,0.000,0.001,0.036,0.32459,-0.27784,6.194
5.000,0.000,0.001,0.036,0.32459,-0.27784,6.207
5.010,0.000,0.001,0.036,0.32459,-0.27784,6.225
5.020,0.000,0.001,0.036,0.32459,-0.27784,6.244
5.030,0.000,0.001,0.036,0.32459,-0.27784,6.260
5.040,0.000,0.001,0.036,0.32459,-0.27784,6.278
5.050,0.000,0.001,0.036,0.32459,-0.27784,6.291
5.060,0.000,0.001,0.036,0.32459,-0.27784,6.310
5.070,0.000,0.001,0.036,0.32459,-0.27784,6.323
5.080,0.000,0.001,0.036,0.32459,-0.27784,6.344
5.090,0.000,0.001,0.036,0.32459,-0.27784,6.357
5.100,0.000,0.001,0.036,0.32459,-0.27784,6.376
5.110,0.000,0.001,0.036,0.32459,-0.27784,6.389
5.120,0.000,0.001,0.036,0.32459,-0.27784,6.408
5.130,0.000,0.001,0.036,0.32459,-0.27784,6.423
5.140,0.000,0.001,0.036,0.32459,-0.27784,6.442
5.150,0.000,0.001,0.036,0.32459,-0.27784,6.455
5.160,0.000,0.001,0.036,0.32459,-0.27784,6.474
5.170,0.000,0.001,0.036,0.32463,-0.27784,6.490
5.180,0.000,0.001,0.036,0.32463,-0.27784,6.508
5.190,0.000,0.001,0.036,0.32463,-0.27784,6.521
5.200,0.000,0.001,0.036,0.32463,-0.27784,6.534
5.210,0.000,0.001,0.036,0.32463,-0.27784,6.553
5.220,0.000,0.001,0.036,0.32463,-0.27784,6.569
5.230,0.000,0.001,0.036,0.32463,-0.27784,6.587
5.240,0.000,0.001,0.036,0.32463,-0.27784,6.601
5.250,0.000,0.001,0.036,0.32463,-0.27784,6.616
5.260,0.000,0.001,0.036,0.32463,-0.27784,6.635
5.270,0.000,0.001,0.036,0.32463,-0.27784,6.648
5.280,0.000,0.001,0.036,0.32463,-0.27784,6.661
5.290,0.000,0.001,0.036,0.32463,-0.27784,6.677
5.300,0.000,0.001,0.036,0.32463,-0.27784,6.696
5.310,0.000,0.001,0.036,0.32463,-0.27784,6.709
5.320,0.000,0.001,0.036,0.32463,-0.27784,6.722
5.330,0.000,0.001,0.036,0.32463,-0.27784,6.738
5.340,0.000,0.001,0.036,0.32463,-0.27784,6.756
5.350,0.000,0.001,0.036,0.32463,-0.27784,6.770
5.360,0.000,0.001,0.036,0.32463,-0.27784,6.785
5.370,0.000,0.001,0.036,0.32468,-0.27785,6.799
5.380,0.000,0.001,0.036,0.32468,-0.27785,6.817
5.390,0.000,0.001,0.036,0.32468,-0.27785,6.830
5.400,0.000,0.001,0.036,0.32468,-0.27785,6.846
5.410,0.000,0.001,0.036,0.32468,-0.27785,6.859
5.420,0.000,0.001,0.036,0.32468,-0.27785,6.873
5.430,0.000,0.001,0.036,0.32468,-0.27785,6.891
5.440,0.000,0.001,0.036,0.32468,-0.27785,6.907
5.450,0.000,0.001,0.036,0.32468,-0.27785,6.920
5.460,0.000,0.001,0.036,0.32468,-0.27785,6.933
5.470,0.000,0.001,0.036,0.32468,-0.27785,6.949
5.480,0.000,0.001,0.036,0.32468,-0.27785,6.963
5.490,0.000,0.001,0.036,0.32468,-0.27785,6.976
5.500,0.000,0.001,0.036,0.32468,-0.27785,6.992
5.510,0.000,0.001,0.036,0.32468,-0.27785,7.010
5.520,0.000,0.001,0.036,0.32468,-0.27785,7.023
5.530,0.000,0.001,0.036,0.32468,-0.27785,7.039
5.540,0.000,0.001,0.036,0.32468,-0.27785,7.052
5.550,0.000,0.001,0.036,0.32468,-0.27785,7.066
5.560,0.000,0.001,0.036,0.32468,-0.27785,7.079
5.570,0.000,0.001,0.036,0.32474,-0.27785,7.095
5.580,0.000,0.001,0.036,0.32474,-0.27785,7.108
5.590,0.000,0.001,0.036,0.32474,-0.27785,7.121
5.600,0.000,0.001,0.036,0.32474,-0.27785,7.137
5.610,0.000,0.001,0.036,0.32474,-0.27785,7.150
5.620,0.000,0.001,0.036,0.32474,-0.27785,7.163
5.630,0.000,0.001,0.036,0.32474,-0.27785,7.179
5.640,0.000,0.001,0.036,0.32474,-0.27785,7.192
5.650,0.000,0.001,0.036,0.32474,-0.27785,7.206
5.660,0.000,0.001,0.036,0.32474,-0.27785,7.221
5.670,0.000,0.001,0.036,0.32474,-0.27785,7.235
5.680,0.000,0.001,0.036,0.32474,-0.27785,7.248
5.690,0.000,0.001,0.036,0.32474,-0.27785,7.264
5.700,0.000,0.001,0.036,0.32474,-0.27785,7.277
5.710,0.000,0.001,0.036,0.32474,-0.27785,7.288
5.720,0.000,0.001,0.036,0.32474,-0.27785,7.301
5.730,0.000,0.001,0.036,0.32474,-0.27785,7.314
5.740,0.000,0.001,0.036,0.32474,-0.27785,7.330
5.750,0.000,0.001,0.036,0.32474,-0.27785,7.343
5.760,0.000,0.001,0.036,0.32474,-0.27785,7.356
5.770,0.000,0.001,0.036,0.32480,-0.27786,7.372
5.780,0.000,0.001,0.036,0.32480,-0.27786,7.380
5.790,0.000,0.001,0.036,0.32480,-0.27786,7.396
5.800,0.000,0.001,0.036,0.32480,-0.27786,7.409
5.810,0.000,0.001,0.036,0.32480,-0.27786,7.422
5.820,0.000,0.001,0.036,0.32480,-0.27786,7.438
5.830,0.000,0.001,0.036,0.32480,-0.27786,7.446
5.840,0.000,0.001,0.036,0.32480,-0.27786,7.459
5.850,0.000,0.001,0.036,0.32480,-0.27786,7.475
5.860,0.000,0.001,0.036,0.32480,-0.27786,7.488
5.870,0.000,0.001,0.036,0.32480,-0.27786,7.499
5.880,0.000,0.001,0.036,0.32480,-0.27786,7.512
5.890,0.000,0.001,0.036,0.32480,-0.27786,7.525
5.900,0.000,0.001,0.036,0.32480,-0.27786,7.536
5.910,0.000,0.001,0.036,0.32480,-0.27786,7.549
5.920,0.000,0.001,0.036,0.32480,-0.27786,7.565
5.930,0.000,0.001,0.036,0.32480,-0.27786,7.573
5.940,0.000,0.001,0.036,0.32480,-0.27786,7.586
5.950,0.000,0.001,0.036,0.32480,-0.27786,7.602
5.960,0.000,0.001,0.036,0.32480,-0.27786,7.610
5.970,0.000,0.001,0.036,0.32487,-0.27786,7.626
5.980,0.000,0.001,0.036,0.32487,-0.27786,7.634
5.990,0.000,0.001,0.036,0.32487,-0.27786,7.647
6.000,0.000,0.001,0.036,0.32487,-0.27786,7.657
6.010,0.000,0.001,0.036,0.32487,-0.27786,7.671
6.020,0.000,0.001,0.036,0.32487,-0.27786,7.687
6.030,0.000,0.001,0.036,0.32487,-0.27786,7.694
6.040,0.000,0.001,0.036,0.32487,-0.27786,7.705
6.050,0.000,0.001,0.036,0.32487,-0.27786,7.718
6.060,0.000,0.001,0.036,0.32487,-0.27786,7.729
6.070,0.000,0.001,0.036,0.32487,-0.27786,7.742
6.080,0.000,0.001,0.036,0.32487,-0.27786,7.753
6.090,0.000,0.001,0.036,0.32487,-0.27786,7.766
6.100,0.000,0.001,0.036,0.32487,-0.27786,7.774
6.110,0.000,0.001,0.036,0.32487,-0.27786,7.784
6.120,0.000,0.001,0.036,0.32487,-0.27786,7.797
6.130,0.000,0.001,0.036,0.32487,-0.27786,7.808
6.140,0.000,0.001,0.036,0.32487,-0.27786,7.816
6.150,0.000,0.001,0.036,0.32487,-0.27786,7.832
6.160,0.000,0.001,0.036,0.32487,-0.27786,7.840
6.170,0.000,0.001,0.036,0.32494,-0.27787,7.850
6.180,0.000,0.001,0.036,0.32494,-0.27787,7.858
6.190,0.000,0.001,0.036,0.32494,-0.27787,7.874
6.200,0.000,0.001,0.036,0.32494,-0.27787,7.882
6.210,0.000,0.001,0.036,0.32494,-0.27787,7.893
6.220,0.000,0.001,0.036,0.32494,-0.27787,7.901
6.230,0.000,0.001,0.036,0.32494,-0.27787,7.911
6.240,0.000,0.001,0.036,0.32494,-0.27787,7.922
6.250,0.000,0.001,0.036,0.32494,-0.27787,7.930
6.260,0.000,0.001,0.036,0.32494,-0.27787,7.940
6.270,0.000,0.001,0.036,0.32494,-0.27787,7.948
6.280,0.000,0.001,0.036,0.32494,-0.27787,7.959
6.290,0.000,0.001,0.036,0.32494,-0.27787,7.967
6.300,0.000,0.001,0.036,0.32494,-0.27787,7.977
6.310,0.000,0.001,0.036,0.32494,-0.27787,7.985
6.320,0.000,0.001,0.036,0.32494,-0.27787,7.996
6.330,0.000,0.001,0.036,0.32494,-0.27787,8.006
6.340,0.000,0.001,0.036,0.32494,-0.27787,8.014
6.350,0.000,0.001,0.036,0.32494,-0.27787,8.025
6.360,0.000,0.001,0.036,0.32494,-0.27787,8.033
6.370,0.000,0.001,0.036,0.32502,-0.27787,8.043
6.380,0.000,0.001,0.036,0.32502,-0.27787,8.051
6.390,0.000,0.001,0.036,0.32502,-0.27787,8.056
6.400,0.000,0.001,0.036,0.32502,-0.27787,8.067
6.410,0.000,0.001,0.036,0.32502,-0.27787,8.075
6.420,0.000,0.002,0.036,0.32502,-0.27787,8.085
6.430,0.000,0.002,0.036,0.32502,-0.27787,8.091
6.440,0.000,0.002,0.036,0.32502,-0.27787,8.099
6.450,0.000,0.002,0.036,0.32502,-0.27787,8.109
6.460,0.000,0.002,0.036,0.32502,-0.27787,8.112
6.470,0.000,0.002,0.036,0.32502,-0.27787,8.122
6.480,0.000,0.002,0.036,0.32502,-0.27787,8.133
6.490,0.000,0.002,0.036,0.32502,-0.27787,8.136
6.500,0.000,0.002,0.036,0.32502,-0.27787,8.146
6.510,0.000,0.002,0.036,0.32502,-0.27787,8.152
6.520,0.000,0.002,0.036,0.32502,-0.27787,8.159
6.530,0.000,0.002,0.036,0.32502,-0.27787,8.165
6.540,0.000,0.002,0.036,0.32502,-0.27787,8.173
6.550,0.000,0.002,0.036,0.32502,-0.27787,8.178
6.560,0.000,0.002,0.036,0.32502,-0.27787,8.189
6.570,0.000,0.002,0.036,0.32511,-0.27788,8.194
6.580,0.000,0.002,0.036,0.32511,-0.27788,8.196
6.590,0.000,0.002,0.036,0.32511,-0.27788,8.207
6.600,0.000,0.002,0.036,0.32511,-0.27788,8.212
6.610,0.000,0.002,0.036,0.32511,-0.27788,8.215
6.620,0.000,0.002,0.036,0.32511,-0.27788,8.226
6.630,0.000,0.002,0.036,0.32511,-0.27788,8.231
6.640,0.000,0.002,0.036,0.32511,-0.27788,8.236
6.650,0.000,0.002,0.036,0.32511,-0.27788,8.244
6.660,0.000,0.002,0.036,0.32511,-0.27788,8.249
6.670,0.000,0.002,0.036,0.32511,-0.27788,8.255
6.680,0.000,0.002,0.036,0.32511,-0.27788,8.257
6.690,0.000,0.002,0.036,0.32511,-0.27788,8.263
6.700,0.000,0.002,0.036,0.32511,-0.27788,8.268
6.710,0.000,0.002,0.036,0.32511,-0.27788,8.273
6.720,0.000,0.002,0.036,0.32511,-0.27788,8.281
6.730,0.000,0.002,0.036,0.32511,-0.27788,8.286
6.740,0.000,0.002,0.036,0.32511,-0.27788,8.292
6.750,0.000,0.002,0.036,0.32511,-0.27788,8.297
6.760,0.000,0.002,0.036,0.32511,-0.27788,8.300
6.770,0.000,0.002,0.036,0.32521,-0.27788,8.300
6.780,0.000,0.002,0.036,0.32521,-0.27788,8.305
6.790,0.000,0.002,0.036,0.32521,-0.27788,8.310
6.800,0.000,0.002,0.036,0.32521,-0.27788,8.315
6.810,0.000,0.002,0.036,0.32521,-0.27788,8.321
6.820,0.000,0.002,0.036,0.32521,-0.27788,8.323
6.830,0.000,0.002,0.036,0.32521,-0.27788,8.329
6.840,0.000,0.002,0.036,0.32521,-0.27788,8.329
6.850,0.000,0.002,0.036,0.32521,-0.27788,8.334
6.860,0.000,0.002,0.036,0.32521,-0.27788,8.339
6.870,0.000,0.002,0.036,0.32521,-0.27788,8.339
6.880,0.000,0.002,0.036,0.32521,-0.27788,8.342
6.890,0.000,0.002,0.036,0.32521,-0.27788,8.347
6.900,0.000,0.002,0.036,0.32521,-0.27788,8.347
6.910,0.000,0.002,0.036,0.32521,-0.27788,8.352
6.920,0.000,0.002,0.036,0.32521,-0.27788,8.358
6.930,0.000,0.002,0.036,0.32521,-0.27788,8.358
6.940,0.000,0.002,0.036,0.32521,-0.27788,8.363
6.950,0.000,0.002,0.036,0.32521,-0.27788,8.363
6.960,0.000,0.002,0.036,0.32521,-0.27788,8.363
6.970,0.000,0.002,0.036,0.32531,-0.27789,8.366
6.980,0.000,0.002,0.036,0.32531,-0.27789,8.366
6.990,0.000,0.002,0.036,0.32531,-0.27789,8.366
7.000,0.000,0.002,0.036,0.32531,-0.27789,8.371
7.010,0.000,0.002,0.036,0.32531,-0.27789,8.371
7.020,0.000,0.002,0.036,0.32531,-0.27789,8.371
7.030,0.000,0.002,0.036,0.32531,-0.27789,8.376
7.040,0.000,0.002,0.036,0.32531,-0.27789,8.376
7.050,0.000,0.002,0.036,0.32531,-0.27789,8.376
7.060,0.000,0.002,0.036,0.32531,-0.27789,8.376
7.070,0.000,0.002,0.036,0.32531,-0.27789,8.376
7.080,0.000,0.002,0.036,0.32531,-0.27789,8.376
7.090,0.000,0.002,0.036,0.32531,-0.27789,8.376
7.100,0.000,0.002,0.036,0.32531,-0.27789,8.381
7.110,0.000,0.002,0.036,0.32531,-0.27789,8.381
7.120,0.000,0.002,0.036,0.32531,-0.27789,8.381
7.130,0.000,0.002,0.036,0.32531,-0.27789,8.381
7.140,0.000,0.002,0.036,0.32531,-0.27789,8.376
7.150,0.000,0.002,0.036,0.32531,-0.27789,8.376
7.160,0.000,0.002,0.036,0.32531,-0.27789,8.376
7.170,0.000,0.002,0.036,0.32542,-0.27789,8.376
7.180,0.000,0.002,0.036,0.32542,-0.27789,8.376
7.190,0.000,0.002,0.036,0.32542,-0.27789,8.376
7.200,0.000,0.002,0.036,0.32542,-0.27789,8.376
7.210,0.000,0.002,0.036,0.32542,-0.27789,8.371
7.220,0.000,0.002,0.036,0.32542,-0.27789,8.371
7.230,0.000,0.002,0.036,0.32542,-0.27789,8.371
7.240,0.000,0.002,0.036,0.32542,-0.27789,8.366
7.250,0.000,0.002,0.036,0.32542,-0.27789,8.366
7.260,0.000,0.002,0.036,0.32542,-0.27789,8.366
7.270,0.000,0.002,0.036,0.32542,-0.27789,8.363
7.280,0.000,0.002,0.036,0.32542,-0.27789,8.363
7.290,0.000,0.002,0.036,0.32542,-0.27789,8.358
7.300,0.000,0.002,0.036,0.32542,-0.27789,8.358
7.310,0.000,0.002,0.036,0.32542,-0.27789,8.352
7.320,0.000,0.002,0.036,0.32542,-0.27789,8.352
7.330,0.000,0.002,0.036,0.32542,-0.27789,8.347
7.340,0.000,0.002,0.036,0.32542,-0.27789,8.347
7.350,0.000,0.002,0.036,0.32542,-0.27789,8.342
7.360,0.000,0.002,0.036,0.32542,-0.27789,8.342
7.370,0.000,0.002,0.036,0.32553,-0.27790,8.339
7.380,0.000,0.002,0.036,0.32553,-0.27790,8.334
7.390,0.000,0.002,0.036,0.32553,-0.27790,8.334
7.400,0.000,0.002,0.036,0.32553,-0.27790,8.329
7.410,0.000,0.002,0.036,0.32553,-0.27790,8.323
7.420,0.000,0.002,0.036,0.32553,-0.27790,8.321
7.430,0.000,0.002,0.036,0.32553,-0.27790,8.315
7.440,0.000,0.002,0.036,0.32553,-0.27790,8.315
7.450,0.000,0.002,0.036,0.32553,-0.27790,8.310
7.460,0.000,0.002,0.036,0.32553,-0.27790,8.305
7.470,0.000,0.002,0.036,0.32553,-0.27790,8.300
7.480,0.000,0.002,0.036,0.32553,-0.27790,8.297
7.490,0.000,0.002,0.036,0.32553,-0.27790,8.292
7.500,0.000,0.002,0.036,0.32553,-0.27790,8.286
7.510,0.000,0.002,0.036,0.32553,-0.27790,8.281
7.520,0.000,0.002,0.036,0.32553,-0.27790,8.278
7.530,0.000,0.002,0.036,0.32553,-0.27790,8.273
7.540,0.000,0.002,0.036,0.32553,-0.27790,8.268
7.550,0.000,0.002,0.036,0.32553,-0.27790,8.263
7.560,0.000,0.002,0.036,0.32553,-0.27790,8.257
7.570,0.000,0.002,0.036,0.32566,-0.27790,8.255
7.580,0.000,0.002,0.036,0.32566,-0.27790,8.249
7.590,0.000,0.002,0.036,0.32566,-0.27790,8.244
7.600,0.000,0.002,0.036,0.32566,-0.27790,8.239
7.610,0.000,0.002,0.036,0.32566,-0.27790,8.231
7.620,0.000,0.002,0.036,0.32566,-0.27790,8.226
7.630,0.000,0.002,0.036,0.32566,-0.27790,8.220
7.640,0.000,0.002,0.036,0.32566,-0.27790,8.215
7.650,0.000,0.002,0.036,0.32566,-0.27790,8.207
7.660,0.000,0.002,0.036,0.32566,-0.27790,8.202
7.670,0.000,0.002,0.036,0.32566,-0.27790,8.196
7.680,0.000,0.002,0.036,0.32566,-0.27790,8.194
7.690,0.000,0.002,0.036,0.32566,-0.27790,8.183
7.700,0.000,0.002,0.036,0.32566,-0.27790,8.178
7.710,0.000,0.002,0.036,0.32566,-0.27790,8.170
7.720,0.000,0.002,0.036,0.32566,-0.27790,8.165
7.730,0.000,0.002,0.036,0.32566,-0.27790,8.159
7.740,0.000,0.002,0.036,0.32566,-0.27790,8.152
7.750,0.000,0.002,0.036,0.32566,-0.27790,8.146
7.760,0.000,0.002,0.036,0.32566,-0.27790,8.136
7.770,0.000,0.002,0.036,0.32579,-0.27791,8.133
7.780,0.000,0.002,0.036,0.32579,-0.27791,8.122
7.790,0.000,0.002,0.036,0.32579,-0.27791,8.117
7.800,0.000,0.002,0.036,0.32579,-0.27791,8.109
7.810,0.000,0.002,0.036,0.32579,-0.27791,8.104
7.820,0.000,0.002,0.036,0.32579,-0.27791,8.093
7.830,0.000,0.002,0.036,0.32579,-0.27791,8.091
7.840,0.000,0.002,0.036,0.32579,-0.27791,8.080
7.850,0.000,0.002,0.036,0.32579,-0.27791,8.070
7.860,0.000,0.002,0.036,0.32579,-0.27791,8.067
7.870,0.000,0.002,0.036,0.32579,-0.27791,8.056
7.880,0.000,0.002,0.036,0.32579,-0.27791,8.051
7.890,0.000,0.002,0.036,0.32579,-0.27791,8.043
7.900,0.000,0.002,0.036,0.32579,-0.27791,8.033
7.910,0.000,0.002,0.036,0.32579,-0.27791,8.025
7.920,0.000,0.002,0.036,0.32579,-0.27791,8.019
7.930,0.000,0.002,0.036,0.32579,-0.27791,8.009
7.940,0.000,0.002,0.036,0.32579,-0.27791,8.001
7.950,0.000,0.002,0.036,0.32579,-0.27791,7.996
7.960,0.000,0.002,0.036,0.32579,-0.27791,7.985
7.970,0.000,0.002,0.036,0.32593,-0.27791,7.977
7.980,0.000,0.002,0.036,0.32593,-0.27791,7.967
7.990,0.000,0.002,0.036,0.32593,-0.27791,7.959
8.000,0.000,0.002,0.036,0.32593,-0.27791,7.953
8.010,0.000,0.002,0.036,0.32593,-0.27791,7.943
8.020,0.000,0.002,0.036,0.32593,-0.27791,7.935
8.030,0.000,0.002,0.036,0.32593,-0.27791,7.924
8.040,0.000,0.002,0.036,0.32593,-0.27791,7.916
8.050,0.000,0.002,0.036,0.32593,-0.27791,7.906
8.060,0.000,0.002,0.036,0.32593,-0.27791,7.901
8.070,0.000,0.002,0.036,0.32593,-0.27791,7.893
8.080,0.000,0.002,0.036,0.32593,-0.27791,7.882
8.090,0.000,0.002,0.036,0.32593,-0.27791,7.874
8.100,0.000,0.002,0.036,0.32593,-0.27791,7.864
8.110,0.000,0.002,0.036,0.32593,-0.27791,7.856
8.120,0.000,0.002,0.036,0.32593,-0.27791,7.845
8.130,0.000,0.002,0.036,0.32593,-0.27791,7.837
8.140,0.000,0.002,0.036,0.32593,-0.27791,7.827
8.150,0.000,0.002,0.036,0.32593,-0.27791,7.816
8.160,0.000,0.002,0.036,0.32593,-0.27791,7.808
8.170,0.000,0.002,0.036,0.32608,-0.27792,7.797
8.180,0.000,0.002,0.036,0.32608,-0.27792,7.790
8.190,0.000,0.002,0.036,0.32608,-0.27792,7.779
8.200,0.000,0.002,0.036,0.32608,-0.27792,7.771
8.210,0.000,0.002,0.036,0.32608,-0.27792,7.760
8.220,0.000,0.002,0.036,0.32608,-0.27792,7.753
8.230,0.000,0.002,0.036,0.32608,-0.27792,7.742
8.240,0.000,0.002,0.036,0.32608,-0.27792,7.731
8.250,0.000,0.002,0.036,0.32608,-0.27792,7.724
8.260,0.000,0.002,0.036,0.32608,-0.27792,7.713
8.270,0.000,0.002,0.036,0.32608,-0.27792,7.705
8.280,0.000,0.002,0.036,0.32608,-0.27792,7.694
8.290,0.000,0.002,0.036,0.32608,-0.27792,7.687
8.300,0.000,0.002,0.036,0.32608,-0.27792,7.676
8.310,0.000,0.002,0.036,0.32608,-0.27792,7.668
8.320,0.000,0.002,0.036,0.32608,-0.27792,7.657
8.330,0.000,0.002,0.036,0.32608,-0.27792,7.647
8.340,0.000,0.002,0.036,0.32608,-0.27792,7.634
8.350,0.000,0.002,0.036,0.32608,-0.27792,7.626
8.360,0.000,0.002,0.036,0.32608,-0.27792,7.615
8.370,0.000,0.002,0.036,0.32624,-0.27792,7.607
8.380,0.000,0.002,0.036,0.32624,-0.27792,7.597
8.390,0.000,0.002,0.036,0.32624,-0.27792,7.586
8.400,0.000,0.002,0.036,0.32624,-0.27792,7.578
8.410,0.000,0.002,0.036,0.32624,-0.27792,7.568
8.420,0.000,0.002,0.036,0.32624,-0.27792,7.560
8.430,0.000,0.002,0.036,0.32624,-0.27792,7.544
8.440,0.000,0.002,0.036,0.32624,-0.27792,7.536
8.450,0.000,0.002,0.036,0.32624,-0.27792,7.525
8.460,0.000,0.002,0.036,0.32624,-0.27792,7.517
8.470,0.000,0.002,0.036,0.32624,-0.27792,7.507
8.480,0.000,0.002,0.036,0.32624,-0.27792,7.499
8.490,0.000,0.002,0.036,0.32624,-0.27792,7.488
8.500,0.000,0.002,0.036,0.32624,-0.27792,7.475
8.510,0.000,0.002,0.036,0.32624,-0.27792,7.465
8.520,0.000,0.002,0.036,0.32624,-0.27792,7.457
8.530,0.000,0.002,0.036,0.32624,-0.27792,7.446
8.540,0.000,0.002,0.036,0.32624,-0.27792,7.438
8.550,0.000,0.002,0.036,0.32624,-0.27792,7.428
8.560,0.000,0.002,0.036,0.32624,-0.27792,7.417
8.570,0.000,0.002,0.036,0.32642,-0.27793,7.404
8.580,0.000,0.002,0.036,0.32642,-0.27793,7.396
8.590,0.000,0.002,0.036,0.32642,-0.27793,7.385
8.600,0.000,0.002,0.036,0.32642,-0.27793,7.375
8.610,0.000,0.002,0.036,0.32642,-0.27793,7.367
8.620,0.000,0.002,0.036,0.32642,-0.27793,7.356
8.630,0.000,0.002,0.036,0.32642,-0.27793,7.348
8.640,0.000,0.002,0.036,0.32642,-0.27793,7.332
8.650,0.000,0.002,0.036,0.32642,-0.27793,7.325
8.660,0.000,0.002,0.036,0.32642,-0.27793,7.314
8.670,0.000,0.002,0.036,0.32642,-0.27793,7.306
8.680,0.000,0.002,0.036,0.32642,-0.27793,7.295
8.690,0.000,0.002,0.036,0.32642,-0.27793,7.288
8.700,0.000,0.003,0.036,0.32642,-0.27793,7.277
8.710,0.000,0.003,0.036,0.32642,-0.27793,7.269
8.720,0.000,0.003,0.036,0.32642,-0.27793,7.253
8.730,0.000,0.003,0.036,0.32642,-0.27793,7.245
8.740,0.000,0.003,0.036,0.32642,-0.27793,7.235
8.750,0.000,0.003,0.036,0.32642,-0.27793,7.227
8.760,0.000,0.003,0.036,0.32642,-0.27793,7.216
8.770,0.000,0.003,0.036,0.32660,-0.27793,7.206
8.780,0.000,0.003,0.036,0.32660,-0.27793,7.198
8.790,0.000,0.003,0.036,0.32660,-0.27793,7.187
8.800,0.000,0.003,0.036,0.32660,-0.27793,7.179
8.810,0.000,0.003,0.036,0.32660,-0.27793,7.169
8.820,0.000,0.003,0.036,0.32660,-0.27793,7.155
8.830,0.000,0.003,0.036,0.32660,-0.27793,7.145
8.840,0.000,0.003,0.036,0.32660,-0.27793,7.137
8.850,0.000,0.003,0.036,0.32660,-0.27793,7.126
8.860,0.000,0.003,0.036,0.32660,-0.27793,7.118
8.870,0.000,0.003,0.036,0.32660,-0.27793,7.108
8.880,0.000,0.003,0.036,0.32660,-0.27793,7.100
8.890,0.000,0.003,0.036,0.32660,-0.27793,7.089
8.900,0.000,0.003,0.036,0.32660,-0.27793,7.079
8.910,0.000,0.003,0.036,0.32660,-0.27793,7.071
8.920,0.000,0.003,0.036,0.32660,-0.27793,7.060
8.930,0.000,0.003,0.036,0.32660,-0.27793,7.052
8.940,0.000,0.003,0.036,0.32660,-0.27793,7.042
8.950,0.000,0.003,0.036,0.32660,-0.27793,7.034
8.960,0.000,0.003,0.036,0.32660,-0.27793,7.023
8.970,0.000,0.003,0.036,0.32679,-0.27793,7.015
8.980,0.000,0.003,0.036,0.32679,-0.27793,7.005
8.990,0.000,0.003,0.036,0.32679,-0.27793,6.997
9.000,0.000,0.003,0.036,0.32679,-0.27793,6.986
9.010,0.000,0.003,0.036,0.32679,-0.27793,6.976
9.020,0.000,0.003,0.036,0.32679,-0.27793,6.968
9.030,0.000,0.003,0.036,0.32679,-0.27793,6.957
9.040,0.000,0.003,0.036,0.32679,-0.27793,6.949
9.050,0.000,0.003,0.036,0.32679,-0.27793,6.939
9.060,0.000,0.003,0.036,0.32679,-0.27793,6.931
9.070,0.000,0.003,0.036,0.32679,-0.27793,6.920
9.080,0.000,0.003,0.036,0.32679,-0.27793,6.912
9.090,0.000,0.003,0.036,0.32679,-0.27793,6.902
9.100,0.000,0.003,0.036,0.32679,-0.27793,6.891
9.110,0.000,0.003,0.036,0.32679,-0.27793,6.883
9.120,0.000,0.003,0.036,0.32679,-0.27793,6.873
9.130,0.001,0.003,0.036,0.32679,-0.27793,6.865
9.140,0.001,0.003,0.036,0.32679,-0.27793,6.854
9.150,0.001,0.003,0.036,0.32679,-0.27793,6.846
9.160,0.001,0.003,0.036,0.32679,-0.27793,6.836
9.170,0.001,0.003,0.036,0.32700,-0.27794,6.828
9.180,0.001,0.003,0.036,0.32700,-0.27794,6.817
9.190,0.001,0.003,0.036,0.32700,-0.27794,6.807
9.200,0.001,0.003,0.036,0.32700,-0.27794,6.799
9.210,0.001,0.003,0.036,0.32700,-0.27794,6.788
9.220,0.001,0.003,0.036,0.32700,-0.27794,6.785
9.230,0.001,0.003,0.036,0.32700,-0.27794,6.775
9.240,0.001,0.003,0.036,0.32700,-0.27794,6.764
9.250,0.001,0.003,0.036,0.32700,-0.27794,6.756
9.260,0.001,0.003,0.036,0.32700,-0.27794,6.746
9.270,0.001,0.003,0.036,0.32700,-0.27794,6.738
9.280,0.001,0.003,0.036,0.32700,-0.27794,6.727
9.290,0.001,0.003,0.036,0.32700,-0.27794,6.719
9.300,0.001,0.003,0.036,0.32700,-0.27794,6.714
9.310,0.001,0.003,0.036,0.32700,-0.27794,6.704
9.320,0.001,0.003,0.036,0.32700,-0.27794,6.696
9.330,0.001,0.003,0.036,0.32700,-0.27794,6.685
9.340,0.001,0.003,0.036,0.32700,-0.27794,6.677
9.350,0.001,0.003,0.036,0.32700,-0.27794,6.667
9.360,0.001,0.003,0.036,0.32700,-0.27794,6.661
9.370,0.001,0.003,0.036,0.32722,-0.27795,6.653
9.380,0.001,0.003,0.036,0.32722,-0.27795,6.643
9.390,0.001,0.003,0.036,0.32722,-0.27795,6.635
9.400,0.001,0.003,0.036,0.32722,-0.27795,6.624
9.410,0.001,0.003,0.036,0.32722,-0.27795,6.619
9.420,0.001,0.003,0.036,0.32722,-0.27795,6.611
9.430,0.001,0.003,0.036,0.32722,-0.27795,6.601
9.440,0.001,0.003,0.036,0.32722,-0.27795,6.593
9.450,0.001,0.003,0.036,0.32722,-0.27795,6.587
9.460,0.001,0.003,0.036,0.32722,-0.27795,6.577
9.470,0.001,0.003,0.036,0.32722,-0.27795,6.569
9.480,0.001,0.003,0.036,0.32722,-0.27795,6.558
9.490,0.001,0.003,0.036,0.32722,-0.27795,6.553
9.500,0.001,0.003,0.036,0.32722,-0.27795,6.545
9.510,0.001,0.003,0.036,0.32722,-0.27795,6.534
9.520,0.001,0.003,0.036,0.32722,-0.27795,6.532
9.530,0.001,0.003,0.036,0.32722,-0.27795,6.521
9.540,0.001,0.003,0.036,0.32722,-0.27795,6.511
9.550,0.001,0.003,0.036,0.32722,-0.27795,6.508
9.560,0.001,0.003,0.036,0.32722,-0.27795,6.497
9.570,0.001,0.003,0.036,0.32745,-0.27797,6.490
9.580,0.001,0.003,0.036,0.32745,-0.27797,6.484
9.590,0.001,0.003,0.036,0.32745,-0.27797,6.474
9.600,0.001,0.003,0.036,0.32745,-0.27797,6.471
9.610,0.001,0.003,0.036,0.32745,-0.27797,6.460
9.620,0.001,0.003,0.036,0.32745,-0.27797,6.455
9.630,0.001,0.003,0.036,0.32745,-0.27797,6.447
9.640,0.002,0.003,0.036,0.32745,-0.27797,6.437
9.650,0.002,0.003,0.036,0.32745,-0.27797,6.431
9.660,0.002,0.003,0.036,0.32745,-0.27797,6.423
9.670,0.002,0.003,0.036,0.32745,-0.27797,6.418
9.680,0.002,0.003,0.036,0.32745,-0.27797,6.413
9.690,0.002,0.003,0.036,0.32745,-0.27797,6.405
9.700,0.002,0.003,0.036,0.32745,-0.27797,6.400
9.710,0.002,0.003,0.036,0.32745,-0.27797,6.389
9.720,0.002,0.003,0.036,0.32745,-0.27797,6.386
9.730,0.002,0.003,0.036,0.32745,-0.27797,6.376
9.740,0.002,0.003,0.036,0.32745,-0.27797,6.371
9.750,0.002,0.003,0.036,0.32745,-0.27797,6.365
9.760,0.002,0.003,0.036,0.32745,-0.27797,6.357
9.770,0.002,0.003,0.036,0.32770,-0.27800,6.352
9.780,0.002,0.003,0.036,0.32770,-0.27800,6.344
9.790,0.002,0.003,0.036,0.32770,-0.27800,6.339
9.800,0.002,0.003,0.036,0.32770,-0.27800,6.334
9.810,0.002,0.003,0.036,0.32770,-0.27800,6.328
9.820,0.002,0.003,0.036,0.32770,-0.27800,6.320
9.830,0.002,0.003,0.036,0.32770,-0.27800,6.315
9.840,0.002,0.003,0.036,0.32770,-0.27800,6.310
9.850,0.002,0.003,0.036,0.32770,-0.27800,6.302
9.860,0.002,0.003,0.036,0.32770,-0.27800,6.297
9.870,0.002,0.003,0.036,0.32770,-0.27800,6.291
9.880,0.002,0.003,0.036,0.32770,-0.27800,6.286
9.890,0.002,0.003,0.036,0.32770,-0.27800,6.281
9.900,0.002,0.003,0.036,0.32770,-0.27800,6.273
9.910,0.002,0.003,0.036,0.32770,-0.27800,6.268
9.920,0.002,0.003,0.036,0.32770,-0.27800,6.262
9.930,0.002,0.003,0.036,0.32770,-0.27800,6.260
9.940,0.002,0.003,0.036,0.32770,-0.27800,6.254
9.950,0.002,0.003,0.036,0.32770,-0.27800,6.249
9.960,0.002,0.003,0.036,0.32770,-0.27800,6.239
9.970,0.003,0.003,0.036,0.32796,-0.27803,6.236
9.980,0.003,0.003,0.036,0.32796,-0.27803,6.231
9.990,0.003,0.003,0.036,0.32796,-0.27803,6.225
10.000,0.003,0.003,0.036,0.32796,-0.27803,6.220
10.010,0.003,0.003,0.036,0.32796,-0.27803,6.217
10.020,0.003,0.003,0.036,0.32796,-0.27803,6.212
10.030,0.003,0.003,0.036,0.32796,-0.27803,6.207
10.040,0.003,0.003,0.036,0.32796,-0.27803,6.202
10.050,0.003,0.003,0.036,0.32796,-0.27803,6.196
10.060,0.003,0.003,0.036,0.32796,-0.27803,6.194
10.070,0.003,0.003,0.036,0.32796,-0.27803,6.188
10.080,0.003,0.003,0.036,0.32796,-0.27803,6.183
10.090,0.003,0.003,0.036,0.32796,-0.27803,6.178
10.100,0.003,0.003,0.036,0.32796,-0.27803,6.178
10.110,0.003,0.003,0.036,0.32796,-0.27803,6.175
10.120,0.003,0.003,0.036,0.32796,-0.27803,6.170
10.130,0.003,0.003,0.036,0.32796,-0.27803,6.165
10.140,0.003,0.003,0.036,0.32796,-0.27803,6.159
10.150,0.003,0.003,0.036,0.32796,-0.27803,6.154
10.160,0.003,0.003,0.036,0.32796,-0.27803,6.151
10.170,0.003,0.003,0.036,0.32823,-0.27809,6.151
10.180,0.003,0.003,0.036,0.32823,-0.27809,6.146
10.190,0.003,0.003,0.036,0.32823,-0.27809,6.141
10.200,0.003,0.003,0.036,0.32823,-0.27809,6.135
10.210,0.003,0.003,0.036,0.32823,-0.27809,6.133
10.220,0.003,0.003,0.036,0.32823,-0.27809,6.133
10.230,0.003,0.003,0.036,0.32823,-0.27809,6.128
10.240,0.003,0.003,0.036,0.32823,-0.27809,6.122
10.250,0.004,0.003,0.036,0.32823,-0.27809,6.117
10.260,0.004,0.003,0.036,0.32823,-0.27809,6.117
10.270,0.004,0.003,0.036,0.32823,-0.27809,6.112
10.280,0.004,0.003,0.036,0.32823,-0.27809,6.109
10.290,0.004,0.003,0.036,0.32823,-0.27809,6.109
10.300,0.004,0.003,0.036,0.32823,-0.27809,6.104
10.310,0.004,0.003,0.036,0.32823,-0.27809,6.098
10.320,0.004,0.003,0.036,0.32823,-0.27809,6.098
10.330,0.004,0.003,0.036,0.32823,-0.27809,6.093
10.340,0.004,0.003,0.036,0.32823,-0.27809,6.093
10.350,0.004,0.003,0.036,0.32823,-0.27809,6.091
10.360,0.004,0.003,0.036,0.32823,-0.27809,6.091
10.370,0.004,0.003,0.036,0.32852,-0.27817,6.085
10.380,0.004,0.003,0.036,0.32852,-0.27817,6.080
10.390,0.004,0.003,0.036,0.32852,-0.27817,6.080
10.400,0.004,0.003,0.036,0.32852,-0.27817,6.075
10.410,0.004,0.003,0.036,0.32852,-0.27817,6.075
10.420,0.004,0.003,0.036,0.32852,-0.27817,6.069
10.430,0.004,0.003,0.036,0.32852,-0.27817,6.069
10.440,0.004,0.003,0.036,0.32852,-0.27817,6.067
10.450,0.004,0.003,0.036,0.32852,-0.27817,6.067
10.460,0.004,0.003,0.036,0.32852,-0.27817,6.061
10.470,0.004,0.003,0.036,0.32852,-0.27817,6.061
10.480,0.004,0.003,0.036,0.32852,-0.27817,6.061
10.490,0.005,0.003,0.036,0.32852,-0.27817,6.056
10.500,0.005,0.003,0.036,0.32852,-0.27817,6.056
10.510,0.005,0.003,0.036,0.32852,-0.27817,6.051
10.520,0.005,0.003,0.036,0.32852,-0.27817,6.051
10.530,0.005,0.003,0.036,0.32852,-0.27817,6.051
10.540,0.005,0.003,0.036,0.32852,-0.27817,6.048
10.550,0.005,0.003,0.036,0.32852,-0.27817,6.048
10.560,0.005,0.003,0.036,0.32852,-0.27817,6.048
10.570,0.005,0.003,0.036,0.32883,-0.27827,6.048
10.580,0.005,0.003,0.036,0.32883,-0.27827,6.043
10.590,0.005,0.003,0.036,0.32883,-0.27827,6.043
10.600,0.005,0.003,0.036,0.32883,-0.27827,6.043
10.610,0.005,0.003,0.036,0.32883,-0.27827,6.038
10.620,0.005,0.003,0.036,0.32883,-0.27827,6.038
10.630,0.005,0.003,0.036,0.32883,-0.27827,6.038
10.640,0.005,0.003,0.036,0.32883,-0.27827,6.038
10.650,0.005,0.003,0.036,0.32883,-0.27827,6.038
10.660,0.005,0.003,0.036,0.32883,-0.27827,6.032
10.670,0.005,0.003,0.036,0.32883,-0.27827,6.032
10.680,0.005,0.003,0.036,0.32883,-0.27827,6.032
10.690,0.005,0.003,0.036,0.32883,-0.27827,6.032
10.700,0.005,0.003,0.036,0.32883,-0.27827,6.032
10.710,0.005,0.003,0.036,0.32883,-0.27827,6.032
10.720,0.006,0.003,0.036,0.32883,-0.27827,6.032
10.730,0.006,0.003,0.036,0.32883,-0.27827,6.032
10.740,0.006,0.004,0.036,0.32883,-0.27827,6.032
10.750,0.006,0.004,0.036,0.32883,-0.27827,6.032
10.760,0.006,0.004,0.036,0.32883,-0.27827,6.032
10.770,0.006,0.004,0.036,0.32915,-0.27840,6.032
10.780,0.006,0.004,0.036,0.32915,-0.27840,6.032
10.790,0.006,0.004,0.036,0.32915,-0.27840,6.032
10.800,0.006,0.004,0.036,0.32915,-0.27840,6.032
10.810,0.006,0.004,0.036,0.32915,-0.27840,6.032
10.820,0.006,0.004,0.036,0.32915,-0.27840,6.032
10.830,0.006,0.004,0.036,0.32915,-0.27840,6.032
10.840,0.006,0.004,0.036,0.32915,-0.27840,6.032
10.850,0.006,0.004,0.036,0.32915,-0.27840,6.032
10.860,0.006,0.004,0.036,0.32915,-0.27840,6.032
10.870,0.006,0.004,0.036,0.32915,-0.27840,6.032
10.880,0.006,0.004,0.036,0.32915,-0.27840,6.032
10.890,0.006,0.004,0.036,0.32915,-0.27840,6.038
10.900,0.006,0.004,0.036,0.32915,-0.27840,6.038
10.910,0.006,0.004,0.036,0.32915,-0.27840,6.038
10.920,0.006,0.004,0.036,0.32915,-0.27840,6.038
10.930,0.007,0.004,0.036,0.32915,-0.27840,6.038
10.940,0.007,0.004,0.036,0.32915,-0.27840,6.038
10.950,0.007,0.004,0.036,0.32915,-0.27840,6.043
10.960,0.007,0.004,0.036,0.32915,-0.27840,6.043
10.970,0.007,0.004,0.036,0.32948,-0.27858,6.043
10.980,0.007,0.004,0.036,0.32948,-0.27858,6.043
10.990,0.007,0.004,0.036,0.32948,-0.27858,6.048
11.000,0.007,0.004,0.036,0.32948,-0.27858,6.048
11.010,0.007,0.004,0.036,0.32948,-0.27858,6.048
11.020,0.007,0.004,0.036,0.32948,-0.27858,6.051
11.030,0.007,0.004,0.036,0.32948,-0.27858,6.051
11.040,0.007,0.004,0.036,0.32948,-0.27858,6.051
11.050,0.007,0.004,0.036,0.32948,-0.27858,6.056
11.060,0.007,0.004,0.036,0.32948,-0.27858,6.056
11.070,0.007,0.004,0.036,0.32948,-0.27858,6.056
11.080,0.007,0.004,0.036,0.32948,-0.27858,6.061
11.090,0.007,0.004,0.036,0.32948,-0.27858,6.061
11.100,0.007,0.004,0.036,0.32948,-0.27858,6.067
11.110,0.007,0.004,0.036,0.32948,-0.27858,6.067
11.120,0.008,0.004,0.036,0.32948,-0.27858,6.067
11.130,0.008,0.004,0.036,0.32948,-0.27858,6.069
11.140,0.008,0.004,0.036,0.32948,-0.27858,6.069
11.150,0.008,0.004,0.036,0.32948,-0.27858,6.075
11.160,0.008,0.004,0.036,0.32948,-0.27858,6.075
11.170,0.008,0.004,0.036,0.32983,-0.27879,6.080
11.180,0.008,0.004,0.036,0.32983,-0.27879,6.080
11.190,0.008,0.004,0.036,0.32983,-0.27879,6.085
11.200,0.008,0.004,0.036,0.32983,-0.27879,6.085
11.210,0.008,0.004,0.036,0.32983,-0.27879,6.091
11.220,0.008,0.004,0.036,0.32983,-0.27879,6.093
11.230,0.008,0.004,0.036,0.32983,-0.27879,6.093
11.240,0.008,0.004,0.036,0.32983,-0.27879,6.098
11.250,0.008,0.004,0.036,0.32983,-0.27879,6.098
11.260,0.008,0.004,0.036,0.32983,-0.27879,6.104
11.270,0.008,0.004,0.036,0.32983,-0.27879,6.104
11.280,0.008,0.004,0.036,0.32983,-0.27879,6.109
11.290,0.008,0.004,0.036,0.32983,-0.27879,6.112
11.300,0.008,0.004,0.036,0.32983,-0.27879,6.112
11.310,0.009,0.004,0.036,0.32983,-0.27879,6.117
11.320,0.009,0.004,0.036,0.32983,-0.27879,6.122
11.330,0.009,0.004,0.036,0.32983,-0.27879,6.122
11.340,0.009,0.004,0.036,0.32983,-0.27879,6.128
11.350,0.009,0.004,0.036,0.32983,-0.27879,6.133
11.360,0.009,0.004,0.036,0.32983,-0.27879,6.133
11.370,0.009,0.004,0.036,0.33020,-0.27906,6.135
11.380,0.009,0.004,0.036,0.33020,-0.27906,6.141
11.390,0.009,0.004,0.036,0.33020,-0.27906,6.146
11.400,0.009,0.004,0.036,0.33020,-0.27906,6.146
11.410,0.009,0.004,0.036,0.33020,-0.27906,6.151
11.420,0.009,0.004,0.036,0.33020,-0.27906,6.154
11.430,0.009,0.004,0.036,0.33020,-0.27906,6.159
11.440,0.009,0.004,0.036,0.33020,-0.27906,6.165
11.450,0.009,0.004,0.036,0.33020,-0.27906,6.165
11.460,0.009,0.004,0.036,0.33020,-0.27906,6.170
11.470,0.009,0.004,0.036,0.33020,-0.27906,6.175
11.480,0.009,0.004,0.036,0.33020,-0.27906,6.178
11.490,0.010,0.004,0.036,0.33020,-0.27906,6.183
11.500,0.010,0.004,0.036,0.33020,-0.27906,6.183
11.510,0.010,0.004,0.036,0.33020,-0.27906,6.188
11.520,0.010,0.004,0.036,0.33020,-0.27906,6.194
11.530,0.010,0.004,0.036,0.33020,-0.27906,6.196
11.540,0.010,0.004,0.036,0.33020,-0.27906,6.202
11.550,0.010,0.004,0.036,0.33020,-0.27906,6.207
11.560,0.010,0.004,0.036,0.33020,-0.27906,6.212
11.570,0.010,0.004,0.036,0.33059,-0.27938,6.217
11.580,0.010,0.004,0.036,0.33059,-0.27938,6.217
11.590,0.010,0.004,0.036,0.33059,-0.27938,6.220
11.600,0.010,0.004,0.036,0.33059,-0.27938,6.225
11.610,0.010,0.004,0.036,0.33059,-0.27938,6.231
11.620,0.010,0.004,0.036,0.33059,-0.27938,6.236
11.630,0.010,0.004,0.036,0.33059,-0.27938,6.239
11.640,0.010,0.004,0.036,0.33059,-0.27938,6.244
11.650,0.010,0.004,0.036,0.33059,-0.27938,6.249
11.660,0.010,0.004,0.036,0.33059,-0.27938,6.254
11.670,0.011,0.004,0.036,0.33059,-0.27938,6.260
11.680,0.011,0.004,0.036,0.33059,-0.27938,6.262
11.690,0.011,0.004,0.036,0.33059,-0.27938,6.268
11.700,0.011,0.004,0.036,0.33059,-0.27938,6.273
11.710,0.011,0.004,0.036,0.33059,-0.27938,6.278
11.720,0.011,0.004,0.036,0.33059,-0.27938,6.281
11.730,0.011,0.004,0.036,0.33059,-0.27938,6.286
11.740,0.011,0.004,0.036,0.33059,-0.27938,6.291
11.750,0.011,0.004,0.036,0.33059,-0.27938,6.297
11.760,0.011,0.004,0.036,0.33059,-0.27938,6.302
11.770,0.011,0.004,0.036,0.33099,-0.27976,6.305
11.780,0.011,0.004,0.036,0.33099,-0.27976,6.310
11.790,0.011,0.004,0.036,0.33099,-0.27976,6.315
11.800,0.011,0.004,0.036,0.33099,-0.27976,6.320
11.810,0.011,0.004,0.036,0.33099,-0.27976,6.323
11.820,0.011,0.004,0.036,0.33099,-0.27976,6.328
11.830,0.012,0.004,0.036,0.33099,-0.27976,6.334
11.840,0.012,0.004,0.036,0.33099,-0.27976,6.339
11.850,0.012,0.004,0.036,0.33099,-0.27976,6.347
11.860,0.012,0.004,0.036,0.33099,-0.27976,6.352
11.870,0.012,0.004,0.036,0.33099,-0.27976,6.357
11.880,0.012,0.004,0.036,0.33099,-0.27976,6.363
11.890,0.012,0.004,0.036,0.33099,-0.27976,6.365
11.900,0.012,0.004,0.036,0.33099,-0.27976,6.371
11.910,0.012,0.004,0.036,0.33099,-0.27976,6.376
11.920,0.012,0.004,0.036,0.33099,-0.27976,6.381
11.930,0.012,0.004,0.036,0.33099,-0.27976,6.386
11.940,0.012,0.004,0.036,0.33099,-0.27976,6.394
11.950,0.012,0.004,0.036,0.33099,-0.27976,6.400
11.960,0.012,0.004,0.036,0.33099,-0.27976,6.405
11.970,0.012,0.004,0.036,0.33141,-0.28022,6.408
11.980,0.012,0.004,0.036,0.33141,-0.28022,6.413
11.990,0.013,0.004,0.036,0.33141,-0.28022,6.418
12.000,0.013,0.004,0.036,0.33141,-0.28022,6.429
12.010,0.013,0.004,0.036,0.33141,-0.28022,6.431
12.020,0.013,0.004,0.036,0.33141,-0.28022,6.437
12.030,0.013,0.004,0.036,0.33141,-0.28022,6.442
12.040,0.013,0.004,0.036,0.33141,-0.28022,6.447
12.050,0.013,0.004,0.036,0.33141,-0.28022,6.455
12.060,0.013,0.004,0.036,0.33141,-0.28022,6.460
12.070,0.013,0.004,0.036,0.33141,-0.28022,6.466
12.080,0.013,0.004,0.036,0.33141,-0.28022,6.471
12.090,0.013,0.004,0.036,0.33141,-0.28022,6.474
12.100,0.013,0.004,0.036,0.33141,-0.28022,6.484
12.110,0.013,0.004,0.036,0.33141,-0.28022,6.490
12.120,0.013,0.004,0.036,0.33141,-0.28022,6.492
12.130,0.013,0.004,0.036,0.33141,-0.28022,6.497
12.140,0.013,0.004,0.036,0.33141,-0.28022,6.503
12.150,0.013,0.004,0.036,0.33141,-0.28022,6.511
12.160,0.014,0.004,0.036,0.33141,-0.28022,6.516
12.170,0.014,0.004,0.036,0.33184,-0.28074,6.521
12.180,0.014,0.004,0.036,0.33184,-0.28074,6.527
12.190,0.014,0.004,0.036,0.33184,-0.28074,6.532
12.200,0.014,0.004,0.036,0.33184,-0.28074,6.540
12.210,0.014,0.004,0.036,0.33184,-0.28074,6.545
12.220,0.014,0.004,0.036,0.33184,-0.28074,6.550
12.230,0.014,0.004,0.036,0.33184,-0.28074,6.553
12.240,0.014,0.004,0.036,0.33184,-0.28074,6.564
12.250,0.014,0.004,0.036,0.33184,-0.28074,6.569
12.260,0.014,0.004,0.036,0.33184,-0.28074,6.574
12.270,0.014,0.004,0.036,0.33184,-0.28074,6.577
12.280,0.014,0.004,0.036,0.33184,-0.28074,6.587
12.290,0.014,0.004,0.036,0.33184,-0.28074,6.593
12.300,0.014,0.004,0.036,0.33184,-0.28074,6.595
12.310,0.015,0.004,0.036,0.33184,-0.28074,6.601
12.320,0.015,0.004,0.036,0.33184,-0.28074,6.611
12.330,0.015,0.004,0.036,0.33184,-0.28074,6.616
12.340,0.015,0.004,0.036,0.33184,-0.28074,6.619
12.350,0.015,0.004,0.036,0.33184,-0.28074,6.624
12.360,0.015,0.004,0.036,0.33184,-0.28074,6.635
12.370,0.015,0.004,0.036,0.33229,-0.28134,6.638
12.380,0.015,0.004,0.036,0.33229,-0.28134,6.643
12.390,0.015,0.004,0.036,0.33229,-0.28134,6.648
12.400,0.015,0.004,0.036,0.33229,-0.28134,6.659
12.410,0.015,0.004,0.036,0.33229,-0.28134,6.661
12.420,0.015,0.004,0.036,0.33229,-0.28134,6.667
12.430,0.015,0.004,0.036,0.33229,-0.28134,6.672
12.440,0.015,0.004,0.036,0.33229,-0.28134,6.680
12.450,0.015,0.004,0.036,0.33229,-0.28134,6.685
12.460,0.015,0.004,0.036,0.33229,-0.28134,6.690
12.470,0.016,0.004,0.036,0.33229,-0.28134,6.696
12.480,0.016,0.004,0.036,0.33229,-0.28134,6.704
12.490,0.016,0.004,0.036,0.33229,-0.28134,6.709
12.500,0.016,0.004,0.036,0.33229,-0.28134,6.714
12.510,0.016,0.004,0.036,0.33229,-0.28134,6.719
12.520,0.016,0.004,0.036,0.33229,-0.28134,6.727
12.530,0.016,0.004,0.036,0.33229,-0.28134,6.733
12.540,0.016,0.004,0.036,0.33229,-0.28134,6.738
12.550,0.016,0.004,0.036,0.33229,-0.28134,6.746
12.560,0.016,0.004,0.036,0.33229,-0.28134,6.751
12.570,0.016,0.004,0.036,0.33276,-0.28203,6.756
12.580,0.016,0.004,0.036,0.33276,-0.28203,6.762
12.590,0.016,0.004,0.036,0.33276,-0.28203,6.770
12.600,0.016,0.004,0.036,0.33276,-0.28203,6.775
12.610,0.016,0.004,0.036,0.33276,-0.28203,6.780
12.620,0.016,0.005,0.036,0.33276,-0.28203,6.785
12.630,0.016,0.005,0.036,0.33276,-0.28203,6.793
12.640,0.017,0.005,0.036,0.33276,-0.28203,6.799
12.650,0.017,0.005,0.036,0.33276,-0.28203,6.804
12.660,0.017,0.005,0.036,0.33276,-0.28203,6.807
12.670,0.017,0.005,0.036,0.33276,-0.28203,6.817
12.680,0.017,0.005,0.036,0.33276,-0.28203,6.822
12.690,0.017,0.005,0.036,0.33276,-0.28203,6.828
12.700,0.017,0.005,0.036,0.33276,-0.28203,6.830
12.710,0.017,0.005,0.036,0.33276,-0.28203,6.836
12.720,0.017,0.005,0.036,0.33276,-0.28203,6.846
12.730,0.017,0.005,0.036,0.33276,-0.28203,6.849
12.740,0.017,0.005,0.036,0.33276,-0.28203,6.854
12.750,0.017,0.005,0.036,0.33276,-0.28203,6.859
12.760,0.017,0.005,0.036,0.33276,-0.28203,6.870
12.770,0.017,0.005,0.036,0.33325,-0.28280,6.873
12.780,0.017,0.005,0.036,0.33325,-0.28280,6.878
12.790,0.017,0.005,0.036,0.33325,-0.28280,6.883
12.800,0.018,0.005,0.036,0.33325,-0.28280,6.889
12.810,0.018,0.005,0.036,0.33325,-0.28280,6.896
12.820,0.018,0.005,0.036,0.33325,-0.28280,6.902
12.830,0.018,0.005,0.036,0.33325,-0.28280,6.907
12.840,0.018,0.005,0.036,0.33325,-0.28280,6.912
12.850,0.018,0.005,0.036,0.33325,-0.28280,6.915
12.860,0.018,0.005,0.036,0.33325,-0.28280,6.926
12.870,0.018,0.005,0.036,0.33325,-0.28280,6.931
12.880,0.018,0.005,0.036,0.33325,-0.28280,6.933
12.890,0.018,0.005,0.036,0.33325,-0.28280,6.939
12.900,0.018,0.005,0.036,0.33325,-0.28280,6.944
12.910,0.018,0.005,0.036,0.33325,-0.28280,6.949
12.920,0.018,0.005,0.036,0.33325,-0.28280,6.957
12.930,0.018,0.005,0.036,0.33325,-0.28280,6.963
12.940,0.018,0.005,0.036,0.33325,-0.28280,6.968
12.950,0.019,0.005,0.036,0.33325,-0.28280,6.973
12.960,0.019,0.005,0.036,0.33325,-0.28280,6.976
12.970,0.019,0.005,0.036,0.33375,-0.28367,6.981
12.980,0.019,0.005,0.036,0.33375,-0.28367,6.986
12.990,0.019,0.005,0.036,0.33375,-0.28367,6.997
13.000,0.019,0.005,0.036,0.33375,-0.28367,7.000
13.010,0.019,0.005,0.036,0.33375,-0.28367,7.005
13.020,0.019,0.005,0.036,0.33375,-0.28367,7.010
13.030,0.019,0.005,0.036,0.33375,-0.28367,7.015
13.040,0.019,0.005,0.036,0.33375,-0.28367,7.018
13.050,0.019,0.005,0.036,0.33375,-0.28367,7.023
13.060,0.019,0.005,0.036,0.33375,-0.28367,7.029
13.070,0.019,0.005,0.036,0.33375,-0.28367,7.034
13.080,0.019,0.005,0.036,0.33375,-0.28367,7.042
13.090,0.019,0.005,0.036,0.33375,-0.28367,7.047
13.100,0.020,0.005,0.036,0.33375,-0.28367,7.052
13.110,0.020,0.005,0.036,0.33375,-0.28367,7.058
13.120,0.020,0.005,0.036,0.33375,-0.28367,7.060
13.130,0.020,0.005,0.036,0.33375,-0.28367,7.066
13.140,0.020,0.005,0.036,0.33375,-0.28367,7.071
13.150,0.020,0.005,0.036,0.33375,-0.28367,7.076
13.160,0.020,0.005,0.036,0.33375,-0.28367,7.079
13.170,0.020,0.005,0.036,0.33426,-0.28464,7.084
13.180,0.020,0.005,0.036,0.33426,-0.28464,7.089
13.190,0.020,0.005,0.036,0.33426,-0.28464,7.095
13.200,0.020,0.005,0.036,0.33426,-0.28464,7.100
13.210,0.020,0.005,0.036,0.33426,-0.28464,7.103
13.220,0.020,0.005,0.036,0.33426,-0.28464,7.108
13.230,0.020,0.005,0.036,0.33426,-0.28464,7.113
13.240,0.020,0.005,0.036,0.33426,-0.28464,7.121
13.250,0.021,0.005,0.036,0.33426,-0.28464,7.126
13.260,0.021,0.005,0.036,0.33426,-0.28464,7.132
13.270,0.021,0.005,0.036,0.33426,-0.28464,7.137
13.280,0.021,0.005,0.036,0.33426,-0.28464,7.142
13.290,0.021,0.005,0.036,0.33426,-0.28464,7.145
13.300,0.021,0.005,0.036,0.33426,-0.28464,7.150
13.310,0.021,0.005,0.036,0.33426,-0.28464,7.155
13.320,0.021,0.005,0.036,0.33426,-0.28464,7.161
13.330,0.021,0.005,0.036,0.33426,-0.28464,7.161
13.340,0.021,0.005,0.036,0.33426,-0.28464,7.163
13.350,0.021,0.005,0.036,0.33426,-0.28464,7.169
13.360,0.021,0.005,0.036,0.33426,-0.28464,7.174
13.370,0.021,0.005,0.036,0.33480,-0.28572,7.179
13.380,0.021,0.005,0.036,0.33480,-0.28572,7.184
13.390,0.021,0.005,0.036,0.33480,-0.28572,7.187
13.400,0.021,0.005,0.036,0.33480,-0.28572,7.192
13.410,0.022,0.005,0.036,0.33480,-0.28572,7.198
13.420,0.022,0.005,0.036,0.33480,-0.28572,7.203
13.430,0.022,0.005,0.036,0.33480,-0.28572,7.206
13.440,0.022,0.005,0.036,0.33480,-0.28572,7.211
13.450,0.022,0.005,0.036,0.33480,-0.28572,7.216
13.460,0.022,0.005,0.036,0.33480,-0.28572,7.221
13.470,0.022,0.005,0.036,0.33480,-0.28572,7.227
13.480,0.022,0.005,0.036,0.33480,-0.28572,7.227
13.490,0.022,0.005,0.036,0.33480,-0.28572,7.229
13.500,0.022,0.005,0.036,0.33480,-0.28572,7.235
13.510,0.022,0.005,0.036,0.33480,-0.28572,7.240
13.520,0.022,0.005,0.036,0.33480,-0.28572,7.245
13.530,0.022,0.005,0.036,0.33480,-0.28572,7.248
13.540,0.022,0.005,0.036,0.33480,-0.28572,7.253
13.550,0.023,0.005,0.036,0.33480,-0.28572,7.258
13.560,0.023,0.005,0.036,0.33480,-0.28572,7.258
13.570,0.023,0.005,0.036,0.33535,-0.28690,7.264
13.580,0.023,0.005,0.036,0.33535,-0.28690,7.269
13.590,0.023,0.005,0.036,0.33535,-0.28690,7.272
13.600,0.023,0.005,0.036,0.33535,-0.28690,7.277
13.610,0.023,0.005,0.036,0.33535,-0.28690,7.282
13.620,0.023,0.005,0.036,0.33535,-0.28690,7.288
13.630,0.023,0.005,0.036,0.33535,-0.28690,7.288
13.640,0.023,0.005,0.036,0.33535,-0.28690,7.290
13.650,0.023,0.005,0.036,0.33535,-0.28690,7.295
13.660,0.023,0.005,0.036,0.33535,-0.28690,7.301
13.670,0.023,0.005,0.036,0.33535,-0.28690,7.306
13.680,0.023,0.005,0.036,0.33535,-0.28690,7.306
13.690,0.023,0.005,0.036,0.33535,-0.28690,7.311
13.700,0.024,0.005,0.036,0.33535,-0.28690,7.314
13.710,0.024,0.005,0.036,0.33535,-0.28690,7.319
13.720,0.024,0.005,0.036,0.33535,-0.28690,7.325
13.730,0.024,0.005,0.036,0.33535,-0.28690,7.325
13.740,0.024,0.005,0.036,0.33535,-0.28690,7.330
13.750,0.024,0.005,0.036,0.33535,-0.28690,7.332
13.760,0.024,0.005,0.036,0.33535,-0.28690,7.338
13.770,0.024,0.005,0.036,0.33592,-0.28820,7.343
13.780,0.024,0.005,0.036,0.33592,-0.28820,7.343
13.790,0.024,0.005,0.036,0.33592,-0.28820,7.348
13.800,0.024,0.005,0.036,0.33592,-0.28820,7.354
13.810,0.024,0.005,0.036,0.33592,-0.28820,7.356
13.820,0.024,0.005,0.036,0.33592,-0.28820,7.356
13.830,0.024,0.005,0.036,0.33592,-0.28820,7.362
13.840,0.025,0.005,0.036,0.33592,-0.28820,7.367
13.850,0.025,0.005,0.036,0.33592,-0.28820,7.372
13.860,0.025,0.005,0.036,0.33592,-0.28820,7.372
13.870,0.025,0.005,0.036,0.33592,-0.28820,7.375
13.880,0.025,0.005,0.036,0.33592,-0.28820,7.380
13.890,0.025,0.005,0.036,0.33592,-0.28820,7.385
13.900,0.025,0.005,0.036,0.33592,-0.28820,7.385
13.910,0.025,0.005,0.036,0.33592,-0.28820,7.391
13.920,0.025,0.005,0.036,0.33592,-0.28820,7.396
13.930,0.025,0.005,0.036,0.33592,-0.28820,7.398
13.940,0.025,0.005,0.036,0.33592,-0.28820,7.398
13.950,0.025,0.005,0.036,0.33592,-0.28820,7.404
13.960,0.025,0.005,0.036,0.33592,-0.28820,7.409
13.970,0.025,0.005,0.036,0.33650,-0.28963,7.409
13.980,0.026,0.005,0.036,0.33650,-0.28963,7.414
13.990,0.026,0.005,0.036,0.33650,-0.28963,7.417
14.000,0.026,0.005,0.036,0.33650,-0.28963,7.422
14.010,0.026,0.005,0.036,0.33650,-0.28963,7.422
14.020,0.026,0.005,0.036,0.33650,-0.28963,7.428
14.030,0.026,0.005,0.036,0.33650,-0.28963,7.433
14.040,0.026,0.005,0.036,0.33650,-0.28963,7.433
14.050,0.026,0.005,0.036,0.33650,-0.28963,7.438
14.060,0.026,0.005,0.036,0.33650,-0.28963,7.441
14.070,0.026,0.005,0.036,0.33650,-0.28963,7.441
14.080,0.026,0.005,0.036,0.33650,-0.28963,7.446
14.090,0.026,0.005,0.036,0.33650,-0.28963,7.451
14.100,0.026,0.005,0.036,0.33650,-0.28963,7.451
14.110,0.026,0.005,0.036,0.33650,-0.28963,7.457
14.120,0.026,0.005,0.036,0.33650,-0.28963,7.457
14.130,0.027,0.005,0.036,0.33650,-0.28963,7.459
14.140,0.027,0.005,0.036,0.33650,-0.28963,7.465
14.150,0.027,0.005,0.036,0.33650,-0.28963,7.465
14.160,0.027,0.005,0.036,0.33650,-0.28963,7.470
14.170,0.027,0.005,0.036,0.33710,-0.29118,7.475
14.180,0.027,0.005,0.036,0.33710,-0.29118,7.475
14.190,0.027,0.005,0.036,0.33710,-0.29118,7.480
14.200,0.027,0.005,0.036,0.33710,-0.29118,7.480
14.210,0.027,0.005,0.036,0.33710,-0.29118,7.483
14.220,0.027,0.005,0.036,0.33710,-0.29118,7.488
14.230,0.027,0.005,0.036,0.33710,-0.29118,7.488
14.240,0.027,0.005,0.036,0.33710,-0.29118,7.494
14.250,0.027,0.005,0.036,0.33710,-0.29118,7.494
14.260,0.027,0.005,0.036,0.33710,-0.29118,7.499
14.270,0.028,0.005,0.036,0.33710,-0.29118,7.502
14.280,0.028,0.005,0.036,0.33710,-0.29118,7.502
14.290,0.028,0.005,0.036,0.33710,-0.29118,7.507
14.300,0.028,0.005,0.036,0.33710,-0.29118,7.507
14.310,0.028,0.005,0.036,0.33710,-0.29118,7.512
14.320,0.028,0.005,0.036,0.33710,-0.29118,7.517
14.330,0.028,0.005,0.036,0.33710,-0.29118,7.517
14.340,0.028,0.005,0.036,0.33710,-0.29118,7.523
14.350,0.028,0.005,0.036,0.33710,-0.29118,7.523
14.360,0.028,0.005,0.036,0.33710,-0.29118,7.525
14.370,0.028,0.005,0.036,0.33772,-0.29286,7.525
14.380,0.028,0.005,0.036,0.33772,-0.29286,7.531
14.390,0.028,0.005,0.036,0.33772,-0.29286,7.531
14.400,0.028,0.005,0.036,0.33772,-0.29286,7.536
14.410,0.029,0.005,0.036,0.33772,-0.29286,7.541
14.420,0.029,0.005,0.036,0.33772,-0.29286,7.541
14.430,0.029,0.005,0.036,0.33772,-0.29286,7.544
14.440,0.029,0.005,0.036,0.33772,-0.29286,7.544
14.450,0.029,0.005,0.036,0.33772,-0.29286,7.549
14.460,0.029,0.005,0.036,0.33772,-0.29286,7.549
14.470,0.029,0.005,0.036,0.33772,-0.29286,7.554
14.480,0.029,0.005,0.036,0.33772,-0.29286,7.554
14.490,0.029,0.005,0.036,0.33772,-0.29286,7.560
14.500,0.029,0.005,0.036,0.33772,-0.29286,7.560
14.510,0.029,0.005,0.036,0.33772,-0.29286,7.565
14.520,0.029,0.005,0.036,0.33772,-0.29286,7.565
14.530,0.029,0.006,0.036,0.33772,-0.29286,7.568
14.540,0.029,0.006,0.036,0.33772,-0.29286,7.568
14.550,0.030,0.006,0.036,0.33772,-0.29286,7.573
14.560,0.030,0.006,0.036,0.33772,-0.29286,7.573
14.570,0.030,0.006,0.036,0.33836,-0.29468,7.578
14.580,0.030,0.006,0.036,0.33836,-0.29468,7.578
14.590,0.030,0.006,0.036,0.33836,-0.29468,7.583
14.600,0.030,0.006,0.036,0.33836,-0.29468,7.583
14.610,0.030,0.006,0.036,0.33836,-0.29468,7.586
14.620,0.030,0.006,0.036,0.33836,-0.29468,7.586
14.630,0.030,0.006,0.036,0.33836,-0.29468,7.591
14.640,0.030,0.006,0.036,0.33836,-0.29468,7.591
14.650,0.030,0.006,0.036,0.33836,-0.29468,7.597
14.660,0.030,0.006,0.036,0.33836,-0.29468,7.597
14.670,0.030,0.006,0.036,0.33836,-0.29468,7.602
14.680,0.031,0.006,0.036,0.33836,-0.29468,7.602
14.690,0.031,0.006,0.036,0.33836,-0.29468,7.607
14.700,0.031,0.006,0.036,0.33836,-0.29468,7.607
14.710,0.031,0.006,0.036,0.33836,-0.29468,7.610
14.720,0.031,0.006,0.036,0.33836,-0.29468,7.610
14.730,0.031,0.006,0.036,0.33836,-0.29468,7.610
14.740,0.031,0.006,0.036,0.33836,-0.29468,7.615
14.750,0.031,0.006,0.036,0.33836,-0.29468,7.615
14.760,0.031,0.006,0.036,0.33836,-0.29468,7.620
14.770,0.031,0.006,0.036,0.33902,-0.29665,7.620
14.780,0.031,0.006,0.036,0.33902,-0.29665,7.626
14.790,0.031,0.006,0.036,0.33902,-0.29665,7.626
14.800,0.031,0.006,0.036,0.33902,-0.29665,7.626
14.810,0.031,0.006,0.036,0.33902,-0.29665,7.628
14.820,0.031,0.006,0.036,0.33902,-0.29665,7.628
14.830,0.032,0.006,0.036,0.33902,-0.29665,7.634
14.840,0.032,0.006,0.036,0.33902,-0.29665,7.634
14.850,0.032,0.006,0.036,0.33902,-0.29665,7.639
14.860,0.032,0.006,0.036,0.33902,-0.29665,7.639
14.870,0.032,0.006,0.036,0.33902,-0.29665,7.639
14.880,0.032,0.006,0.036,0.33902,-0.29665,7.644
14.890,0.032,0.006,0.036,0.33902,-0.29665,7.644
14.900,0.032,0.006,0.036,0.33902,-0.29665,7.647
14.910,0.032,0.006,0.036,0.33902,-0.29665,7.647
14.920,0.032,0.006,0.036,0.33902,-0.29665,7.647
14.930,0.032,0.006,0.036,0.33902,-0.29665,7.652
14.940,0.032,0.006,0.036,0.33902,-0.29665,7.652
14.950,0.032,0.006,0.036,0.33902,-0.29665,7.652
14.960,0.033,0.006,0.036,0.33902,-0.29665,7.657
14.970,0.033,0.006,0.036,0.33969,-0.29877,7.657
14.980,0.033,0.006,0.036,0.33969,-0.29877,7.663
14.990,0.033,0.006,0.036,0.33969,-0.29877,7.663
15.000,0.033,0.006,0.036,0.33969,-0.29877,7.663
15.010,0.033,0.006,0.036,0.33969,-0.29877,7.668
15.020,0.033,0.006,0.036,0.33969,-0.29877,7.668
15.030,0.033,0.006,0.036,0.33969,-0.29877,7.668
15.040,0.033,0.006,0.036,0.33969,-0.29877,7.671
15.050,0.033,0.006,0.036,0.33969,-0.29877,7.671
15.060,0.033,0.006,0.036,0.33969,-0.29877,7.671
15.070,0.033,0.006,0.036,0.33969,-0.29877,7.676
15.080,0.033,0.006,0.036,0.33969,-0.29877,7.676
15.090,0.034,0.006,0.036,0.33969,-0.29877,7.676
15.100,0.034,0.006,0.036,0.33969,-0.29877,7.681
15.110,0.034,0.006,0.036,0.33969,-0.29877,7.681
15.120,0.034,0.006,0.036,0.33969,-0.29877,7.681
15.130,0.034,0.006,0.036,0.33969,-0.29877,7.687
15.140,0.034,0.006,0.036,0.33969,-0.29877,7.687
15.150,0.034,0.006,0.036,0.33969,-0.29877,7.687
15.160,0.034,0.006,0.036,0.33969,-0.29877,7.689
15.170,0.034,0.006,0.036,0.34039,-0.30104,7.689
15.180,0.034,0.006,0.036,0.34039,-0.30104,7.689
15.190,0.034,0.006,0.036,0.34039,-0.30104,7.694
15.200,0.034,0.006,0.036,0.34039,-0.30104,7.694
15.210,0.034,0.006,0.036,0.34039,-0.30104,7.694
15.220,0.035,0.006,0.036,0.34039,-0.30104,7.700
15.230,0.035,0.006,0.036,0.34039,-0.30104,7.700
15.240,0.035,0.006,0.036,0.34039,-0.30104,7.700
15.250,0.035,0.006,0.036,0.34039,-0.30104,7.700
15.260,0.035,0.006,0.036,0.34039,-0.30104,7.705
15.270,0.035,0.006,0.036,0.34039,-0.30104,7.705
15.280,0.035,0.006,0.036,0.34039,-0.30104,7.705
15.290,0.035,0.006,0.036,0.34039,-0.30104,7.710
15.300,0.035,0.006,0.036,0.34039,-0.30104,7.710
15.310,0.035,0.006,0.036,0.34039,-0.30104,7.710
15.320,0.035,0.006,0.036,0.34039,-0.30104,7.710
15.330,0.035,0.006,0.036,0.34039,-0.30104,7.713
15.340,0.035,0.006,0.036,0.34039,-0.30104,7.713
15.350,0.036,0.006,0.036,0.34039,-0.30104,7.713
15.360,0.036,0.006,0.036,0.34039,-0.30104,7.718
15.370,0.036,0.006,0.036,0.34110,-0.30348,7.718
15.380,0.036,0.006,0.036,0.34110,-0.30348,7.718
15.390,0.036,0.006,0.036,0.34110,-0.30348,7.718
15.400,0.036,0.006,0.036,0.34110,-0.30348,7.724
15.410,0.036,0.006,0.036,0.34110,-0.30348,7.724
15.420,0.036,0.006,0.036,0.34110,-0.30348,7.724
15.430,0.036,0.006,0.036,0.34110,-0.30348,7.724
15.440,0.036,0.006,0.036,0.34110,-0.30348,7.729
15.450,0.036,0.006,0.036,0.34110,-0.30348,7.729
15.460,0.036,0.006,0.036,0.34110,-0.30348,7.729
15.470,0.036,0.006,0.036,0.34110,-0.30348,7.729
15.480,0.036,0.006,0.036,0.34110,-0.30348,7.731
15.490,0.037,0.006,0.036,0.34110,-0.30348,7.731
15.500,0.037,0.006,0.036,0.34110,-0.30348,7.731
15.510,0.037,0.006,0.036,0.34110,-0.30348,7.731
15.520,0.037,0.006,0.036,0.34110,-0.30348,7.737
15.530,0.037,0.006,0.036,0.34110,-0.30348,7.737
15.540,0.037,0.006,0.036,0.34110,-0.30348,7.737
15.550,0.037,0.006,0.036,0.34110,-0.30348,7.737
15.560,0.037,0.006,0.036,0.34110,-0.30348,7.742
15.570,0.037,0.006,0.036,0.34183,-0.30608,7.742
15.580,0.037,0.006,0.036,0.34183,-0.30608,7.742
15.590,0.037,0.006,0.036,0.34183,-0.30608,7.742
15.600,0.037,0.006,0.036,0.34183,-0.30608,7.747
15.610,0.037,0.006,0.036,0.34183,-0.30608,7.747
15.620,0.038,0.006,0.036,0.34183,-0.30608,7.747
15.630,0.038,0.006,0.036,0.34183,-0.30608,7.747
15.640,0.038,0.006,0.036,0.34183,-0.30608,7.753
15.650,0.038,0.006,0.036,0.34183,-0.30608,7.753
15.660,0.038,0.006,0.036,0.34183,-0.30608,7.753
15.670,0.038,0.006,0.036,0.34183,-0.30608,7.753
15.680,0.038,0.006,0.036,0.34183,-0.30608,7.753
15.690,0.038,0.006,0.036,0.34183,-0.30608,7.755
15.700,0.038,0.006,0.036,0.34183,-0.30608,7.755
15.710,0.038,0.006,0.036,0.34183,-0.30608,7.755
15.720,0.038,0.006,0.036,0.34183,-0.30608,7.755
15.730,0.038,0.006,0.036,0.34183,-0.30608,7.760
15.740,0.039,0.006,0.036,0.34183,-0.30608,7.760
15.750,0.039,0.006,0.036,0.34183,-0.30608,7.760
15.760,0.039,0.006,0.036,0.34183,-0.30608,7.760
15.770,0.039,0.006,0.036,0.34258,-0.30886,7.760
15.780,0.039,0.006,0.036,0.34258,-0.30886,7.766
15.790,0.039,0.006,0.036,0.34258,-0.30886,7.766
15.800,0.039,0.006,0.036,0.34258,-0.30886,7.766
15.810,0.039,0.006,0.036,0.34258,-0.30886,7.766
15.820,0.039,0.006,0.036,0.34258,-0.30886,7.766
15.830,0.039,0.006,0.036,0.34258,-0.30886,7.771
15.840,0.039,0.006,0.036,0.34258,-0.30886,7.771
15.850,0.039,0.006,0.036,0.34258,-0.30886,7.771
15.860,0.039,0.006,0.036,0.34258,-0.30886,7.771
15.870,0.040,0.006,0.036,0.34258,-0.30886,7.771
15.880,0.040,0.006,0.036,0.34258,-0.30886,7.774
15.890,0.040,0.006,0.036,0.34258,-0.30886,7.774
15.900,0.040,0.006,0.036,0.34258,-0.30886,7.774
15.910,0.040,0.006,0.036,0.34258,-0.30886,7.774
15.920,0.040,0.006,0.036,0.34258,-0.30886,7.774
15.930,0.040,0.006,0.036,0.34258,-0.30886,7.779
15.940,0.040,0.006,0.036,0.34258,-0.30886,7.779
15.950,0.040,0.006,0.036,0.34258,-0.30886,7.779
15.960,0.040,0.006,0.036,0.34258,-0.30886,7.779
15.970,0.040,0.006,0.036,0.34335,-0.31181,7.779
15.980,0.040,0.006,0.036,0.34335,-0.31181,7.784
15.990,0.040,0.006,0.036,0.34335,-0.31181,7.784
16.000,0.041,0.006,0.036,0.34335,-0.31181,7.784
16.010,0.041,0.006,0.036,0.34335,-0.31181,7.784
16.020,0.041,0.006,0.036,0.34335,-0.31181,7.784
16.030,0.041,0.006,0.036,0.34335,-0.31181,7.790
16.040,0.041,0.006,0.036,0.34335,-0.31181,7.790
16.050,0.041,0.006,0.036,0.34335,-0.31181,7.790
16.060,0.041,0.006,0.036,0.34335,-0.31181,7.790
16.070,0.041,0.006,0.036,0.34335,-0.31181,7.790
16.080,0.041,0.006,0.036,0.34335,-0.31181,7.795
16.090,0.041,0.006,0.036,0.34335,-0.31181,7.795
16.100,0.041,0.006,0.036,0.34335,-0.31181,7.795
16.110,0.041,0.006,0.036,0.34335,-0.31181,7.795
16.120,0.042,0.006,0.036,0.34335,-0.31181,7.795
16.130,0.042,0.006,0.036,0.34335,-0.31181,7.795
16.140,0.042,0.006,0.036,0.34335,-0.31181,7.797
16.150,0.042,0.006,0.036,0.34335,-0.31181,7.797
16.160,0.042,0.006,0.036,0.34335,-0.31181,7.797
16.170,0.042,0.006,0.036,0.34414,-0.31495,7.797
16.180,0.042,0.006,0.036,0.34414,-0.31495,7.797
16.190,0.042,0.006,0.036,0.34414,-0.31495,7.803
16.200,0.042,0.006,0.036,0.34414,-0.31495,7.803
16.210,0.042,0.006,0.036,0.34414,-0.31495,7.803
16.220,0.042,0.006,0.036,0.34414,-0.31495,7.803
16.230,0.042,0.006,0.036,0.34414,-0.31495,7.803
16.240,0.042,0.006,0.036,0.34414,-0.31495,7.803
16.250,0.042,0.006,0.036,0.34414,-0.31495,7.808
16.260,0.043,0.006,0.036,0.34414,-0.31495,7.808
16.270,0.043,0.006,0.036,0.34414,-0.31495,7.808
16.280,0.043,0.006,0.036,0.34414,-0.31495,7.808
16.290,0.043,0.006,0.036,0.34414,-0.31495,7.808
16.300,0.043,0.006,0.036,0.34414,-0.31495,7.813
16.310,0.043,0.006,0.036,0.34414,-0.31495,7.813
16.320,0.043,0.006,0.036,0.34414,-0.31495,7.813
16.330,0.043,0.006,0.036,0.34414,-0.31495,7.813
16.340,0.043,0.006,0.036,0.34414,-0.31495,7.813
16.350,0.043,0.006,0.036,0.34414,-0.31495,7.813
16.360,0.043,0.006,0.036,0.34414,-0.31495,7.816
16.370,0.043,0.006,0.036,0.34414,-0.31495,7.816
16.380,0.044,0.006,0.036,0.34499,-0.31845,7.816
16.390,0.044,0.006,0.036,0.34499,-0.31845,7.816
16.400,0.044,0.006,0.036,0.34499,-0.31845,7.816
16.410,0.044,0.006,0.036,0.34499,-0.31845,7.816
16.420,0.044,0.006,0.036,0.34499,-0.31845,7.821
16.430,0.044,0.006,0.036,0.34499,-0.31845,7.821
16.440,0.044,0.006,0.036,0.34499,-0.31845,7.821
16.450,0.044,0.006,0.036,0.34499,-0.31845,7.821
16.460,0.044,0.006,0.036,0.34499,-0.31845,7.821
16.470,0.044,0.007,0.036,0.34499,-0.31845,7.821
16.480,0.044,0.007,0.036,0.34499,-0.31845,7.821
16.490,0.044,0.007,0.036,0.34499,-0.31845,7.827
16.500,0.044,0.007,0.036,0.34499,-0.31845,7.827
16.510,0.045,0.007,0.036,0.34499,-0.31845,7.827
16.520,0.045,0.007,0.036,0.34499,-0.31845,7.827
16.530,0.045,0.007,0.036,0.34499,-0.31845,7.827
16.540,0.045,0.007,0.036,0.34499,-0.31845,7.827
16.550,0.045,0.007,0.036,0.34499,-0.31845,7.827
16.560,0.045,0.007,0.036,0.34499,-0.31845,7.827
16.570,0.045,0.007,0.036,0.34499,-0.31845,7.832
16.580,0.045,0.007,0.036,0.34582,-0.32198,7.832
16.590,0.045,0.007,0.036,0.34582,-0.32198,7.832
16.600,0.045,0.007,0.036,0.34582,-0.32198,7.832
16.610,0.045,0.007,0.036,0.34582,-0.32198,7.832
16.620,0.045,0.007,0.036,0.34582,-0.32198,7.832
16.630,0.046,0.007,0.036,0.34582,-0.32198,7.832
16.640,0.046,0.007,0.036,0.34582,-0.32198,7.832
16.650,0.046,0.007,0.036,0.34582,-0.32198,7.837
16.660,0.046,0.007,0.036,0.34582,-0.32198,7.837
16.670,0.046,0.007,0.036,0.34582,-0.32198,7.837
16.680,0.046,0.007,0.036,0.34582,-0.32198,7.837
16.690,0.046,0.007,0.036,0.34582,-0.32198,7.837
16.700,0.046,0.007,0.036,0.34582,-0.32198,7.837
16.710,0.046,0.007,0.036,0.34582,-0.32198,7.837
16.720,0.046,0.007,0.036,0.34582,-0.32198,7.837
16.730,0.046,0.007,0.036,0.34582,-0.32198,7.840
16.740,0.046,0.007,0.036,0.34582,-0.32198,7.840
16.750,0.046,0.007,0.036,0.34582,-0.32198,7.840
16.760,0.047,0.007,0.036,0.34582,-0.32198,7.840
16.770,0.047,0.007,0.036,0.34582,-0.32198,7.840
16.780,0.047,0.007,0.036,0.34582,-0.32198,7.840
16.790,0.047,0.007,0.036,0.34671,-0.32591,7.840
16.800,0.047,0.007,0.036,0.34671,-0.32591,7.840
16.810,0.047,0.007,0.036,0.34671,-0.32591,7.840
16.820,0.047,0.007,0.036,0.34671,-0.32591,7.840
16.830,0.047,0.007,0.036,0.34671,-0.32591,7.845
16.840,0.047,0.007,0.036,0.34671,-0.32591,7.845
16.850,0.047,0.007,0.036,0.34671,-0.32591,7.845
16.860,0.047,0.007,0.036,0.34671,-0.32591,7.845
16.870,0.047,0.007,0.036,0.34671,-0.32591,7.845
16.880,0.047,0.007,0.036,0.34671,-0.32591,7.845
16.890,0.048,0.007,0.036,0.34671,-0.32591,7.845
16.900,0.048,0.007,0.036,0.34671,-0.32591,7.845
16.910,0.048,0.007,0.036,0.34671,-0.32591,7.845
16.920,0.048,0.007,0.036,0.34671,-0.32591,7.850
16.930,0.048,0.007,0.036,0.34671,-0.32591,7.850
16.940,0.048,0.007,0.036,0.34671,-0.32591,7.850
16.950,0.048,0.007,0.036,0.34671,-0.32591,7.850
16.960,0.048,0.007,0.036,0.34671,-0.32591,7.850
16.970,0.048,0.007,0.036,0.34671,-0.32591,7.850
16.980,0.048,0.007,0.036,0.34671,-0.32591,7.850
16.990,0.048,0.007,0.036,0.34758,-0.32985,7.850
17.000,0.048,0.007,0.036,0.34758,-0.32985,7.850
17.010,0.049,0.007,0.036,0.34758,-0.32985,7.856
17.020,0.049,0.007,0.036,0.34758,-0.32985,7.856
17.030,0.049,0.007,0.036,0.34758,-0.32985,7.856
17.040,0.049,0.007,0.036,0.34758,-0.32985,7.856
17.050,0.049,0.007,0.036,0.34758,-0.32985,7.856
17.060,0.049,0.007,0.036,0.34758,-0.32985,7.856
17.070,0.049,0.007,0.036,0.34758,-0.32985,7.856
17.080,0.049,0.007,0.036,0.34758,-0.32985,7.856
17.090,0.049,0.007,0.036,0.34758,-0.32985,7.858
17.100,0.049,0.007,0.036,0.34758,-0.32985,7.858
17.110,0.049,0.007,0.036,0.34758,-0.32985,7.858
17.120,0.049,0.007,0.036,0.34758,-0.32985,7.858
17.130,0.049,0.007,0.036,0.34758,-0.32985,7.858
17.140,0.050,0.007,0.036,0.34758,-0.32985,7.858
17.150,0.050,0.007,0.036,0.34758,-0.32985,7.858
17.160,0.050,0.007,0.036,0.34758,-0.32985,7.858
17.170,0.050,0.007,0.036,0.34758,-0.32985,7.864
17.180,0.050,0.007,0.036,0.34758,-0.32985,7.864
17.190,0.050,0.007,0.036,0.34758,-0.32985,7.864
17.200,0.050,0.007,0.036,0.34852,-0.33422,7.864
17.210,0.050,0.007,0.036,0.34852,-0.33422,7.864
17.220,0.050,0.007,0.036,0.34852,-0.33422,7.864
17.230,0.050,0.007,0.036,0.34852,-0.33422,7.864
17.240,0.050,0.007,0.036,0.34852,-0.33422,7.869
17.250,0.050,0.007,0.036,0.34852,-0.33422,7.869
17.260,0.051,0.007,0.036,0.34852,-0.33422,7.869
17.270,0.051,0.007,0.036,0.34852,-0.33422,7.869
17.280,0.051,0.007,0.036,0.34852,-0.33422,7.869
17.290,0.051,0.007,0.036,0.34852,-0.33422,7.869
17.300,0.051,0.007,0.036,0.34852,-0.33422,7.869
17.310,0.051,0.007,0.036,0.34852,-0.33422,7.874
17.320,0.051,0.007,0.036,0.34852,-0.33422,7.874
17.330,0.051,0.007,0.036,0.34852,-0.33422,7.874
17.340,0.051,0.007,0.036,0.34852,-0.33422,7.874
17.350,0.051,0.007,0.036,0.34852,-0.33422,7.874
17.360,0.051,0.007,0.036,0.34852,-0.33422,7.874
17.370,0.051,0.007,0.036,0.34852,-0.33422,7.874
17.380,0.052,0.007,0.036,0.34852,-0.33422,7.879
17.390,0.052,0.007,0.036,0.34852,-0.33422,7.879
17.400,0.052,0.007,0.036,0.34943,-0.33861,7.879
17.410,0.052,0.007,0.036,0.34943,-0.33861,7.879
17.420,0.052,0.007,0.036,0.34943,-0.33861,7.879
17.430,0.052,0.007,0.036,0.34943,-0.33861,7.879
17.440,0.052,0.007,0.036,0.34943,-0.33861,7.882
17.450,0.052,0.007,0.036,0.34943,-0.33861,7.882
17.460,0.052,0.007,0.036,0.34943,-0.33861,7.882
17.470,0.052,0.007,0.036,0.34943,-0.33861,7.882
17.480,0.052,0.007,0.036,0.34943,-0.33861,7.882
17.490,0.052,0.007,0.036,0.34943,-0.33861,7.882
17.500,0.052,0.007,0.036,0.34943,-0.33861,7.887
17.510,0.053,0.007,0.036,0.34943,-0.33861,7.887
17.520,0.053,0.007,0.036,0.34943,-0.33861,7.887
17.530,0.053,0.007,0.036,0.34943,-0.33861,7.887
17.540,0.053,0.007,0.036,0.34943,-0.33861,7.887
17.550,0.053,0.007,0.036,0.34943,-0.33861,7.887
17.560,0.053,0.007,0.036,0.34943,-0.33861,7.893
17.570,0.053,0.007,0.036,0.34943,-0.33861,7.893
17.580,0.053,0.007,0.036,0.34943,-0.33861,7.893
17.590,0.053,0.007,0.036,0.34943,-0.33861,7.893
17.600,0.053,0.007,0.036,0.34943,-0.33861,7.893
17.610,0.053,0.007,0.036,0.35041,-0.34345,7.893
17.620,0.053,0.007,0.036,0.35041,-0.34345,7.898
17.630,0.054,0.007,0.036,0.35041,-0.34345,7.898
17.640,0.054,0.007,0.036,0.35041,-0.34345,7.898
17.650,0.054,0.007,0.036,0.35041,-0.34345,7.898
17.660,0.054,0.007,0.036,0.35041,-0.34345,7.898
17.670,0.054,0.007,0.036,0.35041,-0.34345,7.901
17.680,0.054,0.007,0.036,0.35041,-0.34345,7.901
17.690,0.054,0.007,0.036,0.35041,-0.34345,7.901
17.700,0.054,0.007,0.036,0.35041,-0.34345,7.901
17.710,0.054,0.007,0.036,0.35041,-0.34345,7.901
17.720,0.054,0.007,0.036,0.35041,-0.34345,7.901
17.730,0.054,0.007,0.036,0.35041,-0.34345,7.906
17.740,0.055,0.007,0.036,0.35041,-0.34345,7.906
17.750,0.055,0.007,0.036,0.35041,-0.34345,7.906
17.760,0.055,0.007,0.036,0.35041,-0.34345,7.906
17.770,0.055,0.007,0.036,0.35041,-0.34345,7.906
17.780,0.055,0.007,0.036,0.35041,-0.34345,7.911
17.790,0.055,0.007,0.036,0.35041,-0.34345,7.911
17.800,0.055,0.007,0.036,0.35041,-0.34345,7.911
17.810,0.055,0.007,0.036,0.35136,-0.34830,7.911
17.820,0.055,0.007,0.036,0.35136,-0.34830,7.911
17.830,0.055,0.007,0.036,0.35136,-0.34830,7.916
17.840,0.055,0.007,0.036,0.35136,-0.34830,7.916
17.850,0.055,0.007,0.036,0.35136,-0.34830,7.916
17.860,0.055,0.007,0.036,0.35136,-0.34830,7.916
17.870,0.056,0.007,0.036,0.35136,-0.34830,7.916
17.880,0.056,0.007,0.036,0.35136,-0.34830,7.916
17.890,0.056,0.007,0.036,0.35136,-0.34830,7.922
17.900,0.056,0.007,0.036,0.35136,-0.34830,7.922
17.910,0.056,0.007,0.036,0.35136,-0.34830,7.922
17.920,0.056,0.007,0.036,0.35136,-0.34830,7.922
17.930,0.056,0.007,0.036,0.35136,-0.34830,7.922
17.940,0.056,0.007,0.036,0.35136,-0.34830,7.924
17.950,0.056,0.007,0.036,0.35136,-0.34830,7.924
17.960,0.056,0.007,0.036,0.35136,-0.34830,7.924
17.970,0.056,0.007,0.036,0.35136,-0.34830,7.924
17.980,0.056,0.007,0.036,0.35136,-0.34830,7.924
17.990,0.057,0.007,0.036,0.35136,-0.34830,7.930
18.000,0.057,0.007,0.036,0.35136,-0.34830,7.930
18.010,0.057,0.007,0.036,0.35136,-0.34830,7.930
18.020,0.057,0.007,0.036,0.35239,-0.35364,7.930
18.030,0.057,0.007,0.036,0.35239,-0.35364,7.930
18.040,0.057,0.007,0.036,0.35239,-0.35364,7.935
18.050,0.057,0.007,0.036,0.35239,-0.35364,7.935
18.060,0.057,0.007,0.036,0.35239,-0.35364,7.935
18.070,0.057,0.007,0.036,0.35239,-0.35364,7.935
18.080,0.057,0.007,0.036,0.35239,-0.35364,7.935
18.090,0.057,0.007,0.036,0.35239,-0.35364,7.940
18.100,0.057,0.007,0.036,0.35239,-0.35364,7.940
18.110,0.057,0.007,0.036,0.35239,-0.35364,7.940
18.120,0.058,0.007,0.036,0.35239,-0.35364,7.940
18.130,0.058,0.007,0.036,0.35239,-0.35364,7.940
18.140,0.058,0.007,0.036,0.35239,-0.35364,7.943
18.150,0.058,0.007,0.036,0.35239,-0.35364,7.943
18.160,0.058,0.007,0.036,0.35239,-0.35364,7.943
18.170,0.058,0.007,0.036,0.35239,-0.35364,7.943
18.180,0.058,0.007,0.036,0.35239,-0.35364,7.943
18.190,0.058,0.007,0.036,0.35239,-0.35364,7.948
18.200,0.058,0.007,0.036,0.35239,-0.35364,7.948
18.210,0.058,0.007,0.036,0.35239,-0.35364,7.948
18.220,0.058,0.007,0.036,0.35339,-0.35896,7.948
18.230,0.058,0.007,0.036,0.35339,-0.35896,7.953
18.240,0.059,0.007,0.036,0.35339,-0.35896,7.953
18.250,0.059,0.007,0.036,0.35339,-0.35896,7.953
18.260,0.059,0.007,0.036,0.35339,-0.35896,7.953
18.270,0.059,0.007,0.036,0.35339,-0.35896,7.953
18.280,0.059,0.007,0.036,0.35339,-0.35896,7.959
18.290,0.059,0.007,0.036,0.35339,-0.35896,7.959
18.300,0.059,0.007,0.036,0.35339,-0.35896,7.959
18.310,0.059,0.007,0.036,0.35339,-0.35896,7.959
18.320,0.059,0.007,0.036,0.35339,-0.35896,7.959
18.330,0.059,0.007,0.036,0.35339,-0.35896,7.964
18.340,0.059,0.007,0.036,0.35339,-0.35896,7.964
18.350,0.059,0.007,0.036,0.35339,-0.35896,7.964
18.360,0.060,0.007,0.036,0.35339,-0.35896,7.964
18.370,0.060,0.007,0.036,0.35339,-0.35896,7.967
18.380,0.060,0.008,0.036,0.35339,-0.35896,7.967
18.390,0.060,0.008,0.036,0.35339,-0.35896,7.967
18.400,0.060,0.008,0.036,0.35339,-0.35896,7.967
18.410,0.060,0.008,0.036,0.35339,-0.35896,7.967
18.420,0.060,0.008,0.036,0.35339,-0.35896,7.972
18.430,0.060,0.008,0.036,0.35446,-0.36480,7.972
18.440,0.060,0.008,0.036,0.35446,-0.36480,7.972
18.450,0.060,0.008,0.036,0.35446,-0.36480,7.972
18.460,0.060,0.008,0.036,0.35446,-0.36480,7.977
18.470,0.060,0.008,0.036,0.35446,-0.36480,7.977
18.480,0.061,0.008,0.036,0.35446,-0.36480,7.977
18.490,0.061,0.008,0.036,0.35446,-0.36480,7.977
18.500,0.061,0.008,0.036,0.35446,-0.36480,7.977
18.510,0.061,0.008,0.036,0.35446,-0.36480,7.982
18.520,0.061,0.008,0.036,0.35446,-0.36480,7.982
18.530,0.061,0.008,0.036,0.35446,-0.36480,7.982
18.540,0.061,0.008,0.036,0.35446,-0.36480,7.982
18.550,0.061,0.008,0.036,0.35446,-0.36480,7.985
18.560,0.061,0.008,0.036,0.35446,-0.36480,7.985
18.570,0.061,0.008,0.036,0.35446,-0.36480,7.985
18.580,0.061,0.008,0.036,0.35446,-0.36480,7.985
18.590,0.061,0.008,0.036,0.35446,-0.36480,7.985
18.600,0.062,0.008,0.036,0.35446,-0.36480,7.990
18.610,0.062,0.008,0.036,0.35446,-0.36480,7.990
18.620,0.062,0.008,0.036,0.35446,-0.36480,7.990
18.630,0.062,0.008,0.036,0.35550,-0.37062,7.990
18.640,0.062,0.008,0.036,0.35550,-0.37062,7.996
18.650,0.062,0.008,0.036,0.35550,-0.37062,7.996
18.660,0.062,0.008,0.036,0.35550,-0.37062,7.996
18.670,0.062,0.008,0.036,0.35550,-0.37062,7.996
18.680,0.062,0.008,0.036,0.35550,-0.37062,8.001
18.690,0.062,0.008,0.036,0.35550,-0.37062,8.001
18.700,0.062,0.008,0.036,0.35550,-0.37062,8.001
18.710,0.062,0.008,0.036,0.35550,-0.37062,8.001
18.720,0.063,0.008,0.036,0.35550,-0.37062,8.006
18.730,0.063,0.008,0.036,0.35550,-0.37062,8.006
18.740,0.063,0.008,0.036,0.35550,-0.37062,8.006
18.750,0.063,0.008,0.036,0.35550,-0.37062,8.006
18.760,0.063,0.008,0.036,0.35550,-0.37062,8.009
18.770,0.063,0.008,0.036,0.35550,-0.37062,8.009
18.780,0.063,0.008,0.036,0.35550,-0.37062,8.009
18.790,0.063,0.008,0.036,0.35550,-0.37062,8.009
18.800,0.063,0.008,0.036,0.35550,-0.37062,8.014
18.810,0.063,0.008,0.036,0.35550,-0.37062,8.014
18.820,0.063,0.008,0.036,0.35550,-0.37062,8.014
18.830,0.063,0.008,0.036,0.35550,-0.37062,8.014
18.840,0.063,0.008,0.036,0.35661,-0.37699,8.019
18.850,0.064,0.008,0.036,0.35661,-0.37699,8.019
18.860,0.064,0.008,0.036,0.35661,-0.37699,8.019
18.870,0.064,0.008,0.036,0.35661,-0.37699,8.025
18.880,0.064,0.008,0.036,0.35661,-0.37699,8.025
18.890,0.064,0.008,0.036,0.35661,-0.37699,8.025
18.900,0.064,0.008,0.036,0.35661,-0.37699,8.025
18.910,0.064,0.008,0.036,0.35661,-0.37699,8.027
18.920,0.064,0.008,0.036,0.35661,-0.37699,8.027
18.930,0.064,0.008,0.036,0.35661,-0.37699,8.027
18.940,0.064,0.008,0.036,0.35661,-0.37699,8.033
18.950,0.064,0.008,0.036,0.35661,-0.37699,8.033
18.960,0.064,0.008,0.036,0.35661,-0.37699,8.033
18.970,0.065,0.008,0.036,0.35661,-0.37699,8.033
18.980,0.065,0.008,0.036,0.35661,-0.37699,8.038
18.990,0.065,0.008,0.036,0.35661,-0.37699,8.038
19.000,0.065,0.008,0.036,0.35661,-0.37699,8.038
19.010,0.065,0.008,0.036,0.35661,-0.37699,8.043
19.020,0.065,0.008,0.036,0.35661,-0.37699,8.043
19.030,0.065,0.008,0.036,0.35661,-0.37699,8.043
19.040,0.065,0.008,0.036,0.35661,-0.37699,8.043
19.050,0.065,0.008,0.036,0.35775,-0.38365,8.049
19.060,0.065,0.008,0.036,0.35775,-0.38365,8.049
19.070,0.065,0.008,0.036,0.35775,-0.38365,8.049
19.080,0.065,0.008,0.036,0.35775,-0.38365,8.051
19.090,0.066,0.008,0.036,0.35775,-0.38365,8.051
19.100,0.066,0.008,0.036,0.35775,-0.38365,8.051
19.110,0.066,0.008,0.036,0.35775,-0.38365,8.051
19.120,0.066,0.008,0.036,0.35775,-0.38365,8.056
19.130,0.066,0.008,0.036,0.35775,-0.38365,8.056
19.140,0.066,0.008,0.036,0.35775,-0.38365,8.056
19.150,0.066,0.008,0.036,0.35775,-0.38365,8.062
19.160,0.066,0.008,0.036,0.35775,-0.38365,8.062
19.170,0.066,0.008,0.036,0.35775,-0.38365,8.062
19.180,0.066,0.008,0.036,0.35775,-0.38365,8.067
19.190,0.066,0.008,0.036,0.35775,-0.38365,8.067
19.200,0.066,0.008,0.036,0.35775,-0.38365,8.067
19.210,0.067,0.008,0.036,0.35775,-0.38365,8.070
19.220,0.067,0.008,0.036,0.35775,-0.38365,8.070
19.230,0.067,0.008,0.036,0.35775,-0.38365,8.070
19.240,0.067,0.008,0.036,0.35775,-0.38365,8.075
19.250,0.067,0.008,0.036,0.35886,-0.39025,8.075
19.260,0.067,0.008,0.036,0.35886,-0.39025,8.075
19.270,0.067,0.008,0.036,0.35886,-0.39025,8.080
19.280,0.067,0.008,0.036,0.35886,-0.39025,8.080
19.290,0.067,0.008,0.036,0.35886,-0.39025,8.080
19.300,0.067,0.008,0.036,0.35886,-0.39025,8.080
19.310,0.067,0.008,0.036,0.35886,-0.39025,8.085
19.320,0.068,0.008,0.036,0.35886,-0.39025,8.085
19.330,0.068,0.008,0.036,0.35886,-0.39025,8.085
19.340,0.068,0.008,0.036,0.35886,-0.39025,8.091
19.350,0.068,0.008,0.036,0.35886,-0.39025,8.091
19.360,0.068,0.008,0.036,0.35886,-0.39025,8.091
19.370,0.068,0.008,0.036,0.35886,-0.39025,8.093
19.380,0.068,0.008,0.036,0.35886,-0.39025,8.093
19.390,0.068,0.008,0.036,0.35886,-0.39025,8.093
19.400,0.068,0.008,0.036,0.35886,-0.39025,8.099
19.410,0.068,0.008,0.036,0.35886,-0.39025,8.099
19.420,0.068,0.008,0.036,0.35886,-0.39025,8.099
19.430,0.068,0.008,0.036,0.35886,-0.39025,8.104
19.440,0.068,0.008,0.036,0.35886,-0.39025,8.104
19.450,0.069,0.008,0.036,0.35886,-0.39025,8.104
19.460,0.069,0.008,0.036,0.36005,-0.39746,8.109
19.470,0.069,0.008,0.036,0.36005,-0.39746,8.109
19.480,0.069,0.008,0.036,0.36005,-0.39746,8.109
19.490,0.069,0.008,0.036,0.36005,-0.39746,8.112
19.500,0.069,0.008,0.036,0.36005,-0.39746,8.112
19.510,0.069,0.008,0.036,0.36005,-0.39746,8.112
19.520,0.069,0.008,0.036,0.36005,-0.39746,8.117
19.530,0.069,0.008,0.036,0.36005,-0.39746,8.117
19.540,0.069,0.008,0.036,0.36005,-0.39746,8.117
19.550,0.069,0.008,0.036,0.36005,-0.39746,8.122
19.560,0.070,0.008,0.036,0.36005,-0.39746,8.122
19.570,0.070,0.008,0.036,0.36005,-0.39746,8.122
19.580,0.070,0.008,0.036,0.36005,-0.39746,8.128
19.590,0.070,0.008,0.036,0.36005,-0.39746,8.128
19.600,0.070,0.008,0.036,0.36005,-0.39746,8.128
19.610,0.070,0.008,0.036,0.36005,-0.39746,8.133
19.620,0.070,0.008,0.036,0.36005,-0.39746,8.133
19.630,0.070,0.008,0.036,0.36005,-0.39746,8.133
19.640,0.070,0.008,0.036,0.36005,-0.39746,8.136
19.650,0.070,0.008,0.036,0.36005,-0.39746,8.136
19.660,0.070,0.008,0.036,0.36120,-0.40459,8.136
19.670,0.070,0.008,0.036,0.36120,-0.40459,8.141
19.680,0.071,0.008,0.036,0.36120,-0.40459,8.141
19.690,0.071,0.008,0.036,0.36120,-0.40459,8.141
19.700,0.071,0.008,0.036,0.36120,-0.40459,8.146
19.710,0.071,0.008,0.036,0.36120,-0.40459,8.146
19.720,0.071,0.008,0.036,0.36120,-0.40459,8.146
19.730,0.071,0.008,0.036,0.36120,-0.40459,8.146
19.740,0.071,0.008,0.036,0.36120,-0.40459,8.152
19.750,0.071,0.008,0.036,0.36120,-0.40459,8.152
19.760,0.071,0.008,0.036,0.36120,-0.40459,8.152
19.770,0.071,0.008,0.036,0.36120,-0.40459,8.154
19.780,0.071,0.008,0.036,0.36120,-0.40459,8.154
19.790,0.071,0.008,0.036,0.36120,-0.40459,8.154
19.800,0.072,0.008,0.036,0.36120,-0.40459,8.159
19.810,0.072,0.008,0.036,0.36120,-0.40459,8.159
19.820,0.072,0.008,0.036,0.36120,-0.40459,8.159
19.830,0.072,0.008,0.036,0.36120,-0.40459,8.165
19.840,0.072,0.008,0.036,0.36120,-0.40459,8.165
19.850,0.072,0.008,0.036,0.36120,-0.40459,8.165
19.860,0.072,0.008,0.036,0.36120,-0.40459,8.170
19.870,0.072,0.008,0.036,0.36243,-0.41237,8.170
19.880,0.072,0.008,0.036,0.36243,-0.41237,8.170
19.890,0.072,0.008,0.036,0.36243,-0.41237,8.173
19.900,0.072,0.008,0.036,0.36243,-0.41237,8.173
19.910,0.073,0.008,0.036,0.36243,-0.41237,8.173
19.920,0.073,0.008,0.036,0.36243,-0.41237,8.178
19.930,0.073,0.008,0.036,0.36243,-0.41237,8.178
19.940,0.073,0.008,0.036,0.36243,-0.41237,8.178
19.950,0.073,0.008,0.036,0.36243,-0.41237,8.178
19.960,0.073,0.008,0.036,0.36243,-0.41237,8.183
19.970,0.073,0.008,0.036,0.36243,-0.41237,8.183
19.980,0.073,0.008,0.036,0.36243,-0.41237,8.183
19.990,0.073,0.008,0.036,0.36243,-0.41237,8.189
20.000,0.073,0.008,0.036,0.36243,-0.41237,8.189
20.010,0.073,0.008,0.036,0.36243,-0.41237,8.189
20.020,0.073,0.008,0.036,0.36243,-0.41237,8.194
20.030,0.073,0.008,0.036,0.36243,-0.41237,8.194
20.040,0.074,0.008,0.036,0.36243,-0.41237,8.194
20.050,0.074,0.008,0.036,0.36243,-0.41237,8.196
20.060,0.074,0.008,0.036,0.36243,-0.41237,8.196
20.070,0.074,0.008,0.036,0.36362,-0.42005,8.196
20.080,0.074,0.008,0.036,0.36362,-0.42005,8.202
20.090,0.074,0.008,0.036,0.36362,-0.42005,8.202
20.100,0.074,0.008,0.036,0.36362,-0.42005,8.202
20.110,0.074,0.008,0.036,0.36362,-0.42005,8.207
20.120,0.074,0.008,0.036,0.36362,-0.42005,8.207
20.130,0.074,0.008,0.036,0.36362,-0.42005,8.207
20.140,0.074,0.008,0.036,0.36362,-0.42005,8.207
20.150,0.075,0.008,0.036,0.36362,-0.42005,8.212
20.160,0.075,0.008,0.036,0.36362,-0.42005,8.212
20.170,0.075,0.008,0.036,0.36362,-0.42005,8.212
20.180,0.075,0.008,0.036,0.36362,-0.42005,8.215
20.190,0.075,0.008,0.036,0.36362,-0.42005,8.215
20.200,0.075,0.008,0.036,0.36362,-0.42005,8.215
20.210,0.075,0.008,0.036,0.36362,-0.42005,8.220
20.220,0.075,0.008,0.036,0.36362,-0.42005,8.220
20.230,0.075,0.008,0.036,0.36362,-0.42005,8.220
20.240,0.075,0.008,0.036,0.36362,-0.42005,8.226
20.250,0.075,0.008,0.036,0.36362,-0.42005,8.226
20.260,0.075,0.008,0.036,0.36362,-0.42005,8.226
20.270,0.076,0.008,0.036,0.36362,-0.42005,8.226
20.280,0.076,0.008,0.036,0.36490,-0.42840,8.231
20.290,0.076,0.008,0.036,0.36490,-0.42840,8.231
20.300,0.076,0.008,0.036,0.36490,-0.42840,8.231
20.310,0.076,0.008,0.036,0.36490,-0.42840,8.236
20.320,0.076,0.008,0.036,0.36490,-0.42840,8.236
20.330,0.076,0.008,0.036,0.36490,-0.42840,8.236
20.340,0.076,0.008,0.036,0.36490,-0.42840,8.236
20.350,0.076,0.009,0.036,0.36490,-0.42840,8.239
20.360,0.076,0.009,0.036,0.36490,-0.42840,8.239
20.370,0.076,0.009,0.036,0.36490,-0.42840,8.239
20.380,0.077,0.009,0.036,0.36490,-0.42840,8.244
20.390,0.077,0.009,0.036,0.36490,-0.42840,8.244
20.400,0.077,0.009,0.036,0.36490,-0.42840,8.244
20.410,0.077,0.009,0.036,0.36490,-0.42840,8.244
20.420,0.077,0.009,0.036,0.36490,-0.42840,8.249
20.430,0.077,0.009,0.036,0.36490,-0.42840,8.249
20.440,0.077,0.009,0.036,0.36490,-0.42840,8.249
20.450,0.077,0.009,0.036,0.36490,-0.42840,8.255
20.460,0.077,0.009,0.036,0.36490,-0.42840,8.255
20.470,0.077,0.009,0.036,0.36490,-0.42840,8.255
20.480,0.077,0.009,0.036,0.36614,-0.43664,8.255
20.490,0.077,0.009,0.036,0.36614,-0.43664,8.257
20.500,0.078,0.009,0.036,0.36614,-0.43664,8.257
20.510,0.078,0.009,0.036,0.36614,-0.43664,8.257
20.520,0.078,0.009,0.036,0.36614,-0.43664,8.263
20.530,0.078,0.009,0.036,0.36614,-0.43664,8.263
20.540,0.078,0.009,0.036,0.36614,-0.43664,8.263
20.550,0.078,0.009,0.036,0.36614,-0.43664,8.263
20.560,0.078,0.009,0.036,0.36614,-0.43664,8.268
20.570,0.078,0.009,0.036,0.36614,-0.43664,8.268
20.580,0.078,0.009,0.036,0.36614,-0.43664,8.268
20.590,0.078,0.009,0.036,0.36614,-0.43664,8.268
20.600,0.078,0.009,0.036,0.36614,-0.43664,8.273
20.610,0.078,0.009,0.036,0.36614,-0.43664,8.273
20.620,0.079,0.009,0.036,0.36614,-0.43664,8.273
20.630,0.079,0.009,0.036,0.36614,-0.43664,8.278
20.640,0.079,0.009,0.036,0.36614,-0.43664,8.278
20.650,0.079,0.009,0.036,0.36614,-0.43664,8.278
20.660,0.079,0.009,0.036,0.36614,-0.43664,8.278
20.670,0.079,0.009,0.036,0.36614,-0.43664,8.281
20.680,0.079,0.009,0.036,0.36614,-0.43664,8.281
20.690,0.079,0.009,0.036,0.36746,-0.44560,8.281
20.700,0.079,0.009,0.036,0.36746,-0.44560,8.281
20.710,0.079,0.009,0.036,0.36746,-0.44560,8.286
20.720,0.079,0.009,0.036,0.36746,-0.44560,8.286
20.730,0.079,0.009,0.036,0.36746,-0.44560,8.286
20.740,0.080,0.009,0.036,0.36746,-0.44560,8.292
20.750,0.080,0.009,0.036,0.36746,-0.44560,8.292
20.760,0.080,0.009,0.036,0.36746,-0.44560,8.292
20.770,0.080,0.009,0.036,0.36746,-0.44560,8.292
20.780,0.080,0.009,0.036,0.36746,-0.44560,8.297
20.790,0.080,0.009,0.036,0.36746,-0.44560,8.297
20.800,0.080,0.009,0.036,0.36746,-0.44560,8.297
20.810,0.080,0.009,0.036,0.36746,-0.44560,8.297
20.820,0.080,0.009,0.036,0.36746,-0.44560,8.300
20.830,0.080,0.009,0.036,0.36746,-0.44560,8.300
20.840,0.080,0.009,0.036,0.36746,-0.44560,8.300
20.850,0.081,0.009,0.036,0.36746,-0.44560,8.300
20.860,0.081,0.009,0.036,0.36746,-0.44560,8.305
20.870,0.081,0.009,0.036,0.36746,-0.44560,8.305
20.880,0.081,0.009,0.036,0.36746,-0.44560,8.305
20.890,0.081,0.009,0.036,0.36875,-0.45441,8.310
20.900,0.081,0.009,0.036,0.36875,-0.45441,8.310
20.910,0.081,0.009,0.036,0.36875,-0.45441,8.310
20.920,0.081,0.009,0.036,0.36875,-0.45441,8.310
20.930,0.081,0.009,0.036,0.36875,-0.45441,8.315
20.940,0.081,0.009,0.036,0.36875,-0.45441,8.315
20.950,0.081,0.009,0.036,0.36875,-0.45441,8.315
20.960,0.081,0.009,0.036,0.36875,-0.45441,8.315
20.970,0.082,0.009,0.036,0.36875,-0.45441,8.321
20.980,0.082,0.009,0.036,0.36875,-0.45441,8.321
20.990,0.082,0.009,0.036,0.36875,-0.45441,8.321
21.000,0.082,0.009,0.036,0.36875,-0.45441,8.321
21.010,0.082,0.009,0.036,0.36875,-0.45441,8.323
21.020,0.082,0.009,0.036,0.36875,-0.45441,8.323
21.030,0.082,0.009,0.036,0.36875,-0.45441,8.323
21.040,0.082,0.009,0.036,0.36875,-0.45441,8.323
21.050,0.082,0.009,0.036,0.36875,-0.45441,8.329
21.060,0.082,0.009,0.036,0.36875,-0.45441,8.329
21.070,0.082,0.009,0.036,0.36875,-0.45441,8.329
21.080,0.082,0.009,0.036,0.36875,-0.45441,8.329
21.090,0.083,0.009,0.036,0.36875,-0.45441,8.334
21.100,0.083,0.009,0.036,0.37012,-0.46397,8.334
21.110,0.083,0.009,0.036,0.37012,-0.46397,8.334
21.120,0.083,0.009,0.036,0.37012,-0.46397,8.334
21.130,0.083,0.009,0.036,0.37012,-0.46397,8.339
21.140,0.083,0.009,0.036,0.37012,-0.46397,8.339
21.150,0.083,0.009,0.036,0.37012,-0.46397,8.339
21.160,0.083,0.009,0.036,0.37012,-0.46397,8.342
21.170,0.083,0.009,0.036,0.37012,-0.46397,8.342
21.180,0.083,0.009,0.036,0.37012,-0.46397,8.342
21.190,0.083,0.009,0.036,0.37012,-0.46397,8.342
21.200,0.083,0.009,0.036,0.37012,-0.46397,8.347
21.210,0.084,0.009,0.036,0.37012,-0.46397,8.347
21.220,0.084,0.009,0.036,0.37012,-0.46397,8.347
21.230,0.084,0.009,0.036,0.37012,-0.46397,8.347
21.240,0.084,0.009,0.036,0.37012,-0.46397,8.352
21.250,0.084,0.009,0.036,0.37012,-0.46397,8.352
21.260,0.084,0.009,0.036,0.37012,-0.46397,8.352
21.270,0.084,0.009,0.036,0.37012,-0.46397,8.352
21.280,0.084,0.009,0.036,0.37012,-0.46397,8.358
21.290,0.084,0.009,0.036,0.37012,-0.46397,8.358
21.300,0.084,0.009,0.036,0.37012,-0.46397,8.358
21.310,0.084,0.009,0.036,0.37151,-0.47385,8.358
21.320,0.084,0.009,0.036,0.37151,-0.47385,8.358
21.330,0.085,0.009,0.036,0.37151,-0.47385,8.363
21.340,0.085,0.009,0.036,0.37151,-0.47385,8.363
21.350,0.085,0.009,0.036,0.37151,-0.47385,8.363
21.360,0.085,0.009,0.036,0.37151,-0.47385,8.363
21.370,0.085,0.009,0.036,0.37151,-0.47385,8.366
21.380,0.085,0.009,0.036,0.37151,-0.47385,8.366
21.390,0.085,0.009,0.036,0.37151,-0.47385,8.366
21.400,0.085,0.009,0.036,0.37151,-0.47385,8.366
21.410,0.085,0.009,0.036,0.37151,-0.47385,8.366
21.420,0.085,0.009,0.036,0.37151,-0.47385,8.371
21.430,0.085,0.009,0.036,0.37151,-0.47385,8.371
21.440,0.086,0.009,0.036,0.37151,-0.47385,8.371
21.450,0.086,0.009,0.036,0.37151,-0.47385,8.371
21.460,0.086,0.009,0.036,0.37151,-0.47385,8.376
21.470,0.086,0.009,0.036,0.37151,-0.47385,8.376
21.480,0.086,0.009,0.036,0.37151,-0.47385,8.376
21.490,0.086,0.009,0.036,0.37151,-0.47385,8.376
21.500,0.086,0.009,0.036,0.37151,-0.47385,8.376
21.510,0.086,0.009,0.036,0.37286,-0.48356,8.381
21.520,0.086,0.009,0.036,0.37286,-0.48356,8.381
21.530,0.086,0.009,0.036,0.37286,-0.48356,8.381
21.540,0.086,0.009,0.036,0.37286,-0.48356,8.381
21.550,0.086,0.009,0.036,0.37286,-0.48356,8.381
21.560,0.087,0.009,0.036,0.37286,-0.48356,8.384
21.570,0.087,0.009,0.036,0.37286,-0.48356,8.384
21.580,0.087,0.009,0.036,0.37286,-0.48356,8.384
21.590,0.087,0.009,0.036,0.37286,-0.48356,8.384
21.600,0.087,0.009,0.036,0.37286,-0.48356,8.389
21.610,0.087,0.009,0.036,0.37286,-0.48356,8.389
21.620,0.087,0.009,0.036,0.37286,-0.48356,8.389
21.630,0.087,0.009,0.036,0.37286,-0.48356,8.389
21.640,0.087,0.009,0.036,0.37286,-0.48356,8.389
21.650,0.087,0.009,0.036,0.37286,-0.48356,8.395
21.660,0.087,0.009,0.036,0.37286,-0.48356,8.395
21.670,0.087,0.009,0.036,0.37286,-0.48356,8.395
21.680,0.088,0.009,0.036,0.37286,-0.48356,8.395
21.690,0.088,0.009,0.036,0.37286,-0.48356,8.395
21.700,0.088,0.009,0.036,0.37286,-0.48356,8.400
21.710,0.088,0.009,0.036,0.37286,-0.48356,8.400
21.720,0.088,0.009,0.036,0.37430,-0.49407,8.400
21.730,0.088,0.009,0.036,0.37430,-0.49407,8.400
21.740,0.088,0.009,0.036,0.37430,-0.49407,8.400
21.750,0.088,0.009,0.036,0.37430,-0.49407,8.405
21.760,0.088,0.009,0.036,0.37430,-0.49407,8.405
21.770,0.088,0.009,0.036,0.37430,-0.49407,8.405
21.780,0.088,0.009,0.036,0.37430,-0.49407,8.405
21.790,0.089,0.009,0.036,0.37430,-0.49407,8.405
21.800,0.089,0.009,0.036,0.37430,-0.49407,8.408
21.810,0.089,0.009,0.036,0.37430,-0.49407,8.408
21.820,0.089,0.009,0.036,0.37430,-0.49407,8.408
21.830,0.089,0.009,0.036,0.37430,-0.49407,8.408
21.840,0.089,0.009,0.036,0.37430,-0.49407,8.408
21.850,0.089,0.009,0.036,0.37430,-0.49407,8.413
21.860,0.089,0.009,0.036,0.37430,-0.49407,8.413
21.870,0.089,0.009,0.036,0.37430,-0.49407,8.413
21.880,0.089,0.009,0.036,0.37430,-0.49407,8.413
21.890,0.089,0.009,0.036,0.37430,-0.49407,8.413
21.900,0.089,0.009,0.036,0.37430,-0.49407,8.413
21.910,0.089,0.009,0.036,0.37430,-0.49407,8.418
21.920,0.090,0.009,0.036,0.37569,-0.50438,8.418
21.930,0.090,0.009,0.036,0.37569,-0.50438,8.418
21.940,0.090,0.009,0.036,0.37569,-0.50438,8.418
21.950,0.090,0.009,0.036,0.37569,-0.50438,8.418
21.960,0.090,0.009,0.036,0.37569,-0.50438,8.424
21.970,0.090,0.009,0.036,0.37569,-0.50438,8.424
21.980,0.090,0.009,0.036,0.37569,-0.50438,8.424
21.990,0.090,0.009,0.036,0.37569,-0.50438,8.424
22.000,0.090,0.009,0.036,0.37569,-0.50438,8.424
22.010,0.090,0.009,0.036,0.37569,-0.50438,8.424
22.020,0.090,0.009,0.036,0.37569,-0.50438,8.426
22.030,0.090,0.009,0.036,0.37569,-0.50438,8.426
22.040,0.091,0.009,0.036,0.37569,-0.50438,8.426
22.050,0.091,0.009,0.036,0.37569,-0.50438,8.426
22.060,0.091,0.009,0.036,0.37569,-0.50438,8.426
22.070,0.091,0.009,0.036,0.37569,-0.50438,8.432
22.080,0.091,0.009,0.036,0.37569,-0.50438,8.432
22.090,0.091,0.009,0.036,0.37569,-0.50438,8.432
22.100,0.091,0.009,0.036,0.37569,-0.50438,8.432
22.110,0.091,0.009,0.036,0.37569,-0.50438,8.432
22.120,0.091,0.009,0.036,0.37569,-0.50438,8.432
22.130,0.091,0.009,0.036,0.37718,-0.51552,8.437
22.140,0.091,0.009,0.036,0.37718,-0.51552,8.437
22.150,0.092,0.009,0.036,0.37718,-0.51552,8.437
22.160,0.092,0.009,0.036,0.37718,-0.51552,8.437
22.170,0.092,0.009,0.036,0.37718,-0.51552,8.437
22.180,0.092,0.009,0.036,0.37718,-0.51552,8.437
22.190,0.092,0.009,0.036,0.37718,-0.51552,8.442
22.200,0.092,0.009,0.036,0.37718,-0.51552,8.442
22.210,0.092,0.009,0.036,0.37718,-0.51552,8.442
22.220,0.092,0.009,0.036,0.37718,-0.51552,8.442
22.230,0.092,0.009,0.036,0.37718,-0.51552,8.442
22.240,0.092,0.009,0.036,0.37718,-0.51552,8.442
22.250,0.092,0.010,0.036,0.37718,-0.51552,8.447
22.260,0.092,0.010,0.036,0.37718,-0.51552,8.447
22.270,0.093,0.010,0.036,0.37718,-0.51552,8.447
22.280,0.093,0.010,0.036,0.37718,-0.51552,8.447
22.290,0.093,0.010,0.036,0.37718,-0.51552,8.447
22.300,0.093,0.010,0.036,0.37718,-0.51552,8.447
22.310,0.093,0.010,0.036,0.37718,-0.51552,8.450
22.320,0.093,0.010,0.036,0.37718,-0.51552,8.450
22.330,0.093,0.010,0.036,0.37862,-0.52645,8.450
22.340,0.093,0.010,0.036,0.37862,-0.52645,8.450
22.350,0.093,0.010,0.036,0.37862,-0.52645,8.450
22.360,0.093,0.010,0.036,0.37862,-0.52645,8.450
22.370,0.093,0.010,0.036,0.37862,-0.52645,8.455
22.380,0.094,0.010,0.036,0.37862,-0.52645,8.455
22.390,0.094,0.010,0.036,0.37862,-0.52645,8.455
22.400,0.094,0.010,0.036,0.37862,-0.52645,8.455
22.410,0.094,0.010,0.036,0.37862,-0.52645,8.455
22.420,0.094,0.010,0.036,0.37862,-0.52645,8.455
22.430,0.094,0.010,0.036,0.37862,-0.52645,8.455
22.440,0.094,0.010,0.036,0.37862,-0.52645,8.461
22.450,0.094,0.010,0.036,0.37862,-0.52645,8.461
22.460,0.094,0.010,0.036,0.37862,-0.52645,8.461
22.470,0.094,0.010,0.036,0.37862,-0.52645,8.461
22.480,0.094,0.010,0.036,0.37862,-0.52645,8.461
22.490,0.094,0.010,0.036,0.37862,-0.52645,8.461
22.500,0.094,0.010,0.036,0.37862,-0.52645,8.466
22.510,0.095,0.010,0.036,0.37862,-0.52645,8.466
22.520,0.095,0.010,0.036,0.37862,-0.52645,8.466
22.530,0.095,0.010,0.036,0.37862,-0.52645,8.466
22.540,0.095,0.010,0.036,0.38016,-0.53825,8.466
22.550,0.095,0.010,0.036,0.38016,-0.53825,8.466
22.560,0.095,0.010,0.036,0.38016,-0.53825,8.469
22.570,0.095,0.010,0.036,0.38016,-0.53825,8.469
22.580,0.095,0.010,0.036,0.38016,-0.53825,8.469
22.590,0.095,0.010,0.036,0.38016,-0.53825,8.469
22.600,0.095,0.010,0.036,0.38016,-0.53825,8.469
22.610,0.095,0.010,0.036,0.38016,-0.53825,8.469
22.620,0.095,0.010,0.036,0.38016,-0.53825,8.474
22.630,0.096,0.010,0.036,0.38016,-0.53825,8.474
22.640,0.096,0.010,0.036,0.38016,-0.53825,8.474
22.650,0.096,0.010,0.036,0.38016,-0.53825,8.474
22.660,0.096,0.010,0.036,0.38016,-0.53825,8.474
22.670,0.096,0.010,0.036,0.38016,-0.53825,8.474
22.680,0.096,0.010,0.036,0.38016,-0.53825,8.474
22.690,0.096,0.010,0.036,0.38016,-0.53825,8.479
22.700,0.096,0.010,0.036,0.38016,-0.53825,8.479
22.710,0.096,0.010,0.036,0.38016,-0.53825,8.479
22.720,0.096,0.010,0.036,0.38016,-0.53825,8.479
22.730,0.096,0.010,0.036,0.38016,-0.53825,8.479
22.740,0.096,0.010,0.036,0.38164,-0.54980,8.479
22.750,0.097,0.010,0.036,0.38164,-0.54980,8.484
22.760,0.097,0.010,0.036,0.38164,-0.54980,8.484
22.770,0.097,0.010,0.036,0.38164,-0.54980,8.484
22.780,0.097,0.010,0.036,0.38164,-0.54980,8.484
22.790,0.097,0.010,0.036,0.38164,-0.54980,8.484
22.800,0.097,0.010,0.036,0.38164,-0.54980,8.484
22.810,0.097,0.010,0.036,0.38164,-0.54980,8.490
22.820,0.097,0.010,0.036,0.38164,-0.54980,8.490
22.830,0.097,0.010,0.036,0.38164,-0.54980,8.490
22.840,0.097,0.010,0.036,0.38164,-0.54980,8.490
22.850,0.097,0.010,0.036,0.38164,-0.54980,8.490
22.860,0.098,0.010,0.036,0.38164,-0.54980,8.490
22.870,0.098,0.010,0.036,0.38164,-0.54980,8.492
22.880,0.098,0.010,0.036,0.38164,-0.54980,8.492
22.890,0.098,0.010,0.036,0.38164,-0.54980,8.492
22.900,0.098,0.010,0.036,0.38164,-0.54980,8.492
22.910,0.098,0.010,0.036,0.38164,-0.54980,8.492
22.920,0.098,0.010,0.036,0.38164,-0.54980,8.492
22.930,0.098,0.010,0.036,0.38164,-0.54980,8.498
22.940,0.098,0.010,0.036,0.38164,-0.54980,8.498
22.950,0.098,0.010,0.036,0.38322,-0.56227,8.498
22.960,0.098,0.010,0.036,0.38322,-0.56227,8.498
22.970,0.098,0.010,0.036,0.38322,-0.56227,8.498
22.980,0.099,0.010,0.036,0.38322,-0.56227,8.503
22.990,0.099,0.010,0.036,0.38322,-0.56227,8.503
23.000,0.099,0.010,0.036,0.38322,-0.56227,8.503
23.010,0.099,0.010,0.036,0.38322,-0.56227,8.503
23.020,0.099,0.010,0.036,0.38322,-0.56227,8.503
23.030,0.099,0.010,0.036,0.38322,-0.56227,8.508
23.040,0.099,0.010,0.036,0.38322,-0.56227,8.508
23.050,0.099,0.010,0.036,0.38322,-0.56227,8.508
23.060,0.099,0.010,0.036,0.38322,-0.56227,8.508
23.070,0.099,0.010,0.036,0.38322,-0.56227,8.508
23.080,0.099,0.010,0.036,0.38322,-0.56227,8.508
23.090,0.099,0.010,0.036,0.38322,-0.56227,8.511
23.100,0.100,0.010,0.036,0.38322,-0.56227,8.511
23.110,0.100,0.010,0.036,0.38322,-0.56227,8.511
23.120,0.100,0.010,0.036,0.38322,-0.56227,8.511
23.130,0.100,0.010,0.036,0.38322,-0.56227,8.511
23.140,0.100,0.010,0.036,0.38322,-0.56227,8.516
23.150,0.100,0.010,0.036,0.38475,-0.57447,8.516
23.160,0.100,0.010,0.036,0.38475,-0.57447,8.516
23.170,0.100,0.010,0.036,0.38475,-0.57447,8.516
23.180,0.100,0.010,0.036,0.38475,-0.57447,8.521
23.190,0.100,0.010,0.036,0.38475,-0.57447,8.521
23.200,0.100,0.010,0.036,0.38475,-0.57447,8.521
23.210,0.100,0.010,0.036,0.38475,-0.57447,8.521
23.220,0.101,0.010,0.036,0.38475,-0.57447,8.521
23.230,0.101,0.010,0.036,0.38475,-0.57447,8.527
23.240,0.101,0.010,0.036,0.38475,-0.57447,8.527
23.250,0.101,0.010,0.036,0.38475,-0.57447,8.527
23.260,0.101,0.010,0.036,0.38475,-0.57447,8.527
23.270,0.101,0.010,0.036,0.38475,-0.57447,8.527
23.280,0.101,0.010,0.036,0.38475,-0.57447,8.532
23.290,0.101,0.010,0.036,0.38475,-0.57447,8.532
23.300,0.101,0.010,0.036,0.38475,-0.57447,8.532
23.310,0.101,0.010,0.036,0.38475,-0.57447,8.532
23.320,0.101,0.010,0.036,0.38475,-0.57447,8.535
23.330,0.101,0.010,0.036,0.38475,-0.57447,8.535
23.340,0.102,0.010,0.036,0.38475,-0.57447,8.535
23.350,0.102,0.010,0.036,0.38475,-0.57447,8.535
23.360,0.102,0.010,0.036,0.38638,-0.58762,8.535
23.370,0.102,0.010,0.036,0.38638,-0.58762,8.540
23.380,0.102,0.010,0.036,0.38638,-0.58762,8.540
23.390,0.102,0.010,0.036,0.38638,-0.58762,8.540
23.400,0.102,0.010,0.036,0.38638,-0.58762,8.540
23.410,0.102,0.010,0.036,0.38638,-0.58762,8.545
23.420,0.102,0.010,0.036,0.38638,-0.58762,8.545
23.430,0.102,0.010,0.036,0.38638,-0.58762,8.545
23.440,0.102,0.010,0.036,0.38638,-0.58762,8.545
23.450,0.102,0.010,0.036,0.38638,-0.58762,8.545
23.460,0.103,0.010,0.036,0.38638,-0.58762,8.551
23.470,0.103,0.010,0.036,0.38638,-0.58762,8.551
23.480,0.103,0.010,0.036,0.38638,-0.58762,8.551
23.490,0.103,0.010,0.036,0.38638,-0.58762,8.551
23.500,0.103,0.010,0.036,0.38638,-0.58762,8.553
23.510,0.103,0.010,0.036,0.38638,-0.58762,8.553
23.520,0.103,0.010,0.036,0.38638,-0.58762,8.553
23.530,0.103,0.010,0.036,0.38638,-0.58762,8.553
23.540,0.103,0.010,0.036,0.38638,-0.58762,8.553
23.550,0.103,0.010,0.036,0.38638,-0.58762,8.558
23.560,0.103,0.010,0.036,0.38796,-0.60047,8.558
23.570,0.104,0.010,0.036,0.38796,-0.60047,8.558
23.580,0.104,0.010,0.036,0.38796,-0.60047,8.558
23.590,0.104,0.010,0.036,0.38796,-0.60047,8.558
23.600,0.104,0.010,0.036,0.38796,-0.60047,8.558
23.610,0.104,0.010,0.036,0.38796,-0.60047,8.564
23.620,0.104,0.010,0.036,0.38796,-0.60047,8.564
23.630,0.104,0.010,0.036,0.38796,-0.60047,8.564
23.640,0.104,0.010,0.036,0.38796,-0.60047,8.564
23.650,0.104,0.010,0.036,0.38796,-0.60047,8.564
23.660,0.104,0.010,0.036,0.38796,-0.60047,8.569
23.670,0.104,0.010,0.036,0.38796,-0.60047,8.569
23.680,0.104,0.010,0.036,0.38796,-0.60047,8.569
23.690,0.104,0.010,0.036,0.38796,-0.60047,8.569
23.700,0.104,0.010,0.036,0.38796,-0.60047,8.569
23.710,0.105,0.010,0.036,0.38796,-0.60047,8.574
23.720,0.105,0.010,0.036,0.38796,-0.60047,8.574
23.730,0.105,0.010,0.036,0.38796,-0.60047,8.574
23.740,0.105,0.010,0.036,0.38796,-0.60047,8.574
23.750,0.105,0.010,0.036,0.38796,-0.60047,8.574
23.760,0.105,0.010,0.036,0.38796,-0.60047,8.574
23.770,0.105,0.010,0.036,0.38964,-0.61430,8.577
23.780,0.105,0.010,0.036,0.38964,-0.61430,8.577
23.790,0.105,0.010,0.036,0.38964,-0.61430,8.577
23.800,0.105,0.010,0.036,0.38964,-0.61430,8.577
23.810,0.105,0.010,0.036,0.38964,-0.61430,8.577
23.820,0.105,0.010,0.036,0.38964,-0.61430,8.577
23.830,0.106,0.010,0.036,0.38964,-0.61430,8.582
23.840,0.106,0.010,0.036,0.38964,-0.61430,8.582
23.850,0.106,0.010,0.036,0.38964,-0.61430,8.582
23.860,0.106,0.010,0.036,0.38964,-0.61430,8.582
23.870,0.106,0.010,0.036,0.38964,-0.61430,8.582
23.880,0.106,0.010,0.036,0.38964,-0.61430,8.582
23.890,0.106,0.010,0.036,0.38964,-0.61430,8.588
23.900,0.106,0.010,0.036,0.38964,-0.61430,8.588
23.910,0.106,0.010,0.036,0.38964,-0.61430,8.588
23.920,0.106,0.010,0.036,0.38964,-0.61430,8.588
23.930,0.106,0.010,0.036,0.38964,-0.61430,8.588
23.940,0.107,0.010,0.036,0.38964,-0.61430,8.588
23.950,0.107,0.010,0.036,0.38964,-0.61430,8.593
23.960,0.107,0.010,0.036,0.38964,-0.61430,8.593
23.970,0.107,0.010,0.036,0.38964,-0.61430,8.593
23.980,0.107,0.010,0.036,0.39134,-0.62848,8.593
23.990,0.107,0.010,0.036,0.39134,-0.62848,8.593
24.000,0.107,0.010,0.036,0.39134,-0.62848,8.593
24.010,0.107,0.010,0.036,0.39134,-0.62848,8.593
24.020,0.107,0.010,0.036,0.39134,-0.62848,8.595
24.030,0.107,0.010,0.036,0.39134,-0.62848,8.595
24.040,0.107,0.010,0.036,0.39134,-0.62848,8.595
24.050,0.107,0.010,0.036,0.39134,-0.62848,8.595
24.060,0.108,0.010,0.036,0.39134,-0.62848,8.595
24.070,0.108,0.010,0.036,0.39134,-0.62848,8.595
24.080,0.108,0.010,0.036,0.39134,-0.62848,8.601
24.090,0.108,0.010,0.036,0.39134,-0.62848,8.601
24.100,0.108,0.010,0.036,0.39134,-0.62848,8.601
24.110,0.108,0.010,0.036,0.39134,-0.62848,8.601
24.120,0.108,0.010,0.036,0.39134,-0.62848,8.601
24.130,0.108,0.010,0.036,0.39134,-0.62848,8.601
24.140,0.108,0.010,0.036,0.39134,-0.62848,8.601
24.150,0.108,0.010,0.036,0.39134,-0.62848,8.606
24.160,0.108,0.010,0.036,0.39134,-0.62848,8.606
24.170,0.108,0.010,0.036,0.39134,-0.62848,8.606
24.180,0.109,0.010,0.036,0.39298,-0.64231,8.606
24.190,0.109,0.010,0.036,0.39298,-0.64231,8.606
24.200,0.109,0.010,0.036,0.39298,-0.64231,8.606
24.210,0.109,0.010,0.036,0.39298,-0.64231,8.606
24.220,0.109,0.010,0.036,0.39298,-0.64231,8.606
24.230,0.109,0.010,0.036,0.39298,-0.64231,8.611
24.240,0.109,0.010,0.036,0.39298,-0.64231,8.611
24.250,0.109,0.010,0.036,0.39298,-0.64231,8.611
24.260,0.109,0.010,0.036,0.39298,-0.64231,8.611
24.270,0.109,0.010,0.036,0.39298,-0.64231,8.611
24.280,0.109,0.010,0.036,0.39298,-0.64231,8.611
24.290,0.109,0.010,0.036,0.39298,-0.64231,8.611
24.300,0.109,0.010,0.036,0.39298,-0.64231,8.617
24.310,0.110,0.010,0.036,0.39298,-0.64231,8.617
24.320,0.110,0.010,0.036,0.39298,-0.64231,8.617
24.330,0.110,0.010,0.036,0.39298,-0.64231,8.617
24.340,0.110,0.010,0.036,0.39298,-0.64231,8.617
24.350,0.110,0.010,0.036,0.39298,-0.64231,8.617
24.360,0.110,0.010,0.036,0.39298,-0.64231,8.619
24.370,0.110,0.010,0.036,0.39298,-0.64231,8.619
24.380,0.110,0.010,0.036,0.39298,-0.64231,8.619
24.390,0.110,0.010,0.036,0.39473,-0.65718,8.619
24.400,0.110,0.010,0.036,0.39473,-0.65718,8.619
24.410,0.110,0.010,0.036,0.39473,-0.65718,8.619
24.420,0.110,0.010,0.036,0.39473,-0.65718,8.619
24.430,0.111,0.010,0.036,0.39473,-0.65718,8.619
24.440,0.111,0.010,0.036,0.39473,-0.65718,8.625
24.450,0.111,0.010,0.036,0.39473,-0.65718,8.625
24.460,0.111,0.010,0.036,0.39473,-0.65718,8.625
24.470,0.111,0.010,0.036,0.39473,-0.65718,8.625
24.480,0.111,0.010,0.036,0.39473,-0.65718,8.625
24.490,0.111,0.010,0.036,0.39473,-0.65718,8.625
24.500,0.111,0.010,0.036,0.39473,-0.65718,8.630
24.510,0.111,0.010,0.036,0.39473,-0.65718,8.630
24.520,0.111,0.010,0.036,0.39473,-0.65718,8.630
24.530,0.111,0.010,0.036,0.39473,-0.65718,8.630
24.540,0.112,0.010,0.036,0.39473,-0.65718,8.630
24.550,0.112,0.010,0.036,0.39473,-0.65718,8.630
24.560,0.112,0.010,0.036,0.39473,-0.65718,8.630
24.570,0.112,0.010,0.036,0.39473,-0.65718,8.635
24.580,0.112,0.010,0.036,0.39473,-0.65718,8.635
24.590,0.112,0.010,0.036,0.39641,-0.67168,8.635
24.600,0.112,0.010,0.036,0.39641,-0.67168,8.635
24.610,0.112,0.010,0.036,0.39641,-0.67168,8.635
24.620,0.112,0.010,0.036,0.39641,-0.67168,8.635
24.630,0.112,0.010,0.036,0.39641,-0.67168,8.638
24.640,0.112,0.010,0.036,0.39641,-0.67168,8.638
24.650,0.112,0.010,0.036,0.39641,-0.67168,8.638
24.660,0.113,0.010,0.036,0.39641,-0.67168,8.638
24.670,0.113,0.010,0.036,0.39641,-0.67168,8.638
24.680,0.113,0.010,0.036,0.39641,-0.67168,8.638
24.690,0.113,0.011,0.036,0.39641,-0.67168,8.643
24.700,0.113,0.011,0.036,0.39641,-0.67168,8.643
24.710,0.113,0.011,0.036,0.39641,-0.67168,8.643
24.720,0.113,0.011,0.036,0.39641,-0.67168,8.643
24.730,0.113,0.011,0.036,0.39641,-0.67168,8.643
24.740,0.113,0.011,0.036,0.39641,-0.67168,8.643
24.750,0.113,0.011,0.036,0.39641,-0.67168,8.648
24.760,0.113,0.011,0.036,0.39641,-0.67168,8.648
24.770,0.113,0.011,0.036,0.39641,-0.67168,8.648
24.780,0.114,0.011,0.036,0.39641,-0.67168,8.648
24.790,0.114,0.011,0.036,0.39641,-0.67168,8.648
24.800,0.114,0.011,0.036,0.39821,-0.68726,8.648
24.810,0.114,0.011,0.036,0.39821,-0.68726,8.654
24.820,0.114,0.011,0.036,0.39821,-0.68726,8.654
24.830,0.114,0.011,0.036,0.39821,-0.68726,8.654
24.840,0.114,0.011,0.036,0.39821,-0.68726,8.654
24.850,0.114,0.011,0.036,0.39821,-0.68726,8.654
24.860,0.114,0.011,0.036,0.39821,-0.68726,8.654
24.870,0.114,0.011,0.036,0.39821,-0.68726,8.659
24.880,0.114,0.011,0.036,0.39821,-0.68726,8.659
24.890,0.114,0.011,0.036,0.39821,-0.68726,8.659
24.900,0.115,0.011,0.036,0.39821,-0.68726,8.659
24.910,0.115,0.011,0.036,0.39821,-0.68726,8.659
24.920,0.115,0.011,0.036,0.39821,-0.68726,8.659
24.930,0.115,0.011,0.036,0.39821,-0.68726,8.662
24.940,0.115,0.011,0.036,0.39821,-0.68726,8.662
24.950,0.115,0.011,0.036,0.39821,-0.68726,8.662
24.960,0.115,0.011,0.036,0.39821,-0.68726,8.662
24.970,0.115,0.011,0.036,0.39821,-0.68726,8.662
24.980,0.115,0.011,0.036,0.39821,-0.68726,8.662
24.990,0.115,0.011,0.036,0.39821,-0.68726,8.667
25.000,0.115,0.011,0.036,0.39994,-0.70243,8.667
25.010,0.115,0.011,0.036,0.39994,-0.70243,8.667
25.020,0.116,0.011,0.036,0.39994,-0.70243,8.667
25.030,0.116,0.011,0.036,0.39994,-0.70243,8.667
25.040,0.116,0.011,0.036,0.39994,-0.70243,8.667
25.050,0.116,0.011,0.036,0.39994,-0.70243,8.667
25.060,0.116,0.011,0.036,0.39994,-0.70243,8.672
25.070,0.116,0.011,0.036,0.39994,-0.70243,8.672
25.080,0.116,0.011,0.036,0.39994,-0.70243,8.672
25.090,0.116,0.011,0.036,0.39994,-0.70243,8.672
25.100,0.116,0.011,0.036,0.39994,-0.70243,8.672
25.110,0.116,0.011,0.036,0.39994,-0.70243,8.672
25.120,0.116,0.011,0.036,0.39994,-0.70243,8.672
25.130,0.117,0.011,0.036,0.39994,-0.70243,8.677
25.140,0.117,0.011,0.036,0.39994,-0.70243,8.677
25.150,0.117,0.011,0.036,0.39994,-0.70243,8.677
25.160,0.117,0.011,0.036,0.39994,-0.70243,8.677
25.170,0.117,0.011,0.036,0.39994,-0.70243,8.677
25.180,0.117,0.011,0.036,0.39994,-0.70243,8.677
25.190,0.117,0.011,0.036,0.39994,-0.70243,8.677
25.200,0.117,0.011,0.036,0.39994,-0.70243,8.677
25.210,0.117,0.011,0.036,0.40178,-0.71872,8.680
25.220,0.117,0.011,0.036,0.40178,-0.71872,8.680
25.230,0.117,0.011,0.036,0.40178,-0.71872,8.680
25.240,0.117,0.011,0.036,0.40178,-0.71872,8.680
25.250,0.118,0.011,0.036,0.40178,-0.71872,8.680
25.260,0.118,0.011,0.036,0.40178,-0.71872,8.680
25.270,0.118,0.011,0.036,0.40178,-0.71872,8.680
25.280,0.118,0.011,0.036,0.40178,-0.71872,8.680
25.290,0.118,0.011,0.036,0.40178,-0.71872,8.685
25.300,0.118,0.011,0.036,0.40178,-0.71872,8.685
25.310,0.118,0.011,0.036,0.40178,-0.71872,8.685
25.320,0.118,0.011,0.036,0.40178,-0.71872,8.685
25.330,0.118,0.011,0.036,0.40178,-0.71872,8.685
25.340,0.118,0.011,0.036,0.40178,-0.71872,8.685
25.350,0.118,0.011,0.036,0.40178,-0.71872,8.685
25.360,0.118,0.011,0.036,0.40178,-0.71872,8.685
25.370,0.119,0.011,0.036,0.40178,-0.71872,8.685
25.380,0.119,0.011,0.036,0.40178,-0.71872,8.685
25.390,0.119,0.011,0.036,0.40178,-0.71872,8.691
25.400,0.119,0.011,0.036,0.40178,-0.71872,8.691
25.410,0.119,0.011,0.036,0.40355,-0.73456,8.691
25.420,0.119,0.011,0.036,0.40355,-0.73456,8.691
25.430,0.119,0.011,0.036,0.40355,-0.73456,8.691
25.440,0.119,0.011,0.036,0.40355,-0.73456,8.691
25.450,0.119,0.011,0.036,0.40355,-0.73456,8.691
25.460,0.119,0.011,0.036,0.40355,-0.73456,8.691
25.470,0.119,0.011,0.036,0.40355,-0.73456,8.691
25.480,0.120,0.011,0.036,0.40355,-0.73456,8.696
25.490,0.120,0.011,0.036,0.40355,-0.73456,8.696
25.500,0.120,0.011,0.036,0.40355,-0.73456,8.696
25.510,0.120,0.011,0.036,0.40355,-0.73456,8.696
25.520,0.120,0.011,0.036,0.40355,-0.73456,8.696
25.530,0.120,0.011,0.036,0.40355,-0.73456,8.696
25.540,0.120,0.011,0.036,0.40355,-0.73456,8.696
25.550,0.120,0.011,0.036,0.40355,-0.73456,8.696
25.560,0.120,0.011,0.036,0.40355,-0.73456,8.696
25.570,0.120,0.011,0.036,0.40355,-0.73456,8.701
25.580,0.120,0.011,0.036,0.40355,-0.73456,8.701
25.590,0.120,0.011,0.036,0.40355,-0.73456,8.701
25.600,0.120,0.011,0.036,0.40355,-0.73456,8.701
25.610,0.121,0.011,0.036,0.40355,-0.73456,8.701
25.620,0.121,0.011,0.036,0.40543,-0.75156,8.701
25.630,0.121,0.011,0.036,0.40543,-0.75156,8.701
25.640,0.121,0.011,0.036,0.40543,-0.75156,8.701
25.650,0.121,0.011,0.036,0.40543,-0.75156,8.701
25.660,0.121,0.011,0.036,0.40543,-0.75156,8.701
25.670,0.121,0.011,0.036,0.40543,-0.75156,8.701
25.680,0.121,0.011,0.036,0.40543,-0.75156,8.704
25.690,0.121,0.011,0.036,0.40543,-0.75156,8.704
25.700,0.121,0.011,0.036,0.40543,-0.75156,8.704
25.710,0.121,0.011,0.036,0.40543,-0.75156,8.704
25.720,0.122,0.011,0.036,0.40543,-0.75156,8.704
25.730,0.122,0.011,0.036,0.40543,-0.75156,8.704
25.740,0.122,0.011,0.036,0.40543,-0.75156,8.704
25.750,0.122,0.011,0.036,0.40543,-0.75156,8.704
25.760,0.122,0.011,0.036,0.40543,-0.75156,8.704
25.770,0.122,0.011,0.036,0.40543,-0.75156,8.704
25.780,0.122,0.011,0.036,0.40543,-0.75156,8.704
25.790,0.122,0.011,0.036,0.40543,-0.75156,8.704
25.800,0.122,0.011,0.036,0.40543,-0.75156,8.709
25.810,0.122,0.011,0.036,0.40543,-0.75156,8.709
25.820,0.122,0.011,0.036,0.40725,-0.76808,8.709
25.830,0.122,0.011,0.036,0.40725,-0.76808,8.709
25.840,0.123,0.011,0.036,0.40725,-0.76808,8.709
25.850,0.123,0.011,0.036,0.40725,-0.76808,8.709
25.860,0.123,0.011,0.036,0.40725,-0.76808,8.709
25.870,0.123,0.011,0.036,0.40725,-0.76808,8.709
25.880,0.123,0.011,0.036,0.40725,-0.76808,8.709
25.890,0.123,0.011,0.036,0.40725,-0.76808,8.709
25.900,0.123,0.011,0.036,0.40725,-0.76808,8.709
25.910,0.123,0.011,0.036,0.40725,-0.76808,8.709
25.920,0.123,0.011,0.036,0.40725,-0.76808,8.714
25.930,0.123,0.011,0.036,0.40725,-0.76808,8.714
25.940,0.123,0.011,0.036,0.40725,-0.76808,8.714
25.950,0.123,0.011,0.036,0.40725,-0.76808,8.714
25.960,0.124,0.011,0.036,0.40725,-0.76808,8.714
25.970,0.124,0.011,0.036,0.40725,-0.76808,8.714
25.980,0.124,0.011,0.036,0.40725,-0.76808,8.714
25.990,0.124,0.011,0.036,0.40725,-0.76808,8.714
26.000,0.124,0.011,0.036,0.40725,-0.76808,8.714
26.010,0.124,0.011,0.036,0.40725,-0.76808,8.714
26.020,0.124,0.011,0.036,0.40725,-0.76808,8.714
26.030,0.124,0.011,0.036,0.40918,-0.78580,8.714
26.040,0.124,0.011,0.036,0.40918,-0.78580,8.714
26.050,0.124,0.011,0.036,0.40918,-0.78580,8.714
26.060,0.124,0.011,0.036,0.40918,-0.78580,8.720
26.070,0.124,0.011,0.036,0.40918,-0.78580,8.720
26.080,0.125,0.011,0.036,0.40918,-0.78580,8.720
26.090,0.125,0.011,0.036,0.40918,-0.78580,8.720
26.100,0.125,0.011,0.036,0.40918,-0.78580,8.720
26.110,0.125,0.011,0.036,0.40918,-0.78580,8.720
26.120,0.125,0.011,0.036,0.40918,-0.78580,8.720
26.130,0.125,0.011,0.036,0.40918,-0.78580,8.720
26.140,0.125,0.011,0.036,0.40918,-0.78580,8.720
26.150,0.125,0.011,0.036,0.40918,-0.78580,8.720
26.160,0.125,0.011,0.036,0.40918,-0.78580,8.720
26.170,0.125,0.011,0.036,0.40918,-0.78580,8.720
26.180,0.125,0.011,0.036,0.40918,-0.78580,8.722
26.190,0.125,0.011,0.036,0.40918,-0.78580,8.722
26.200,0.125,0.011,0.036,0.40918,-0.78580,8.722
26.210,0.126,0.011,0.036,0.40918,-0.78580,8.722
26.220,0.126,0.011,0.036,0.40918,-0.78580,8.722
26.230,0.126,0.011,0.036,0.40918,-0.78580,8.722
26.240,0.126,0.011,0.036,0.41114,-0.80389,8.722
26.250,0.126,0.011,0.036,0.41114,-0.80389,8.722
26.260,0.126,0.011,0.036,0.41114,-0.80389,8.722
26.270,0.126,0.011,0.036,0.41114,-0.80389,8.728
26.280,0.126,0.011,0.036,0.41114,-0.80389,8.728
26.290,0.126,0.011,0.036,0.41114,-0.80389,8.728
26.300,0.126,0.011,0.036,0.41114,-0.80389,8.728
26.310,0.126,0.011,0.036,0.41114,-0.80389,8.728
26.320,0.126,0.011,0.036,0.41114,-0.80389,8.728
26.330,0.127,0.011,0.036,0.41114,-0.80389,8.728
26.340,0.127,0.011,0.036,0.41114,-0.80389,8.728
26.350,0.127,0.011,0.036,0.41114,-0.80389,8.728
26.360,0.127,0.011,0.036,0.41114,-0.80389,8.733
26.370,0.127,0.011,0.036,0.41114,-0.80389,8.733
26.380,0.127,0.011,0.036,0.41114,-0.80389,8.733
26.390,0.127,0.011,0.036,0.41114,-0.80389,8.733
26.400,0.127,0.011,0.036,0.41114,-0.80389,8.733
26.410,0.127,0.011,0.036,0.41114,-0.80389,8.733
26.420,0.127,0.011,0.036,0.41114,-0.80389,8.733
26.430,0.127,0.011,0.036,0.41114,-0.80389,8.733
26.440,0.127,0.011,0.036,0.41302,-0.82148,8.738
26.450,0.128,0.011,0.036,0.41302,-0.82148,8.738
26.460,0.128,0.011,0.036,0.41302,-0.82148,8.738
26.470,0.128,0.011,0.036,0.41302,-0.82148,8.738
26.480,0.128,0.011,0.036,0.41302,-0.82148,8.738
26.490,0.128,0.011,0.036,0.41302,-0.82148,8.738
26.500,0.128,0.011,0.036,0.41302,-0.82148,8.738
26.510,0.128,0.011,0.036,0.41302,-0.82148,8.738
26.520,0.128,0.011,0.036,0.41302,-0.82148,8.741
26.530,0.128,0.011,0.036,0.41302,-0.82148,8.741
26.540,0.128,0.011,0.036,0.41302,-0.82148,8.741
26.550,0.128,0.011,0.036,0.41302,-0.82148,8.741
26.560,0.128,0.011,0.036,0.41302,-0.82148,8.741
26.570,0.128,0.011,0.036,0.41302,-0.82148,8.741
26.580,0.129,0.011,0.036,0.41302,-0.82148,8.741
26.590,0.129,0.011,0.036,0.41302,-0.82148,8.741
26.600,0.129,0.011,0.036,0.41302,-0.82148,8.746
26.610,0.129,0.011,0.036,0.41302,-0.82148,8.746
26.620,0.129,0.011,0.036,0.41302,-0.82148,8.746
26.630,0.129,0.011,0.036,0.41302,-0.82148,8.746
26.640,0.129,0.011,0.036,0.41302,-0.82148,8.746
26.650,0.129,0.011,0.036,0.41502,-0.84031,8.746
26.660,0.129,0.011,0.036,0.41502,-0.84031,8.746
26.670,0.129,0.011,0.036,0.41502,-0.84031,8.751
26.680,0.129,0.011,0.036,0.41502,-0.84031,8.751
26.690,0.129,0.011,0.036,0.41502,-0.84031,8.751
26.700,0.129,0.011,0.036,0.41502,-0.84031,8.751
26.710,0.130,0.011,0.036,0.41502,-0.84031,8.751
26.720,0.130,0.011,0.036,0.41502,-0.84031,8.751
26.730,0.130,0.011,0.036,0.41502,-0.84031,8.751
26.740,0.130,0.011,0.036,0.41502,-0.84031,8.751
26.750,0.130,0.011,0.036,0.41502,-0.84031,8.757
26.760,0.130,0.012,0.036,0.41502,-0.84031,8.757
26.770,0.130,0.012,0.036,0.41502,-0.84031,8.757
26.780,0.130,0.012,0.036,0.41502,-0.84031,8.757
26.790,0.130,0.012,0.036,0.41502,-0.84031,8.757
26.800,0.130,0.012,0.036,0.41502,-0.84031,8.757
26.810,0.130,0.012,0.036,0.41502,-0.84031,8.757
26.820,0.130,0.012,0.036,0.41502,-0.84031,8.757
26.830,0.130,0.012,0.036,0.41502,-0.84031,8.762
26.840,0.130,0.012,0.036,0.41502,-0.84031,8.762
26.850,0.131,0.012,0.036,0.41695,-0.85859,8.762
26.860,0.131,0.012,0.036,0.41695,-0.85859,8.762
26.870,0.131,0.012,0.036,0.41695,-0.85859,8.762
26.880,0.131,0.012,0.036,0.41695,-0.85859,8.762
26.890,0.131,0.012,0.036,0.41695,-0.85859,8.762
26.900,0.131,0.012,0.036,0.41695,-0.85859,8.765
26.910,0.131,0.012,0.036,0.41695,-0.85859,8.765
26.920,0.131,0.012,0.036,0.41695,-0.85859,8.765
26.930,0.131,0.012,0.036,0.41695,-0.85859,8.765
26.940,0.131,0.012,0.036,0.41695,-0.85859,8.765
26.950,0.131,0.012,0.036,0.41695,-0.85859,8.765
26.960,0.131,0.012,0.036,0.41695,-0.85859,8.765
26.970,0.131,0.012,0.036,0.41695,-0.85859,8.770
26.980,0.132,0.012,0.036,0.41695,-0.85859,8.770
26.990,0.132,0.012,0.036,0.41695,-0.85859,8.770
27.000,0.132,0.012,0.036,0.41695,-0.85859,8.770
27.010,0.132,0.012,0.036,0.41695,-0.85859,8.770
27.020,0.132,0.012,0.036,0.41695,-0.85859,8.770
27.030,0.132,0.012,0.036,0.41695,-0.85859,8.770
27.040,0.132,0.012,0.036,0.41695,-0.85859,8.775
27.050,0.132,0.012,0.036,0.41695,-0.85859,8.775
27.060,0.132,0.012,0.036,0.41900,-0.87817,8.775
27.070,0.132,0.012,0.036,0.41900,-0.87817,8.775
27.080,0.132,0.012,0.036,0.41900,-0.87817,8.775
27.090,0.132,0.012,0.036,0.41900,-0.87817,8.775
27.100,0.132,0.012,0.036,0.41900,-0.87817,8.780
27.110,0.133,0.012,0.036,0.41900,-0.87817,8.780
27.120,0.133,0.012,0.036,0.41900,-0.87817,8.780
27.130,0.133,0.012,0.036,0.41900,-0.87817,8.780
27.140,0.133,0.012,0.036,0.41900,-0.87817,8.780
27.150,0.133,0.012,0.036,0.41900,-0.87817,8.780
27.160,0.133,0.012,0.036,0.41900,-0.87817,8.780
27.170,0.133,0.012,0.036,0.41900,-0.87817,8.783
27.180,0.133,0.012,0.036,0.41900,-0.87817,8.783
27.190,0.133,0.012,0.036,0.41900,-0.87817,8.783
27.200,0.133,0.012,0.036,0.41900,-0.87817,8.783
27.210,0.133,0.012,0.036,0.41900,-0.87817,8.783
27.220,0.133,0.012,0.036,0.41900,-0.87817,8.783
27.230,0.133,0.012,0.036,0.41900,-0.87817,8.783
27.240,0.133,0.012,0.036,0.41900,-0.87817,8.788
27.250,0.133,0.012,0.036,0.41900,-0.87817,8.788
27.260,0.134,0.012,0.036,0.42097,-0.89716,8.788
27.270,0.134,0.012,0.036,0.42097,-0.89716,8.788
27.280,0.134,0.012,0.036,0.42097,-0.89716,8.788
27.290,0.134,0.012,0.036,0.42097,-0.89716,8.788
27.300,0.134,0.012,0.036,0.42097,-0.89716,8.788
27.310,0.134,0.012,0.036,0.42097,-0.89716,8.794
27.320,0.134,0.012,0.036,0.42097,-0.89716,8.794
27.330,0.134,0.012,0.036,0.42097,-0.89716,8.794
27.340,0.134,0.012,0.036,0.42097,-0.89716,8.794
27.350,0.134,0.012,0.036,0.42097,-0.89716,8.794
27.360,0.134,0.012,0.036,0.42097,-0.89716,8.794
27.370,0.134,0.012,0.036,0.42097,-0.89716,8.799
27.380,0.134,0.012,0.036,0.42097,-0.89716,8.799
27.390,0.134,0.012,0.036,0.42097,-0.89716,8.799
27.400,0.135,0.012,0.036,0.42097,-0.89716,8.799
27.410,0.135,0.012,0.036,0.42097,-0.89716,8.799
27.420,0.135,0.012,0.036,0.42097,-0.89716,8.799
27.430,0.135,0.012,0.036,0.42097,-0.89716,8.804
27.440,0.135,0.012,0.036,0.42097,-0.89716,8.804
27.450,0.135,0.012,0.036,0.42097,-0.89716,8.804
27.460,0.135,0.012,0.036,0.42097,-0.89716,8.804
27.470,0.135,0.012,0.036,0.42307,-0.91746,8.804
27.480,0.135,0.012,0.036,0.42307,-0.91746,8.804
27.490,0.135,0.012,0.036,0.42307,-0.91746,8.804
27.500,0.135,0.012,0.036,0.42307,-0.91746,8.807
27.510,0.135,0.012,0.036,0.42307,-0.91746,8.807
27.520,0.135,0.012,0.036,0.42307,-0.91746,8.807
27.530,0.135,0.012,0.036,0.42307,-0.91746,8.807
27.540,0.135,0.012,0.036,0.42307,-0.91746,8.807
27.550,0.136,0.012,0.036,0.42307,-0.91746,8.807
27.560,0.136,0.012,0.036,0.42307,-0.91746,8.812
27.570,0.136,0.012,0.036,0.42307,-0.91746,8.812
27.580,0.136,0.012,0.036,0.42307,-0.91746,8.812
27.590,0.136,0.012,0.036,0.42307,-0.91746,8.812
27.600,0.136,0.012,0.036,0.42307,-0.91746,8.812
27.610,0.136,0.012,0.036,0.42307,-0.91746,8.812
27.620,0.136,0.012,0.036,0.42307,-0.91746,8.817
27.630,0.136,0.012,0.036,0.42307,-0.91746,8.817
27.640,0.136,0.012,0.036,0.42307,-0.91746,8.817
27.650,0.136,0.012,0.036,0.42307,-0.91746,8.817
27.660,0.136,0.012,0.036,0.42307,-0.91746,8.817
27.670,0.136,0.012,0.036,0.42509,-0.93715,8.823
27.680,0.136,0.012,0.036,0.42509,-0.93715,8.823
27.690,0.136,0.012,0.036,0.42509,-0.93715,8.823
27.700,0.137,0.012,0.036,0.42509,-0.93715,8.823
27.710,0.137,0.012,0.036,0.42509,-0.93715,8.823
27.720,0.137,0.012,0.036,0.42509,-0.93715,8.823
27.730,0.137,0.012,0.036,0.42509,-0.93715,8.825
27.740,0.137,0.012,0.036,0.42509,-0.93715,8.825
27.750,0.137,0.012,0.036,0.42509,-0.93715,8.825
27.760,0.137,0.012,0.036,0.42509,-0.93715,8.825
27.770,0.137,0.012,0.036,0.42509,-0.93715,8.825
27.780,0.137,0.012,0.036,0.42509,-0.93715,8.825
27.790,0.137,0.012,0.036,0.42509,-0.93715,8.831
27.800,0.137,0.012,0.036,0.42509,-0.93715,8.831
27.810,0.137,0.012,0.036,0.42509,-0.93715,8.831
27.820,0.137,0.012,0.036,0.42509,-0.93715,8.831
27.830,0.137,0.012,0.036,0.42509,-0.93715,8.831
27.840,0.138,0.012,0.036,0.42509,-0.93715,8.831
27.850,0.138,0.012,0.036,0.42509,-0.93715,8.836
27.860,0.138,0.012,0.036,0.42509,-0.93715,8.836
27.870,0.138,0.012,0.036,0.42509,-0.93715,8.836
27.880,0.138,0.012,0.036,0.42723,-0.95819,8.836
27.890,0.138,0.012,0.036,0.42723,-0.95819,8.836
27.900,0.138,0.012,0.036,0.42723,-0.95819,8.836
27.910,0.138,0.012,0.036,0.42723,-0.95819,8.836
27.920,0.138,0.012,0.036,0.42723,-0.95819,8.841
27.930,0.138,0.012,0.036,0.42723,-0.95819,8.841
27.940,0.138,0.012,0.036,0.42723,-0.95819,8.841
27.950,0.138,0.012,0.036,0.42723,-0.95819,8.841
27.960,0.138,0.012,0.036,0.42723,-0.95819,8.841
27.970,0.138,0.012,0.036,0.42723,-0.95819,8.841
27.980,0.138,0.012,0.036,0.42723,-0.95819,8.841
27.990,0.138,0.012,0.036,0.42723,-0.95819,8.841
28.000,0.139,0.012,0.036,0.42723,-0.95819,8.846
28.010,0.139,0.012,0.036,0.42723,-0.95819,8.846
28.020,0.139,0.012,0.036,0.42723,-0.95819,8.846
28.030,0.139,0.012,0.036,0.42723,-0.95819,8.846
28.040,0.139,0.012,0.036,0.42723,-0.95819,8.846
28.050,0.139,0.012,0.036,0.42723,-0.95819,8.846
28.060,0.139,0.012,0.036,0.42723,-0.95819,8.846
28.070,0.139,0.012,0.036,0.42723,-0.95819,8.846
28.080,0.139,0.012,0.036,0.42929,-0.97857,8.849
28.090,0.139,0.012,0.036,0.42929,-0.97857,8.849
28.100,0.139,0.012,0.036,0.42929,-0.97857,8.849
28.110,0.139,0.012,0.036,0.42929,-0.97857,8.849
28.120,0.139,0.012,0.036,0.42929,-0.97857,8.849
28.130,0.139,0.012,0.036,0.42929,-0.97857,8.849
28.140,0.139,0.012,0.036,0.42929,-0.97857,8.849
28.150,0.140,0.012,0.036,0.42929,-0.97857,8.849
28.160,0.140,0.012,0.036,0.42929,-0.97857,8.854
28.170,0.140,0.012,0.036,0.42929,-0.97857,8.854
28.180,0.140,0.012,0.036,0.42929,-0.97857,8.854
28.190,0.140,0.012,0.036,0.42929,-0.97857,8.854
28.200,0.140,0.012,0.036,0.42929,-0.97857,8.854
28.210,0.140,0.012,0.036,0.42929,-0.97857,8.854
28.220,0.140,0.012,0.036,0.42929,-0.97857,8.854
28.230,0.140,0.012,0.036,0.42929,-0.97857,8.854
28.240,0.140,0.012,0.036,0.42929,-0.97857,8.854
28.250,0.140,0.012,0.036,0.42929,-0.97857,8.860
28.260,0.140,0.012,0.036,0.42929,-0.97857,8.860
28.270,0.140,0.012,0.036,0.42929,-0.97857,8.860
28.280,0.140,0.012,0.036,0.42929,-0.97857,8.860
28.290,0.140,0.012,0.036,0.43148,-1.00033,8.860
28.300,0.141,0.012,0.036,0.43148,-1.00033,8.860
28.310,0.141,0.012,0.036,0.43148,-1.00033,8.860
28.320,0.141,0.012,0.036,0.43148,-1.00033,8.860
28.330,0.141,0.012,0.036,0.43148,-1.00033,8.860
28.340,0.141,0.012,0.036,0.43148,-1.00033,8.865
28.350,0.141,0.012,0.036,0.43148,-1.00033,8.865
28.360,0.141,0.012,0.036,0.43148,-1.00033,8.865
28.370,0.141,0.012,0.036,0.43148,-1.00033,8.865
28.380,0.141,0.012,0.036,0.43148,-1.00033,8.865
28.390,0.141,0.012,0.036,0.43148,-1.00033,8.865
28.400,0.141,0.012,0.036,0.43148,-1.00033,8.865
28.410,0.141,0.012,0.036,0.43148,-1.00033,8.865
28.420,0.141,0.012,0.036,0.43148,-1.00033,8.865
28.430,0.141,0.012,0.036,0.43148,-1.00033,8.865
28.440,0.141,0.012,0.036,0.43148,-1.00033,8.868
28.450,0.141,0.012,0.036,0.43148,-1.00033,8.868
28.460,0.141,0.012,0.036,0.43148,-1.00033,8.868
28.470,0.142,0.012,0.036,0.43148,-1.00033,8.868
28.480,0.142,0.012,0.036,0.43148,-1.00033,8.868
28.490,0.142,0.012,0.036,0.43358,-1.02138,8.868
28.500,0.142,0.012,0.036,0.43358,-1.02138,8.868
28.510,0.142,0.012,0.036,0.43358,-1.02138,8.868
28.520,0.142,0.012,0.036,0.43358,-1.02138,8.868
28.530,0.142,0.012,0.036,0.43358,-1.02138,8.868
28.540,0.142,0.012,0.036,0.43358,-1.02138,8.873
28.550,0.142,0.012,0.036,0.43358,-1.02138,8.873
28.560,0.142,0.012,0.036,0.43358,-1.02138,8.873
28.570,0.142,0.012,0.036,0.43358,-1.02138,8.873
28.580,0.142,0.012,0.036,0.43358,-1.02138,8.873
28.590,0.142,0.012,0.036,0.43358,-1.02138,8.873
28.600,0.142,0.012,0.036,0.43358,-1.02138,8.873
28.610,0.142,0.012,0.036,0.43358,-1.02138,8.873
28.620,0.142,0.012,0.036,0.43358,-1.02138,8.873
28.630,0.143,0.012,0.036,0.43358,-1.02138,8.878
28.640,0.143,0.012,0.036,0.43358,-1.02138,8.878
28.650,0.143,0.012,0.036,0.43358,-1.02138,8.878
28.660,0.143,0.012,0.036,0.43358,-1.02138,8.878
28.670,0.143,0.012,0.036,0.43358,-1.02138,8.878
28.680,0.143,0.012,0.036,0.43358,-1.02138,8.878
28.690,0.143,0.012,0.036,0.43358,-1.02138,8.878
28.700,0.143,0.012,0.036,0.43582,-1.04386,8.878
28.710,0.143,0.012,0.036,0.43582,-1.04386,8.883
28.720,0.143,0.012,0.036,0.43582,-1.04386,8.883
28.730,0.143,0.012,0.036,0.43582,-1.04386,8.883
28.740,0.143,0.012,0.036,0.43582,-1.04386,8.883
28.750,0.143,0.012,0.036,0.43582,-1.04386,8.883
28.760,0.143,0.012,0.036,0.43582,-1.04386,8.883
28.770,0.143,0.012,0.036,0.43582,-1.04386,8.883
28.780,0.143,0.013,0.036,0.43582,-1.04386,8.883
28.790,0.144,0.013,0.036,0.43582,-1.04386,8.889
28.800,0.144,0.013,0.036,0.43582,-1.04386,8.889
28.810,0.144,0.013,0.036,0.43582,-1.04386,8.889
28.820,0.144,0.013,0.036,0.43582,-1.04386,8.889
28.830,0.144,0.013,0.036,0.43582,-1.04386,8.889
28.840,0.144,0.013,0.036,0.43582,-1.04386,8.889
28.850,0.144,0.013,0.036,0.43582,-1.04386,8.889
28.860,0.144,0.013,0.036,0.43582,-1.04386,8.889
28.870,0.144,0.013,0.036,0.43582,-1.04386,8.891
28.880,0.144,0.013,0.036,0.43582,-1.04386,8.891
28.890,0.144,0.013,0.036,0.43582,-1.04386,8.891
28.900,0.144,0.013,0.036,0.43582,-1.04386,8.891
28.910,0.144,0.013,0.036,0.43808,-1.06670,8.891
28.920,0.144,0.013,0.036,0.43808,-1.06670,8.891
28.930,0.144,0.013,0.036,0.43808,-1.06670,8.897
28.940,0.144,0.013,0.036,0.43808,-1.06670,8.897
28.950,0.144,0.013,0.036,0.43808,-1.06670,8.897
28.960,0.145,0.013,0.036,0.43808,-1.06670,8.897
28.970,0.145,0.013,0.036,0.43808,-1.06670,8.897
28.980,0.145,0.013,0.036,0.43808,-1.06670,8.897
28.990,0.145,0.013,0.036,0.43808,-1.06670,8.897
29.000,0.145,0.013,0.036,0.43808,-1.06670,8.902
29.010,0.145,0.013,0.036,0.43808,-1.06670,8.902
29.020,0.145,0.013,0.036,0.43808,-1.06670,8.902
29.030,0.145,0.013,0.036,0.43808,-1.06670,8.902
29.040,0.145,0.013,0.036,0.43808,-1.06670,8.902
29.050,0.145,0.013,0.036,0.43808,-1.06670,8.902
29.060,0.145,0.013,0.036,0.43808,-1.06670,8.907
29.070,0.145,0.013,0.036,0.43808,-1.06670,8.907
29.080,0.145,0.013,0.036,0.43808,-1.06670,8.907
29.090,0.145,0.013,0.036,0.43808,-1.06670,8.907
29.100,0.145,0.013,0.036,0.43808,-1.06670,8.907
29.110,0.145,0.013,0.036,0.44025,-1.08880,8.907
29.120,0.146,0.013,0.036,0.44025,-1.08880,8.907
29.130,0.146,0.013,0.036,0.44025,-1.08880,8.910
29.140,0.146,0.013,0.036,0.44025,-1.08880,8.910
29.150,0.146,0.013,0.036,0.44025,-1.08880,8.910
29.160,0.146,0.013,0.036,0.44025,-1.08880,8.910
29.170,0.146,0.013,0.036,0.44025,-1.08880,8.910
29.180,0.146,0.013,0.036,0.44025,-1.08880,8.915
29.190,0.146,0.013,0.036,0.44025,-1.08880,8.915
29.200,0.146,0.013,0.036,0.44025,-1.08880,8.915
29.210,0.146,0.013,0.036,0.44025,-1.08880,8.915
29.220,0.146,0.013,0.036,0.44025,-1.08880,8.915
29.230,0.146,0.013,0.036,0.44025,-1.08880,8.915
29.240,0.146,0.013,0.036,0.44025,-1.08880,8.920
29.250,0.146,0.013,0.036,0.44025,-1.08880,8.920
29.260,0.146,0.013,0.036,0.44025,-1.08880,8.920
29.270,0.146,0.013,0.036,0.44025,-1.08880,8.920
29.280,0.146,0.013,0.036,0.44025,-1.08880,8.920
29.290,0.146,0.013,0.036,0.44025,-1.08880,8.926
29.300,0.146,0.013,0.036,0.44025,-1.08880,8.926
29.310,0.147,0.013,0.036,0.44025,-1.08880,8.926
29.320,0.147,0.013,0.036,0.44256,-1.11237,8.926
29.330,0.147,0.013,0.036,0.44256,-1.11237,8.926
29.340,0.147,0.013,0.036,0.44256,-1.11237,8.926
29.350,0.147,0.013,0.036,0.44256,-1.11237,8.931
29.360,0.147,0.013,0.036,0.44256,-1.11237,8.931
29.370,0.147,0.013,0.036,0.44256,-1.11237,8.931
29.380,0.147,0.013,0.036,0.44256,-1.11237,8.931
29.390,0.147,0.013,0.036,0.44256,-1.11237,8.931
29.400,0.147,0.013,0.036,0.44256,-1.11237,8.931
29.410,0.147,0.013,0.036,0.44256,-1.11237,8.934
29.420,0.147,0.013,0.036,0.44256,-1.11237,8.934
29.430,0.147,0.013,0.036,0.44256,-1.11237,8.934
29.440,0.147,0.013,0.036,0.44256,-1.11237,8.934
29.450,0.147,0.013,0.036,0.44256,-1.11237,8.934
29.460,0.147,0.013,0.036,0.44256,-1.11237,8.934
29.470,0.147,0.013,0.036,0.44256,-1.11237,8.939
29.480,0.147,0.013,0.036,0.44256,-1.11237,8.939
29.490,0.148,0.013,0.036,0.44256,-1.11237,8.939
29.500,0.148,0.013,0.036,0.44256,-1.11237,8.939
29.510,0.148,0.013,0.036,0.44256,-1.11237,8.939
29.520,0.148,0.013,0.036,0.44478,-1.13514,8.939
29.530,0.148,0.013,0.036,0.44478,-1.13514,8.944
29.540,0.148,0.013,0.036,0.44478,-1.13514,8.944
29.550,0.148,0.013,0.036,0.44478,-1.13514,8.944
29.560,0.148,0.013,0.036,0.44478,-1.13514,8.944
29.570,0.148,0.013,0.036,0.44478,-1.13514,8.944
29.580,0.148,0.013,0.036,0.44478,-1.13514,8.944
29.590,0.148,0.013,0.036,0.44478,-1.13514,8.944
29.600,0.148,0.013,0.036,0.44478,-1.13514,8.944
29.610,0.148,0.013,0.036,0.44478,-1.13514,8.950
29.620,0.148,0.013,0.036,0.44478,-1.13514,8.950
29.630,0.148,0.013,0.036,0.44478,-1.13514,8.950
29.640,0.148,0.013,0.036,0.44478,-1.13514,8.950
29.650,0.148,0.013,0.036,0.44478,-1.13514,8.950
29.660,0.148,0.013,0.036,0.44478,-1.13514,8.950
29.670,0.148,0.013,0.036,0.44478,-1.13514,8.950
29.680,0.149,0.013,0.036,0.44478,-1.13514,8.950
29.690,0.149,0.013,0.036,0.44478,-1.13514,8.952
29.700,0.149,0.013,0.036,0.44478,-1.13514,8.952
29.710,0.149,0.013,0.036,0.44478,-1.13514,8.952
29.720,0.149,0.013,0.036,0.44478,-1.13514,8.952
29.730,0.149,0.013,0.036,0.44713,-1.15940,8.952
29.740,0.149,0.013,0.036,0.44713,-1.15940,8.952
29.750,0.149,0.013,0.036,0.44713,-1.15940,8.952
29.760,0.149,0.013,0.036,0.44713,-1.15940,8.952
29.770,0.149,0.013,0.036,0.44713,-1.15940,8.952
29.780,0.149,0.013,0.036,0.44713,-1.15940,8.952
29.790,0.149,0.013,0.036,0.44713,-1.15940,8.957
29.800,0.149,0.013,0.036,0.44713,-1.15940,8.957
29.810,0.149,0.013,0.036,0.44713,-1.15940,8.957
29.820,0.149,0.013,0.036,0.44713,-1.15940,8.957
29.830,0.149,0.013,0.036,0.44713,-1.15940,8.957
29.840,0.149,0.013,0.036,0.44713,-1.15940,8.957
29.850,0.149,0.013,0.036,0.44713,-1.15940,8.957
29.860,0.150,0.013,0.036,0.44713,-1.15940,8.957
29.870,0.150,0.013,0.036,0.44713,-1.15940,8.957
29.880,0.150,0.013,0.036,0.44713,-1.15940,8.957
29.890,0.150,0.013,0.036,0.44713,-1.15940,8.963
29.900,0.150,0.013,0.036,0.44713,-1.15940,8.963
29.910,0.150,0.013,0.036,0.44713,-1.15940,8.963
29.920,0.150,0.013,0.036,0.44713,-1.15940,8.963
29.930,0.150,0.013,0.036,0.44939,-1.18282,8.963
29.940,0.150,0.013,0.036,0.44939,-1.18282,8.963
29.950,0.150,0.013,0.036,0.44939,-1.18282,8.963
29.960,0.150,0.013,0.036,0.44939,-1.18282,8.963
29.970,0.150,0.013,0.036,0.44939,-1.18282,8.963
29.980,0.150,0.013,0.036,0.44939,-1.18282,8.963
29.990,0.150,0.013,0.036,0.44939,-1.18282,8.968
30.000,0.150,0.013,0.036,0.44939,-1.18282,8.968
30.010,0.150,0.013,0.036,0.44939,-1.18282,8.968
30.020,0.150,0.013,0.036,0.44939,-1.18282,8.968
30.030,0.150,0.013,0.036,0.44939,-1.18282,8.968
30.040,0.150,0.013,0.036,0.44939,-1.18282,8.968
30.050,0.151,0.013,0.036,0.44939,-1.18282,8.968
30.060,0.151,0.013,0.036,0.44939,-1.18282,8.968
30.070,0.151,0.013,0.036,0.44939,-1.18282,8.968
30.080,0.151,0.013,0.036,0.44939,-1.18282,8.968
30.090,0.151,0.013,0.036,0.44939,-1.18282,8.968
30.100,0.151,0.013,0.036,0.44939,-1.18282,8.973
30.110,0.151,0.013,0.036,0.44939,-1.18282,8.973
30.120,0.151,0.013,0.036,0.44939,-1.18282,8.973
30.130,0.151,0.013,0.036,0.44939,-1.18282,8.973
30.140,0.151,0.013,0.036,0.45179,-1.20775,8.973
30.150,0.151,0.013,0.036,0.45179,-1.20775,8.973
30.160,0.151,0.013,0.036,0.45179,-1.20775,8.973
30.170,0.151,0.013,0.036,0.45179,-1.20775,8.973
30.180,0.151,0.013,0.036,0.45179,-1.20775,8.973
30.190,0.151,0.013,0.036,0.45179,-1.20775,8.973
30.200,0.151,0.013,0.036,0.45179,-1.20775,8.973
30.210,0.151,0.013,0.036,0.45179,-1.20775,8.973
30.220,0.151,0.013,0.036,0.45179,-1.20775,8.973
30.230,0.151,0.013,0.036,0.45179,-1.20775,8.976
30.240,0.151,0.013,0.036,0.45179,-1.20775,8.976
30.250,0.152,0.013,0.036,0.45179,-1.20775,8.976
30.260,0.152,0.013,0.036,0.45179,-1.20775,8.976
30.270,0.152,0.013,0.036,0.45179,-1.20775,8.976
30.280,0.152,0.013,0.036,0.45179,-1.20775,8.976
30.290,0.152,0.013,0.036,0.45179,-1.20775,8.976
30.300,0.152,0.013,0.036,0.45179,-1.20775,8.976
30.310,0.152,0.013,0.036,0.45179,-1.20775,8.976
30.320,0.152,0.013,0.036,0.45179,-1.20775,8.976
30.330,0.152,0.013,0.036,0.45179,-1.20775,8.976
30.340,0.152,0.013,0.036,0.45410,-1.23181,8.976
30.350,0.152,0.013,0.036,0.45410,-1.23181,8.976
30.360,0.152,0.013,0.036,0.45410,-1.23181,8.976
30.370,0.152,0.013,0.036,0.45410,-1.23181,8.981
30.380,0.152,0.013,0.036,0.45410,-1.23181,8.981
30.390,0.152,0.013,0.036,0.45410,-1.23181,8.981
30.400,0.152,0.013,0.036,0.45410,-1.23181,8.981
30.410,0.152,0.013,0.036,0.45410,-1.23181,8.981
30.420,0.152,0.013,0.036,0.45410,-1.23181,8.981
30.430,0.152,0.013,0.036,0.45410,-1.23181,8.981
30.440,0.153,0.013,0.036,0.45410,-1.23181,8.981
30.450,0.153,0.013,0.036,0.45410,-1.23181,8.981
30.460,0.153,0.013,0.036,0.45410,-1.23181,8.981
30.470,0.153,0.013,0.036,0.45410,-1.23181,8.981
30.480,0.153,0.013,0.036,0.45410,-1.23181,8.981
30.490,0.153,0.013,0.036,0.45410,-1.23181,8.987
30.500,0.153,0.013,0.036,0.45410,-1.23181,8.987
30.510,0.153,0.013,0.036,0.45410,-1.23181,8.987
30.520,0.153,0.013,0.036,0.45410,-1.23181,8.987
30.530,0.153,0.013,0.036,0.45410,-1.23181,8.987
30.540,0.153,0.013,0.036,0.45410,-1.23181,8.987
30.550,0.153,0.013,0.036,0.45655,-1.25742,8.987
30.560,0.153,0.013,0.036,0.45655,-1.25742,8.987
30.570,0.153,0.013,0.036,0.45655,-1.25742,8.987
30.580,0.153,0.013,0.036,0.45655,-1.25742,8.987
30.590,0.153,0.013,0.036,0.45655,-1.25742,8.987
30.600,0.153,0.013,0.036,0.45655,-1.25742,8.992
30.610,0.153,0.013,0.036,0.45655,-1.25742,8.992
30.620,0.153,0.013,0.036,0.45655,-1.25742,8.992
30.630,0.154,0.013,0.036,0.45655,-1.25742,8.992
30.640,0.154,0.013,0.036,0.45655,-1.25742,8.992
30.650,0.154,0.013,0.036,0.45655,-1.25742,8.992
30.660,0.154,0.013,0.036,0.45655,-1.25742,8.992
30.670,0.154,0.013,0.036,0.45655,-1.25742,8.992
30.680,0.154,0.013,0.036,0.45655,-1.25742,8.992
30.690,0.154,0.013,0.036,0.45655,-1.25742,8.992
30.700,0.154,0.013,0.036,0.45655,-1.25742,8.994
30.710,0.154,0.013,0.036,0.45655,-1.25742,8.994
30.720,0.154,0.013,0.036,0.45655,-1.25742,8.994
30.730,0.154,0.013,0.036,0.45655,-1.25742,8.994
30.740,0.154,0.013,0.036,0.45655,-1.25742,8.994
30.750,0.154,0.013,0.036,0.45890,-1.28213,8.994
30.760,0.154,0.013,0.036,0.45890,-1.28213,8.994
30.770,0.154,0.013,0.036,0.45890,-1.28213,8.994
30.780,0.154,0.013,0.036,0.45890,-1.28213,8.994
30.790,0.154,0.014,0.036,0.45890,-1.28213,8.994
30.800,0.154,0.014,0.036,0.45890,-1.28213,9.000
30.810,0.154,0.014,0.036,0.45890,-1.28213,9.000
30.820,0.154,0.014,0.036,0.45890,-1.28213,9.000
30.830,0.155,0.014,0.036,0.45890,-1.28213,9.000
30.840,0.155,0.014,0.036,0.45890,-1.28213,9.000
30.850,0.155,0.014,0.036,0.45890,-1.28213,9.000
30.860,0.155,0.014,0.036,0.45890,-1.28213,9.000
30.870,0.155,0.014,0.036,0.45890,-1.28213,9.000
30.880,0.155,0.014,0.036,0.45890,-1.28213,9.000
30.890,0.155,0.014,0.036,0.45890,-1.28213,9.005
30.900,0.155,0.014,0.036,0.45890,-1.28213,9.005
30.910,0.155,0.014,0.036,0.45890,-1.28213,9.005
30.920,0.155,0.014,0.036,0.45890,-1.28213,9.005
30.930,0.155,0.014,0.036,0.45890,-1.28213,9.005
30.940,0.155,0.014,0.036,0.45890,-1.28213,9.005
30.950,0.155,0.014,0.036,0.45890,-1.28213,9.005
30.960,0.155,0.014,0.036,0.46139,-1.30842,9.005
30.970,0.155,0.014,0.036,0.46139,-1.30842,9.010
30.980,0.155,0.014,0.036,0.46139,-1.30842,9.010
30.990,0.155,0.014,0.036,0.46139,-1.30842,9.010
31.000,0.155,0.014,0.036,0.46139,-1.30842,9.010
31.010,0.155,0.014,0.036,0.46139,-1.30842,9.010
31.020,0.155,0.014,0.036,0.46139,-1.30842,9.010
31.030,0.156,0.014,0.036,0.46139,-1.30842,9.010
31.040,0.156,0.014,0.036,0.46139,-1.30842,9.010
31.050,0.156,0.014,0.036,0.46139,-1.30842,9.010
31.060,0.156,0.014,0.036,0.46139,-1.30842,9.016
31.070,0.156,0.014,0.036,0.46139,-1.30842,9.016
31.080,0.156,0.014,0.036,0.46139,-1.30842,9.016
31.090,0.156,0.014,0.036,0.46139,-1.30842,9.016
31.100,0.156,0.014,0.036,0.46139,-1.30842,9.016
31.110,0.156,0.014,0.036,0.46139,-1.30842,9.016
31.120,0.156,0.014,0.036,0.46139,-1.30842,9.016
31.130,0.156,0.014,0.036,0.46139,-1.30842,9.018
31.140,0.156,0.014,0.036,0.46139,-1.30842,9.018
31.150,0.156,0.014,0.036,0.46139,-1.30842,9.018
31.160,0.156,0.014,0.036,0.46379,-1.33377,9.018
31.170,0.156,0.014,0.036,0.46379,-1.33377,9.018
31.180,0.156,0.014,0.036,0.46379,-1.33377,9.018
31.190,0.156,0.014,0.036,0.46379,-1.33377,9.018
31.200,0.156,0.014,0.036,0.46379,-1.33377,9.018
31.210,0.156,0.014,0.036,0.46379,-1.33377,9.024
31.220,0.156,0.014,0.036,0.46379,-1.33377,9.024
31.230,0.156,0.014,0.036,0.46379,-1.33377,9.024
31.240,0.157,0.014,0.036,0.46379,-1.33377,9.024
31.250,0.157,0.014,0.036,0.46379,-1.33377,9.024
31.260,0.157,0.014,0.036,0.46379,-1.33377,9.024
31.270,0.157,0.014,0.036,0.46379,-1.33377,9.024
31.280,0.157,0.014,0.036,0.46379,-1.33377,9.024
31.290,0.157,0.014,0.036,0.46379,-1.33377,9.029
31.300,0.157,0.014,0.036,0.46379,-1.33377,9.029
31.310,0.157,0.014,0.036,0.46379,-1.33377,9.029
31.320,0.157,0.014,0.036,0.46379,-1.33377,9.029
31.330,0.157,0.014,0.036,0.46379,-1.33377,9.029
31.340,0.157,0.014,0.036,0.46379,-1.33377,9.029
31.350,0.157,0.014,0.036,0.46379,-1.33377,9.029
31.360,0.157,0.014,0.036,0.46379,-1.33377,9.029
31.370,0.157,0.014,0.036,0.46634,-1.36072,9.034
31.380,0.157,0.014,0.036,0.46634,-1.36072,9.034
31.390,0.157,0.014,0.036,0.46634,-1.36072,9.034
31.400,0.157,0.014,0.036,0.46634,-1.36072,9.034
31.410,0.157,0.014,0.036,0.46634,-1.36072,9.034
31.420,0.157,0.014,0.036,0.46634,-1.36072,9.034
31.430,0.157,0.014,0.036,0.46634,-1.36072,9.034
31.440,0.158,0.014,0.036,0.46634,-1.36072,9.034
31.450,0.158,0.014,0.036,0.46634,-1.36072,9.034
31.460,0.158,0.014,0.036,0.46634,-1.36072,9.034
31.470,0.158,0.014,0.036,0.46634,-1.36072,9.034
31.480,0.158,0.014,0.036,0.46634,-1.36072,9.034
31.490,0.158,0.014,0.036,0.46634,-1.36072,9.034
31.500,0.158,0.014,0.036,0.46634,-1.36072,9.029
31.510,0.158,0.014,0.036,0.46634,-1.36072,9.029
31.520,0.158,0.014,0.036,0.46634,-1.36072,9.029
31.530,0.158,0.014,0.036,0.46634,-1.36072,9.029
31.540,0.158,0.014,0.036,0.46634,-1.36072,9.029
31.550,0.158,0.014,0.036,0.46634,-1.36072,9.029
31.560,0.158,0.014,0.036,0.46634,-1.36072,9.029
31.570,0.158,0.014,0.036,0.46634,-1.36072,9.024
31.580,0.158,0.014,0.036,0.46890,-1.38794,9.024
31.590,0.158,0.014,0.036,0.46890,-1.38794,9.024
31.600,0.158,0.014,0.036,0.46890,-1.38794,9.024
31.610,0.158,0.014,0.036,0.46890,-1.38794,9.018
31.620,0.158,0.014,0.036,0.46890,-1.38794,9.018
31.630,0.158,0.014,0.036,0.46890,-1.38794,9.018
31.640,0.159,0.014,0.036,0.46890,-1.38794,9.018
31.650,0.159,0.014,0.036,0.46890,-1.38794,9.016
31.660,0.159,0.014,0.036,0.46890,-1.38794,9.016
31.670,0.159,0.014,0.036,0.46890,-1.38794,9.016
31.680,0.159,0.014,0.036,0.46890,-1.38794,9.010
31.690,0.159,0.014,0.036,0.46890,-1.38794,9.010
31.700,0.159,0.014,0.036,0.46890,-1.38794,9.010
31.710,0.159,0.014,0.036,0.46890,-1.38794,9.005
31.720,0.159,0.014,0.036,0.46890,-1.38794,9.005
31.730,0.159,0.014,0.036,0.46890,-1.38794,9.000
31.740,0.159,0.014,0.036,0.46890,-1.38794,9.000
31.750,0.159,0.014,0.036,0.46890,-1.38794,8.994
31.760,0.159,0.014,0.036,0.46890,-1.38794,8.994
31.770,0.159,0.014,0.036,0.46890,-1.38794,8.994
31.780,0.159,0.014,0.036,0.47136,-1.41411,8.992
31.790,0.159,0.014,0.036,0.47136,-1.41411,8.992
31.800,0.159,0.014,0.036,0.47136,-1.41411,8.987
31.810,0.159,0.014,0.036,0.47136,-1.41411,8.987
31.820,0.159,0.014,0.036,0.47136,-1.41411,8.981
31.830,0.159,0.014,0.036,0.47136,-1.41411,8.981
31.840,0.159,0.014,0.036,0.47136,-1.41411,8.976
31.850,0.160,0.014,0.036,0.47136,-1.41411,8.973
31.860,0.160,0.014,0.036,0.47136,-1.41411,8.973
31.870,0.160,0.014,0.036,0.47136,-1.41411,8.968
31.880,0.160,0.014,0.036,0.47136,-1.41411,8.968
31.890,0.160,0.014,0.036,0.47136,-1.41411,8.963
31.900,0.160,0.014,0.036,0.47136,-1.41411,8.963
31.910,0.160,0.014,0.036,0.47136,-1.41411,8.957
31.920,0.160,0.014,0.036,0.47136,-1.41411,8.952
31.930,0.160,0.014,0.036,0.47136,-1.41411,8.952
31.940,0.160,0.014,0.036,0.47136,-1.41411,8.950
31.950,0.160,0.014,0.036,0.47136,-1.41411,8.944
31.960,0.160,0.014,0.036,0.47136,-1.41411,8.944
31.970,0.160,0.014,0.036,0.47136,-1.41411,8.939
31.980,0.160,0.014,0.036,0.47136,-1.41411,8.934
31.990,0.160,0.014,0.036,0.47395,-1.44183,8.934
32.000,0.160,0.014,0.036,0.47395,-1.44183,8.931
32.010,0.160,0.014,0.036,0.47395,-1.44183,8.926
32.020,0.160,0.014,0.036,0.47395,-1.44183,8.920
32.030,0.160,0.014,0.036,0.47395,-1.44183,8.920
32.040,0.160,0.014,0.036,0.47395,-1.44183,8.915
32.050,0.160,0.014,0.036,0.47395,-1.44183,8.910
32.060,0.161,0.014,0.036,0.47395,-1.44183,8.907
32.070,0.161,0.014,0.036,0.47395,-1.44183,8.907
32.080,0.161,0.014,0.036,0.47395,-1.44183,8.902
32.090,0.161,0.014,0.036,0.47395,-1.44183,8.897
32.100,0.161,0.014,0.036,0.47395,-1.44183,8.891
32.110,0.161,0.014,0.036,0.47395,-1.44183,8.891
32.120,0.161,0.014,0.036,0.47395,-1.44183,8.889
32.130,0.161,0.014,0.036,0.47395,-1.44183,8.883
32.140,0.161,0.014,0.036,0.47395,-1.44183,8.878
32.150,0.161,0.014,0.036,0.47395,-1.44183,8.873
32.160,0.161,0.014,0.036,0.47395,-1.44183,8.868
32.170,0.161,0.014,0.036,0.47395,-1.44183,8.865
32.180,0.161,0.014,0.036,0.47395,-1.44183,8.865
32.190,0.161,0.014,0.036,0.47645,-1.46849,8.860
32.200,0.161,0.014,0.036,0.47645,-1.46849,8.854
32.210,0.161,0.014,0.036,0.47645,-1.46849,8.849
32.220,0.161,0.014,0.036,0.47645,-1.46849,8.846
32.230,0.161,0.014,0.036,0.47645,-1.46849,8.841
32.240,0.161,0.014,0.036,0.47645,-1.46849,8.836
32.250,0.161,0.014,0.036,0.47645,-1.46849,8.831
32.260,0.161,0.014,0.036,0.47645,-1.46849,8.825
32.270,0.161,0.014,0.036,0.47645,-1.46849,8.823
32.280,0.161,0.014,0.036,0.47645,-1.46849,8.817
32.290,0.162,0.014,0.036,0.47645,-1.46849,8.812
32.300,0.162,0.014,0.036,0.47645,-1.46849,8.807
32.310,0.162,0.014,0.036,0.47645,-1.46849,8.804
32.320,0.162,0.014,0.036,0.47645,-1.46849,8.799
32.330,0.162,0.014,0.036,0.47645,-1.46849,8.794
32.340,0.162,0.014,0.036,0.47645,-1.46849,8.788
32.350,0.162,0.014,0.036,0.47645,-1.46849,8.783
32.360,0.162,0.014,0.036,0.47645,-1.46849,8.780
32.370,0.162,0.014,0.036,0.47645,-1.46849,8.775
32.380,0.162,0.014,0.036,0.47645,-1.46849,8.770
32.390,0.162,0.014,0.036,0.47896,-1.49539,8.765
32.400,0.162,0.014,0.036,0.47896,-1.49539,8.762
32.410,0.162,0.014,0.036,0.47896,-1.49539,8.757
32.420,0.162,0.014,0.036,0.47896,-1.49539,8.751
32.430,0.162,0.014,0.036,0.47896,-1.49539,8.746
32.440,0.162,0.014,0.036,0.47896,-1.49539,8.741
32.450,0.162,0.014,0.036,0.47896,-1.49539,8.738
32.460,0.162,0.014,0.036,0.47896,-1.49539,8.733
32.470,0.162,0.014,0.036,0.47896,-1.49539,8.728
32.480,0.162,0.014,0.036,0.47896,-1.49539,8.722
32.490,0.162,0.014,0.036,0.47896,-1.49539,8.720
32.500,0.162,0.014,0.036,0.47896,-1.49539,8.714
32.510,0.163,0.014,0.036,0.47896,-1.49539,8.704
32.520,0.163,0.014,0.036,0.47896,-1.49539,8.701
32.530,0.163,0.014,0.036,0.47896,-1.49539,8.696
32.540,0.163,0.014,0.036,0.47896,-1.49539,8.691
32.550,0.163,0.014,0.036,0.47896,-1.49539,8.685
32.560,0.163,0.014,0.036,0.47896,-1.49539,8.680
32.570,0.163,0.014,0.036,0.47896,-1.49539,8.677
32.580,0.163,0.014,0.036,0.47896,-1.49539,8.672
32.590,0.163,0.014,0.036,0.48149,-1.52255,8.667
32.600,0.163,0.014,0.036,0.48149,-1.52255,8.659
32.610,0.163,0.014,0.036,0.48149,-1.52255,8.654
32.620,0.163,0.014,0.036,0.48149,-1.52255,8.648
32.630,0.163,0.015,0.036,0.48149,-1.52255,8.643
32.640,0.163,0.015,0.036,0.48149,-1.52255,8.638
32.650,0.163,0.015,0.036,0.48149,-1.52255,8.635
32.660,0.163,0.015,0.036,0.48149,-1.52255,8.630
32.670,0.163,0.015,0.036,0.48149,-1.52255,8.625
32.680,0.163,0.015,0.036,0.48149,-1.52255,8.617
32.690,0.163,0.015,0.036,0.48149,-1.52255,8.611
32.700,0.163,0.015,0.036,0.48149,-1.52255,8.606
32.710,0.163,0.015,0.036,0.48149,-1.52255,8.601
32.720,0.163,0.015,0.036,0.48149,-1.52255,8.595
32.730,0.163,0.015,0.036,0.48149,-1.52255,8.593
32.740,0.163,0.015,0.036,0.48149,-1.52255,8.588
32.750,0.164,0.015,0.036,0.48149,-1.52255,8.582
32.760,0.164,0.015,0.036,0.48149,-1.52255,8.577
32.770,0.164,0.015,0.036,0.48149,-1.52255,8.574
32.780,0.164,0.015,0.036,0.48149,-1.52255,8.569
32.790,0.164,0.015,0.036,0.48404,-1.54999,8.558
32.800,0.164,0.015,0.036,0.48404,-1.54999,8.553
32.810,0.164,0.015,0.036,0.48404,-1.54999,8.551
32.820,0.164,0.015,0.036,0.48404,-1.54999,8.545
32.830,0.164,0.015,0.036,0.48404,-1.54999,8.540
32.840,0.164,0.015,0.036,0.48404,-1.54999,8.535
32.850,0.164,0.015,0.036,0.48404,-1.54999,8.532
32.860,0.164,0.015,0.036,0.48404,-1.54999,8.527
32.870,0.164,0.015,0.036,0.48404,-1.54999,8.521
32.880,0.164,0.015,0.036,0.48404,-1.54999,8.516
32.890,0.164,0.015,0.036,0.48404,-1.54999,8.511
32.900,0.164,0.015,0.036,0.48404,-1.54999,8.508
32.910,0.164,0.015,0.036,0.48404,-1.54999,8.503
32.920,0.164,0.015,0.036,0.48404,-1.54999,8.498
32.930,0.164,0.015,0.036,0.48404,-1.54999,8.492
32.940,0.164,0.015,0.036,0.48404,-1.54999,8.490
32.950,0.164,0.015,0.036,0.48404,-1.54999,8.484
32.960,0.164,0.015,0.036,0.48404,-1.54999,8.479
32.970,0.164,0.015,0.036,0.48404,-1.54999,8.474
32.980,0.164,0.015,0.036,0.48404,-1.54999,8.469
32.990,0.165,0.015,0.036,0.48404,-1.54999,8.466
33.000,0.165,0.015,0.036,0.48675,-1.57913,8.461
33.010,0.165,0.015,0.036,0.48675,-1.57913,8.455
33.020,0.165,0.015,0.036,0.48675,-1.57913,8.450
33.030,0.165,0.015,0.036,0.48675,-1.57913,8.447
33.040,0.165,0.015,0.036,0.48675,-1.57913,8.442
33.050,0.165,0.015,0.036,0.48675,-1.57913,8.437
33.060,0.165,0.015,0.036,0.48675,-1.57913,8.432
33.070,0.165,0.015,0.036,0.48675,-1.57913,8.426
33.080,0.165,0.015,0.036,0.48675,-1.57913,8.424
33.090,0.165,0.015,0.036,0.48675,-1.57913,8.424
33.100,0.165,0.015,0.036,0.48675,-1.57913,8.418
33.110,0.165,0.015,0.036,0.48675,-1.57913,8.413
33.120,0.165,0.015,0.036,0.48675,-1.57913,8.408
33.130,0.165,0.015,0.036,0.48675,-1.57913,8.405
33.140,0.165,0.015,0.036,0.48675,-1.57913,8.400
33.150,0.165,0.015,0.036,0.48675,-1.57913,8.395
33.160,0.165,0.015,0.036,0.48675,-1.57913,8.389
33.170,0.165,0.015,0.036,0.48675,-1.57913,8.389
33.180,0.165,0.015,0.036,0.48675,-1.57913,8.384
33.190,0.165,0.015,0.036,0.48675,-1.57913,8.381
33.200,0.165,0.015,0.036,0.48935,-1.60721,8.376
33.210,0.166,0.015,0.036,0.48935,-1.60721,8.371
33.220,0.166,0.015,0.036,0.48935,-1.60721,8.371
33.230,0.166,0.015,0.036,0.48935,-1.60721,8.366
33.240,0.166,0.015,0.036,0.48935,-1.60721,8.363
33.250,0.166,0.015,0.036,0.48935,-1.60721,8.358
33.260,0.166,0.015,0.036,0.48935,-1.60721,8.358
33.270,0.166,0.015,0.036,0.48935,-1.60721,8.352
33.280,0.166,0.015,0.036,0.48935,-1.60721,8.347
33.290,0.166,0.015,0.036,0.48935,-1.60721,8.347
33.300,0.166,0.015,0.036,0.48935,-1.60721,8.342
33.310,0.166,0.015,0.036,0.48935,-1.60721,8.339
33.320,0.166,0.015,0.036,0.48935,-1.60721,8.339
33.330,0.166,0.015,0.036,0.48935,-1.60721,8.334
33.340,0.166,0.015,0.036,0.48935,-1.60721,8.329
33.350,0.166,0.015,0.036,0.48935,-1.60721,8.329
33.360,0.166,0.015,0.036,0.48935,-1.60721,8.323
33.370,0.166,0.015,0.036,0.48935,-1.60721,8.321
33.380,0.166,0.015,0.036,0.48935,-1.60721,8.321
33.390,0.166,0.015,0.036,0.48935,-1.60721,8.315
33.400,0.166,0.015,0.036,0.48935,-1.60721,8.315
33.410,0.166,0.015,0.036,0.49212,-1.63705,8.310
33.420,0.166,0.015,0.036,0.49212,-1.63705,8.310
33.430,0.166,0.015,0.036,0.49212,-1.63705,8.305
33.440,0.167,0.015,0.036,0.49212,-1.63705,8.305
33.450,0.167,0.015,0.036,0.49212,-1.63705,8.300
33.460,0.167,0.015,0.036,0.49212,-1.63705,8.300
33.470,0.167,0.015,0.036,0.49212,-1.63705,8.297
33.480,0.167,0.015,0.036,0.49212,-1.63705,8.297
33.490,0.167,0.015,0.036,0.49212,-1.63705,8.292
33.500,0.167,0.015,0.036,0.49212,-1.63705,8.292
33.510,0.167,0.015,0.036,0.49212,-1.63705,8.292
33.520,0.167,0.015,0.036,0.49212,-1.63705,8.286
33.530,0.167,0.015,0.036,0.49212,-1.63705,8.286
33.540,0.167,0.015,0.036,0.49212,-1.63705,8.281
33.550,0.167,0.015,0.036,0.49212,-1.63705,8.281
33.560,0.167,0.015,0.036,0.49212,-1.63705,8.281
33.570,0.167,0.015,0.036,0.49212,-1.63705,8.278
33.580,0.167,0.015,0.036,0.49212,-1.63705,8.278
33.590,0.167,0.015,0.036,0.49212,-1.63705,8.278
33.600,0.167,0.015,0.036,0.49212,-1.63705,8.273
33.610,0.167,0.015,0.036,0.49478,-1.66582,8.273
33.620,0.167,0.015,0.036,0.49478,-1.66582,8.273
33.630,0.167,0.015,0.036,0.49478,-1.66582,8.268
33.640,0.167,0.015,0.036,0.49478,-1.66582,8.268
33.650,0.167,0.015,0.036,0.49478,-1.66582,8.268
33.660,0.167,0.015,0.036,0.49478,-1.66582,8.268
33.670,0.167,0.015,0.036,0.49478,-1.66582,8.263
33.680,0.167,0.015,0.036,0.49478,-1.66582,8.263
33.690,0.168,0.015,0.036,0.49478,-1.66582,8.263
33.700,0.168,0.015,0.036,0.49478,-1.66582,8.263
33.710,0.168,0.015,0.036,0.49478,-1.66582,8.263
33.720,0.168,0.015,0.036,0.49478,-1.66582,8.263
33.730,0.168,0.015,0.036,0.49478,-1.66582,8.263
33.740,0.168,0.015,0.036,0.49478,-1.66582,8.263
33.750,0.168,0.015,0.036,0.49478,-1.66582,8.263
33.760,0.168,0.015,0.036,0.49478,-1.66582,8.263
33.770,0.168,0.015,0.036,0.49478,-1.66582,8.263
33.780,0.168,0.015,0.036,0.49478,-1.66582,8.263
33.790,0.168,0.015,0.036,0.49478,-1.66582,8.263
33.800,0.168,0.015,0.036,0.49478,-1.66582,8.263
33.810,0.168,0.015,0.036,0.49478,-1.66582,8.263
33.820,0.168,0.015,0.036,0.49761,-1.69642,8.263
33.830,0.168,0.015,0.036,0.49761,-1.69642,8.263
33.840,0.168,0.015,0.036,0.49761,-1.69642,8.263
33.850,0.168,0.015,0.036,0.49761,-1.69642,8.263
33.860,0.168,0.015,0.036,0.49761,-1.69642,8.268
33.870,0.168,0.015,0.036,0.49761,-1.69642,8.268
33.880,0.168,0.015,0.036,0.49761,-1.69642,8.268
33.890,0.168,0.015,0.036,0.49761,-1.69642,8.268
33.900,0.168,0.015,0.036,0.49761,-1.69642,8.273
33.910,0.168,0.015,0.036,0.49761,-1.69642,8.273
33.920,0.168,0.015,0.036,0.49761,-1.69642,8.273
33.930,0.169,0.015,0.036,0.49761,-1.69642,8.278
33.940,0.169,0.015,0.036,0.49761,-1.69642,8.278
33.950,0.169,0.015,0.036,0.49761,-1.69642,8.278
33.960,0.169,0.015,0.036,0.49761,-1.69642,8.281
33.970,0.169,0.015,0.036,0.49761,-1.69642,8.281
33.980,0.169,0.015,0.036,0.49761,-1.69642,8.286
33.990,0.169,0.015,0.036,0.49761,-1.69642,8.286
34.000,0.169,0.015,0.036,0.49761,-1.69642,8.292
34.010,0.169,0.015,0.036,0.49761,-1.69642,8.292
34.020,0.169,0.015,0.036,0.50034,-1.72596,8.297
34.030,0.169,0.015,0.036,0.50034,-1.72596,8.297
34.040,0.169,0.015,0.036,0.50034,-1.72596,8.300
34.050,0.169,0.015,0.036,0.50034,-1.72596,8.305
34.060,0.169,0.015,0.036,0.50034,-1.72596,8.305
34.070,0.169,0.015,0.036,0.50034,-1.72596,8.310
34.080,0.169,0.015,0.036,0.50034,-1.72596,8.315
34.090,0.169,0.015,0.036,0.50034,-1.72596,8.321
34.100,0.169,0.015,0.036,0.50034,-1.72596,8.323
34.110,0.169,0.015,0.036,0.50034,-1.72596,8.329
34.120,0.169,0.015,0.036,0.50034,-1.72596,8.329
34.130,0.169,0.015,0.036,0.50034,-1.72596,8.334
34.140,0.169,0.015,0.036,0.50034,-1.72596,8.339
34.150,0.169,0.015,0.036,0.50034,-1.72596,8.342
34.160,0.169,0.015,0.036,0.50034,-1.72596,8.347
34.170,0.169,0.015,0.036,0.50034,-1.72596,8.352
34.180,0.169,0.015,0.036,0.50034,-1.72596,8.358
34.190,0.169,0.015,0.036,0.50034,-1.72596,8.363
34.200,0.170,0.015,0.036,0.50034,-1.72596,8.371
34.210,0.170,0.015,0.036,0.50034,-1.72596,8.376
34.220,0.170,0.015,0.036,0.50034,-1.72596,8.381
34.230,0.170,0.015,0.036,0.50324,-1.75743,8.384
34.240,0.170,0.015,0.036,0.50324,-1.75743,8.389
34.250,0.170,0.015,0.036,0.50324,-1.75743,8.395
34.260,0.170,0.015,0.036,0.50324,-1.75743,8.405
34.270,0.170,0.015,0.036,0.50324,-1.75743,8.408
34.280,0.170,0.015,0.036,0.50324,-1.75743,8.413
34.290,0.170,0.015,0.036,0.50324,-1.75743,8.424
34.300,0.170,0.015,0.036,0.50324,-1.75743,8.426
34.310,0.170,0.015,0.036,0.50324,-1.75743,8.437
34.320,0.170,0.015,0.036,0.50324,-1.75743,8.442
34.330,0.170,0.015,0.036,0.50324,-1.75743,8.447
34.340,0.170,0.015,0.036,0.50324,-1.75743,8.455
34.350,0.170,0.015,0.036,0.50324,-1.75743,8.461
34.360,0.170,0.015,0.036,0.50324,-1.75743,8.469
34.370,0.170,0.015,0.036,0.50324,-1.75743,8.479
34.380,0.170,0.015,0.036,0.50324,-1.75743,8.484
34.390,0.170,0.015,0.036,0.50324,-1.75743,8.492
34.400,0.170,0.015,0.036,0.50324,-1.75743,8.503
34.410,0.170,0.015,0.036,0.50324,-1.75743,8.508
34.420,0.170,0.015,0.036,0.50324,-1.75743,8.516
34.430,0.170,0.016,0.036,0.50605,-1.78784,8.527
34.440,0.170,0.016,0.036,0.50605,-1.78784,8.532
34.450,0.171,0.016,0.036,0.50605,-1.78784,8.540
34.460,0.171,0.016,0.036,0.50605,-1.78784,8.551
34.470,0.171,0.016,0.036,0.50605,-1.78784,8.558
34.480,0.171,0.016,0.036,0.50605,-1.78784,8.569
34.490,0.171,0.016,0.036,0.50605,-1.78784,8.577
34.500,0.171,0.016,0.036,0.50605,-1.78784,8.588
34.510,0.171,0.016,0.036,0.50605,-1.78784,8.595
34.520,0.171,0.016,0.036,0.50605,-1.78784,8.606
34.530,0.171,0.016,0.036,0.50605,-1.78784,8.617
34.540,0.171,0.016,0.036,0.50605,-1.78784,8.625
34.550,0.171,0.016,0.036,0.50605,-1.78784,8.635
34.560,0.171,0.016,0.036,0.50605,-1.78784,8.643
34.570,0.171,0.016,0.036,0.50605,-1.78784,8.654
34.580,0.171,0.016,0.036,0.50605,-1.78784,8.662
34.590,0.171,0.016,0.036,0.50605,-1.78784,8.672
34.600,0.171,0.016,0.036,0.50605,-1.78784,8.685
34.610,0.171,0.016,0.036,0.50605,-1.78784,8.696
34.620,0.171,0.016,0.036,0.50605,-1.78784,8.704
34.630,0.171,0.016,0.036,0.50605,-1.78784,8.714
34.640,0.171,0.016,0.036,0.50903,-1.82021,8.728
34.650,0.171,0.016,0.036,0.50903,-1.82021,8.738
34.660,0.171,0.016,0.036,0.50903,-1.82021,8.746
34.670,0.171,0.016,0.036,0.50903,-1.82021,8.762
34.680,0.171,0.016,0.036,0.50903,-1.82021,8.770
34.690,0.171,0.016,0.036,0.50903,-1.82021,8.783
34.700,0.172,0.016,0.036,0.50903,-1.82021,8.794
34.710,0.172,0.016,0.036,0.50903,-1.82021,8.807
34.720,0.172,0.016,0.036,0.50903,-1.82021,8.817
34.730,0.172,0.016,0.036,0.50903,-1.82021,8.831
34.740,0.172,0.016,0.036,0.50903,-1.82021,8.841
34.750,0.172,0.016,0.036,0.50903,-1.82021,8.854
34.760,0.172,0.016,0.036,0.50903,-1.82021,8.865
34.770,0.172,0.016,0.036,0.50903,-1.82021,8.878
34.780,0.172,0.016,0.036,0.50903,-1.82021,8.891
34.790,0.172,0.016,0.036,0.50903,-1.82021,8.902
34.800,0.172,0.016,0.036,0.50903,-1.82021,8.915
34.810,0.172,0.016,0.036,0.50903,-1.82021,8.931
34.820,0.172,0.016,0.036,0.50903,-1.82021,8.939
34.830,0.172,0.016,0.036,0.50903,-1.82021,8.952
34.840,0.172,0.016,0.036,0.50903,-1.82021,8.968
34.850,0.172,0.016,0.036,0.51206,-1.85302,8.981
34.860,0.172,0.016,0.036,0.51206,-1.85302,8.994
34.870,0.172,0.016,0.036,0.51206,-1.85302,9.005
34.880,0.172,0.016,0.036,0.51206,-1.85302,9.018
34.890,0.172,0.016,0.036,0.51206,-1.85302,9.034
34.900,0.172,0.016,0.036,0.51206,-1.85302,9.047
34.910,0.172,0.016,0.036,0.51206,-1.85302,9.061
34.920,0.172,0.016,0.036,0.51206,-1.85302,9.076
34.930,0.172,0.016,0.036,0.51206,-1.85302,9.090
34.940,0.172,0.016,0.036,0.51206,-1.85302,9.103
34.950,0.173,0.016,0.036,0.51206,-1.85302,9.119
34.960,0.173,0.016,0.036,0.51206,-1.85302,9.132
34.970,0.173,0.016,0.036,0.51206,-1.85302,9.145
34.980,0.173,0.016,0.036,0.51206,-1.85302,9.161
34.990,0.173,0.016,0.036,0.51206,-1.85302,9.174
35.000,0.173,0.016,0.036,0.51206,-1.85302,9.187
35.010,0.173,0.016,0.036,0.51206,-1.85302,9.203
35.020,0.173,0.016,0.036,0.51206,-1.85302,9.222
35.030,0.173,0.016,0.036,0.51206,-1.85302,9.235
35.040,0.173,0.016,0.036,0.51206,-1.85302,9.248
35.050,0.173,0.016,0.036,0.51498,-1.88466,9.264
35.060,0.173,0.016,0.036,0.51498,-1.88466,9.277
35.070,0.173,0.016,0.036,0.51498,-1.88466,9.296
35.080,0.173,0.016,0.036,0.51498,-1.88466,9.309
35.090,0.173,0.016,0.036,0.51498,-1.88466,9.325
35.100,0.173,0.016,0.036,0.51498,-1.88466,9.343
35.110,0.173,0.016,0.036,0.51498,-1.88466,9.356
35.120,0.173,0.016,0.036,0.51498,-1.88466,9.372
35.130,0.173,0.016,0.036,0.51498,-1.88466,9.391
35.140,0.173,0.016,0.036,0.51498,-1.88466,9.404
35.150,0.173,0.016,0.036,0.51498,-1.88466,9.417
35.160,0.174,0.016,0.036,0.51498,-1.88466,9.436
35.170,0.174,0.016,0.036,0.51498,-1.88466,9.452
35.180,0.174,0.016,0.036,0.51498,-1.88466,9.470
35.190,0.174,0.016,0.036,0.51498,-1.88466,9.483
35.200,0.174,0.016,0.036,0.51498,-1.88466,9.502
35.210,0.174,0.016,0.036,0.51498,-1.88466,9.518
35.220,0.174,0.016,0.036,0.51498,-1.88466,9.536
35.230,0.174,0.016,0.036,0.51498,-1.88466,9.549
35.240,0.174,0.016,0.036,0.51498,-1.88466,9.568
35.250,0.174,0.016,0.036,0.51498,-1.88466,9.584
35.260,0.174,0.016,0.036,0.51807,-1.91828,9.602
35.270,0.174,0.016,0.036,0.51807,-1.91828,9.621
35.280,0.174,0.016,0.036,0.51807,-1.91828,9.634
35.290,0.174,0.016,0.036,0.51807,-1.91828,9.652
35.300,0.174,0.016,0.036,0.51807,-1.91828,9.671
35.310,0.174,0.016,0.036,0.51807,-1.91828,9.687
35.320,0.174,0.016,0.036,0.51807,-1.91828,9.705
35.330,0.174,0.016,0.036,0.51807,-1.91828,9.724
35.340,0.174,0.016,0.036,0.51807,-1.91828,9.737
35.350,0.174,0.016,0.036,0.51807,-1.91828,9.755
35.360,0.174,0.016,0.036,0.51807,-1.91828,9.774
35.370,0.175,0.016,0.036,0.51807,-1.91828,9.795
35.380,0.175,0.016,0.036,0.51807,-1.91828,9.808
35.390,0.175,0.016,0.036,0.51807,-1.91828,9.827
35.400,0.175,0.016,0.036,0.51807,-1.91828,9.845
35.410,0.175,0.016,0.036,0.51807,-1.91828,9.864
35.420,0.175,0.016,0.036,0.51807,-1.91828,9.882
35.430,0.175,0.016,0.036,0.51807,-1.91828,9.901
35.440,0.175,0.016,0.036,0.51807,-1.91828,9.919
35.450,0.175,0.016,0.036,0.51807,-1.91828,9.935
35.460,0.175,0.016,0.036,0.52106,-1.95065,9.954
35.470,0.175,0.016,0.036,0.52106,-1.95065,9.972
35.480,0.175,0.016,0.036,0.52106,-1.95065,9.991
35.490,0.175,0.016,0.036,0.52106,-1.95065,10.009
35.500,0.175,0.016,0.036,0.52106,-1.95065,10.028
35.510,0.175,0.016,0.036,0.52106,-1.95065,10.046
35.520,0.175,0.016,0.036,0.52106,-1.95065,10.067
35.530,0.175,0.016,0.036,0.52106,-1.95065,10.086
35.540,0.175,0.016,0.036,0.52106,-1.95065,10.104
35.550,0.175,0.016,0.036,0.52106,-1.95065,10.123
35.560,0.175,0.016,0.036,0.52106,-1.95065,10.141
35.570,0.175,0.016,0.036,0.52106,-1.95065,10.160
35.580,0.176,0.016,0.036,0.52106,-1.95065,10.178
35.590,0.176,0.016,0.036,0.52106,-1.95065,10.202
35.600,0.176,0.016,0.036,0.52106,-1.95065,10.220
35.610,0.176,0.016,0.036,0.52106,-1.95065,10.239
35.620,0.176,0.016,0.036,0.52106,-1.95065,10.257
35.630,0.176,0.016,0.036,0.52106,-1.95065,10.279
35.640,0.176,0.016,0.036,0.52106,-1.95065,10.297
35.650,0.176,0.016,0.036,0.52106,-1.95065,10.316
35.660,0.176,0.016,0.036,0.52106,-1.95065,10.339
35.670,0.176,0.016,0.036,0.52423,-1.98502,10.358
35.680,0.176,0.016,0.036,0.52423,-1.98502,10.376
35.690,0.176,0.016,0.036,0.52423,-1.98502,10.395
35.700,0.176,0.016,0.036,0.52423,-1.98502,10.419
35.710,0.176,0.016,0.036,0.52423,-1.98502,10.437
35.720,0.176,0.016,0.036,0.52423,-1.98502,10.456
35.730,0.176,0.016,0.036,0.52423,-1.98502,10.474
35.740,0.176,0.016,0.036,0.52423,-1.98502,10.498
35.750,0.176,0.016,0.036,0.52423,-1.98502,10.516
35.760,0.176,0.016,0.036,0.52423,-1.98502,10.535
35.770,0.176,0.016,0.036,0.52423,-1.98502,10.559
35.780,0.176,0.016,0.036,0.52423,-1.98502,10.577
35.790,0.176,0.016,0.036,0.52423,-1.98502,10.596
35.800,0.176,0.016,0.036,0.52423,-1.98502,10.619
35.810,0.177,0.016,0.036,0.52423,-1.98502,10.638
35.820,0.177,0.016,0.036,0.52423,-1.98502,10.656
35.830,0.177,0.016,0.036,0.52423,-1.98502,10.680
35.840,0.177,0.016,0.036,0.52423,-1.98502,10.699
35.850,0.177,0.016,0.036,0.52423,-1.98502,10.720
35.860,0.177,0.016,0.036,0.52423,-1.98502,10.741
35.870,0.177,0.016,0.036,0.52727,-2.01807,10.762
35.880,0.177,0.016,0.036,0.52727,-2.01807,10.783
35.890,0.177,0.016,0.036,0.52727,-2.01807,10.804
35.900,0.177,0.016,0.036,0.52727,-2.01807,10.826
35.910,0.177,0.016,0.036,0.52727,-2.01807,10.847
35.920,0.177,0.016,0.036,0.52727,-2.01807,10.865
35.930,0.177,0.016,0.036,0.52727,-2.01807,10.889
35.940,0.177,0.016,0.036,0.52727,-2.01807,10.908
35.950,0.177,0.016,0.036,0.52727,-2.01807,10.931
35.960,0.177,0.016,0.036,0.52727,-2.01807,10.950
35.970,0.177,0.016,0.036,0.52727,-2.01807,10.974
35.980,0.177,0.016,0.036,0.52727,-2.01807,10.992
35.990,0.177,0.016,0.036,0.52727,-2.01807,11.013
36.000,0.177,0.016,0.036,0.52727,-2.01807,11.034
36.010,0.177,0.016,0.036,0.52727,-2.01807,11.055
36.020,0.177,0.016,0.036,0.52727,-2.01807,11.077
36.030,0.177,0.016,0.036,0.52727,-2.01807,11.098
36.040,0.177,0.016,0.036,0.52727,-2.01807,11.119
36.050,0.177,0.016,0.036,0.52727,-2.01807,11.140
36.060,0.177,0.016,0.036,0.52727,-2.01807,11.161
36.070,0.178,0.016,0.036,0.52727,-2.01807,11.182
36.080,0.178,0.016,0.036,0.53050,-2.05310,11.203
36.090,0.178,0.016,0.036,0.53050,-2.05310,11.225
36.100,0.178,0.016,0.036,0.53050,-2.05310,11.246
36.110,0.178,0.016,0.036,0.53050,-2.05310,11.267
36.120,0.178,0.016,0.036,0.53050,-2.05310,11.291
36.130,0.178,0.016,0.036,0.53050,-2.05310,11.309
36.140,0.178,0.016,0.036,0.53050,-2.05310,11.333
36.150,0.178,0.016,0.036,0.53050,-2.05310,11.351
36.160,0.178,0.016,0.036,0.53050,-2.05310,11.375
36.170,0.178,0.016,0.036,0.53050,-2.05310,11.394
36.180,0.178,0.016,0.036,0.53050,-2.05310,11.417
36.190,0.178,0.016,0.036,0.53050,-2.05310,11.436
36.200,0.178,0.016,0.036,0.53050,-2.05310,11.460
36.210,0.178,0.016,0.036,0.53050,-2.05310,11.478
36.220,0.178,0.016,0.036,0.53050,-2.05310,11.502
36.230,0.178,0.016,0.036,0.53050,-2.05310,11.526
36.240,0.178,0.016,0.036,0.53050,-2.05310,11.544
36.250,0.178,0.016,0.036,0.53050,-2.05310,11.568
36.260,0.178,0.017,0.036,0.53050,-2.05310,11.587
36.270,0.178,0.017,0.036,0.53050,-2.05310,11.610
36.280,0.178,0.017,0.036,0.53361,-2.08674,11.629
36.290,0.178,0.017,0.036,0.53361,-2.08674,11.653
36.300,0.178,0.017,0.036,0.53361,-2.08674,11.671
36.310,0.178,0.017,0.036,0.53361,-2.08674,11.695
36.320,0.179,0.017,0.036,0.53361,-2.08674,11.719
36.330,0.179,0.017,0.036,0.53361,-2.08674,11.737
36.340,0.179,0.017,0.036,0.53361,-2.08674,11.761
36.350,0.179,0.017,0.036,0.53361,-2.08674,11.779
36.360,0.179,0.017,0.036,0.53361,-2.08674,11.803
36.370,0.179,0.017,0.036,0.53361,-2.08674,11.822
36.380,0.179,0.017,0.036,0.53361,-2.08674,11.846
36.390,0.179,0.017,0.036,0.53361,-2.08674,11.864
36.400,0.179,0.017,0.036,0.53361,-2.08674,11.888
36.410,0.179,0.017,0.036,0.53361,-2.08674,11.906
36.420,0.179,0.017,0.036,0.53361,-2.08674,11.930
36.430,0.179,0.017,0.036,0.53361,-2.08674,11.949
36.440,0.179,0.017,0.036,0.53361,-2.08674,11.972
36.450,0.179,0.017,0.036,0.53361,-2.08674,11.991
36.460,0.179,0.017,0.036,0.53361,-2.08674,12.015
36.470,0.179,0.017,0.036,0.53361,-2.08674,12.033
36.480,0.179,0.017,0.036,0.53361,-2.08674,12.057
36.490,0.179,0.017,0.036,0.53689,-2.12231,12.075
36.500,0.179,0.017,0.036,0.53689,-2.12231,12.099
36.510,0.179,0.017,0.036,0.53689,-2.12231,12.118
36.520,0.179,0.017,0.036,0.53689,-2.12231,12.141
36.530,0.179,0.017,0.036,0.53689,-2.12231,12.160
36.540,0.179,0.017,0.036,0.53689,-2.12231,12.178
36.550,0.179,0.017,0.036,0.53689,-2.12231,12.202
36.560,0.180,0.017,0.036,0.53689,-2.12231,12.221
36.570,0.180,0.017,0.036,0.53689,-2.12231,12.245
36.580,0.180,0.017,0.036,0.53689,-2.12231,12.263
36.590,0.180,0.017,0.036,0.53689,-2.12231,12.287
36.600,0.180,0.017,0.036,0.53689,-2.12231,12.305
36.610,0.180,0.017,0.036,0.53689,-2.12231,12.329
36.620,0.180,0.017,0.036,0.53689,-2.12231,12.348
36.630,0.180,0.017,0.036,0.53689,-2.12231,12.366
36.640,0.180,0.017,0.036,0.53689,-2.12231,12.390
36.650,0.180,0.017,0.036,0.53689,-2.12231,12.408
36.660,0.180,0.017,0.036,0.53689,-2.12231,12.432
36.670,0.180,0.017,0.036,0.53689,-2.12231,12.451
36.680,0.180,0.017,0.036,0.53689,-2.12231,12.469
36.690,0.180,0.017,0.036,0.54004,-2.15642,12.493
36.700,0.180,0.017,0.036,0.54004,-2.15642,12.511
36.710,0.180,0.017,0.036,0.54004,-2.15642,12.530
36.720,0.180,0.017,0.036,0.54004,-2.15642,12.554
36.730,0.180,0.017,0.036,0.54004,-2.15642,12.572
36.740,0.180,0.017,0.036,0.54004,-2.15642,12.593
36.750,0.180,0.017,0.036,0.54004,-2.15642,12.614
36.760,0.180,0.017,0.036,0.54004,-2.15642,12.636
36.770,0.180,0.017,0.036,0.54004,-2.15642,12.654
36.780,0.180,0.017,0.036,0.54004,-2.15642,12.678
36.790,0.180,0.017,0.036,0.54004,-2.15642,12.696
36.800,0.181,0.017,0.036,0.54004,-2.15642,12.715
36.810,0.181,0.017,0.036,0.54004,-2.15642,12.739
36.820,0.181,0.017,0.036,0.54004,-2.15642,12.757
36.830,0.181,0.017,0.036,0.54004,-2.15642,12.776
36.840,0.181,0.017,0.036,0.54004,-2.15642,12.794
36.850,0.181,0.017,0.036,0.54004,-2.15642,12.818
36.860,0.181,0.017,0.036,0.54004,-2.15642,12.836
36.870,0.181,0.017,0.036,0.54004,-2.15642,12.855
36.880,0.181,0.017,0.036,0.54004,-2.15642,12.873
36.890,0.181,0.017,0.036,0.54004,-2.15642,12.897
36.900,0.181,0.017,0.036,0.54337,-2.19245,12.916
36.910,0.181,0.017,0.036,0.54337,-2.19245,12.934
36.920,0.181,0.017,0.036,0.54337,-2.19245,12.953
36.930,0.181,0.017,0.036,0.54337,-2.19245,12.971
36.940,0.181,0.017,0.036,0.54337,-2.19245,12.995
36.950,0.181,0.017,0.036,0.54337,-2.19245,13.013
36.960,0.181,0.017,0.036,0.54337,-2.19245,13.035
36.970,0.181,0.017,0.036,0.54337,-2.19245,13.053
36.980,0.181,0.017,0.036,0.54337,-2.19245,13.072
36.990,0.181,0.017,0.036,0.54337,-2.19245,13.090
37.000,0.181,0.017,0.036,0.54337,-2.19245,13.109
37.010,0.181,0.017,0.036,0.54337,-2.19245,13.132
37.020,0.181,0.017,0.036,0.54337,-2.19245,13.151
37.030,0.181,0.017,0.036,0.54337,-2.19245,13.169
37.040,0.182,0.017,0.036,0.54337,-2.19245,13.188
37.050,0.182,0.017,0.036,0.54337,-2.19245,13.206
37.060,0.182,0.017,0.036,0.54337,-2.19245,13.225
37.070,0.182,0.017,0.036,0.54337,-2.19245,13.246
37.080,0.182,0.017,0.036,0.54337,-2.19245,13.264
37.090,0.182,0.017,0.036,0.54337,-2.19245,13.283
37.100,0.182,0.017,0.036,0.54656,-2.22696,13.301
37.110,0.182,0.017,0.036,0.54656,-2.22696,13.320
37.120,0.182,0.017,0.036,0.54656,-2.22696,13.338
37.130,0.182,0.017,0.036,0.54656,-2.22696,13.357
37.140,0.182,0.017,0.036,0.54656,-2.22696,13.375
37.150,0.182,0.017,0.036,0.54656,-2.22696,13.394
37.160,0.182,0.017,0.036,0.54656,-2.22696,13.412
37.170,0.182,0.017,0.036,0.54656,-2.22696,13.434
37.180,0.182,0.017,0.036,0.54656,-2.22696,13.452
37.190,0.182,0.017,0.036,0.54656,-2.22696,13.471
37.200,0.182,0.017,0.036,0.54656,-2.22696,13.489
37.210,0.182,0.017,0.036,0.54656,-2.22696,13.508
37.220,0.182,0.017,0.036,0.54656,-2.22696,13.526
37.230,0.182,0.017,0.036,0.54656,-2.22696,13.545
37.240,0.182,0.017,0.036,0.54656,-2.22696,13.563
37.250,0.182,0.017,0.036,0.54656,-2.22696,13.582
37.260,0.182,0.017,0.036,0.54656,-2.22696,13.603
37.270,0.182,0.017,0.036,0.54656,-2.22696,13.621
37.280,0.182,0.017,0.036,0.54656,-2.22696,13.634
37.290,0.182,0.017,0.036,0.54656,-2.22696,13.653
37.300,0.182,0.017,0.036,0.54656,-2.22696,13.671
37.310,0.183,0.017,0.036,0.54993,-2.26340,13.690
37.320,0.183,0.017,0.036,0.54993,-2.26340,13.708
37.330,0.183,0.017,0.036,0.54993,-2.26340,13.729
37.340,0.183,0.017,0.036,0.54993,-2.26340,13.743
37.350,0.183,0.017,0.036,0.54993,-2.26340,13.761
37.360,0.183,0.017,0.036,0.54993,-2.26340,13.780
37.370,0.183,0.017,0.036,0.54993,-2.26340,13.798
37.380,0.183,0.017,0.036,0.54993,-2.26340,13.817
37.390,0.183,0.017,0.036,0.54993,-2.26340,13.833
37.400,0.183,0.017,0.036,0.54993,-2.26340,13.851
37.410,0.183,0.017,0.036,0.54993,-2.26340,13.870
37.420,0.183,0.017,0.036,0.54993,-2.26340,13.888
37.430,0.183,0.017,0.036,0.54993,-2.26340,13.901
37.440,0.183,0.017,0.036,0.54993,-2.26340,13.920
37.450,0.183,0.017,0.036,0.54993,-2.26340,13.938
37.460,0.183,0.017,0.036,0.54993,-2.26340,13.954
37.470,0.183,0.017,0.036,0.54993,-2.26340,13.973
37.480,0.183,0.017,0.036,0.54993,-2.26340,13.991
37.490,0.183,0.017,0.036,0.54993,-2.26340,14.004
37.500,0.183,0.017,0.036,0.54993,-2.26340,14.023
37.510,0.183,0.017,0.036,0.54993,-2.26340,14.044
37.520,0.183,0.017,0.036,0.55333,-2.30004,14.057
37.530,0.183,0.017,0.036,0.55333,-2.30004,14.076
37.540,0.183,0.017,0.036,0.55333,-2.30004,14.094
37.550,0.183,0.017,0.036,0.55333,-2.30004,14.107
37.560,0.184,0.017,0.036,0.55333,-2.30004,14.128
37.570,0.184,0.017,0.036,0.55333,-2.30004,14.142
37.580,0.184,0.017,0.036,0.55333,-2.30004,14.160
37.590,0.184,0.017,0.036,0.55333,-2.30004,14.179
37.600,0.184,0.017,0.036,0.55333,-2.30004,14.192
37.610,0.184,0.017,0.036,0.55333,-2.30004,14.213
37.620,0.184,0.017,0.036,0.55333,-2.30004,14.226
37.630,0.184,0.017,0.036,0.55333,-2.30004,14.245
37.640,0.184,0.017,0.036,0.55333,-2.30004,14.258
37.650,0.184,0.017,0.036,0.55333,-2.30004,14.276
37.660,0.184,0.017,0.036,0.55333,-2.30004,14.292
37.670,0.184,0.017,0.036,0.55333,-2.30004,14.311
37.680,0.184,0.017,0.036,0.55333,-2.30004,14.324
37.690,0.184,0.017,0.036,0.55333,-2.30004,14.343
37.700,0.184,0.017,0.036,0.55333,-2.30004,14.358
37.710,0.184,0.017,0.036,0.55333,-2.30004,14.377
37.720,0.184,0.017,0.036,0.55658,-2.33513,14.390
37.730,0.184,0.017,0.036,0.55658,-2.33513,14.409
37.740,0.184,0.017,0.036,0.55658,-2.33513,14.422
37.750,0.184,0.017,0.036,0.55658,-2.33513,14.438
37.760,0.184,0.017,0.036,0.55658,-2.33513,14.456
37.770,0.184,0.017,0.036,0.55658,-2.33513,14.469
37.780,0.184,0.017,0.036,0.55658,-2.33513,14.488
37.790,0.184,0.017,0.036,0.55658,-2.33513,14.504
37.800,0.185,0.017,0.036,0.55658,-2.33513,14.517
37.810,0.185,0.017,0.036,0.55658,-2.33513,14.535
37.820,0.185,0.017,0.036,0.55658,-2.33513,14.549
37.830,0.185,0.017,0.036,0.55658,-2.33513,14.570
37.840,0.185,0.017,0.036,0.55658,-2.33513,14.583
37.850,0.185,0.017,0.036,0.55658,-2.33513,14.596
37.860,0.185,0.017,0.036,0.55658,-2.33513,14.615
37.870,0.185,0.017,0.036,0.55658,-2.33513,14.631
37.880,0.185,0.017,0.036,0.55658,-2.33513,14.644
37.890,0.185,0.017,0.036,0.55658,-2.33513,14.657
37.900,0.185,0.017,0.036,0.55658,-2.33513,14.675
37.910,0.185,0.017,0.036,0.55658,-2.33513,14.691
37.920,0.185,0.017,0.036,0.55658,-2.33513,14.705
37.930,0.185,0.017,0.036,0.56001,-2.37216,14.723
37.940,0.185,0.017,0.036,0.56001,-2.37216,14.739
37.950,0.185,0.017,0.036,0.56001,-2.37216,14.752
37.960,0.185,0.018,0.036,0.56001,-2.37216,14.765
37.970,0.185,0.018,0.036,0.56001,-2.37216,14.784
37.980,0.185,0.018,0.036,0.56001,-2.37216,14.800
37.990,0.185,0.018,0.036,0.56001,-2.37216,14.813
38.000,0.185,0.018,0.036,0.56001,-2.37216,14.826
38.010,0.185,0.018,0.036,0.56001,-2.37216,14.842
38.020,0.185,0.018,0.036,0.56001,-2.37216,14.860
38.030,0.186,0.018,0.036,0.56001,-2.37216,14.874
38.040,0.186,0.018,0.036,0.56001,-2.37216,14.887
38.050,0.186,0.018,0.036,0.56001,-2.37216,14.903
38.060,0.186,0.018,0.036,0.56001,-2.37216,14.916
38.070,0.186,0.018,0.036,0.56001,-2.37216,14.929
38.080,0.186,0.018,0.036,0.56001,-2.37216,14.945
38.090,0.186,0.018,0.036,0.56001,-2.37216,14.963
38.100,0.186,0.018,0.036,0.56001,-2.37216,14.977
38.110,0.186,0.018,0.036,0.56001,-2.37216,14.990
38.120,0.186,0.018,0.036,0.56001,-2.37216,15.006
38.130,0.186,0.018,0.036,0.56330,-2.40761,15.019
38.140,0.186,0.018,0.036,0.56330,-2.40761,15.032
38.150,0.186,0.018,0.036,0.56330,-2.40761,15.048
38.160,0.186,0.018,0.036,0.56330,-2.40761,15.061
38.170,0.186,0.018,0.036,0.56330,-2.40761,15.074
38.180,0.186,0.018,0.036,0.56330,-2.40761,15.090
38.190,0.186,0.018,0.036,0.56330,-2.40761,15.104
38.200,0.186,0.018,0.036,0.56330,-2.40761,15.117
38.210,0.186,0.018,0.036,0.56330,-2.40761,15.133
38.220,0.186,0.018,0.036,0.56330,-2.40761,15.151
38.230,0.186,0.018,0.036,0.56330,-2.40761,15.164
38.240,0.186,0.018,0.036,0.56330,-2.40761,15.180
38.250,0.186,0.018,0.036,0.56330,-2.40761,15.193
38.260,0.187,0.018,0.036,0.56330,-2.40761,15.207
38.270,0.187,0.018,0.036,0.56330,-2.40761,15.222
38.280,0.187,0.018,0.036,0.56330,-2.40761,15.236
38.290,0.187,0.018,0.036,0.56330,-2.40761,15.249
38.300,0.187,0.018,0.036,0.56330,-2.40761,15.259
38.310,0.187,0.018,0.036,0.56330,-2.40761,15.273
38.320,0.187,0.018,0.036,0.56330,-2.40761,15.286
38.330,0.187,0.018,0.036,0.56330,-2.40761,15.302
38.340,0.187,0.018,0.036,0.56678,-2.44504,15.315
38.350,0.187,0.018,0.036,0.56678,-2.44504,15.328
38.360,0.187,0.018,0.036,0.56678,-2.44504,15.344
38.370,0.187,0.018,0.036,0.56678,-2.44504,15.357
38.380,0.187,0.018,0.036,0.56678,-2.44504,15.370
38.390,0.187,0.018,0.036,0.56678,-2.44504,15.386
38.400,0.187,0.018,0.036,0.56678,-2.44504,15.399
38.410,0.187,0.018,0.036,0.56678,-2.44504,15.413
38.420,0.187,0.018,0.036,0.56678,-2.44504,15.429
38.430,0.187,0.018,0.036,0.56678,-2.44504,15.436
38.440,0.187,0.018,0.036,0.56678,-2.44504,15.452
38.450,0.187,0.018,0.036,0.56678,-2.44504,15.466
38.460,0.187,0.018,0.036,0.56678,-2.44504,15.479
38.470,0.187,0.018,0.036,0.56678,-2.44504,15.495
38.480,0.187,0.018,0.036,0.56678,-2.44504,15.508
38.490,0.187,0.018,0.036,0.56678,-2.44504,15.521
38.500,0.188,0.018,0.036,0.56678,-2.44504,15.532
38.510,0.188,0.018,0.036,0.56678,-2.44504,15.545
38.520,0.188,0.018,0.036,0.56678,-2.44504,15.558
38.530,0.188,0.018,0.036,0.56678,-2.44504,15.574
38.540,0.188,0.018,0.036,0.57012,-2.48088,15.587
38.550,0.188,0.018,0.036,0.57012,-2.48088,15.600
38.560,0.188,0.018,0.036,0.57012,-2.48088,15.611
38.570,0.188,0.018,0.036,0.57012,-2.48088,15.624
38.580,0.188,0.018,0.036,0.57012,-2.48088,15.640
38.590,0.188,0.018,0.036,0.57012,-2.48088,15.653
38.600,0.188,0.018,0.036,0.57012,-2.48088,15.664
38.610,0.188,0.018,0.036,0.57012,-2.48088,15.677
38.620,0.188,0.018,0.036,0.57012,-2.48088,15.690
38.630,0.188,0.018,0.036,0.57012,-2.48088,15.706
38.640,0.188,0.018,0.036,0.57012,-2.48088,15.719
38.650,0.188,0.018,0.036,0.57012,-2.48088,15.727
38.660,0.188,0.018,0.036,0.57012,-2.48088,15.743
38.670,0.188,0.018,0.036,0.57012,-2.48088,15.756
38.680,0.188,0.018,0.036,0.57012,-2.48088,15.767
38.690,0.188,0.018,0.036,0.57012,-2.48088,15.780
38.700,0.188,0.018,0.036,0.57012,-2.48088,15.793
38.710,0.188,0.018,0.036,0.57012,-2.48088,15.809
38.720,0.188,0.018,0.036,0.57012,-2.48088,15.817
38.730,0.188,0.018,0.036,0.57012,-2.48088,15.833
38.740,0.188,0.018,0.036,0.57012,-2.48088,15.846
38.750,0.188,0.018,0.036,0.57364,-2.51872,15.854
38.760,0.188,0.018,0.036,0.57364,-2.51872,15.870
38.770,0.189,0.018,0.036,0.57364,-2.51872,15.883
38.780,0.189,0.018,0.036,0.57364,-2.51872,15.896
38.790,0.189,0.018,0.036,0.57364,-2.51872,15.907
38.800,0.189,0.018,0.036,0.57364,-2.51872,15.920
38.810,0.189,0.018,0.036,0.57364,-2.51872,15.936
38.820,0.189,0.018,0.036,0.57364,-2.51872,15.944
38.830,0.189,0.018,0.036,0.57364,-2.51872,15.960
38.840,0.189,0.018,0.036,0.57364,-2.51872,15.973
38.850,0.189,0.018,0.036,0.57364,-2.51872,15.981
38.860,0.189,0.018,0.036,0.57364,-2.51872,15.997
38.870,0.189,0.018,0.036,0.57364,-2.51872,16.010
38.880,0.189,0.018,0.036,0.57364,-2.51872,16.020
38.890,0.189,0.018,0.036,0.57364,-2.51872,16.034
38.900,0.189,0.018,0.036,0.57364,-2.51872,16.047
38.910,0.189,0.018,0.036,0.57364,-2.51872,16.057
38.920,0.189,0.018,0.036,0.57364,-2.51872,16.071
38.930,0.189,0.018,0.036,0.57364,-2.51872,16.084
38.940,0.189,0.018,0.036,0.57364,-2.51872,16.094
38.950,0.189,0.018,0.036,0.57702,-2.55497,16.108
38.960,0.189,0.018,0.036,0.57702,-2.55497,16.118
38.970,0.189,0.018,0.036,0.57702,-2.55497,16.131
38.980,0.189,0.018,0.036,0.57702,-2.55497,16.147
38.990,0.189,0.018,0.036,0.57702,-2.55497,16.155
39.000,0.189,0.018,0.036,0.57702,-2.55497,16.168
39.010,0.189,0.018,0.036,0.57702,-2.55497,16.184
39.020,0.189,0.018,0.036,0.57702,-2.55497,16.192
39.030,0.189,0.018,0.036,0.57702,-2.55497,16.208
39.040,0.189,0.018,0.036,0.57702,-2.55497,16.221
39.050,0.189,0.018,0.036,0.57702,-2.55497,16.232
39.060,0.189,0.018,0.036,0.57702,-2.55497,16.245
39.070,0.189,0.018,0.036,0.57702,-2.55497,16.253
39.080,0.189,0.018,0.036,0.57702,-2.55497,16.269
39.090,0.190,0.018,0.036,0.57702,-2.55497,16.282
39.100,0.190,0.018,0.036,0.57702,-2.55497,16.293
39.110,0.190,0.018,0.036,0.57702,-2.55497,16.306
39.120,0.190,0.018,0.036,0.57702,-2.55497,16.319
39.130,0.190,0.018,0.036,0.57702,-2.55497,16.330
39.140,0.190,0.018,0.036,0.57702,-2.55497,16.343
39.150,0.190,0.018,0.036,0.57702,-2.55497,16.359
39.160,0.190,0.018,0.036,0.58059,-2.59328,16.367
39.170,0.190,0.018,0.036,0.58059,-2.59328,16.380
39.180,0.190,0.018,0.036,0.58059,-2.59328,16.396
39.190,0.190,0.018,0.036,0.58059,-2.59328,16.404
39.200,0.190,0.018,0.036,0.58059,-2.59328,16.419
39.210,0.190,0.018,0.036,0.58059,-2.59328,16.433
39.220,0.190,0.018,0.036,0.58059,-2.59328,16.443
39.230,0.190,0.018,0.036,0.58059,-2.59328,16.456
39.240,0.190,0.018,0.036,0.58059,-2.59328,16.470
39.250,0.190,0.018,0.036,0.58059,-2.59328,16.480
39.260,0.190,0.018,0.036,0.58059,-2.59328,16.493
39.270,0.190,0.018,0.036,0.58059,-2.59328,16.507
39.280,0.190,0.018,0.036,0.58059,-2.59328,16.522
39.290,0.190,0.018,0.036,0.58059,-2.59328,16.530
39.300,0.190,0.018,0.036,0.58059,-2.59328,16.546
39.310,0.190,0.018,0.036,0.58059,-2.59328,16.559
39.320,0.190,0.018,0.036,0.58059,-2.59328,16.570
39.330,0.190,0.018,0.036,0.58059,-2.59328,16.583
39.340,0.190,0.018,0.036,0.58059,-2.59328,16.596
39.350,0.190,0.018,0.036,0.58059,-2.59328,16.607
39.360,0.190,0.018,0.036,0.58402,-2.63000,16.620
39.370,0.190,0.018,0.036,0.58402,-2.63000,16.633
39.380,0.190,0.018,0.036,0.58402,-2.63000,16.649
39.390,0.190,0.018,0.036,0.58402,-2.63000,16.657
39.400,0.190,0.018,0.036,0.58402,-2.63000,16.673
39.410,0.190,0.018,0.036,0.58402,-2.63000,16.686
39.420,0.190,0.018,0.036,0.58402,-2.63000,16.699
39.430,0.190,0.018,0.036,0.58402,-2.63000,16.710
39.440,0.191,0.018,0.036,0.58402,-2.63000,16.723
39.450,0.191,0.018,0.036,0.58402,-2.63000,16.736
39.460,0.191,0.018,0.036,0.58402,-2.63000,16.752
39.470,0.191,0.018,0.036,0.58402,-2.63000,16.760
39.480,0.191,0.018,0.036,0.58402,-2.63000,16.776
39.490,0.191,0.018,0.036,0.58402,-2.63000,16.789
39.500,0.191,0.018,0.036,0.58402,-2.63000,16.803
39.510,0.191,0.018,0.036,0.58402,-2.63000,16.813
39.520,0.191,0.018,0.036,0.58402,-2.63000,16.826
39.530,0.191,0.018,0.036,0.58402,-2.63000,16.842
39.540,0.191,0.018,0.036,0.58402,-2.63000,16.855
39.550,0.191,0.018,0.036,0.58402,-2.63000,16.869
39.560,0.191,0.018,0.036,0.58402,-2.63000,16.879
39.570,0.191,0.018,0.036,0.58766,-2.66882,16.892
39.580,0.191,0.018,0.036,0.58766,-2.66882,16.906
39.590,0.191,0.018,0.036,0.58766,-2.66882,16.921
39.600,0.191,0.018,0.036,0.58766,-2.66882,16.935
39.610,0.191,0.018,0.036,0.58766,-2.66882,16.948
39.620,0.191,0.018,0.036,0.58766,-2.66882,16.958
39.630,0.191,0.018,0.036,0.58766,-2.66882,16.972
39.640,0.191,0.018,0.036,0.58766,-2.66882,16.987
39.650,0.191,0.018,0.036,0.58766,-2.66882,17.001
39.660,0.191,0.018,0.036,0.58766,-2.66882,17.014
39.670,0.191,0.018,0.036,0.58766,-2.66882,17.030
39.680,0.191,0.018,0.036,0.58766,-2.66882,17.043
39.690,0.191,0.018,0.036,0.58766,-2.66882,17.056
39.700,0.191,0.018,0.036,0.58766,-2.66882,17.072
39.710,0.191,0.018,0.036,0.58766,-2.66882,17.085
39.720,0.191,0.018,0.036,0.58766,-2.66882,17.098
39.730,0.191,0.019,0.036,0.58766,-2.66882,17.114
39.740,0.191,0.019,0.036,0.58766,-2.66882,17.128
39.750,0.191,0.019,0.036,0.58766,-2.66882,17.141
39.760,0.191,0.019,0.036,0.58766,-2.66882,17.157
39.770,0.191,0.019,0.036,0.58766,-2.66882,17.170
39.780,0.191,0.019,0.036,0.59132,-2.70794,17.183
39.790,0.191,0.019,0.036,0.59132,-2.70794,17.199
39.800,0.191,0.019,0.036,0.59132,-2.70794,17.212
39.810,0.191,0.019,0.036,0.59132,-2.70794,17.225
39.820,0.192,0.019,0.036,0.59132,-2.70794,17.241
39.830,0.192,0.019,0.036,0.59132,-2.70794,17.254
39.840,0.192,0.019,0.036,0.59132,-2.70794,17.268
39.850,0.192,0.019,0.036,0.59132,-2.70794,17.283
39.860,0.192,0.019,0.036,0.59132,-2.70794,17.297
39.870,0.192,0.019,0.036,0.59132,-2.70794,17.315
39.880,0.192,0.019,0.036,0.59132,-2.70794,17.328
39.890,0.192,0.019,0.036,0.59132,-2.70794,17.344
39.900,0.192,0.019,0.036,0.59132,-2.70794,17.357
39.910,0.192,0.019,0.036,0.59132,-2.70794,17.371
39.920,0.192,0.019,0.036,0.59132,-2.70794,17.386
39.930,0.192,0.019,0.036,0.59132,-2.70794,17.400
39.940,0.192,0.019,0.036,0.59132,-2.70794,17.413
39.950,0.192,0.019,0.036,0.59132,-2.70794,17.431
39.960,0.192,0.019,0.036,0.59132,-2.70794,17.447
39.970,0.192,0.019,0.036,0.59132,-2.70794,17.460
39.980,0.192,0.019,0.036,0.59484,-2.74547,17.474
39.990,0.192,0.019,0.036,0.59484,-2.74547,17.490
40.000,0.192,0.019,0.036,0.59484,-2.74547,17.503
40.010,0.192,0.019,0.036,0.59484,-2.74547,17.521
40.020,0.192,0.019,0.036,0.59484,-2.74547,17.537
40.030,0.192,0.019,0.036,0.59484,-2.74547,17.550
40.040,0.192,0.019,0.036,0.59484,-2.74547,17.564
40.050,0.192,0.019,0.036,0.59484,-2.74547,17.579
40.060,0.192,0.019,0.036,0.59484,-2.74547,17.598
40.070,0.192,0.019,0.036,0.59484,-2.74547,17.611
40.080,0.192,0.019,0.036,0.59484,-2.74547,17.624
40.090,0.192,0.019,0.036,0.59484,-2.74547,17.640
40.100,0.192,0.019,0.036,0.59484,-2.74547,17.653
40.110,0.192,0.019,0.036,0.59484,-2.74547,17.672
40.120,0.192,0.019,0.036,0.59484,-2.74547,17.685
40.130,0.192,0.019,0.036,0.59484,-2.74547,17.701
40.140,0.192,0.019,0.036,0.59484,-2.74547,17.714
40.150,0.192,0.019,0.036,0.59484,-2.74547,17.727
40.160,0.192,0.019,0.036,0.59484,-2.74547,17.748
40.170,0.192,0.019,0.036,0.59484,-2.74547,17.762
40.180,0.192,0.019,0.036,0.59484,-2.74547,17.775
40.190,0.192,0.019,0.036,0.59857,-2.78514,17.788
40.200,0.192,0.019,0.036,0.59857,-2.78514,17.804
40.210,0.192,0.019,0.036,0.59857,-2.78514,17.822
40.220,0.192,0.019,0.036,0.59857,-2.78514,17.836
40.230,0.192,0.019,0.036,0.59857,-2.78514,17.852
40.240,0.193,0.019,0.036,0.59857,-2.78514,17.865
40.250,0.193,0.019,0.036,0.59857,-2.78514,17.883
40.260,0.193,0.019,0.036,0.59857,-2.78514,17.896
40.270,0.193,0.019,0.036,0.59857,-2.78514,17.912
40.280,0.193,0.019,0.036,0.59857,-2.78514,17.926
40.290,0.193,0.019,0.036,0.59857,-2.78514,17.944
40.300,0.193,0.019,0.036,0.59857,-2.78514,17.957
40.310,0.193,0.019,0.036,0.59857,-2.78514,17.973
40.320,0.193,0.019,0.036,0.59857,-2.78514,17.986
40.330,0.193,0.019,0.036,0.59857,-2.78514,18.005
40.340,0.193,0.019,0.036,0.59857,-2.78514,18.021
40.350,0.193,0.019,0.036,0.59857,-2.78514,18.034
40.360,0.193,0.019,0.036,0.59857,-2.78514,18.052
40.370,0.193,0.019,0.036,0.59857,-2.78514,18.066
40.380,0.193,0.019,0.036,0.59857,-2.78514,18.081
40.390,0.193,0.019,0.036,0.60215,-2.82315,18.095
40.400,0.193,0.019,0.036,0.60215,-2.82315,18.113
40.410,0.193,0.019,0.036,0.60215,-2.82315,18.126
40.420,0.193,0.019,0.036,0.60215,-2.82315,18.142
40.430,0.193,0.019,0.036,0.60215,-2.82315,18.161
40.440,0.193,0.019,0.036,0.60215,-2.82315,18.174
40.450,0.193,0.019,0.036,0.60215,-2.82315,18.190
40.460,0.193,0.019,0.036,0.60215,-2.82315,18.208
40.470,0.193,0.019,0.036,0.60215,-2.82315,18.221
40.480,0.193,0.019,0.036,0.60215,-2.82315,18.235
40.490,0.193,0.019,0.036,0.60215,-2.82315,18.253
40.500,0.193,0.019,0.036,0.60215,-2.82315,18.269
40.510,0.193,0.019,0.036,0.60215,-2.82315,18.287
40.520,0.193,0.019,0.036,0.60215,-2.82315,18.301
40.530,0.193,0.019,0.036,0.60215,-2.82315,18.317
40.540,0.193,0.019,0.036,0.60215,-2.82315,18.335
40.550,0.193,0.019,0.036,0.60215,-2.82315,18.348
40.560,0.193,0.019,0.036,0.60215,-2.82315,18.367
40.570,0.193,0.019,0.036,0.60215,-2.82315,18.380
40.580,0.193,0.019,0.036,0.60215,-2.82315,18.398
40.590,0.193,0.019,0.036,0.60215,-2.82315,18.414
40.600,0.193,0.019,0.036,0.60594,-2.86333,18.433
40.610,0.193,0.019,0.036,0.60594,-2.86333,18.446
40.620,0.193,0.019,0.036,0.60594,-2.86333,18.462
40.630,0.193,0.019,0.036,0.60594,-2.86333,18.480
40.640,0.193,0.019,0.036,0.60594,-2.86333,18.499
40.650,0.193,0.019,0.036,0.60594,-2.86333,18.512
40.660,0.193,0.019,0.036,0.60594,-2.86333,18.531
40.670,0.193,0.019,0.036,0.60594,-2.86333,18.546
40.680,0.193,0.019,0.036,0.60594,-2.86333,18.565
40.690,0.193,0.019,0.036,0.60594,-2.86333,18.578
40.700,0.193,0.019,0.036,0.60594,-2.86333,18.597
40.710,0.193,0.019,0.036,0.60594,-2.86333,18.615
40.720,0.193,0.019,0.036,0.60594,-2.86333,18.631
40.730,0.193,0.019,0.036,0.60594,-2.86333,18.649
40.740,0.193,0.019,0.036,0.60594,-2.86333,18.663
40.750,0.193,0.019,0.036,0.60594,-2.86333,18.681
40.760,0.193,0.019,0.036,0.60594,-2.86333,18.700
40.770,0.194,0.019,0.036,0.60594,-2.86333,18.716
40.780,0.194,0.019,0.036,0.60594,-2.86333,18.734
40.790,0.194,0.019,0.036,0.60594,-2.86333,18.753
40.800,0.194,0.019,0.036,0.60958,-2.90186,18.766
40.810,0.194,0.019,0.036,0.60958,-2.90186,18.784
40.820,0.194,0.019,0.036,0.60958,-2.90186,18.803
40.830,0.194,0.019,0.036,0.60958,-2.90186,18.819
40.840,0.194,0.019,0.036,0.60958,-2.90186,18.837
40.850,0.194,0.019,0.036,0.60958,-2.90186,18.856
40.860,0.194,0.019,0.036,0.60958,-2.90186,18.869
40.870,0.194,0.019,0.036,0.60958,-2.90186,18.887
40.880,0.194,0.019,0.036,0.60958,-2.90186,18.906
40.890,0.194,0.019,0.036,0.60958,-2.90186,18.922
40.900,0.194,0.019,0.036,0.60958,-2.90186,18.940
40.910,0.194,0.019,0.036,0.60958,-2.90186,18.959
40.920,0.194,0.019,0.036,0.60958,-2.90186,18.972
40.930,0.194,0.019,0.036,0.60958,-2.90186,18.990
40.940,0.194,0.019,0.036,0.60958,-2.90186,19.009
40.950,0.194,0.019,0.036,0.60958,-2.90186,19.030
40.960,0.194,0.019,0.036,0.60958,-2.90186,19.043
40.970,0.194,0.019,0.036,0.60958,-2.90186,19.062
40.980,0.194,0.019,0.036,0.60958,-2.90186,19.080
40.990,0.194,0.019,0.036,0.60958,-2.90186,19.093
41.000,0.194,0.019,0.036,0.60958,-2.90186,19.115
41.010,0.194,0.019,0.036,0.61343,-2.94258,19.133
41.020,0.194,0.019,0.036,0.61343,-2.94258,19.152
41.030,0.194,0.019,0.036,0.61343,-2.94258,19.165
41.040,0.194,0.019,0.036,0.61343,-2.94258,19.183
41.050,0.194,0.019,0.036,0.61343,-2.94258,19.202
41.060,0.194,0.019,0.036,0.61343,-2.94258,19.220
41.070,0.194,0.019,0.036,0.61343,-2.94258,19.241
41.080,0.194,0.019,0.036,0.61343,-2.94258,19.255
41.090,0.194,0.019,0.036,0.61343,-2.94258,19.273
41.100,0.194,0.019,0.036,0.61343,-2.94258,19.292
41.110,0.194,0.019,0.036,0.61343,-2.94258,19.310
41.120,0.194,0.019,0.036,0.61343,-2.94258,19.329
41.130,0.194,0.019,0.036,0.61343,-2.94258,19.347
41.140,0.194,0.019,0.036,0.61343,-2.94258,19.368
41.150,0.194,0.019,0.036,0.61343,-2.94258,19.381
41.160,0.194,0.019,0.036,0.61343,-2.94258,19.400
41.170,0.194,0.019,0.036,0.61343,-2.94258,19.418
41.180,0.194,0.019,0.036,0.61343,-2.94258,19.437
41.190,0.194,0.019,0.036,0.61343,-2.94258,19.455
41.200,0.194,0.019,0.036,0.61343,-2.94258,19.474
41.210,0.194,0.019,0.036,0.61714,-2.98160,19.492
41.220,0.194,0.019,0.036,0.61714,-2.98160,19.514
41.230,0.194,0.019,0.036,0.61714,-2.98160,19.532
41.240,0.194,0.019,0.036,0.61714,-2.98160,19.551
41.250,0.194,0.019,0.036,0.61714,-2.98160,19.564
41.260,0.194,0.019,0.036,0.61714,-2.98160,19.582
41.270,0.194,0.019,0.036,0.61714,-2.98160,19.601
41.280,0.194,0.019,0.036,0.61714,-2.98160,19.619
41.290,0.194,0.019,0.036,0.61714,-2.98160,19.640
41.300,0.194,0.019,0.036,0.61714,-2.98160,19.659
41.310,0.194,0.019,0.036,0.61714,-2.98160,19.677
41.320,0.194,0.019,0.036,0.61714,-2.98160,19.696
41.330,0.194,0.019,0.036,0.61714,-2.98160,19.709
41.340,0.194,0.019,0.036,0.61714,-2.98160,19.725
41.350,0.194,0.019,0.036,0.61714,-2.98160,19.738
41.360,0.194,0.019,0.036,0.61714,-2.98160,19.751
41.370,0.194,0.019,0.036,0.61714,-2.98160,19.762
41.380,0.194,0.019,0.036,0.61714,-2.98160,19.770
41.390,0.194,0.019,0.036,0.61714,-2.98160,19.780
41.400,0.194,0.019,0.036,0.61714,-2.98160,19.788
41.410,0.194,0.019,0.036,0.61714,-2.98160,19.799
41.420,0.194,0.019,0.036,0.62103,-3.02255,19.804
41.430,0.194,0.019,0.036,0.62103,-3.02255,19.809
41.440,0.194,0.020,0.036,0.62103,-3.02255,19.812
41.450,0.194,0.020,0.036,0.62103,-3.02255,19.817
41.460,0.194,0.020,0.036,0.62103,-3.02255,19.823
41.470,0.194,0.020,0.036,0.62103,-3.02255,19.823
41.480,0.194,0.020,0.036,0.62103,-3.02255,19.823
41.490,0.194,0.020,0.036,0.62103,-3.02255,19.823
41.500,0.194,0.020,0.036,0.62103,-3.02255,19.823
41.510,0.194,0.020,0.036,0.62103,-3.02255,19.823
41.520,0.194,0.020,0.036,0.62103,-3.02255,19.817
41.530,0.194,0.020,0.036,0.62103,-3.02255,19.812
41.540,0.194,0.020,0.036,0.62103,-3.02255,19.809
41.550,0.194,0.020,0.036,0.62103,-3.02255,19.804
41.560,0.194,0.020,0.036,0.62103,-3.02255,19.794
41.570,0.194,0.020,0.036,0.62103,-3.02255,19.786
41.580,0.194,0.020,0.036,0.62103,-3.02255,19.775
41.590,0.194,0.020,0.036,0.62103,-3.02255,19.767
41.600,0.195,0.020,0.036,0.62103,-3.02255,19.757
41.610,0.195,0.020,0.036,0.62103,-3.02255,19.743
41.620,0.195,0.020,0.036,0.62463,-3.06049,19.733
41.630,0.195,0.020,0.036,0.62463,-3.06049,19.720
41.640,0.195,0.020,0.036,0.62463,-3.06049,19.704
41.650,0.195,0.020,0.036,0.62463,-3.06049,19.685
41.660,0.195,0.020,0.036,0.62463,-3.06049,19.672
41.670,0.195,0.020,0.036,0.62463,-3.06049,19.654
41.680,0.195,0.020,0.036,0.62463,-3.06049,19.635
41.690,0.195,0.020,0.036,0.62463,-3.06049,19.617
41.700,0.195,0.020,0.036,0.62463,-3.06049,19.593
41.710,0.195,0.020,0.036,0.62463,-3.06049,19.574
41.720,0.195,0.020,0.036,0.62463,-3.06049,19.551
41.730,0.195,0.020,0.036,0.62463,-3.06049,19.527
41.740,0.195,0.020,0.036,0.62463,-3.06049,19.503
41.750,0.195,0.020,0.036,0.62463,-3.06049,19.479
41.760,0.195,0.020,0.036,0.62463,-3.06049,19.450
41.770,0.195,0.020,0.036,0.62463,-3.06049,19.424
41.780,0.195,0.020,0.036,0.62463,-3.06049,19.395
41.790,0.195,0.020,0.036,0.62463,-3.06049,19.368
41.800,0.195,0.020,0.036,0.62463,-3.06049,19.339
41.810,0.195,0.020,0.036,0.62463,-3.06049,19.305
41.820,0.195,0.020,0.036,0.62463,-3.06049,19.273
41.830,0.195,0.020,0.036,0.62830,-3.09911,19.241
41.840,0.195,0.020,0.036,0.62830,-3.09911,19.207
41.850,0.195,0.020,0.036,0.62830,-3.09911,19.175
41.860,0.195,0.020,0.036,0.62830,-3.09911,19.136
41.870,0.195,0.020,0.036,0.62830,-3.09911,19.099
41.880,0.195,0.020,0.036,0.62830,-3.09911,19.062
41.890,0.195,0.020,0.036,0.62830,-3.09911,19.025
41.900,0.195,0.020,0.036,0.62830,-3.09911,18.988
41.910,0.195,0.020,0.036,0.62830,-3.09911,18.945
41.920,0.195,0.020,0.036,0.62830,-3.09911,18.906
41.930,0.195,0.020,0.036,0.62830,-3.09911,18.864
41.940,0.195,0.020,0.036,0.62830,-3.09911,18.821
41.950,0.195,0.020,0.036,0.62830,-3.09911,18.776
41.960,0.195,0.020,0.036,0.62830,-3.09911,18.734
41.970,0.195,0.020,0.036,0.62830,-3.09911,18.686
41.980,0.195,0.020,0.036,0.62830,-3.09911,18.639
41.990,0.195,0.020,0.036,0.62830,-3.09911,18.591
42.000,0.195,0.020,0.036,0.62830,-3.09911,18.546
42.010,0.195,0.020,0.036,0.62830,-3.09911,18.494
42.020,0.195,0.020,0.036,0.62830,-3.09911,18.441
42.030,0.195,0.020,0.036,0.63169,-3.13479,18.396
42.040,0.195,0.020,0.036,0.63169,-3.13479,18.343
42.050,0.195,0.020,0.036,0.63169,-3.13479,18.287
42.060,0.195,0.020,0.036,0.63169,-3.13479,18.235
42.070,0.195,0.020,0.036,0.63169,-3.13479,18.179
42.080,0.195,0.020,0.036,0.63169,-3.13479,18.124
42.090,0.195,0.020,0.036,0.63169,-3.13479,18.066
42.100,0.195,0.020,0.036,0.63169,-3.13479,18.010
42.110,0.195,0.020,0.036,0.63169,-3.13479,17.955
42.120,0.195,0.020,0.036,0.63169,-3.13479,17.894
42.130,0.195,0.020,0.036,0.63169,-3.13479,17.830
42.140,0.195,0.020,0.036,0.63169,-3.13479,17.770
42.150,0.195,0.020,0.036,0.63169,-3.13479,17.709
42.160,0.195,0.020,0.036,0.63169,-3.13479,17.648
42.170,0.195,0.020,0.036,0.63169,-3.13479,17.582
42.180,0.195,0.020,0.036,0.63169,-3.13479,17.516
42.190,0.195,0.020,0.036,0.63169,-3.13479,17.455
42.200,0.195,0.020,0.036,0.63169,-3.13479,17.386
42.210,0.195,0.020,0.036,0.63169,-3.13479,17.320
42.220,0.195,0.020,0.036,0.63169,-3.13479,17.254
42.230,0.195,0.020,0.036,0.63169,-3.13479,17.183
42.240,0.195,0.020,0.036,0.63514,-3.17111,17.114
42.250,0.195,0.020,0.036,0.63514,-3.17111,17.043
42.260,0.195,0.020,0.036,0.63514,-3.17111,16.972
42.270,0.195,0.020,0.036,0.63514,-3.17111,16.898
42.280,0.195,0.020,0.036,0.63514,-3.17111,16.826
42.290,0.195,0.020,0.036,0.63514,-3.17111,16.752
42.300,0.195,0.020,0.036,0.63514,-3.17111,16.676
42.310,0.195,0.020,0.036,0.63514,-3.17111,16.602
42.320,0.195,0.020,0.036,0.63514,-3.17111,16.528
42.330,0.195,0.020,0.036,0.63514,-3.17111,16.446
42.340,0.195,0.020,0.036,0.63514,-3.17111,16.367
42.350,0.195,0.020,0.036,0.63514,-3.17111,16.287
42.360,0.195,0.020,0.036,0.63514,-3.17111,16.208
42.370,0.195,0.020,0.036,0.63514,-3.17111,16.126
42.380,0.195,0.020,0.036,0.63514,-3.17111,16.047
42.390,0.195,0.020,0.036,0.63514,-3.17111,15.962
42.400,0.195,0.020,0.036,0.63514,-3.17111,15.878
42.410,0.195,0.020,0.036,0.63514,-3.17111,15.793
42.420,0.195,0.020,0.036,0.63514,-3.17111,15.709
42.430,0.195,0.020,0.036,0.63514,-3.17111,15.624
42.440,0.195,0.020,0.036,0.63514,-3.17111,15.537
42.450,0.195,0.020,0.036,0.63849,-3.20630,15.447
42.460,0.195,0.020,0.036,0.63849,-3.20630,15.362
42.470,0.195,0.020,0.036,0.63849,-3.20630,15.267
42.480,0.195,0.020,0.036,0.63849,-3.20630,15.180
42.490,0.195,0.020,0.036,0.63849,-3.20630,15.090
42.500,0.195,0.020,0.036,0.63849,-3.20630,14.995
42.510,0.195,0.020,0.036,0.63849,-3.20630,14.903
42.520,0.195,0.020,0.036,0.63849,-3.20630,14.808
42.530,0.195,0.020,0.036,0.63849,-3.20630,14.715
42.540,0.195,0.020,0.036,0.63849,-3.20630,14.620
42.550,0.195,0.020,0.036,0.63849,-3.20630,14.522
42.560,0.195,0.020,0.036,0.63849,-3.20630,14.427
42.570,0.195,0.020,0.036,0.63849,-3.20630,14.329
42.580,0.195,0.020,0.036,0.63849,-3.20630,14.232
42.590,0.195,0.020,0.036,0.63849,-3.20630,14.131
42.600,0.195,0.020,0.036,0.63849,-3.20630,14.028
42.610,0.195,0.020,0.036,0.63849,-3.20630,13.930
42.620,0.195,0.020,0.036,0.63849,-3.20630,13.827
42.630,0.195,0.020,0.036,0.63849,-3.20630,13.724
42.640,0.195,0.020,0.036,0.63849,-3.20630,13.621
42.650,0.195,0.020,0.036,0.64158,-3.23880,13.518
42.660,0.195,0.020,0.036,0.64158,-3.23880,13.410
42.670,0.195,0.020,0.036,0.64158,-3.23880,13.307
42.680,0.195,0.020,0.036,0.64158,-3.23880,13.198
42.690,0.195,0.020,0.036,0.64158,-3.23880,13.090
42.700,0.195,0.020,0.036,0.64158,-3.23880,12.982
42.710,0.195,0.020,0.036,0.64158,-3.23880,12.868
42.720,0.195,0.020,0.036,0.64158,-3.23880,12.760
42.730,0.195,0.020,0.036,0.64158,-3.23880,12.649
42.740,0.195,0.020,0.036,0.64158,-3.23880,12.535
42.750,0.195,0.020,0.036,0.64158,-3.23880,12.424
42.760,0.195,0.020,0.036,0.64158,-3.23880,12.311
42.770,0.195,0.020,0.036,0.64158,-3.23880,12.197
42.780,0.195,0.020,0.036,0.64158,-3.23880,12.081
42.790,0.195,0.020,0.036,0.64158,-3.23880,11.962
42.800,0.195,0.020,0.036,0.64158,-3.23880,11.851
42.810,0.195,0.020,0.036,0.64158,-3.23880,11.732
42.820,0.195,0.020,0.036,0.64158,-3.23880,11.610
42.830,0.195,0.020,0.036,0.64158,-3.23880,11.494
42.840,0.195,0.020,0.036,0.64158,-3.23880,11.373
42.850,0.195,0.020,0.036,0.64158,-3.23880,11.254
42.860,0.195,0.020,0.036,0.64472,-3.27189,11.132
42.870,0.195,0.020,0.036,0.64472,-3.27189,11.011
42.880,0.195,0.020,0.036,0.64472,-3.27189,10.884
42.890,0.195,0.020,0.036,0.64472,-3.27189,10.762
42.900,0.195,0.020,0.036,0.64472,-3.27189,10.635
42.910,0.195,0.020,0.036,0.64472,-3.27189,10.511
42.920,0.195,0.020,0.036,0.64472,-3.27189,10.384
42.930,0.195,0.020,0.036,0.64472,-3.27189,10.257
42.940,0.195,0.020,0.036,0.64472,-3.27189,10.128
42.950,0.195,0.020,0.036,0.64472,-3.27189,10.001
42.960,0.195,0.020,0.036,0.64472,-3.27189,9.869
42.970,0.195,0.020,0.036,0.64472,-3.27189,9.742
42.980,0.195,0.020,0.036,0.64472,-3.27189,9.610
42.990,0.195,0.020,0.036,0.64472,-3.27189,9.478
43.000,0.195,0.020,0.036,0.64472,-3.27189,9.343
43.010,0.195,0.020,0.036,0.64472,-3.27189,9.211
43.020,0.196,0.020,0.036,0.64472,-3.27189,9.076
43.030,0.196,0.020,0.036,0.64472,-3.27189,8.944
43.040,0.196,0.020,0.036,0.64472,-3.27189,8.807
43.050,0.196,0.020,0.036,0.64472,-3.27189,8.672
43.060,0.196,0.020,0.036,0.64763,-3.30246,8.532
43.070,0.196,0.020,0.036,0.64763,-3.30246,8.395
43.080,0.196,0.020,0.036,0.64763,-3.30246,8.255
43.090,0.196,0.020,0.036,0.64763,-3.30246,8.117
43.100,0.196,0.020,0.036,0.64763,-3.30246,7.977
43.110,0.196,0.020,0.036,0.64763,-3.30246,7.837
43.120,0.196,0.020,0.036,0.64763,-3.30246,7.694
43.130,0.196,0.020,0.036,0.64763,-3.30246,7.549
43.140,0.196,0.020,0.036,0.64763,-3.30246,7.409
43.150,0.196,0.020,0.036,0.64763,-3.30246,7.264
43.160,0.196,0.020,0.036,0.64763,-3.30246,7.118
43.170,0.196,0.020,0.036,0.64763,-3.30246,6.973
43.180,0.196,0.020,0.036,0.64763,-3.30246,6.828
43.190,0.196,0.020,0.036,0.64763,-3.30246,6.677
43.200,0.196,0.020,0.036,0.64763,-3.30246,6.532
43.210,0.196,0.020,0.036,0.64763,-3.30246,6.381
43.220,0.196,0.020,0.036,0.64763,-3.30246,6.231
43.230,0.196,0.020,0.036,0.64763,-3.30246,6.080
43.240,0.196,0.020,0.036,0.64763,-3.30246,5.929
43.250,0.196,0.020,0.036,0.64763,-3.30246,5.779
43.260,0.196,0.020,0.036,0.64763,-3.30246,5.625
43.270,0.196,0.020,0.036,0.65058,-3.33357,5.475
43.280,0.196,0.020,0.036,0.65058,-3.33357,5.319
43.290,0.196,0.020,0.036,0.65058,-3.33357,5.166
43.300,0.196,0.020,0.036,0.65058,-3.33357,5.010
43.310,0.196,0.020,0.036,0.65058,-3.33357,4.849
43.320,0.196,0.020,0.036,0.65058,-3.33357,4.695
43.330,0.196,0.020,0.036,0.65058,-3.33357,4.534
43.340,0.196,0.020,0.036,0.65058,-3.33357,4.381
43.350,0.196,0.020,0.036,0.65058,-3.33357,4.220
43.360,0.196,0.020,0.036,0.65058,-3.33357,4.061
43.370,0.196,0.020,0.036,0.65058,-3.33357,3.897
43.380,0.196,0.020,0.036,0.65058,-3.33357,3.736
43.390,0.196,0.020,0.036,0.65058,-3.33357,3.572
43.400,0.196,0.020,0.036,0.65058,-3.33357,3.414
43.410,0.196,0.020,0.036,0.65058,-3.33357,3.250
43.420,0.196,0.020,0.036,0.65058,-3.33357,3.084
43.430,0.196,0.020,0.036,0.65058,-3.33357,2.920
43.440,0.196,0.020,0.036,0.65058,-3.33357,2.751
43.450,0.196,0.020,0.036,0.65058,-3.33357,2.587
43.460,0.196,0.020,0.036,0.65058,-3.33357,2.418
43.470,0.196,0.020,0.036,0.65332,-3.36231,2.249
43.480,0.196,0.020,0.036,0.65332,-3.36231,2.080
43.490,0.196,0.020,0.036,0.65332,-3.36231,1.910
43.500,0.196,0.020,0.036,0.65332,-3.36231,1.741
43.510,0.196,0.020,0.036,0.65332,-3.36231,1.572
43.520,0.196,0.020,0.036,0.65332,-3.36231,1.400
43.530,0.196,0.020,0.036,0.65332,-3.36231,1.226
43.540,0.196,0.020,0.036,0.65332,-3.36231,1.052
43.550,0.196,0.020,0.036,0.65332,-3.36231,0.877
43.560,0.196,0.020,0.036,0.65332,-3.36231,0.705
43.570,0.196,0.020,0.036,0.65332,-3.36231,0.531
43.580,0.196,0.020,0.036,0.65332,-3.36231,0.351
43.590,0.196,0.020,0.036,0.65332,-3.36231,0.180
43.600,0.196,0.020,0.036,0.65332,-3.36231,0.000
43.610,0.196,0.020,0.036,0.65332,-3.36231,0.000
43.620,0.196,0.020,0.036,0.65332,-3.36231,0.000
43.630,0.163,0.035,0.025,0.65332,-3.36231,-0.005
43.640,0.073,0.016,0.036,0.65332,-3.36231,-0.005
43.650,0.017,0.000,0.036,0.65332,-3.36231,-0.005
43.660,-0.007,-0.006,0.036,0.65332,-3.36231,-0.005
43.670,-0.007,-0.005,0.036,0.65332,-3.36231,-0.005
43.680,-0.002,-0.002,0.036,0.65505,-3.38059,-0.005
43.690,0.000,0.000,0.036,0.65505,-3.38059,-0.005
43.700,0.000,0.000,0.036,0.65505,-3.38059,-0.005
43.710,0.000,0.000,0.036,0.65505,-3.38059,-0.005
43.720,0.000,0.000,0.036,0.65505,-3.38059,-0.005
43.730,0.000,0.000,0.036,0.65505,-3.38059,-0.005
43.740,0.000,0.000,0.036,0.65505,-3.38059,-0.005
43.750,0.000,0.000,0.036,0.65505,-3.38059,-0.005
43.760,0.000,0.000,0.036,0.65505,-3.38059,-0.005
43.770,0.000,0.000,0.036,0.65505,-3.38059,-0.005
43.780,0.000,0.000,0.036,0.65505,-3.38059,-0.005
43.790,0.000,0.000,0.036,0.65505,-3.38059,-0.005
43.800,0.000,0.000,0.036,0.65505,-3.38059,-0.005
43.810,0.000,0.000,0.036,0.65505,-3.38059,-0.005
43.820,0.000,0.000,0.036,0.65505,-3.38059,-0.005
43.830,0.000,0.000,0.036,0.65505,-3.38059,-0.005
43.840,0.000,0.000,0.036,0.65505,-3.38059,-0.005
43.850,0.000,0.000,0.036,0.65505,-3.38059,-0.005
43.860,0.000,0.000,0.036,0.65505,-3.38059,-0.005
43.870,0.000,0.000,0.036,0.65505,-3.38059,-0.005
43.880,0.000,0.000,0.036,0.65505,-3.38059,-0.005
43.890,0.000,0.000,0.036,0.65505,-3.38059,-0.005
43.900,0.000,0.000,0.036,0.65505,-3.38059,-0.005
43.910,0.000,0.000,0.036,0.65505,-3.38059,-0.005
43.920,0.000,0.000,0.036,0.65505,-3.38059,-0.005
43.930,0.000,0.000,0.036,0.65505,-3.38059,-0.005
43.940,0.000,0.000,0.036,0.65505,-3.38059,-0.005
43.950,0.000,0.000,0.036,0.65505,-3.38059,-0.005
43.960,0.000,0.000,0.036,0.65505,-3.38059,-0.005
43.970,0.000,0.000,0.036,0.65505,-3.38059,-0.005
43.980,0.000,0.000,0.036,0.65505,-3.38059,-0.005
43.990,0.000,0.000,0.036,0.65505,-3.38059,-0.005
44.000,0.000,0.000,0.036,0.65505,-3.38059,-0.005
44.010,0.000,0.000,0.036,0.65505,-3.38059,-0.005
44.020,0.000,0.000,0.036,0.65505,-3.38059,-0.005
44.030,0.000,0.000,0.036,0.65505,-3.38059,-0.005
44.040,0.000,0.000,0.036,0.65505,-3.38059,-0.005
44.050,0.000,0.000,0.036,0.65505,-3.38059,-0.005
44.060,0.000,0.000,0.036,0.65505,-3.38059,-0.005
44.070,0.000,0.000,0.036,0.65505,-3.38059,-0.005
44.080,0.000,0.000,0.036,0.65505,-3.38059,-0.005
44.090,0.000,0.000,0.036,0.65505,-3.38059,-0.005
44.100,0.000,0.000,0.036,0.65505,-3.38059,-0.005
44.110,0.000,0.000,0.036,0.65505,-3.38059,-0.005
44.120,0.000,0.000,0.036,0.65505,-3.38059,-0.005
44.130,0.000,0.000,0.036,0.65505,-3.38059,-0.005
44.140,0.000,0.000,0.036,0.65505,-3.38059,-0.005
44.150,0.000,0.000,0.036,0.65505,-3.38059,-0.005
44.160,0.000,0.000,0.036,0.65505,-3.38059,-0.005
44.170,0.000,0.000,0.036,0.65505,-3.38059,-0.005
44.180,0.000,0.000,0.036,0.65505,-3.38059,-0.005
44.190,0.000,0.000,0.036,0.65505,-3.38059,-0.005
44.200,0.000,0.000,0.036,0.65505,-3.38059,-0.005
44.210,0.000,0.000,0.036,0.65505,-3.38059,-0.005
44.220,0.000,0.000,0.036,0.65505,-3.38059,-0.005
44.230,0.000,0.000,0.036,0.65505,-3.38059,-0.005
44.240,0.000,0.000,0.036,0.65505,-3.38059,-0.005
44.250,0.000,0.000,0.036,0.65505,-3.38059,-0.005
44.260,0.000,0.000,0.036,0.65505,-3.38059,-0.005
44.270,0.000,0.000,0.036,0.65505,-3.38059,-0.005
44.280,0.000,0.000,0.036,0.65505,-3.38059,-0.005
44.290,0.000,0.000,0.036,0.65505,-3.38059,-0.005
44.300,0.000,0.000,0.036,0.65505,-3.38059,-0.005
44.310,0.000,0.000,0.036,0.65505,-3.38059,-0.005
44.320,0.000,0.000,0.036,0.65505,-3.38059,-0.005
44.330,0.000,0.000,0.036,0.65505,-3.38059,-0.005
44.340,0.000,0.000,0.036,0.65505,-3.38059,-0.005
44.350,0.000,0.000,0.036,0.65505,-3.38059,-0.005
44.360,0.000,0.000,0.036,0.65505,-3.38059,-0.005
44.370,0.000,0.000,0.036,0.65505,-3.38059,-0.005
44.380,0.000,0.000,0.036,0.65505,-3.38059,-0.005
44.390,0.000,0.000,0.036,0.65505,-3.38059,-0.005
44.400,0.000,0.000,0.036,0.65505,-3.38059,-0.005
44.410,0.000,0.000,0.036,0.65505,-3.38059,-0.005
44.420,0.000,0.000,0.036,0.65505,-3.38059,-0.005
44.430,0.000,0.000,0.036,0.65505,-3.38059,-0.005
44.440,0.000,0.000,0.036,0.65505,-3.38059,-0.005
44.450,0.000,0.000,0.036,0.65505,-3.38059,-0.005
44.460,0.000,0.000,0.036,0.65505,-3.38059,-0.005
44.470,0.000,0.000,0.036,0.65505,-3.38059,-0.005
44.480,0.000,0.000,0.036,0.65505,-3.38059,-0.005
44.490,0.000,0.000,0.036,0.65505,-3.38059,-0.005
44.500,0.000,0.000,0.036,0.65505,-3.38059,-0.005
44.510,0.000,0.000,0.036,0.65505,-3.38059,-0.005
44.520,0.000,0.000,0.036,0.65505,-3.38059,-0.005
44.530,0.000,0.000,0.036,0.65505,-3.38059,-0.005
44.540,0.000,0.000,0.036,0.65505,-3.38059,-0.005
44.550,0.000,0.000,0.036,0.65505,-3.38059,-0.005
44.560,0.000,0.000,0.036,0.65505,-3.38059,-0.005
44.570,0.000,0.000,0.036,0.65505,-3.38059,-0.005
44.580,0.000,0.000,0.036,0.65505,-3.38059,-0.005
44.590,0.000,0.000,0.036,0.65505,-3.38059,-0.005
44.600,0.000,0.000,0.036,0.65505,-3.38059,-0.005
44.610,0.000,0.000,0.036,0.65505,-3.38059,-0.005
44.620,0.000,0.000,0.036,0.65505,-3.38059,-0.005
44.630,0.000,0.000,0.036,0.65505,-3.38059,-0.005
44.640,0.000,0.000,0.036,0.65505,-3.38059,-0.005
44.650,0.000,0.000,0.036,0.65505,-3.38059,-0.005
44.660,0.000,0.000,0.036,0.65505,-3.38059,-0.005
44.670,0.000,0.000,0.036,0.65505,-3.38059,-0.005
44.680,0.000,0.000,0.036,0.65505,-3.38059,-0.005
44.690,0.000,0.000,0.036,0.65505,-3.38059,-0.005
44.700,0.000,0.000,0.036,0.65505,-3.38059,-0.005
44.710,0.000,0.000,0.036,0.65505,-3.38059,-0.005
44.720,0.000,0.000,0.036,0.65505,-3.38059,-0.005
44.730,0.000,0.000,0.036,0.65505,-3.38059,-0.005
44.740,0.000,0.000,0.036,0.65505,-3.38059,-0.005
44.750,0.000,0.000,0.036,0.65505,-3.38059,-0.005
44.760,0.000,0.000,0.036,0.65505,-3.38059,-0.005
44.770,0.000,0.000,0.036,0.65505,-3.38059,-0.005
44.780,0.000,0.000,0.036,0.65505,-3.38059,-0.005
44.790,0.000,0.000,0.036,0.65505,-3.38059,-0.005
44.800,0.000,0.000,0.036,0.65505,-3.38059,-0.005
44.810,0.000,0.000,0.036,0.65505,-3.38059,-0.005
44.820,0.000,0.000,0.036,0.65505,-3.38059,-0.005
44.830,0.000,0.000,0.036,0.65505,-3.38059,-0.005
44.840,0.000,0.000,0.036,0.65505,-3.38059,-0.005
44.850,0.000,0.000,0.036,0.65505,-3.38059,-0.005
44.860,0.000,0.000,0.036,0.65505,-3.38059,-0.005
44.870,0.000,0.000,0.036,0.65505,-3.38059,-0.005
44.880,0.000,0.000,0.036,0.65505,-3.38059,-0.005
44.890,0.000,0.000,0.036,0.65505,-3.38059,-0.005
44.900,0.000,0.000,0.036,0.65505,-3.38059,-0.005
44.910,0.000,0.000,0.036,0.65505,-3.38059,-0.005
44.920,0.000,0.000,0.036,0.65505,-3.38059,-0.005
44.930,0.000,0.000,0.036,0.65505,-3.38059,-0.005
44.940,0.000,0.000,0.036,0.65505,-3.38059,-0.005
44.950,0.000,0.000,0.036,0.65505,-3.38059,-0.005
44.960,0.000,0.000,0.036,0.65505,-3.38059,-0.005
44.970,0.000,0.000,0.036,0.65505,-3.38059,-0.005
44.980,0.000,0.000,0.036,0.65505,-3.38059,-0.005
44.990,0.000,0.000,0.036,0.65505,-3.38059,-0.005
45.000,0.000,0.000,0.036,0.65505,-3.38059,-0.005
45.010,0.000,0.000,0.036,0.65505,-3.38059,-0.005
45.020,0.000,0.000,0.036,0.65505,-3.38059,-0.005
45.030,0.000,0.000,0.036,0.65505,-3.38059,-0.005
45.040,0.000,0.000,0.036,0.65505,-3.38059,-0.005
45.050,0.000,0.000,0.036,0.65505,-3.38059,-0.005
45.060,0.000,0.000,0.036,0.65505,-3.38059,-0.005
45.070,0.000,0.000,0.036,0.65505,-3.38059,-0.005
45.080,0.000,0.000,0.036,0.65505,-3.38059,-0.005
45.090,0.000,0.000,0.036,0.65505,-3.38059,-0.005
45.100,0.000,0.000,0.036,0.65505,-3.38059,-0.005
45.110,0.000,0.000,0.036,0.65505,-3.38059,-0.005
45.120,0.000,0.000,0.036,0.65505,-3.38059,-0.005
45.130,0.000,0.000,0.036,0.65505,-3.38059,-0.005
45.140,0.000,0.000,0.036,0.65505,-3.38059,-0.005
45.150,0.000,0.000,0.036,0.65505,-3.38059,-0.005
45.160,0.000,0.000,0.036,0.65505,-3.38059,-0.005
45.170,0.000,0.000,0.036,0.65505,-3.38059,-0.005
45.180,0.000,0.000,0.036,0.65505,-3.38059,-0.005
45.190,0.000,0.000,0.036,0.65505,-3.38059,-0.005
45.200,0.000,0.000,0.036,0.65505,-3.38059,-0.005
45.210,0.000,0.000,0.036,0.65505,-3.38059,-0.005
45.220,0.000,0.000,0.036,0.65505,-3.38059,-0.005
45.230,0.000,0.000,0.036,0.65505,-3.38059,-0.005
45.240,0.000,0.000,0.036,0.65505,-3.38059,-0.005
45.250,0.000,0.000,0.036,0.65505,-3.38059,-0.005
45.260,0.000,0.000,0.036,0.65505,-3.38059,-0.005
45.270,0.000,0.000,0.036,0.65505,-3.38059,-0.005
45.280,0.000,0.000,0.036,0.65505,-3.38059,-0.005
45.290,0.000,0.000,0.036,0.65505,-3.38059,-0.005
45.300,0.000,0.000,0.036,0.65505,-3.38059,-0.005
45.310,0.000,0.000,0.036,0.65505,-3.38059,-0.005
45.320,0.000,0.000,0.036,0.65505,-3.38059,-0.005
45.330,0.000,0.000,0.036,0.65505,-3.38059,-0.005
45.340,0.000,0.000,0.036,0.65505,-3.38059,-0.005
45.350,0.000,0.000,0.036,0.65505,-3.38059,-0.005
45.360,0.000,0.000,0.036,0.65505,-3.38059,-0.005
45.370,0.000,0.000,0.036,0.65505,-3.38059,-0.005
45.380,0.000,0.000,0.036,0.65505,-3.38059,-0.005
45.390,0.000,0.000,0.036,0.65505,-3.38059,-0.005
45.400,0.000,0.000,0.036,0.65505,-3.38059,-0.005
45.410,0.000,0.000,0.036,0.65505,-3.38059,-0.005
45.420,0.000,0.000,0.036,0.65505,-3.38059,-0.005
45.430,0.000,0.000,0.036,0.65505,-3.38059,-0.005
45.440,0.000,0.000,0.036,0.65505,-3.38059,-0.005
45.450,0.000,0.000,0.036,0.65505,-3.38059,-0.005
45.460,0.000,0.000,0.036,0.65505,-3.38059,-0.005
45.470,0.000,0.000,0.036,0.65505,-3.38059,-0.005
45.480,0.000,0.000,0.036,0.65505,-3.38059,-0.005
45.490,0.000,0.000,0.036,0.65505,-3.38059,-0.005
45.500,0.000,0.000,0.036,0.65505,-3.38059,-0.005
45.510,0.000,0.000,0.036,0.65505,-3.38059,-0.005
45.520,0.000,0.000,0.036,0.65505,-3.38059,-0.005
45.530,0.000,0.000,0.036,0.65505,-3.38059,-0.005
45.540,0.000,0.000,0.036,0.65505,-3.38059,-0.005
45.550,0.000,0.000,0.036,0.65505,-3.38059,-0.005
45.560,0.000,0.000,0.036,0.65505,-3.38059,-0.005
45.570,0.000,0.000,0.036,0.65505,-3.38059,-0.005
45.580,0.000,0.000,0.036,0.65505,-3.38059,-0.005
45.590,0.000,0.000,0.036,0.65505,-3.38059,-0.005
45.600,0.000,0.000,0.036,0.65505,-3.38059,-0.005
45.610,0.000,0.000,0.036,0.65505,-3.38059,-0.005
45.620,0.000,0.000,0.036,0.65505,-3.38059,-0.005
45.630,0.000,0.000,0.036,0.65505,-3.38059,-0.005
45.640,0.000,0.000,0.036,0.65505,-3.38059,-0.005
45.650,0.000,0.000,0.036,0.65505,-3.38059,-0.005
45.660,0.000,0.000,0.036,0.65505,-3.38059,-0.005
45.670,0.000,0.000,0.036,0.65505,-3.38059,-0.005
45.680,0.000,0.000,0.036,0.65505,-3.38059,-0.005
45.690,0.000,0.000,0.036,0.65505,-3.38059,-0.005
45.700,0.000,0.000,0.036,0.65505,-3.38059,-0.005
45.710,0.000,0.000,0.036,0.65505,-3.38059,-0.005
45.720,0.000,0.000,0.036,0.65505,-3.38059,-0.005
45.730,0.000,0.000,0.036,0.65505,-3.38059,-0.005
45.740,0.000,0.000,0.036,0.65505,-3.38059,-0.005
45.750,0.000,0.000,0.036,0.65505,-3.38059,-0.005
45.760,0.000,0.000,0.036,0.65505,-3.38059,-0.005
45.770,0.000,0.000,0.036,0.65505,-3.38059,-0.005
45.780,0.000,0.000,0.036,0.65505,-3.38059,-0.005
45.790,0.000,0.000,0.036,0.65505,-3.38059,-0.005
45.800,0.000,0.000,0.036,0.65505,-3.38059,-0.005
45.810,0.000,0.000,0.036,0.65505,-3.38059,-0.005
45.820,0.000,0.000,0.036,0.65505,-3.38059,-0.005
45.830,0.000,0.000,0.036,0.65505,-3.38059,-0.005
45.840,0.000,0.000,0.036,0.65505,-3.38059,-0.005
45.850,0.000,0.000,0.036,0.65505,-3.38059,-0.005
45.860,0.000,0.000,0.036,0.65505,-3.38059,-0.005
45.870,0.000,0.000,0.036,0.65505,-3.38059,-0.005
45.880,0.000,0.000,0.036,0.65505,-3.38059,-0.005
45.890,0.000,0.000,0.036,0.65505,-3.38059,-0.005
45.900,0.000,0.000,0.036,0.65505,-3.38059,-0.005
45.910,0.000,0.000,0.036,0.65505,-3.38059,-0.005
45.920,0.000,0.000,0.036,0.65505,-3.38059,-0.005
45.930,0.000,0.000,0.036,0.65505,-3.38059,-0.005
45.940,0.000,0.000,0.036,0.65505,-3.38059,-0.005
45.950,0.000,0.000,0.036,0.65505,-3.38059,-0.005
45.960,0.000,0.000,0.036,0.65505,-3.38059,-0.005
45.970,0.000,0.000,0.036,0.65505,-3.38059,-0.005
45.980,0.000,0.000,0.036,0.65505,-3.38059,-0.005
45.990,0.000,0.000,0.036,0.65505,-3.38059,-0.005
46.000,0.000,0.000,0.036,0.65505,-3.38059,-0.005
46.010,0.000,0.000,0.036,0.65505,-3.38059,-0.005
46.020,0.000,0.000,0.036,0.65505,-3.38059,-0.005
46.030,0.000,0.000,0.036,0.65505,-3.38059,-0.005
46.040,0.000,0.000,0.036,0.65505,-3.38059,-0.005
46.050,0.000,0.000,0.036,0.65505,-3.38059,-0.005
46.060,0.000,0.000,0.036,0.65505,-3.38059,-0.005
46.070,0.000,0.000,0.036,0.65505,-3.38059,-0.005
46.080,0.000,0.000,0.036,0.65505,-3.38059,-0.005
46.090,0.000,0.000,0.036,0.65505,-3.38059,-0.005
46.100,0.000,0.000,0.036,0.65505,-3.38059,-0.005
46.110,0.000,0.000,0.036,0.65505,-3.38059,-0.005
46.120,0.000,0.000,0.036,0.65505,-3.38059,-0.005
46.130,0.000,0.000,0.036,0.65505,-3.38059,-0.005
46.140,0.000,0.000,0.036,0.65505,-3.38059,-0.005
46.150,0.000,0.000,0.036,0.65505,-3.38059,-0.005
46.160,0.000,0.000,0.036,0.65505,-3.38059,-0.005
46.170,0.000,0.000,0.036,0.65505,-3.38059,-0.005
46.180,0.000,0.000,0.036,0.65505,-3.38059,-0.005
46.190,0.000,0.000,0.036,0.65505,-3.38059,-0.005
46.200,0.000,0.000,0.036,0.65505,-3.38059,-0.005
46.210,0.000,0.000,0.036,0.65505,-3.38059,-0.005
46.220,0.000,0.000,0.036,0.65505,-3.38059,-0.005
46.230,0.000,0.000,0.036,0.65505,-3.38059,-0.005
46.240,0.000,0.000,0.036,0.65505,-3.38059,-0.005
46.250,0.000,0.000,0.036,0.65505,-3.38059,-0.005
46.260,0.000,0.000,0.036,0.65505,-3.38059,-0.005
46.270,0.000,0.000,0.036,0.65505,-3.38059,-0.005
46.280,0.000,0.000,0.036,0.65505,-3.38059,-0.005
46.290,0.000,0.000,0.036,0.65505,-3.38059,-0.005
46.300,0.000,0.000,0.036,0.65505,-3.38059,-0.005
46.310,0.000,0.000,0.036,0.65505,-3.38059,-0.005
46.320,0.000,0.000,0.036,0.65505,-3.38059,-0.005
46.330,0.000,0.000,0.036,0.65505,-3.38059,-0.005
46.340,0.000,0.000,0.036,0.65505,-3.38059,-0.005
46.350,0.000,0.000,0.036,0.65505,-3.38059,-0.005
46.360,0.000,0.000,0.036,0.65505,-3.38059,-0.005
46.370,0.000,0.000,0.036,0.65505,-3.38059,-0.005
46.380,0.000,0.000,0.036,0.65505,-3.38059,-0.005
46.390,0.000,0.000,0.036,0.65505,-3.38059,-0.005
46.400,0.000,0.000,0.036,0.65505,-3.38059,-0.005
46.410,0.000,0.000,0.036,0.65505,-3.38059,-0.005
46.420,0.000,0.000,0.036,0.65505,-3.38059,-0.005
46.430,0.000,0.000,0.036,0.65505,-3.38059,-0.005
46.440,0.000,0.000,0.036,0.65505,-3.38059,-0.005
46.450,0.000,0.000,0.036,0.65505,-3.38059,-0.005
46.460,0.000,0.000,0.036,0.65505,-3.38059,-0.005
46.470,0.000,0.000,0.036,0.65505,-3.38059,-0.005
46.480,0.000,0.000,0.036,0.65505,-3.38059,-0.005
46.490,0.000,0.000,0.036,0.65505,-3.38059,-0.005
46.500,0.000,0.000,0.036,0.65505,-3.38059,-0.005
46.510,0.000,0.000,0.036,0.65505,-3.38059,-0.005
46.520,0.000,0.000,0.036,0.65505,-3.38059,-0.005
46.530,0.000,0.000,0.036,0.65505,-3.38059,-0.005
46.540,0.000,0.000,0.036,0.65505,-3.38059,-0.005
46.550,0.000,0.000,0.036,0.65505,-3.38059,-0.005
46.560,0.000,0.000,0.036,0.65505,-3.38059,-0.005
46.570,0.000,0.000,0.036,0.65505,-3.38059,-0.005
46.580,0.000,0.000,0.036,0.65505,-3.38059,-0.005
46.590,0.000,0.000,0.036,0.65505,-3.38059,-0.005
46.600,0.000,0.000,0.036,0.65505,-3.38059,-0.005
46.610,0.000,0.000,0.036,0.65505,-3.38059,-0.005
46.620,0.000,0.000,0.036,0.65505,-3.38059,-0.005
46.630,0.000,0.000,0.036,0.65505,-3.38059,-0.005
46.640,0.000,0.000,0.036,0.65505,-3.38059,-0.005
46.650,0.000,0.000,0.036,0.65505,-3.38059,-0.005
46.660,0.000,0.000,0.036,0.65505,-3.38059,-0.005
46.670,0.000,0.000,0.036,0.65505,-3.38059,-0.005
46.680,0.000,0.000,0.036,0.65505,-3.38059,-0.005
46.690,0.000,0.000,0.036,0.65505,-3.38059,-0.005
46.700,0.000,0.000,0.036,0.65505,-3.38059,-0.005
46.710,0.000,0.000,0.036,0.65505,-3.38059,-0.005
46.720,0.000,0.000,0.036,0.65505,-3.38059,-0.005
46.730,0.000,0.000,0.036,0.65505,-3.38059,-0.005
46.740,0.000,0.000,0.036,0.65505,-3.38059,-0.005
46.750,0.000,0.000,0.036,0.65505,-3.38059,-0.005
46.760,0.000,0.000,0.036,0.65505,-3.38059,-0.005
46.770,0.000,0.000,0.036,0.65505,-3.38059,-0.005
46.780,0.000,0.000,0.036,0.65505,-3.38059,-0.005
46.790,0.000,0.000,0.036,0.65505,-3.38059,-0.005
46.800,0.000,0.000,0.036,0.65505,-3.38059,-0.005
46.810,0.000,0.000,0.036,0.65505,-3.38059,-0.005
46.820,0.000,0.000,0.036,0.65505,-3.38059,-0.005
46.830,0.000,0.000,0.036,0.65505,-3.38059,-0.005
46.840,0.000,0.000,0.036,0.65505,-3.38059,-0.005
46.850,0.000,0.000,0.036,0.65505,-3.38059,-0.005
46.860,0.000,0.000,0.036,0.65505,-3.38059,-0.005
46.870,0.000,0.000,0.036,0.65505,-3.38059,-0.005
46.880,0.000,0.000,0.036,0.65505,-3.38059,-0.005
46.890,0.000,0.000,0.036,0.65505,-3.38059,-0.005
46.900,0.000,0.000,0.036,0.65505,-3.38059,-0.005
46.910,0.000,0.000,0.036,0.65505,-3.38059,-0.005
46.920,0.000,0.000,0.036,0.65505,-3.38059,-0.005
46.930,0.000,0.000,0.036,0.65505,-3.38059,-0.005
46.940,0.000,0.000,0.036,0.65505,-3.38059,-0.005
46.950,0.000,0.000,0.036,0.65505,-3.38059,-0.005
46.960,0.000,0.000,0.036,0.65505,-3.38059,-0.005
46.970,0.000,0.000,0.036,0.65505,-3.38059,-0.005
46.980,0.000,0.000,0.036,0.65505,-3.38059,-0.005
46.990,0.000,0.000,0.036,0.65505,-3.38059,-0.005
47.000,0.000,0.000,0.036,0.65505,-3.38059,-0.005
47.010,0.000,0.000,0.036,0.65505,-3.38059,-0.005
47.020,0.000,0.000,0.036,0.65505,-3.38059,-0.005
47.030,0.000,0.000,0.036,0.65505,-3.38059,-0.005
47.040,0.000,0.000,0.036,0.65505,-3.38059,-0.005
47.050,0.000,0.000,0.036,0.65505,-3.38059,-0.005
47.060,0.000,0.000,0.036,0.65505,-3.38059,-0.005
47.070,0.000,0.000,0.036,0.65505,-3.38059,-0.005
47.080,0.000,0.000,0.036,0.65505,-3.38059,-0.005
47.090,0.000,0.000,0.036,0.65505,-3.38059,-0.005
47.100,0.000,0.000,0.036,0.65505,-3.38059,-0.005
47.110,0.000,0.000,0.036,0.65505,-3.38059,-0.005
47.120,0.000,0.000,0.036,0.65505,-3.38059,-0.005
47.130,0.000,0.000,0.036,0.65505,-3.38059,-0.005
47.140,0.000,0.000,0.036,0.65505,-3.38059,-0.005
47.150,0.000,0.000,0.036,0.65505,-3.38059,-0.005
47.160,0.000,0.000,0.036,0.65505,-3.38059,-0.005
47.170,0.000,0.000,0.036,0.65505,-3.38059,-0.005
47.180,0.000,0.000,0.036,0.65505,-3.38059,-0.005
47.190,0.000,0.000,0.036,0.65505,-3.38059,-0.005
47.200,0.000,0.000,0.036,0.65505,-3.38059,-0.005
47.210,0.000,0.000,0.036,0.65505,-3.38059,-0.005
47.220,0.000,0.000,0.036,0.65505,-3.38059,-0.005
47.230,0.000,0.000,0.036,0.65505,-3.38059,-0.005
47.240,0.000,0.000,0.036,0.65505,-3.38059,-0.005
47.250,0.000,0.000,0.036,0.65505,-3.38059,-0.005
47.260,0.000,0.000,0.036,0.65505,-3.38059,-0.005
47.270,0.000,0.000,0.036,0.65505,-3.38059,-0.005
47.280,0.000,0.000,0.036,0.65505,-3.38059,-0.005
47.290,0.000,0.000,0.036,0.65505,-3.38059,-0.005
47.300,0.000,0.000,0.036,0.65505,-3.38059,-0.005
47.310,0.000,0.000,0.036,0.65505,-3.38059,-0.005
47.320,0.000,0.000,0.036,0.65505,-3.38059,-0.005
47.330,0.000,0.000,0.036,0.65505,-3.38059,-0.005
47.340,0.000,0.000,0.036,0.65505,-3.38059,-0.005
47.350,0.000,0.000,0.036,0.65505,-3.38059,-0.005
47.360,0.000,0.000,0.036,0.65505,-3.38059,-0.005
47.370,0.000,0.000,0.036,0.65505,-3.38059,-0.005
47.380,0.000,0.000,0.036,0.65505,-3.38059,-0.005
47.390,0.000,0.000,0.036,0.65505,-3.38059,-0.005
47.400,0.000,0.000,0.036,0.65505,-3.38059,-0.005
47.410,0.000,0.000,0.036,0.65505,-3.38059,-0.005
47.420,0.000,0.000,0.036,0.65505,-3.38059,-0.005
47.430,0.000,0.000,0.036,0.65505,-3.38059,-0.005
47.440,0.000,0.000,0.036,0.65505,-3.38059,-0.005
47.450,0.000,0.000,0.036,0.65505,-3.38059,-0.005
47.460,0.000,0.000,0.036,0.65505,-3.38059,-0.005
47.470,0.000,0.000,0.036,0.65505,-3.38059,-0.005
47.480,0.000,0.000,0.036,0.65505,-3.38059,-0.005
47.490,0.000,0.000,0.036,0.65505,-3.38059,-0.005
47.500,0.000,0.000,0.036,0.65505,-3.38059,-0.005
47.510,0.000,0.000,0.036,0.65505,-3.38059,-0.005
47.520,0.000,0.000,0.036,0.65505,-3.38059,-0.005
47.530,0.000,0.000,0.036,0.65505,-3.38059,-0.005
47.540,0.000,0.000,0.036,0.65505,-3.38059,-0.005
47.550,0.000,0.000,0.036,0.65505,-3.38059,-0.005
47.560,0.000,0.000,0.036,0.65505,-3.38059,-0.005
47.570,0.000,0.000,0.036,0.65505,-3.38059,-0.005
47.580,0.000,0.000,0.036,0.65505,-3.38059,-0.005
47.590,0.000,0.000,0.036,0.65505,-3.38059,-0.005
47.600,0.000,0.000,0.036,0.65505,-3.38059,-0.005
47.610,0.000,0.000,0.036,0.65505,-3.38059,-0.005
47.620,0.000,0.000,0.036,0.65505,-3.38059,-0.005
47.630,0.000,0.000,0.036,0.65505,-3.38059,-0.005
47.640,0.000,0.000,0.036,0.65505,-3.38059,-0.005
47.650,0.000,0.000,0.036,0.65505,-3.38059,-0.005
47.660,0.000,0.000,0.036,0.65505,-3.38059,-0.005
47.670,0.000,0.000,0.036,0.65505,-3.38059,-0.005
47.680,0.000,0.000,0.036,0.65505,-3.38059,-0.005
47.690,0.000,0.000,0.036,0.65505,-3.38059,-0.005
47.700,0.000,0.000,0.036,0.65505,-3.38059,-0.005
47.710,0.000,0.000,0.036,0.65505,-3.38059,-0.005
47.720,0.000,0.000,0.036,0.65505,-3.38059,-0.005
47.730,0.000,0.000,0.036,0.65505,-3.38059,-0.005
47.740,0.000,0.000,0.036,0.65505,-3.38059,-0.005
47.750,0.000,0.000,0.036,0.65505,-3.38059,-0.005
47.760,0.000,0.000,0.036,0.65505,-3.38059,-0.005
47.770,0.000,0.000,0.036,0.65505,-3.38059,-0.005
47.780,0.000,0.000,0.036,0.65505,-3.38059,-0.005
47.790,0.000,0.000,0.036,0.65505,-3.38059,-0.005
47.800,0.000,0.000,0.036,0.65505,-3.38059,-0.005
47.810,0.000,0.000,0.036,0.65505,-3.38059,-0.005
47.820,0.000,0.000,0.036,0.65505,-3.38059,-0.005
47.830,0.000,0.000,0.036,0.65505,-3.38059,-0.005
47.840,0.000,0.000,0.036,0.65505,-3.38059,-0.005
47.850,0.000,0.000,0.036,0.65505,-3.38059,-0.005
47.860,0.000,0.000,0.036,0.65505,-3.38059,-0.005
47.870,0.000,0.000,0.036,0.65505,-3.38059,-0.005
47.880,0.000,0.000,0.036,0.65505,-3.38059,-0.005
47.890,0.000,0.000,0.036,0.65505,-3.38059,-0.005
47.900,0.000,0.000,0.036,0.65505,-3.38059,-0.005
47.910,0.000,0.000,0.036,0.65505,-3.38059,-0.005
47.920,0.000,0.000,0.036,0.65505,-3.38059,-0.005
47.930,0.000,0.000,0.036,0.65505,-3.38059,-0.005
47.940,0.000,0.000,0.036,0.65505,-3.38059,-0.005
47.950,0.000,0.000,0.036,0.65505,-3.38059,-0.005
47.960,0.000,0.000,0.036,0.65505,-3.38059,-0.005
47.970,0.000,0.000,0.036,0.65505,-3.38059,-0.005
47.980,0.000,0.000,0.036,0.65505,-3.38059,-0.005
47.990,0.000,0.000,0.036,0.65505,-3.38059,-0.005
48.000,0.000,0.000,0.036,0.65505,-3.38059,-0.005
48.010,0.000,0.000,0.036,0.65505,-3.38059,-0.005
48.020,0.000,0.000,0.036,0.65505,-3.38059,-0.005
48.030,0.000,0.000,0.036,0.65505,-3.38059,-0.005
48.040,0.000,0.000,0.036,0.65505,-3.38059,-0.005
48.050,0.000,0.000,0.036,0.65505,-3.38059,-0.005
48.060,0.000,0.000,0.036,0.65505,-3.38059,-0.005
48.070,0.000,0.000,0.036,0.65505,-3.38059,-0.005
48.080,0.000,0.000,0.036,0.65505,-3.38059,-0.005
48.090,0.000,0.000,0.036,0.65505,-3.38059,-0.005
48.100,0.000,0.000,0.036,0.65505,-3.38059,-0.005
48.110,0.000,0.000,0.036,0.65505,-3.38059,-0.005
48.120,0.000,0.000,0.036,0.65505,-3.38059,-0.005
48.130,0.000,0.000,0.036,0.65505,-3.38059,-0.005
48.140,0.000,0.000,0.036,0.65505,-3.38059,-0.005
48.150,0.000,0.000,0.036,0.65505,-3.38059,-0.005
48.160,0.000,0.000,0.036,0.65505,-3.38059,-0.005
48.170,0.000,0.000,0.036,0.65505,-3.38059,-0.005
48.180,0.000,0.000,0.036,0.65505,-3.38059,-0.005
48.190,0.000,0.000,0.036,0.65505,-3.38059,-0.005
48.200,0.000,0.000,0.036,0.65505,-3.38059,-0.005
48.210,0.000,0.000,0.036,0.65505,-3.38059,-0.005
48.220,0.000,0.000,0.036,0.65505,-3.38059,-0.005
48.230,0.000,0.000,0.036,0.65505,-3.38059,-0.005
48.240,0.000,0.000,0.036,0.65505,-3.38059,-0.005
48.250,0.000,0.000,0.036,0.65505,-3.38059,-0.005
48.260,0.000,0.000,0.036,0.65505,-3.38059,-0.005
48.270,0.000,0.000,0.036,0.65505,-3.38059,-0.005
48.280,0.000,0.000,0.036,0.65505,-3.38059,-0.005
48.290,0.000,0.000,0.036,0.65505,-3.38059,-0.005
48.300,0.000,0.000,0.036,0.65505,-3.38059,-0.005
48.310,0.000,0.000,0.036,0.65505,-3.38059,-0.005
48.320,0.000,0.000,0.036,0.65505,-3.38059,-0.005
48.330,0.000,0.000,0.036,0.65505,-3.38059,-0.005
48.340,0.000,0.000,0.036,0.65505,-3.38059,-0.005
48.350,0.000,0.000,0.036,0.65505,-3.38059,-0.005
48.360,0.000,0.000,0.036,0.65505,-3.38059,-0.005
48.370,0.000,0.000,0.036,0.65505,-3.38059,-0.005
48.380,0.000,0.000,0.036,0.65505,-3.38059,-0.005
48.390,0.000,0.000,0.036,0.65505,-3.38059,-0.005
48.400,0.000,0.000,0.036,0.65505,-3.38059,-0.005
48.410,0.000,0.000,0.036,0.65505,-3.38059,-0.005
48.420,0.000,0.000,0.036,0.65505,-3.38059,-0.005
48.430,0.000,0.000,0.036,0.65505,-3.38059,-0.005
48.440,0.000,0.000,0.036,0.65505,-3.38059,-0.005
48.450,0.000,0.000,0.036,0.65505,-3.38059,-0.005
48.460,0.000,0.000,0.036,0.65505,-3.38059,-0.005
48.470,0.000,0.000,0.036,0.65505,-3.38059,-0.005
48.480,0.000,0.000,0.036,0.65505,-3.38059,-0.005
48.490,0.000,0.000,0.036,0.65505,-3.38059,-0.005
48.500,0.000,0.000,0.036,0.65505,-3.38059,-0.005
48.510,0.000,0.000,0.036,0.65505,-3.38059,-0.005
48.520,0.000,0.000,0.036,0.65505,-3.38059,-0.005
48.530,0.000,0.000,0.036,0.65505,-3.38059,-0.005
48.540,0.000,0.000,0.036,0.65505,-3.38059,-0.005
48.550,0.000,0.000,0.036,0.65505,-3.38059,-0.005
48.560,0.000,0.000,0.036,0.65505,-3.38059,-0.005
48.570,0.000,0.000,0.036,0.65505,-3.38059,-0.005
48.580,0.000,0.000,0.036,0.65505,-3.38059,-0.005
48.590,0.000,0.000,0.036,0.65505,-3.38059,-0.005
48.600,0.000,0.000,0.036,0.65505,-3.38059,-0.005
48.610,0.000,0.000,0.036,0.65505,-3.38059,-0.005
48.620,0.000,0.000,0.036,0.65505,-3.38059,-0.005
48.630,0.000,0.000,0.036,0.65505,-3.38059,-0.005
48.640,0.000,0.000,0.036,0.65505,-3.38059,-0.005
48.650,0.000,0.000,0.036,0.65505,-3.38059,-0.005
48.660,0.000,0.000,0.036,0.65505,-3.38059,-0.005
48.670,0.000,0.000,0.036,0.65505,-3.38059,-0.005
48.680,0.000,0.000,0.036,0.65505,-3.38059,-0.005
48.690,0.000,0.000,0.036,0.65505,-3.38059,-0.005
48.700,0.000,0.000,0.036,0.65505,-3.38059,-0.005
48.710,0.000,0.000,0.036,0.65505,-3.38059,-0.005
48.720,0.000,0.000,0.036,0.65505,-3.38059,-0.005
48.730,0.000,0.000,0.036,0.65505,-3.38059,-0.005
48.740,0.000,0.000,0.036,0.65505,-3.38059,-0.005
48.750,0.000,0.000,0.036,0.65505,-3.38059,-0.005
48.760,0.000,0.000,0.036,0.65505,-3.38059,-0.005
48.770,0.000,0.000,0.036,0.65505,-3.38059,-0.005
48.780,0.000,0.000,0.036,0.65505,-3.38059,-0.005
48.790,0.000,0.000,0.036,0.65505,-3.38059,-0.005
48.800,0.000,0.000,0.036,0.65505,-3.38059,-0.005
48.810,0.000,0.000,0.036,0.65505,-3.38059,-0.005
48.820,0.000,0.000,0.036,0.65505,-3.38059,-0.005
48.830,0.000,0.000,0.036,0.65505,-3.38059,-0.005
48.840,0.000,0.000,0.036,0.65505,-3.38059,-0.005
48.850,0.000,0.000,0.036,0.65505,-3.38059,-0.005
48.860,0.000,0.000,0.036,0.65505,-3.38059,-0.005
48.870,0.000,0.000,0.036,0.65505,-3.38059,-0.005
48.880,0.000,0.000,0.036,0.65505,-3.38059,-0.005
48.890,0.000,0.000,0.036,0.65505,-3.38059,-0.005
48.900,0.000,0.000,0.036,0.65505,-3.38059,-0.005
48.910,0.000,0.000,0.036,0.65505,-3.38059,-0.005
48.920,0.000,0.000,0.036,0.65505,-3.38059,-0.005
48.930,0.000,0.000,0.036,0.65505,-3.38059,-0.005
48.940,0.000,0.000,0.036,0.65505,-3.38059,-0.005
48.950,0.000,0.000,0.036,0.65505,-3.38059,-0.005
48.960,0.000,0.000,0.036,0.65505,-3.38059,-0.005
48.970,0.000,0.000,0.036,0.65505,-3.38059,-0.005
48.980,0.000,0.000,0.036,0.65505,-3.38059,-0.005
48.990,0.000,0.000,0.036,0.65505,-3.38059,-0.005
49.000,0.000,0.000,0.036,0.65505,-3.38059,-0.005
49.010,0.000,0.000,0.036,0.65505,-3.38059,-0.005
49.020,0.000,0.000,0.036,0.65505,-3.38059,-0.005
49.030,0.000,0.000,0.036,0.65505,-3.38059,-0.005
49.040,0.000,0.000,0.036,0.65505,-3.38059,-0.005
49.050,0.000,0.000,0.036,0.65505,-3.38059,-0.005
49.060,0.000,0.000,0.036,0.65505,-3.38059,-0.005
49.070,0.000,0.000,0.036,0.65505,-3.38059,-0.005
49.080,0.000,0.000,0.036,0.65505,-3.38059,-0.005
49.090,0.000,0.000,0.036,0.65505,-3.38059,-0.005
49.100,0.000,0.000,0.036,0.65505,-3.38059,-0.005
49.110,0.000,0.000,0.036,0.65505,-3.38059,-0.005
49.120,0.000,0.000,0.036,0.65505,-3.38059,-0.005
49.130,0.000,0.000,0.036,0.65505,-3.38059,-0.005
49.140,0.000,0.000,0.036,0.65505,-3.38059,-0.005
49.150,0.000,0.000,0.036,0.65505,-3.38059,-0.005
49.160,0.000,0.000,0.036,0.65505,-3.38059,-0.005
49.170,0.000,0.000,0.036,0.65505,-3.38059,-0.005
49.180,0.000,0.000,0.036,0.65505,-3.38059,-0.005
49.190,0.000,0.000,0.036,0.65505,-3.38059,-0.005
49.200,0.000,0.000,0.036,0.65505,-3.38059,-0.005
49.210,0.000,0.000,0.036,0.65505,-3.38059,-0.005
49.220,0.000,0.000,0.036,0.65505,-3.38059,-0.005
49.230,0.000,0.000,0.036,0.65505,-3.38059,-0.005
49.240,0.000,0.000,0.036,0.65505,-3.38059,-0.005
49.250,0.000,0.000,0.036,0.65505,-3.38059,-0.005
49.260,0.000,0.000,0.036,0.65505,-3.38059,-0.005
49.270,0.000,0.000,0.036,0.65505,-3.38059,-0.005
49.280,0.000,0.000,0.036,0.65505,-3.38059,-0.005
49.290,0.000,0.000,0.036,0.65505,-3.38059,-0.005
49.300,0.000,0.000,0.036,0.65505,-3.38059,-0.005
49.310,0.000,0.000,0.036,0.65505,-3.38059,-0.005
49.320,0.000,0.000,0.036,0.65505,-3.38059,-0.005
49.330,0.000,0.000,0.036,0.65505,-3.38059,-0.005
49.340,0.000,0.000,0.036,0.65505,-3.38059,-0.005
49.350,0.000,0.000,0.036,0.65505,-3.38059,-0.005
49.360,0.000,0.000,0.036,0.65505,-3.38059,-0.005
49.370,0.000,0.000,0.036,0.65505,-3.38059,-0.005
49.380,0.000,0.000,0.036,0.65505,-3.38059,-0.005
49.390,0.000,0.000,0.036,0.65505,-3.38059,-0.005
49.400,0.000,0.000,0.036,0.65505,-3.38059,-0.005
49.410,0.000,0.000,0.036,0.65505,-3.38059,-0.005
49.420,0.000,0.000,0.036,0.65505,-3.38059,-0.005
49.430,0.000,0.000,0.036,0.65505,-3.38059,-0.005
49.440,0.000,0.000,0.036,0.65505,-3.38059,-0.005
49.450,0.000,0.000,0.036,0.65505,-3.38059,-0.005
49.460,0.000,0.000,0.036,0.65505,-3.38059,-0.005
49.470,0.000,0.000,0.036,0.65505,-3.38059,-0.005
49.480,0.000,0.000,0.036,0.65505,-3.38059,-0.005
49.490,0.000,0.000,0.036,0.65505,-3.38059,-0.005
49.500,0.000,0.000,0.036,0.65505,-3.38059,-0.005
49.510,0.000,0.000,0.036,0.65505,-3.38059,-0.005
49.520,0.000,0.000,0.036,0.65505,-3.38059,-0.005
49.530,0.000,0.000,0.036,0.65505,-3.38059,-0.005
49.540,0.000,0.000,0.036,0.65505,-3.38059,-0.005
49.550,0.000,0.000,0.036,0.65505,-3.38059,-0.005
49.560,0.000,0.000,0.036,0.65505,-3.38059,-0.005
49.570,0.000,0.000,0.036,0.65505,-3.38059,-0.005
49.580,0.000,0.000,0.036,0.65505,-3.38059,-0.005
49.590,0.000,0.000,0.036,0.65505,-3.38059,-0.005
49.600,0.000,0.000,0.036,0.65505,-3.38059,-0.005
49.610,0.000,0.000,0.036,0.65505,-3.38059,-0.005
49.620,0.000,0.000,0.036,0.65505,-3.38059,-0.005
49.630,0.000,0.000,0.036,0.65505,-3.38059,-0.005
49.640,0.000,0.000,0.036,0.65505,-3.38059,-0.005
49.650,0.000,0.000,0.036,0.65505,-3.38059,-0.005
49.660,0.000,0.000,0.036,0.65505,-3.38059,-0.005
49.670,0.000,0.000,0.036,0.65505,-3.38059,-0.005
49.680,0.000,0.000,0.036,0.65505,-3.38059,-0.005
49.690,0.000,0.000,0.036,0.65505,-3.38059,-0.005
49.700,0.000,0.000,0.036,0.65505,-3.38059,-0.005
49.710,0.000,0.000,0.036,0.65505,-3.38059,-0.005
49.720,0.000,0.000,0.036,0.65505,-3.38059,-0.005
49.730,0.000,0.000,0.036,0.65505,-3.38059,-0.005
49.740,0.000,0.000,0.036,0.65505,-3.38059,-0.005
49.750,0.000,0.000,0.036,0.65505,-3.38059,-0.005
49.760,0.000,0.000,0.036,0.65505,-3.38059,-0.005
49.770,0.000,0.000,0.036,0.65505,-3.38059,-0.005
49.780,0.000,0.000,0.036,0.65505,-3.38059,-0.005
49.790,0.000,0.000,0.036,0.65505,-3.38059,-0.005
49.800,0.000,0.000,0.036,0.65505,-3.38059,-0.005
49.810,0.000,0.000,0.036,0.65505,-3.38059,-0.005
49.820,0.000,0.000,0.036,0.65505,-3.38059,-0.005
49.830,0.000,0.000,0.036,0.65505,-3.38059,-0.005
49.840,0.000,0.000,0.036,0.65505,-3.38059,-0.005
49.850,0.000,0.000,0.036,0.65505,-3.38059,-0.005
49.860,0.000,0.000,0.036,0.65505,-3.38059,-0.005
49.870,0.000,0.000,0.036,0.65505,-3.38059,-0.005
49.880,0.000,0.000,0.036,0.65505,-3.38059,-0.005
49.890,0.000,0.000,0.036,0.65505,-3.38059,-0.005
49.900,0.000,0.000,0.036,0.65505,-3.38059,-0.005
49.910,0.000,0.000,0.036,0.65505,-3.38059,-0.005
49.920,0.000,0.000,0.036,0.65505,-3.38059,-0.005
49.930,0.000,0.000,0.036,0.65505,-3.38059,-0.005
49.940,0.000,0.000,0.036,0.65505,-3.38059,-0.005
49.950,0.000,0.000,0.036,0.65505,-3.38059,-0.005
49.960,0.000,0.000,0.036,0.65505,-3.38059,-0.005
49.970,0.000,0.000,0.036,0.65505,-3.38059,-0.005
49.980,0.000,0.000,0.036,0.65505,-3.38059,-0.005
49.990,0.000,0.000,0.036,0.65505,-3.38059,-0.005
50.000,0.000,0.000,0.036,0.65505,-3.38059,-0.005
50.010,0.000,0.000,0.036,0.65505,-3.38059,-0.005
50.020,0.000,0.000,0.036,0.65505,-3.38059,-0.005
50.030,0.000,0.000,0.036,0.65505,-3.38059,-0.005
50.040,0.000,0.000,0.036,0.65505,-3.38059,-0.005
50.050,0.000,0.000,0.036,0.65505,-3.38059,-0.005
50.060,0.000,0.000,0.036,0.65505,-3.38059,-0.005
50.070,0.000,0.000,0.036,0.65505,-3.38059,-0.005
50.080,0.000,0.000,0.036,0.65505,-3.38059,-0.005
50.090,0.000,0.000,0.036,0.65505,-3.38059,-0.005
50.100,0.000,0.000,0.036,0.65505,-3.38059,-0.005
50.110,0.000,0.000,0.036,0.65505,-3.38059,-0.005
50.120,0.000,0.000,0.036,0.65505,-3.38059,-0.005
50.130,0.000,0.000,0.036,0.65505,-3.38059,-0.005
50.140,0.000,0.000,0.036,0.65505,-3.38059,-0.005
50.150,0.000,0.000,0.036,0.65505,-3.38059,-0.005
50.160,0.000,0.000,0.036,0.65505,-3.38059,-0.005
50.170,0.000,0.000,0.036,0.65505,-3.38059,-0.005
50.180,0.000,0.000,0.036,0.65505,-3.38059,-0.005
50.190,0.000,0.000,0.036,0.65505,-3.38059,-0.005
50.200,0.000,0.000,0.036,0.65505,-3.38059,-0.005
50.210,0.000,0.000,0.036,0.65505,-3.38059,-0.005
50.220,0.000,0.000,0.036,0.65505,-3.38059,-0.005
50.230,0.000,0.000,0.036,0.65505,-3.38059,-0.005
50.240,0.000,0.000,0.036,0.65505,-3.38059,-0.005
50.250,0.000,0.000,0.036,0.65505,-3.38059,-0.005
50.260,0.000,0.000,0.036,0.65505,-3.38059,-0.005
50.270,0.000,0.000,0.036,0.65505,-3.38059,-0.005
50.280,0.000,0.000,0.036,0.65505,-3.38059,-0.005
50.290,0.000,0.000,0.036,0.65505,-3.38059,-0.005
50.300,0.000,0.000,0.036,0.65505,-3.38059,-0.005
50.310,0.000,0.000,0.036,0.65505,-3.38059,-0.005
50.320,0.000,0.000,0.036,0.65505,-3.38059,-0.005
50.330,0.000,0.000,0.036,0.65505,-3.38059,-0.005
50.340,0.000,0.000,0.036,0.65505,-3.38059,-0.005
50.350,0.000,0.000,0.036,0.65505,-3.38059,-0.005
50.360,0.000,0.000,0.036,0.65505,-3.38059,-0.005
50.370,0.000,0.000,0.036,0.65505,-3.38059,-0.005
50.380,0.000,0.000,0.036,0.65505,-3.38059,-0.005
50.390,0.000,0.000,0.036,0.65505,-3.38059,-0.005
50.400,0.000,0.000,0.036,0.65505,-3.38059,-0.005
50.410,0.000,0.000,0.036,0.65505,-3.38059,-0.005
50.420,0.000,0.000,0.036,0.65505,-3.38059,-0.005
50.430,0.000,0.000,0.036,0.65505,-3.38059,-0.005
50.440,0.000,0.000,0.036,0.65505,-3.38059,-0.005
50.450,0.000,0.000,0.036,0.65505,-3.38059,-0.005
50.460,0.000,0.000,0.036,0.65505,-3.38059,-0.005
50.470,0.000,0.000,0.036,0.65505,-3.38059,-0.005
50.480,0.000,0.000,0.036,0.65505,-3.38059,-0.005
50.490,0.000,0.000,0.036,0.65505,-3.38059,-0.005
50.500,0.000,0.000,0.036,0.65505,-3.38059,-0.005
50.510,0.000,0.000,0.036,0.65505,-3.38059,-0.005
50.520,0.000,0.000,0.036,0.65505,-3.38059,-0.005
50.530,0.000,0.000,0.036,0.65505,-3.38059,-0.005
50.540,0.000,0.000,0.036,0.65505,-3.38059,-0.005
50.550,0.000,0.000,0.036,0.65505,-3.38059,-0.005
50.560,0.000,0.000,0.036,0.65505,-3.38059,-0.005
50.570,0.000,0.000,0.036,0.65505,-3.38059,-0.005
50.580,0.000,0.000,0.036,0.65505,-3.38059,-0.005
50.590,0.000,0.000,0.036,0.65505,-3.38059,-0.005
50.600,0.000,0.000,0.036,0.65505,-3.38059,-0.005
50.610,0.000,0.000,0.036,0.65505,-3.38059,-0.005
50.620,0.000,0.000,0.036,0.65505,-3.38059,-0.005
50.630,0.000,0.000,0.036,0.65505,-3.38059,-0.005
50.640,0.000,0.000,0.036,0.65505,-3.38059,-0.005
50.650,0.000,0.000,0.036,0.65505,-3.38059,-0.005
50.660,0.000,0.000,0.036,0.65505,-3.38059,-0.005
50.670,0.000,0.000,0.036,0.65505,-3.38059,-0.005
50.680,0.000,0.000,0.036,0.65505,-3.38059,-0.005
50.690,0.000,0.000,0.036,0.65505,-3.38059,-0.005
50.700,0.000,0.000,0.036,0.65505,-3.38059,-0.005
50.710,0.000,0.000,0.036,0.65505,-3.38059,-0.005
50.720,0.000,0.000,0.036,0.65505,-3.38059,-0.005
50.730,0.000,0.000,0.036,0.65505,-3.38059,-0.005
50.740,0.000,0.000,0.036,0.65505,-3.38059,-0.005
50.750,0.000,0.000,0.036,0.65505,-3.38059,-0.005
50.760,0.000,0.000,0.036,0.65505,-3.38059,-0.005
50.770,0.000,0.000,0.036,0.65505,-3.38059,-0.005
50.780,0.000,0.000,0.036,0.65505,-3.38059,-0.005
50.790,0.000,0.000,0.036,0.65505,-3.38059,-0.005
50.800,0.000,0.000,0.036,0.65505,-3.38059,-0.005
50.810,0.000,0.000,0.036,0.65505,-3.38059,-0.005
50.820,0.000,0.000,0.036,0.65505,-3.38059,-0.005
50.830,0.000,0.000,0.036,0.65505,-3.38059,-0.005
50.840,0.000,0.000,0.036,0.65505,-3.38059,-0.005
50.850,0.000,0.000,0.036,0.65505,-3.38059,-0.005
50.860,0.000,0.000,0.036,0.65505,-3.38059,-0.005
50.870,0.000,0.000,0.036,0.65505,-3.38059,-0.005
50.880,0.000,0.000,0.036,0.65505,-3.38059,-0.005
50.890,0.000,0.000,0.036,0.65505,-3.38059,-0.005
50.900,0.000,0.000,0.036,0.65505,-3.38059,-0.005
50.910,0.000,0.000,0.036,0.65505,-3.38059,-0.005
50.920,0.000,0.000,0.036,0.65505,-3.38059,-0.005
50.930,0.000,0.000,0.036,0.65505,-3.38059,-0.005
50.940,0.000,0.000,0.036,0.65505,-3.38059,-0.005
50.950,0.000,0.000,0.036,0.65505,-3.38059,-0.005
50.960,0.000,0.000,0.036,0.65505,-3.38059,-0.005
50.970,0.000,0.000,0.036,0.65505,-3.38059,-0.005
50.980,0.000,0.000,0.036,0.65505,-3.38059,-0.005
50.990,0.000,0.000,0.036,0.65505,-3.38059,-0.005
51.000,0.000,0.000,0.036,0.65505,-3.38059,-0.005
51.010,0.000,0.000,0.036,0.65505,-3.38059,-0.005
51.020,0.000,0.000,0.036,0.65505,-3.38059,-0.005
51.030,0.000,0.000,0.036,0.65505,-3.38059,-0.005
51.040,0.000,0.000,0.036,0.65505,-3.38059,-0.005
51.050,0.000,0.000,0.036,0.65505,-3.38059,-0.005
51.060,0.000,0.000,0.036,0.65505,-3.38059,-0.005
51.070,0.000,0.000,0.036,0.65505,-3.38059,-0.005
51.080,0.000,0.000,0.036,0.65505,-3.38059,-0.005
51.090,0.000,0.000,0.036,0.65505,-3.38059,-0.005
51.100,0.000,0.000,0.036,0.65505,-3.38059,-0.005
51.110,0.000,0.000,0.036,0.65505,-3.38059,-0.005
51.120,0.000,0.000,0.036,0.65505,-3.38059,-0.005
51.130,0.000,0.000,0.036,0.65505,-3.38059,-0.005
51.140,0.000,0.000,0.036,0.65505,-3.38059,-0.005
51.150,0.000,0.000,0.036,0.65505,-3.38059,-0.005
51.160,0.000,0.000,0.036,0.65505,-3.38059,-0.005
51.170,0.000,0.000,0.036,0.65505,-3.38059,-0.005
51.180,0.000,0.000,0.036,0.65505,-3.38059,-0.005
51.190,0.000,0.000,0.036,0.65505,-3.38059,-0.005
51.200,0.000,0.000,0.036,0.65505,-3.38059,-0.005
51.210,0.000,0.000,0.036,0.65505,-3.38059,-0.005
51.220,0.000,0.000,0.036,0.65505,-3.38059,-0.005
51.230,0.000,0.000,0.036,0.65505,-3.38059,-0.005
51.240,0.000,0.000,0.036,0.65505,-3.38059,-0.005
51.250,0.000,0.000,0.036,0.65505,-3.38059,-0.005
51.260,0.000,0.000,0.036,0.65505,-3.38059,-0.005
51.270,0.000,0.000,0.036,0.65505,-3.38059,-0.005
51.280,0.000,0.000,0.036,0.65505,-3.38059,-0.005
51.290,0.000,0.000,0.036,0.65505,-3.38059,-0.005
51.300,0.000,0.000,0.036,0.65505,-3.38059,-0.005
51.310,0.000,0.000,0.036,0.65505,-3.38059,-0.005
51.320,0.000,0.000,0.036,0.65505,-3.38059,-0.005
51.330,0.000,0.000,0.036,0.65505,-3.38059,-0.005
51.340,0.000,0.000,0.036,0.65505,-3.38059,-0.005
51.350,0.000,0.000,0.036,0.65505,-3.38059,-0.005
51.360,0.000,0.000,0.036,0.65505,-3.38059,-0.005
