Time,Roll,Pitch,Yaw,PosX,PosY,Altitude
0.000,0.000,0.000,0.000,0.00000,0.00000,0.000
0.010,0.000,0.000,0.000,0.32507,-0.27613,0.011
0.020,0.000,0.000,0.000,0.32507,-0.27613,0.005
0.030,0.000,0.000,0.000,0.32507,-0.27613,0.005
0.040,0.000,0.000,0.021,0.32507,-0.27613,0.000
0.050,0.000,0.000,0.021,0.32507,-0.27613,0.000
0.060,0.000,0.000,0.021,0.32507,-0.27613,-0.005
0.070,0.000,0.000,0.021,0.32507,-0.27613,-0.005
0.080,0.011,-0.003,0.050,0.32507,-0.27613,-0.005
0.090,-0.005,0.002,0.036,0.32507,-0.27613,-0.005
0.100,-0.004,0.000,0.036,0.32507,-0.27613,-0.005
0.110,-0.001,-0.001,0.036,0.32507,-0.27613,-0.005
0.120,0.001,0.000,0.036,0.32507,-0.27613,-0.005
0.130,0.001,0.000,0.036,0.32507,-0.27613,-0.005
0.140,0.000,0.000,0.036,0.32507,-0.27613,-0.005
0.150,0.000,0.000,0.036,0.32507,-0.27613,-0.005
0.160,0.000,0.000,0.036,0.32507,-0.27613,-0.005
0.170,0.000,0.000,0.036,0.32507,-0.27613,-0.005
0.180,0.000,0.000,0.036,0.32507,-0.27613,-0.005
0.190,0.000,0.000,0.036,0.32507,-0.27613,-0.005
0.200,0.000,0.000,0.036,0.32507,-0.27613,-0.005
0.210,0.000,0.000,0.036,0.32507,-0.27613,-0.005
0.220,0.000,0.000,0.036,0.32436,-0.27779,-0.005
0.230,0.000,0.000,0.036,0.32436,-0.27779,-0.005
0.240,0.000,0.000,0.036,0.32436,-0.27779,-0.005
0.250,0.000,0.000,0.036,0.32436,-0.27779,-0.005
0.260,0.000,0.000,0.036,0.32436,-0.27779,-0.005
0.270,0.000,0.000,0.036,0.32436,-0.27779,-0.005
0.280,0.000,0.000,0.036,0.32436,-0.27779,-0.005
0.290,0.000,0.000,0.036,0.32436,-0.27779,-0.005
0.300,0.000,0.000,0.036,0.32436,-0.27779,-0.005
0.310,0.000,0.000,0.036,0.32436,-0.27779,-0.005
0.320,0.000,0.000,0.036,0.32436,-0.27779,-0.005
0.330,0.000,0.000,0.036,0.32436,-0.27779,-0.005
0.340,0.000,0.000,0.036,0.32436,-0.27779,-0.005
0.350,0.000,0.000,0.036,0.32436,-0.27779,-0.005
0.360,0.000,0.000,0.036,0.32436,-0.27779,-0.005
0.370,0.000,0.000,0.036,0.32436,-0.27779,-0.005
0.380,0.000,0.000,0.036,0.32436,-0.27779,-0.005
0.390,0.000,0.000,0.036,0.32436,-0.27779,-0.005
0.400,0.000,0.000,0.036,0.32436,-0.27779,-0.005
0.410,0.000,0.000,0.036,0.32436,-0.27779,-0.005
0.420,0.000,0.000,0.036,0.32436,-0.27779,-0.005
0.430,0.000,0.000,0.036,0.32436,-0.27779,-0.005
0.440,0.000,0.000,0.036,0.32436,-0.27779,-0.005
0.450,0.000,0.000,0.036,0.32436,-0.27779,-0.005
0.460,0.000,0.000,0.036,0.32436,-0.27779,-0.005
0.470,0.000,0.000,0.036,0.32436,-0.27779,-0.005
0.480,0.000,0.000,0.036,0.32436,-0.27779,-0.005
0.490,0.000,0.000,0.036,0.32436,-0.27779,-0.005
0.500,0.000,0.000,0.036,0.32436,-0.27779,-0.005
0.510,0.000,0.000,0.036,0.32436,-0.27779,-0.005
0.520,0.000,0.000,0.036,0.32436,-0.27779,-0.005
0.530,0.000,0.000,0.036,0.32436,-0.27779,-0.005
0.540,0.000,0.000,0.036,0.32436,-0.27779,-0.005
0.550,0.000,0.000,0.036,0.32436,-0.27779,-0.005
0.560,0.000,0.000,0.036,0.32436,-0.27779,-0.005
0.570,0.000,0.000,0.036,0.32436,-0.27779,-0.005
0.580,0.000,0.000,0.036,0.32436,-0.27779,-0.005
0.590,0.000,0.000,0.036,0.32436,-0.27779,-0.005
0.600,0.000,0.000,0.036,0.32436,-0.27779,-0.005
0.610,0.000,0.000,0.036,0.32436,-0.27779,-0.005
0.620,0.000,0.000,0.036,0.32436,-0.27779,-0.005
0.630,0.000,0.000,0.036,0.32436,-0.27779,-0.005
0.640,0.000,0.000,0.036,0.32436,-0.27779,-0.005
0.650,0.000,0.000,0.036,0.32436,-0.27779,-0.005
0.660,0.000,0.000,0.036,0.32436,-0.27779,-0.005
0.670,0.000,0.000,0.036,0.32436,-0.27779,-0.005
0.680,0.000,0.000,0.036,0.32436,-0.27779,-0.005
0.690,0.000,0.000,0.036,0.32436,-0.27779,-0.005
0.700,0.000,0.000,0.036,0.32436,-0.27779,-0.005
0.710,0.000,0.000,0.036,0.32436,-0.27779,-0.005
0.720,0.000,0.000,0.036,0.32436,-0.27779,-0.005
0.730,0.000,0.000,0.036,0.32436,-0.27779,-0.005
0.740,0.000,0.000,0.036,0.32436,-0.27779,-0.005
0.750,0.000,0.000,0.036,0.32436,-0.27779,-0.005
0.760,0.000,0.000,0.036,0.32436,-0.27779,-0.005
0.770,0.000,0.000,0.036,0.32436,-0.27779,-0.005
0.780,0.000,0.000,0.036,0.32436,-0.27779,-0.005
0.790,0.000,0.000,0.036,0.32436,-0.27779,-0.005
0.800,0.000,0.000,0.036,0.32436,-0.27779,-0.005
0.810,0.000,0.000,0.036,0.32436,-0.27779,-0.005
0.820,0.000,0.000,0.036,0.32436,-0.27779,-0.005
0.830,0.000,0.000,0.036,0.32436,-0.27779,-0.005
0.840,0.000,0.000,0.036,0.32436,-0.27779,-0.005
0.850,0.000,0.000,0.036,0.32436,-0.27779,-0.005
0.860,0.000,0.000,0.036,0.32436,-0.27779,-0.005
0.870,0.000,0.000,0.036,0.32436,-0.27779,-0.005
0.880,0.000,0.000,0.036,0.32436,-0.27779,-0.005
0.890,0.000,0.000,0.036,0.32436,-0.27779,-0.005
0.900,0.000,0.000,0.036,0.32436,-0.27779,-0.005
0.910,0.000,0.000,0.036,0.32436,-0.27779,-0.005
0.920,0.000,0.000,0.036,0.32436,-0.27779,-0.005
0.930,0.000,0.000,0.036,0.32436,-0.27779,-0.005
0.940,0.000,0.000,0.036,0.32436,-0.27779,-0.005
0.950,0.000,0.000,0.036,0.32436,-0.27779,-0.005
0.960,0.000,0.000,0.036,0.32436,-0.27779,-0.005
0.970,0.000,0.000,0.036,0.32436,-0.27779,-0.005
0.980,0.000,0.000,0.036,0.32436,-0.27779,-0.005
0.990,0.000,0.000,0.036,0.32436,-0.27779,-0.005
1.000,0.000,0.000,0.036,0.32436,-0.27779,-0.005
1.010,0.000,0.000,0.036,0.32436,-0.27779,-0.005
1.020,0.000,0.000,0.036,0.32436,-0.27779,-0.005
1.030,0.000,0.000,0.036,0.32436,-0.27779,-0.005
1.040,0.000,0.000,0.036,0.32436,-0.27779,-0.005
1.050,0.000,0.000,0.036,0.32436,-0.27779,-0.005
1.060,0.000,0.000,0.036,0.32436,-0.27779,-0.005
1.070,0.000,0.000,0.036,0.32436,-0.27779,-0.005
1.080,0.000,0.000,0.036,0.32436,-0.27779,-0.005
1.090,0.000,0.000,0.036,0.32436,-0.27779,-0.005
1.100,0.000,0.000,0.036,0.32436,-0.27779,-0.005
1.110,0.000,0.000,0.036,0.32436,-0.27779,-0.005
1.120,0.000,0.000,0.036,0.32436,-0.27779,-0.005
1.130,0.000,0.000,0.036,0.32436,-0.27779,-0.005
1.140,0.000,0.000,0.036,0.32436,-0.27779,-0.005
1.150,0.000,0.000,0.036,0.32436,-0.27779,-0.005
1.160,0.000,0.000,0.036,0.32436,-0.27779,-0.005
1.170,0.000,0.000,0.036,0.32436,-0.27779,-0.005
1.180,0.000,0.000,0.036,0.32436,-0.27779,-0.005
1.190,0.000,0.000,0.036,0.32436,-0.27779,-0.005
1.200,0.000,0.000,0.036,0.32436,-0.27779,-0.005
1.210,0.000,0.000,0.036,0.32436,-0.27779,-0.005
1.220,0.000,0.000,0.036,0.32436,-0.27779,-0.005
1.230,0.000,0.000,0.036,0.32436,-0.27779,-0.005
1.240,0.000,0.000,0.036,0.32436,-0.27779,-0.005
1.250,0.000,0.000,0.036,0.32436,-0.27779,-0.005
1.260,0.000,0.000,0.036,0.32436,-0.27779,-0.005
1.270,0.000,0.000,0.036,0.32436,-0.27779,-0.005
1.280,0.000,0.000,0.036,0.32436,-0.27779,-0.005
1.290,0.000,0.000,0.036,0.32436,-0.27779,-0.005
1.300,0.000,0.000,0.036,0.32436,-0.27779,-0.005
1.310,0.000,0.000,0.036,0.32436,-0.27779,-0.005
1.320,0.000,0.000,0.036,0.32436,-0.27779,-0.005
1.330,0.000,0.000,0.036,0.32436,-0.27779,-0.005
1.340,0.000,0.000,0.036,0.32436,-0.27779,-0.005
1.350,0.000,0.000,0.036,0.32436,-0.27779,-0.005
1.360,0.000,0.000,0.036,0.32436,-0.27779,-0.005
1.370,0.000,0.000,0.036,0.32436,-0.27779,-0.005
1.380,0.000,0.000,0.036,0.32436,-0.27779,-0.005
1.390,0.000,0.000,0.036,0.32436,-0.27779,-0.005
1.400,0.000,0.000,0.036,0.32436,-0.27779,-0.005
1.410,0.000,0.000,0.036,0.32436,-0.27779,-0.005
1.420,0.000,0.000,0.036,0.32436,-0.27779,-0.005
1.430,0.000,0.000,0.036,0.32436,-0.27779,-0.005
1.440,0.000,0.000,0.036,0.32436,-0.27779,-0.005
1.450,0.000,0.000,0.036,0.32436,-0.27779,-0.005
1.460,0.000,0.000,0.036,0.32436,-0.27779,-0.005
1.470,0.000,0.000,0.036,0.32436,-0.27779,-0.005
1.480,0.000,0.000,0.036,0.32436,-0.27779,-0.005
1.490,0.000,0.000,0.036,0.32436,-0.27779,-0.005
1.500,0.000,0.000,0.036,0.32436,-0.27779,-0.005
1.510,0.000,0.000,0.036,0.32436,-0.27779,-0.005
1.520,0.000,0.000,0.036,0.32436,-0.27779,-0.005
1.530,0.000,0.000,0.036,0.32436,-0.27779,-0.005
1.540,0.000,0.000,0.036,0.32436,-0.27779,-0.005
1.550,0.000,0.000,0.036,0.32436,-0.27779,-0.005
1.560,0.000,0.000,0.036,0.32436,-0.27779,-0.005
1.570,0.000,0.000,0.036,0.32436,-0.27779,-0.005
1.580,0.000,0.000,0.036,0.32436,-0.27779,-0.005
1.590,0.000,0.000,0.036,0.32436,-0.27779,-0.005
1.600,0.000,0.000,0.036,0.32436,-0.27779,-0.005
1.610,0.000,0.000,0.036,0.32436,-0.27779,-0.005
1.620,0.000,0.000,0.036,0.32436,-0.27779,-0.005
1.630,0.000,0.000,0.036,0.32436,-0.27779,-0.005
1.640,0.000,0.000,0.036,0.32436,-0.27779,-0.005
1.650,0.000,0.000,0.036,0.32436,-0.27779,-0.005
1.660,0.000,0.000,0.036,0.32436,-0.27779,-0.005
1.670,0.000,0.000,0.036,0.32436,-0.27779,-0.005
1.680,0.000,0.000,0.036,0.32436,-0.27779,-0.005
1.690,0.000,0.000,0.036,0.32436,-0.27779,-0.005
1.700,0.000,0.000,0.036,0.32436,-0.27779,-0.005
1.710,0.000,0.000,0.036,0.32436,-0.27779,-0.005
1.720,0.000,0.000,0.036,0.32436,-0.27779,-0.005
1.730,0.000,0.000,0.036,0.32436,-0.27779,-0.005
1.740,0.000,0.000,0.036,0.32436,-0.27779,-0.005
1.750,0.000,0.000,0.036,0.32436,-0.27779,-0.005
1.760,0.000,0.000,0.036,0.32436,-0.27779,-0.005
1.770,0.000,0.000,0.036,0.32436,-0.27779,-0.005
1.780,0.000,0.000,0.036,0.32436,-0.27779,-0.005
1.790,0.000,0.000,0.036,0.32436,-0.27779,-0.005
1.800,0.000,0.000,0.036,0.32436,-0.27779,-0.005
1.810,0.000,0.000,0.036,0.32436,-0.27779,-0.005
1.820,0.000,0.000,0.036,0.32436,-0.27779,-0.005
1.830,0.000,0.000,0.036,0.32436,-0.27779,-0.005
1.840,0.000,0.000,0.036,0.32436,-0.27779,-0.005
1.850,0.000,0.000,0.036,0.32436,-0.27779,-0.005
1.860,0.000,0.000,0.036,0.32436,-0.27779,-0.005
1.870,0.000,0.000,0.036,0.32436,-0.27779,-0.005
1.880,0.000,0.000,0.036,0.32436,-0.27779,-0.005
1.890,0.000,0.000,0.036,0.32436,-0.27779,-0.005
1.900,0.000,0.000,0.036,0.32436,-0.27779,-0.005
1.910,0.000,0.000,0.036,0.32436,-0.27779,-0.005
1.920,0.000,0.000,0.036,0.32436,-0.27779,-0.005
1.930,0.000,0.000,0.036,0.32436,-0.27779,-0.005
1.940,0.000,0.000,0.036,0.32436,-0.27779,-0.005
1.950,0.000,0.000,0.036,0.32436,-0.27779,-0.005
1.960,0.000,0.000,0.036,0.32436,-0.27779,-0.005
1.970,0.000,0.000,0.036,0.32436,-0.27779,-0.005
1.980,0.000,0.000,0.036,0.32436,-0.27779,-0.005
1.990,0.000,0.000,0.036,0.32436,-0.27779,-0.005
2.000,0.000,0.000,0.036,0.32436,-0.27779,-0.005
2.010,0.000,0.000,0.036,0.32436,-0.27779,-0.005
2.020,0.000,0.000,0.036,0.32436,-0.27779,-0.005
2.030,0.000,0.000,0.036,0.32436,-0.27779,-0.005
2.040,0.000,0.000,0.036,0.32436,-0.27779,-0.005
2.050,0.000,0.000,0.036,0.32436,-0.27779,-0.005
2.060,0.000,0.000,0.036,0.32436,-0.27779,-0.005
2.070,0.000,0.000,0.036,0.32436,-0.27779,-0.005
2.080,0.000,0.000,0.036,0.32436,-0.27779,-0.005
2.090,0.000,0.000,0.036,0.32436,-0.27779,-0.005
2.100,0.000,0.000,0.036,0.32436,-0.27779,-0.005
2.110,0.000,0.000,0.036,0.32436,-0.27779,-0.005
2.120,0.000,0.000,0.036,0.32436,-0.27779,-0.005
2.130,0.000,0.000,0.036,0.32436,-0.27779,-0.005
2.140,0.000,0.000,0.036,0.32436,-0.27779,-0.005
2.150,0.000,0.000,0.036,0.32436,-0.27779,-0.005
2.160,0.000,0.000,0.036,0.32436,-0.27779,-0.005
2.170,0.000,0.000,0.036,0.32436,-0.27779,-0.005
2.180,0.000,0.000,0.036,0.32436,-0.27779,-0.005
2.190,0.000,0.000,0.036,0.32436,-0.27779,-0.005
2.200,0.000,0.000,0.036,0.32436,-0.27779,-0.005
2.210,0.000,0.000,0.036,0.32436,-0.27779,-0.005
2.220,0.000,0.000,0.036,0.32436,-0.27779,-0.005
2.230,0.000,0.000,0.036,0.32436,-0.27779,-0.005
2.240,0.000,0.000,0.036,0.32436,-0.27779,-0.005
2.250,0.000,0.000,0.036,0.32436,-0.27779,-0.005
2.260,0.000,0.000,0.036,0.32436,-0.27779,-0.005
2.270,0.000,0.000,0.036,0.32436,-0.27779,-0.005
2.280,0.000,0.000,0.036,0.32436,-0.27779,-0.005
2.290,0.000,0.000,0.036,0.32436,-0.27779,-0.005
2.300,0.000,0.000,0.036,0.32436,-0.27779,-0.005
2.310,0.000,0.000,0.036,0.32436,-0.27779,-0.005
2.320,0.000,0.000,0.036,0.32436,-0.27779,-0.005
2.330,0.000,0.000,0.036,0.32436,-0.27779,-0.005
2.340,0.000,0.000,0.036,0.32436,-0.27779,-0.005
2.350,0.000,0.000,0.036,0.32436,-0.27779,-0.005
2.360,0.000,0.000,0.036,0.32436,-0.27779,-0.005
2.370,0.000,0.000,0.036,0.32436,-0.27779,-0.005
2.380,0.000,0.000,0.036,0.32436,-0.27779,-0.005
2.390,0.000,0.000,0.036,0.32436,-0.27779,-0.005
2.400,0.000,0.000,0.036,0.32436,-0.27779,-0.005
2.410,0.000,0.000,0.036,0.32436,-0.27779,-0.005
2.420,0.000,0.000,0.036,0.32436,-0.27779,-0.005
2.430,0.000,0.000,0.036,0.32436,-0.27779,-0.005
2.440,0.000,0.000,0.036,0.32436,-0.27779,-0.005
2.450,0.000,0.000,0.036,0.32436,-0.27779,-0.005
2.460,0.000,0.000,0.036,0.32436,-0.27779,-0.005
2.470,0.000,0.000,0.036,0.32436,-0.27779,-0.005
2.480,0.000,0.000,0.036,0.32436,-0.27779,-0.005
2.490,0.000,0.000,0.036,0.32436,-0.27779,-0.005
2.500,0.000,0.000,0.036,0.32436,-0.27779,-0.005
2.510,0.000,0.000,0.036,0.32436,-0.27779,-0.005
2.520,0.000,0.000,0.036,0.32436,-0.27779,-0.005
2.530,0.000,0.000,0.036,0.32436,-0.27779,-0.005
2.540,0.000,0.000,0.036,0.32436,-0.27779,-0.005
2.550,0.000,0.000,0.036,0.32436,-0.27779,-0.005
2.560,0.000,0.000,0.036,0.32436,-0.27779,-0.005
2.570,0.000,0.000,0.036,0.32436,-0.27779,-0.005
2.580,0.000,0.000,0.036,0.32436,-0.27779,-0.005
2.590,0.000,0.000,0.036,0.32436,-0.27779,-0.005
2.600,0.000,0.000,0.036,0.32436,-0.27779,-0.005
2.610,0.000,0.000,0.036,0.32436,-0.27779,-0.005
2.620,0.000,0.000,0.036,0.32436,-0.27779,-0.005
2.630,0.000,0.000,0.036,0.32436,-0.27779,-0.005
2.640,0.000,0.000,0.036,0.32436,-0.27779,-0.005
2.650,0.000,0.000,0.036,0.32436,-0.27779,-0.005
2.660,0.000,0.000,0.036,0.32436,-0.27779,-0.005
2.670,0.000,0.000,0.036,0.32436,-0.27779,-0.005
2.680,0.000,0.000,0.036,0.32436,-0.27779,-0.005
2.690,0.000,0.000,0.036,0.32436,-0.27779,-0.005
2.700,0.000,0.000,0.036,0.32436,-0.27779,-0.005
2.710,0.000,0.000,0.036,0.32436,-0.27779,-0.005
2.720,0.000,0.000,0.036,0.32436,-0.27779,-0.005
2.730,0.000,0.000,0.036,0.32436,-0.27779,-0.005
2.740,0.000,0.000,0.036,0.32436,-0.27779,-0.005
2.750,0.000,0.000,0.036,0.32436,-0.27779,-0.005
2.760,0.000,0.000,0.036,0.32436,-0.27779,-0.005
2.770,0.000,0.000,0.036,0.32436,-0.27779,-0.005
2.780,0.000,0.000,0.036,0.32436,-0.27779,-0.005
2.790,0.000,0.000,0.036,0.32436,-0.27779,-0.005
2.800,0.000,0.000,0.036,0.32436,-0.27779,-0.005
2.810,0.000,0.000,0.036,0.32436,-0.27779,-0.005
2.820,0.000,0.000,0.036,0.32436,-0.27779,-0.005
2.830,0.000,0.000,0.036,0.32436,-0.27779,-0.005
2.840,0.000,0.000,0.036,0.32436,-0.27779,-0.005
2.850,0.000,0.000,0.036,0.32436,-0.27779,-0.005
2.860,0.000,0.000,0.036,0.32436,-0.27779,-0.005
2.870,0.000,0.000,0.036,0.32436,-0.27779,-0.005
2.880,0.000,0.000,0.036,0.32436,-0.27779,-0.005
2.890,0.000,0.000,0.036,0.32436,-0.27779,-0.005
2.900,0.000,0.000,0.036,0.32436,-0.27779,-0.005
2.910,0.000,0.000,0.036,0.32436,-0.27779,-0.005
2.920,0.000,0.000,0.036,0.32436,-0.27779,-0.005
2.930,0.000,0.000,0.036,0.32436,-0.27779,-0.005
2.940,0.000,0.000,0.036,0.32436,-0.27779,-0.005
2.950,0.000,0.000,0.036,0.32436,-0.27779,-0.005
2.960,0.000,0.000,0.036,0.32436,-0.27779,-0.005
2.970,0.000,0.000,0.036,0.32436,-0.27779,-0.005
2.980,0.000,0.000,0.036,0.32436,-0.27779,-0.005
2.990,0.000,0.000,0.036,0.32436,-0.27779,-0.005
3.000,0.000,0.000,0.036,0.32436,-0.27779,-0.005
3.010,0.000,0.000,0.036,0.32436,-0.27779,-0.005
3.020,0.000,0.000,0.036,0.32436,-0.27779,-0.005
3.030,0.000,0.000,0.036,0.32436,-0.27779,-0.005
3.040,0.000,0.000,0.036,0.32436,-0.27779,-0.005
3.050,0.000,0.000,0.036,0.32436,-0.27779,-0.005
3.060,0.000,0.000,0.036,0.32436,-0.27779,-0.005
3.070,0.000,0.000,0.036,0.32436,-0.27779,-0.005
3.080,0.000,0.000,0.036,0.32436,-0.27779,-0.005
3.090,0.000,0.000,0.036,0.32436,-0.27779,-0.005
3.100,0.000,0.000,0.036,0.32436,-0.27779,-0.005
3.110,0.000,0.000,0.036,0.32436,-0.27779,-0.005
3.120,0.000,0.000,0.036,0.32436,-0.27779,-0.005
3.130,0.000,0.000,0.036,0.32436,-0.27779,-0.005
3.140,0.000,0.000,0.036,0.32436,-0.27779,-0.005
3.150,0.000,0.000,0.036,0.32436,-0.27779,-0.005
3.160,0.000,0.000,0.036,0.32436,-0.27779,-0.005
3.170,0.000,0.000,0.036,0.32436,-0.27779,-0.005
3.180,0.000,0.000,0.036,0.32436,-0.27779,-0.005
3.190,0.000,0.000,0.036,0.32436,-0.27779,-0.005
3.200,0.000,0.000,0.036,0.32436,-0.27779,-0.005
3.210,0.000,0.000,0.036,0.32436,-0.27779,-0.005
3.220,0.000,0.000,0.036,0.32436,-0.27779,-0.005
3.230,0.000,0.000,0.036,0.32436,-0.27779,-0.005
3.240,0.000,0.000,0.036,0.32436,-0.27779,-0.005
3.250,0.000,0.000,0.036,0.32436,-0.27779,-0.005
3.260,0.000,0.000,0.036,0.32436,-0.27779,-0.005
3.270,0.000,0.000,0.036,0.32436,-0.27779,-0.005
3.280,0.000,0.000,0.036,0.32436,-0.27779,-0.005
3.290,0.000,0.000,0.036,0.32436,-0.27779,-0.005
3.300,0.000,0.000,0.036,0.32436,-0.27779,-0.005
3.310,0.000,0.000,0.036,0.32436,-0.27779,-0.005
3.320,0.000,0.000,0.036,0.32436,-0.27779,-0.005
3.330,0.000,0.000,0.036,0.32436,-0.27779,-0.005
3.340,0.000,0.000,0.036,0.32436,-0.27779,-0.005
3.350,0.000,0.000,0.036,0.32436,-0.27779,-0.005
3.360,0.000,0.000,0.036,0.32436,-0.27779,-0.005
3.370,0.000,0.000,0.036,0.32436,-0.27779,-0.005
3.380,0.000,0.000,0.036,0.32436,-0.27779,-0.005
3.390,0.000,0.000,0.036,0.32436,-0.27779,-0.005
3.400,0.000,0.000,0.036,0.32436,-0.27779,-0.005
3.410,0.000,0.000,0.036,0.32436,-0.27779,-0.005
3.420,0.000,0.000,0.036,0.32436,-0.27779,-0.005
3.430,0.000,0.000,0.036,0.32436,-0.27779,-0.005
3.440,0.000,0.000,0.036,0.32436,-0.27779,-0.005
3.450,0.000,0.000,0.036,0.32436,-0.27779,-0.005
3.460,0.000,0.000,0.036,0.32436,-0.27779,-0.005
3.470,0.000,0.000,0.036,0.32436,-0.27779,-0.005
3.480,0.000,0.000,0.036,0.32436,-0.27779,-0.005
3.490,0.000,0.000,0.036,0.32436,-0.27779,-0.005
3.500,0.000,0.000,0.036,0.32436,-0.27779,-0.005
3.510,0.000,0.000,0.036,0.32436,-0.27779,-0.005
3.520,0.000,0.000,0.036,0.32436,-0.27779,-0.005
3.530,0.000,0.000,0.036,0.32436,-0.27779,-0.005
3.540,0.000,0.000,0.036,0.32436,-0.27779,-0.005
3.550,0.000,0.000,0.036,0.32436,-0.27779,-0.005
3.560,0.000,0.000,0.036,0.32436,-0.27779,-0.005
3.570,0.000,0.000,0.036,0.32436,-0.27779,-0.005
3.580,0.000,0.000,0.036,0.32436,-0.27779,-0.005
3.590,0.000,0.000,0.036,0.32436,-0.27779,-0.005
3.600,0.000,0.000,0.036,0.32436,-0.27779,-0.005
3.610,0.000,0.000,0.036,0.32436,-0.27779,-0.005
3.620,0.000,0.000,0.036,0.32436,-0.27779,-0.005
3.630,0.000,0.000,0.036,0.32436,-0.27779,-0.005
3.640,0.000,0.000,0.036,0.32436,-0.27779,-0.005
3.650,0.000,0.000,0.036,0.32436,-0.27779,-0.005
3.660,0.000,0.000,0.036,0.32436,-0.27779,-0.005
3.670,0.000,0.000,0.036,0.32436,-0.27779,-0.005
3.680,0.000,0.000,0.036,0.32436,-0.27779,-0.005
3.690,0.000,0.000,0.036,0.32436,-0.27779,-0.005
3.700,0.000,0.000,0.036,0.32436,-0.27779,-0.005
3.710,0.000,0.000,0.036,0.32436,-0.27779,-0.005
3.720,0.000,0.000,0.036,0.32436,-0.27779,-0.005
3.730,0.000,0.000,0.036,0.32436,-0.27779,-0.005
3.740,0.000,0.000,0.036,0.32436,-0.27779,-0.005
3.750,0.000,0.000,0.036,0.32436,-0.27779,-0.005
3.760,0.000,0.000,0.036,0.32436,-0.27779,-0.005
3.770,0.000,0.000,0.036,0.32436,-0.27779,-0.005
3.780,0.000,0.000,0.036,0.32436,-0.27779,-0.005
3.790,0.000,0.000,0.036,0.32436,-0.27779,-0.005
3.800,0.000,0.000,0.036,0.32436,-0.27779,-0.005
3.810,0.000,0.000,0.036,0.32436,-0.27779,-0.005
3.820,0.000,0.000,0.036,0.32436,-0.27779,-0.005
3.830,0.000,0.000,0.036,0.32436,-0.27779,-0.005
3.840,0.000,0.000,0.036,0.32436,-0.27779,-0.005
3.850,0.000,0.000,0.036,0.32436,-0.27779,-0.005
3.860,0.000,0.000,0.036,0.32436,-0.27779,-0.005
3.870,0.000,0.000,0.036,0.32436,-0.27779,-0.005
3.880,0.000,0.000,0.036,0.32436,-0.27779,-0.005
3.890,0.000,0.000,0.036,0.32436,-0.27779,-0.005
3.900,0.000,0.000,0.036,0.32436,-0.27779,-0.005
3.910,0.000,0.000,0.036,0.32436,-0.27779,-0.005
3.920,0.000,0.000,0.036,0.32436,-0.27779,-0.005
3.930,0.000,0.000,0.036,0.32436,-0.27779,-0.005
3.940,0.000,0.000,0.036,0.32436,-0.27779,-0.005
3.950,0.000,0.000,0.036,0.32436,-0.27779,-0.005
3.960,0.000,0.000,0.036,0.32436,-0.27779,-0.005
3.970,0.000,0.000,0.036,0.32436,-0.27779,-0.005
3.980,0.000,0.000,0.036,0.32436,-0.27779,-0.005
3.990,0.000,0.000,0.036,0.32436,-0.27779,-0.005
4.000,0.000,0.000,0.036,0.32436,-0.27779,-0.005
4.010,0.000,0.000,0.036,0.32436,-0.27779,-0.005
4.020,0.000,0.000,0.036,0.32436,-0.27779,-0.005
4.030,0.000,0.000,0.036,0.32436,-0.27779,-0.005
4.040,0.000,0.000,0.036,0.32436,-0.27779,-0.005
4.050,0.000,0.000,0.036,0.32436,-0.27779,-0.005
4.060,0.000,0.000,0.036,0.32436,-0.27779,-0.005
4.070,0.000,0.000,0.036,0.32436,-0.27779,-0.005
4.080,0.000,0.000,0.036,0.32436,-0.27779,-0.005
4.090,0.000,0.000,0.036,0.32436,-0.27779,-0.005
4.100,0.000,0.000,0.036,0.32436,-0.27779,-0.005
4.110,0.000,0.000,0.036,0.32436,-0.27779,-0.005
4.120,0.000,0.000,0.036,0.32436,-0.27779,-0.005
4.130,0.000,0.000,0.036,0.32436,-0.27779,-0.005
4.140,0.000,0.000,0.036,0.32436,-0.27779,-0.005
4.150,0.000,0.000,0.036,0.32436,-0.27779,-0.005
4.160,0.000,0.000,0.036,0.32436,-0.27779,-0.005
4.170,0.000,0.000,0.036,0.32436,-0.27779,-0.005
4.180,0.000,0.000,0.036,0.32436,-0.27779,-0.005
4.190,0.000,0.000,0.036,0.32436,-0.27779,-0.005
4.200,0.000,0.000,0.036,0.32436,-0.27779,-0.005
4.210,0.000,0.000,0.036,0.32436,-0.27779,-0.005
4.220,0.000,0.000,0.036,0.32436,-0.27779,-0.005
4.230,0.000,0.000,0.036,0.32436,-0.27779,-0.005
4.240,0.000,0.000,0.036,0.32436,-0.27779,-0.005
4.250,0.000,0.000,0.036,0.32436,-0.27779,-0.005
4.260,0.000,0.000,0.036,0.32436,-0.27779,-0.005
4.270,0.000,0.000,0.036,0.32436,-0.27779,-0.005
4.280,0.000,0.000,0.036,0.32436,-0.27779,-0.005
4.290,0.000,0.000,0.036,0.32436,-0.27779,-0.005
4.300,0.000,0.000,0.036,0.32436,-0.27779,-0.005
4.310,0.000,0.000,0.036,0.32436,-0.27779,-0.005
4.320,0.000,0.000,0.036,0.32436,-0.27779,-0.005
4.330,0.000,0.000,0.036,0.32436,-0.27779,-0.005
4.340,0.000,0.000,0.036,0.32436,-0.27779,-0.005
4.350,0.000,0.000,0.036,0.32436,-0.27779,-0.005
4.360,0.000,0.000,0.036,0.32436,-0.27779,-0.005
4.370,0.000,0.000,0.036,0.32436,-0.27779,-0.005
4.380,0.000,0.000,0.036,0.32436,-0.27779,-0.005
4.390,0.000,0.000,0.036,0.32436,-0.27779,-0.005
4.400,0.000,0.000,0.036,0.32436,-0.27779,-0.005
4.410,0.000,0.000,0.036,0.32436,-0.27779,-0.005
4.420,0.000,0.000,0.036,0.32436,-0.27779,-0.005
4.430,0.000,0.000,0.036,0.32436,-0.27779,-0.005
4.440,0.000,0.000,0.036,0.32436,-0.27779,-0.005
4.450,0.000,0.000,0.036,0.32436,-0.27779,-0.005
4.460,0.000,0.000,0.036,0.32436,-0.27779,-0.005
4.470,0.000,0.000,0.036,0.32436,-0.27779,-0.005
4.480,0.000,0.000,0.036,0.32436,-0.27779,-0.005
4.490,0.000,0.000,0.036,0.32436,-0.27779,-0.005
4.500,0.000,0.000,0.036,0.32436,-0.27779,-0.005
4.510,0.000,0.000,0.036,0.32436,-0.27779,-0.005
4.520,0.000,0.000,0.036,0.32436,-0.27779,-0.005
4.530,0.000,0.000,0.036,0.32436,-0.27779,-0.005
4.540,0.000,0.000,0.036,0.32436,-0.27779,-0.005
4.550,0.000,0.000,0.036,0.32436,-0.27779,-0.005
4.560,0.000,0.000,0.036,0.32436,-0.27779,-0.005
4.570,0.000,0.000,0.036,0.32436,-0.27779,-0.005
4.580,0.000,0.000,0.036,0.32436,-0.27779,-0.005
4.590,0.000,0.000,0.036,0.32436,-0.27779,-0.005
4.600,0.000,0.000,0.036,0.32436,-0.27779,-0.005
4.610,0.000,0.000,0.036,0.32436,-0.27779,-0.005
4.620,0.000,0.000,0.036,0.32436,-0.27779,-0.005
4.630,0.000,0.000,0.036,0.32436,-0.27779,-0.005
4.640,0.000,0.000,0.036,0.32436,-0.27779,-0.005
4.650,0.000,0.000,0.036,0.32436,-0.27779,-0.005
4.660,0.000,0.000,0.036,0.32436,-0.27779,-0.005
4.670,0.000,0.000,0.036,0.32436,-0.27779,-0.005
4.680,0.000,0.000,0.036,0.32436,-0.27779,-0.005
4.690,0.000,0.000,0.036,0.32436,-0.27779,-0.005
4.700,0.000,0.000,0.036,0.32436,-0.27779,-0.005
4.710,0.000,0.000,0.036,0.32436,-0.27779,-0.005
4.720,0.000,0.000,0.036,0.32436,-0.27779,-0.005
4.730,0.000,0.000,0.036,0.32436,-0.27779,-0.005
4.740,0.000,0.000,0.036,0.32436,-0.27779,-0.005
4.750,0.000,0.000,0.036,0.32436,-0.27779,-0.005
4.760,0.000,0.000,0.036,0.32436,-0.27779,-0.005
4.770,0.000,0.000,0.036,0.32436,-0.27779,-0.005
4.780,0.000,0.000,0.036,0.32436,-0.27779,-0.005
4.790,0.000,0.000,0.036,0.32436,-0.27779,-0.005
4.800,0.000,0.000,0.036,0.32436,-0.27779,-0.005
4.810,0.000,0.000,0.036,0.32436,-0.27779,-0.005
4.820,0.000,0.000,0.036,0.32436,-0.27779,-0.005
4.830,0.000,0.000,0.036,0.32436,-0.27779,-0.005
4.840,0.000,0.000,0.036,0.32436,-0.27779,-0.005
4.850,0.000,0.000,0.036,0.32436,-0.27779,-0.005
4.860,0.000,0.000,0.036,0.32436,-0.27779,-0.005
4.870,0.000,0.000,0.036,0.32436,-0.27779,-0.005
4.880,0.000,0.000,0.036,0.32436,-0.27779,-0.005
4.890,0.000,0.000,0.036,0.32436,-0.27779,-0.005
4.900,0.000,0.000,0.036,0.32436,-0.27779,-0.005
4.910,0.000,0.000,0.036,0.32436,-0.27779,-0.005
4.920,0.000,0.000,0.036,0.32436,-0.27779,-0.005
4.930,0.000,0.000,0.036,0.32436,-0.27779,-0.005
4.940,0.000,0.000,0.036,0.32436,-0.27779,-0.005
4.950,0.000,0.000,0.036,0.32436,-0.27779,-0.005
4.960,0.000,0.000,0.036,0.32436,-0.27779,-0.005
4.970,0.000,0.000,0.036,0.32436,-0.27779,-0.005
4.980,0.000,0.000,0.036,0.32436,-0.27779,-0.005
4.990,0.000,0.000,0.036,0.32436,-0.27779,-0.005
5.000,0.000,0.000,0.036,0.32436,-0.27779,-0.005
5.010,0.000,0.000,0.036,0.32436,-0.27779,-0.005
5.020,0.000,0.000,0.036,0.32436,-0.27779,-0.005
5.030,0.000,0.000,0.036,0.32436,-0.27779,-0.005
5.040,0.000,0.000,0.036,0.32436,-0.27779,-0.005
5.050,0.000,0.000,0.036,0.32436,-0.27779,-0.005
5.060,0.000,0.000,0.036,0.32436,-0.27779,-0.005
5.070,0.000,0.000,0.036,0.32436,-0.27779,-0.005
5.080,0.000,0.000,0.036,0.32436,-0.27779,-0.005
5.090,0.000,0.000,0.036,0.32436,-0.27779,-0.005
5.100,0.000,0.000,0.036,0.32436,-0.27779,-0.005
5.110,0.000,0.000,0.036,0.32436,-0.27779,-0.005
5.120,0.000,0.000,0.036,0.32436,-0.27779,-0.005
5.130,0.000,0.000,0.036,0.32436,-0.27779,-0.005
5.140,0.000,0.000,0.036,0.32436,-0.27779,-0.005
5.150,0.000,0.000,0.036,0.32436,-0.27779,-0.005
5.160,0.000,0.000,0.036,0.32436,-0.27779,-0.005
5.170,0.000,0.000,0.036,0.32436,-0.27779,-0.005
5.180,0.000,0.000,0.036,0.32436,-0.27779,-0.005
5.190,0.000,0.000,0.036,0.32436,-0.27779,-0.005
5.200,0.000,0.000,0.036,0.32436,-0.27779,-0.005
5.210,0.000,0.000,0.036,0.32436,-0.27779,-0.005
5.220,0.000,0.000,0.036,0.32436,-0.27779,-0.005
5.230,0.000,0.000,0.036,0.32436,-0.27779,-0.005
5.240,0.000,0.000,0.036,0.32436,-0.27779,-0.005
5.250,0.000,0.000,0.036,0.32436,-0.27779,-0.005
5.260,0.000,0.000,0.036,0.32436,-0.27779,-0.005
5.270,0.000,0.000,0.036,0.32436,-0.27779,-0.005
5.280,0.000,0.000,0.036,0.32436,-0.27779,-0.005
5.290,0.000,0.000,0.036,0.32436,-0.27779,-0.005
5.300,0.000,0.000,0.036,0.32436,-0.27779,-0.005
5.310,0.000,0.000,0.036,0.32436,-0.27779,-0.005
5.320,0.000,0.000,0.036,0.32436,-0.27779,-0.005
5.330,0.000,0.000,0.036,0.32436,-0.27779,-0.005
5.340,0.000,0.000,0.036,0.32436,-0.27779,-0.005
5.350,0.000,0.000,0.036,0.32436,-0.27779,-0.005
5.360,0.000,0.000,0.036,0.32436,-0.27779,-0.005
5.370,0.000,0.000,0.036,0.32436,-0.27779,-0.005
5.380,0.000,0.000,0.036,0.32436,-0.27779,-0.005
5.390,0.000,0.000,0.036,0.32436,-0.27779,-0.005
5.400,0.000,0.000,0.036,0.32436,-0.27779,-0.005
5.410,0.000,0.000,0.036,0.32436,-0.27779,-0.005
5.420,0.000,0.000,0.036,0.32436,-0.27779,-0.005
5.430,0.000,0.000,0.036,0.32436,-0.27779,-0.005
5.440,0.000,0.000,0.036,0.32436,-0.27779,-0.005
5.450,0.000,0.000,0.036,0.32436,-0.27779,-0.005
5.460,0.000,0.000,0.036,0.32436,-0.27779,-0.005
5.470,0.000,0.000,0.036,0.32436,-0.27779,-0.005
5.480,0.000,0.000,0.036,0.32436,-0.27779,-0.005
5.490,0.000,0.000,0.036,0.32436,-0.27779,-0.005
5.500,0.000,0.000,0.036,0.32436,-0.27779,-0.005
5.510,0.000,0.000,0.036,0.32436,-0.27779,-0.005
5.520,0.000,0.000,0.036,0.32436,-0.27779,-0.005
5.530,0.000,0.000,0.036,0.32436,-0.27779,-0.005
5.540,0.000,0.000,0.036,0.32436,-0.27779,-0.005
5.550,0.000,0.000,0.036,0.32436,-0.27779,-0.005
5.560,0.000,0.000,0.036,0.32436,-0.27779,-0.005
5.570,0.000,0.000,0.036,0.32436,-0.27779,-0.005
5.580,0.000,0.000,0.036,0.32436,-0.27779,-0.005
5.590,0.000,0.000,0.036,0.32436,-0.27779,-0.005
5.600,0.000,0.000,0.036,0.32436,-0.27779,-0.005
5.610,0.000,0.000,0.036,0.32436,-0.27779,-0.005
5.620,0.000,0.000,0.036,0.32436,-0.27779,-0.005
5.630,0.000,0.000,0.036,0.32436,-0.27779,-0.005
5.640,0.000,0.000,0.036,0.32436,-0.27779,-0.005
5.650,0.000,0.000,0.036,0.32436,-0.27779,-0.005
5.660,0.000,0.000,0.036,0.32436,-0.27779,-0.005
5.670,0.000,0.000,0.036,0.32436,-0.27779,-0.005
5.680,0.000,0.000,0.036,0.32436,-0.27779,-0.005
5.690,0.000,0.000,0.036,0.32436,-0.27779,-0.005
5.700,0.000,0.000,0.036,0.32436,-0.27779,-0.005
5.710,0.000,0.000,0.036,0.32436,-0.27779,-0.005
5.720,0.000,0.000,0.036,0.32436,-0.27779,-0.005
5.730,0.000,0.000,0.036,0.32436,-0.27779,-0.005
5.740,0.000,0.000,0.036,0.32436,-0.27779,-0.005
5.750,0.000,0.000,0.036,0.32436,-0.27779,-0.005
5.760,0.000,0.000,0.036,0.32436,-0.27779,-0.005
5.770,0.000,0.000,0.036,0.32436,-0.27779,-0.005
5.780,0.000,0.000,0.036,0.32436,-0.27779,-0.005
5.790,0.000,0.000,0.036,0.32436,-0.27779,-0.005
5.800,0.000,0.000,0.036,0.32436,-0.27779,-0.005
5.810,0.000,0.000,0.036,0.32436,-0.27779,-0.005
5.820,0.000,0.000,0.036,0.32436,-0.27779,-0.005
5.830,0.000,0.000,0.036,0.32436,-0.27779,-0.005
5.840,0.000,0.000,0.036,0.32436,-0.27779,-0.005
5.850,0.000,0.000,0.036,0.32436,-0.27779,-0.005
5.860,0.000,0.000,0.036,0.32436,-0.27779,-0.005
5.870,0.000,0.000,0.036,0.32436,-0.27779,-0.005
5.880,0.000,0.000,0.036,0.32436,-0.27779,-0.005
5.890,0.000,0.000,0.036,0.32436,-0.27779,-0.005
5.900,0.000,0.000,0.036,0.32436,-0.27779,-0.005
5.910,0.000,0.000,0.036,0.32436,-0.27779,-0.005
5.920,0.000,0.000,0.036,0.32436,-0.27779,-0.005
5.930,0.000,0.000,0.036,0.32436,-0.27779,-0.005
5.940,0.000,0.000,0.036,0.32436,-0.27779,-0.005
5.950,0.000,0.000,0.036,0.32436,-0.27779,-0.005
5.960,0.000,0.000,0.036,0.32436,-0.27779,-0.005
5.970,0.000,0.000,0.036,0.32436,-0.27779,-0.005
5.980,0.000,0.000,0.036,0.32436,-0.27779,-0.005
5.990,0.000,0.000,0.036,0.32436,-0.27779,-0.005
6.000,0.000,0.000,0.036,0.32436,-0.27779,-0.005
6.010,0.000,0.000,0.036,0.32436,-0.27779,-0.005
6.020,0.000,0.000,0.036,0.32436,-0.27779,-0.005
6.030,0.000,0.000,0.036,0.32436,-0.27779,-0.005
6.040,0.000,0.000,0.036,0.32436,-0.27779,-0.005
6.050,0.000,0.000,0.036,0.32436,-0.27779,-0.005
6.060,0.000,0.000,0.036,0.32436,-0.27779,-0.005
6.070,0.000,0.000,0.036,0.32436,-0.27779,-0.005
6.080,0.000,0.000,0.036,0.32436,-0.27779,-0.005
6.090,0.000,0.000,0.036,0.32436,-0.27779,-0.005
6.100,0.000,0.000,0.036,0.32436,-0.27779,-0.005
6.110,0.000,0.000,0.036,0.32436,-0.27779,-0.005
6.120,0.000,0.000,0.036,0.32436,-0.27779,-0.005
6.130,0.000,0.000,0.036,0.32436,-0.27779,-0.005
6.140,0.000,0.000,0.036,0.32436,-0.27779,-0.005
6.150,0.000,0.000,0.036,0.32436,-0.27779,-0.005
6.160,0.000,0.000,0.036,0.32436,-0.27779,-0.005
6.170,0.000,0.000,0.036,0.32436,-0.27779,-0.005
6.180,0.000,0.000,0.036,0.32436,-0.27779,-0.005
6.190,0.000,0.000,0.036,0.32436,-0.27779,-0.005
6.200,0.000,0.000,0.036,0.32436,-0.27779,-0.005
6.210,0.000,0.000,0.036,0.32436,-0.27779,-0.005
6.220,0.000,0.000,0.036,0.32436,-0.27779,-0.005
6.230,0.000,0.000,0.036,0.32436,-0.27779,-0.005
6.240,0.000,0.000,0.036,0.32436,-0.27779,-0.005
6.250,0.000,0.000,0.036,0.32436,-0.27779,-0.005
6.260,0.000,0.000,0.036,0.32436,-0.27779,-0.005
6.270,0.000,0.000,0.036,0.32436,-0.27779,-0.005
6.280,0.000,0.000,0.036,0.32436,-0.27779,-0.005
6.290,0.000,0.000,0.036,0.32436,-0.27779,-0.005
6.300,0.000,0.000,0.036,0.32436,-0.27779,-0.005
6.310,0.000,0.000,0.036,0.32436,-0.27779,-0.005
6.320,0.000,0.000,0.036,0.32436,-0.27779,-0.005
6.330,0.000,0.000,0.036,0.32436,-0.27779,-0.005
6.340,0.000,0.000,0.036,0.32436,-0.27779,-0.005
6.350,0.000,0.000,0.036,0.32436,-0.27779,-0.005
6.360,0.000,0.000,0.036,0.32436,-0.27779,-0.005
6.370,0.000,0.000,0.036,0.32436,-0.27779,-0.005
6.380,0.000,0.000,0.036,0.32436,-0.27779,-0.005
6.390,0.000,0.000,0.036,0.32436,-0.27779,-0.005
6.400,0.000,0.000,0.036,0.32436,-0.27779,-0.005
6.410,0.000,0.000,0.036,0.32436,-0.27779,-0.005
6.420,0.000,0.000,0.036,0.32436,-0.27779,-0.005
6.430,0.000,0.000,0.036,0.32436,-0.27779,-0.005
6.440,0.000,0.000,0.036,0.32436,-0.27779,-0.005
6.450,0.000,0.000,0.036,0.32436,-0.27779,-0.005
6.460,0.000,0.000,0.036,0.32436,-0.27779,-0.005
6.470,0.000,0.000,0.036,0.32436,-0.27779,-0.005
6.480,0.000,0.000,0.036,0.32436,-0.27779,-0.005
6.490,0.000,0.000,0.036,0.32436,-0.27779,-0.005
6.500,0.000,0.000,0.036,0.32436,-0.27779,-0.005
6.510,0.000,0.000,0.036,0.32436,-0.27779,-0.005
6.520,0.000,0.000,0.036,0.32436,-0.27779,-0.005
6.530,0.000,0.000,0.036,0.32436,-0.27779,-0.005
6.540,0.000,0.000,0.036,0.32436,-0.27779,-0.005
6.550,0.000,0.000,0.036,0.32436,-0.27779,-0.005
6.560,0.000,0.000,0.036,0.32436,-0.27779,-0.005
6.570,0.000,0.000,0.036,0.32436,-0.27779,-0.005
6.580,0.000,0.000,0.036,0.32436,-0.27779,-0.005
6.590,0.000,0.000,0.036,0.32436,-0.27779,-0.005
6.600,0.000,0.000,0.036,0.32436,-0.27779,-0.005
6.610,0.000,0.000,0.036,0.32436,-0.27779,-0.005
6.620,0.000,0.000,0.036,0.32436,-0.27779,-0.005
6.630,0.000,0.000,0.036,0.32436,-0.27779,-0.005
6.640,0.000,0.000,0.036,0.32436,-0.27779,-0.005
6.650,0.000,0.000,0.036,0.32436,-0.27779,-0.005
6.660,0.000,0.000,0.036,0.32436,-0.27779,-0.005
6.670,0.000,0.000,0.036,0.32436,-0.27779,-0.005
6.680,0.000,0.000,0.036,0.32436,-0.27779,-0.005
6.690,0.000,0.000,0.036,0.32436,-0.27779,-0.005
6.700,0.000,0.000,0.036,0.32436,-0.27779,-0.005
6.710,0.000,0.000,0.036,0.32436,-0.27779,-0.005
6.720,0.000,0.000,0.036,0.32436,-0.27779,-0.005
6.730,0.000,0.000,0.036,0.32436,-0.27779,-0.005
6.740,0.000,0.000,0.036,0.32436,-0.27779,-0.005
6.750,0.000,0.000,0.036,0.32436,-0.27779,-0.005
6.760,0.000,0.000,0.036,0.32436,-0.27779,-0.005
6.770,0.000,0.000,0.036,0.32436,-0.27779,-0.005
6.780,0.000,0.000,0.036,0.32436,-0.27779,-0.005
6.790,0.000,0.000,0.036,0.32436,-0.27779,-0.005
6.800,0.000,0.000,0.036,0.32436,-0.27779,-0.005
6.810,0.000,0.000,0.036,0.32436,-0.27779,-0.005
6.820,0.000,0.000,0.036,0.32436,-0.27779,-0.005
6.830,0.000,0.000,0.036,0.32436,-0.27779,-0.005
6.840,0.000,0.000,0.036,0.32436,-0.27779,-0.005
6.850,0.000,0.000,0.036,0.32436,-0.27779,-0.005
6.860,0.000,0.000,0.036,0.32436,-0.27779,-0.005
6.870,0.000,0.000,0.036,0.32436,-0.27779,-0.005
6.880,0.000,0.000,0.036,0.32436,-0.27779,-0.005
6.890,0.000,0.000,0.036,0.32436,-0.27779,-0.005
6.900,0.000,0.000,0.036,0.32436,-0.27779,-0.005
6.910,0.000,0.000,0.036,0.32436,-0.27779,-0.005
6.920,0.000,0.000,0.036,0.32436,-0.27779,-0.005
6.930,0.000,0.000,0.036,0.32436,-0.27779,-0.005
6.940,0.000,0.000,0.036,0.32436,-0.27779,-0.005
6.950,0.000,0.000,0.036,0.32436,-0.27779,-0.005
6.960,0.000,0.000,0.036,0.32436,-0.27779,-0.005
6.970,0.000,0.000,0.036,0.32436,-0.27779,-0.005
6.980,0.000,0.000,0.036,0.32436,-0.27779,-0.005
6.990,0.000,0.000,0.036,0.32436,-0.27779,-0.005
7.000,0.000,0.000,0.036,0.32436,-0.27779,-0.005
7.010,0.000,0.000,0.036,0.32436,-0.27779,-0.005
7.020,0.000,0.000,0.036,0.32436,-0.27779,-0.005
7.030,0.000,0.000,0.036,0.32436,-0.27779,-0.005
7.040,0.000,0.000,0.036,0.32436,-0.27779,-0.005
7.050,0.000,0.000,0.036,0.32436,-0.27779,-0.005
7.060,0.000,0.000,0.036,0.32436,-0.27779,-0.005
7.070,0.000,0.000,0.036,0.32436,-0.27779,-0.005
7.080,0.000,0.000,0.036,0.32436,-0.27779,-0.005
7.090,0.000,0.000,0.036,0.32436,-0.27779,-0.005
7.100,0.000,0.000,0.036,0.32436,-0.27779,-0.005
7.110,0.000,0.000,0.036,0.32436,-0.27779,-0.005
7.120,0.000,0.000,0.036,0.32436,-0.27779,-0.005
7.130,0.000,0.000,0.036,0.32436,-0.27779,-0.005
7.140,0.000,0.000,0.036,0.32436,-0.27779,-0.005
7.150,0.000,0.000,0.036,0.32436,-0.27779,-0.005
7.160,0.000,0.000,0.036,0.32436,-0.27779,-0.005
7.170,0.000,0.000,0.036,0.32436,-0.27779,-0.005
7.180,0.000,0.000,0.036,0.32436,-0.27779,-0.005
7.190,0.000,0.000,0.036,0.32436,-0.27779,-0.005
7.200,0.000,0.000,0.036,0.32436,-0.27779,-0.005
7.210,0.000,0.000,0.036,0.32436,-0.27779,-0.005
7.220,0.000,0.000,0.036,0.32436,-0.27779,-0.005
7.230,0.000,0.000,0.036,0.32436,-0.27779,-0.005
7.240,0.000,0.000,0.036,0.32436,-0.27779,-0.005
7.250,0.000,0.000,0.036,0.32436,-0.27779,-0.005
7.260,0.000,0.000,0.036,0.32436,-0.27779,-0.005
7.270,0.000,0.000,0.036,0.32436,-0.27779,-0.005
7.280,0.000,0.000,0.036,0.32436,-0.27779,-0.005
7.290,0.000,0.000,0.036,0.32436,-0.27779,-0.005
7.300,0.000,0.000,0.036,0.32436,-0.27779,-0.005
7.310,0.000,0.000,0.036,0.32436,-0.27779,-0.005
7.320,0.000,0.000,0.036,0.32436,-0.27779,-0.005
7.330,0.000,0.000,0.036,0.32436,-0.27779,-0.005
7.340,0.000,0.000,0.036,0.32436,-0.27779,-0.005
7.350,0.000,0.000,0.036,0.32436,-0.27779,-0.005
7.360,0.000,0.000,0.036,0.32436,-0.27779,-0.005
7.370,0.000,0.000,0.036,0.32436,-0.27779,-0.005
7.380,0.000,0.000,0.036,0.32436,-0.27779,-0.005
7.390,0.000,0.000,0.036,0.32436,-0.27779,-0.005
7.400,0.000,0.000,0.036,0.32436,-0.27779,-0.005
7.410,0.000,0.000,0.036,0.32436,-0.27779,-0.005
7.420,0.000,0.000,0.036,0.32436,-0.27779,-0.005
7.430,0.000,0.000,0.036,0.32436,-0.27779,-0.005
7.440,0.000,0.000,0.036,0.32436,-0.27779,-0.005
7.450,0.000,0.000,0.036,0.32436,-0.27779,-0.005
7.460,0.000,0.000,0.036,0.32436,-0.27779,-0.005
7.470,0.000,0.000,0.036,0.32436,-0.27779,-0.005
7.480,0.000,0.000,0.036,0.32436,-0.27779,-0.005
7.490,0.000,0.000,0.036,0.32436,-0.27779,-0.005
7.500,0.000,0.000,0.036,0.32436,-0.27779,-0.005
7.510,0.000,0.000,0.036,0.32436,-0.27779,-0.005
7.520,0.000,0.000,0.036,0.32436,-0.27779,-0.005
7.530,0.000,0.000,0.036,0.32436,-0.27779,-0.005
7.540,0.000,0.000,0.036,0.32436,-0.27779,-0.005
7.550,0.000,0.000,0.036,0.32436,-0.27779,-0.005
7.560,0.000,0.000,0.036,0.32436,-0.27779,-0.005
7.570,0.000,0.000,0.036,0.32436,-0.27779,-0.005
7.580,0.000,0.000,0.036,0.32436,-0.27779,-0.005
7.590,0.000,0.000,0.036,0.32436,-0.27779,-0.005
7.600,0.000,0.000,0.036,0.32436,-0.27779,-0.005
7.610,0.000,0.000,0.036,0.32436,-0.27779,-0.005
7.620,0.000,0.000,0.036,0.32436,-0.27779,-0.005
7.630,0.000,0.000,0.036,0.32436,-0.27779,-0.005
7.640,0.000,0.000,0.036,0.32436,-0.27779,-0.005
7.650,0.000,0.000,0.036,0.32436,-0.27779,-0.005
7.660,0.000,0.000,0.036,0.32436,-0.27779,-0.005
7.670,0.000,0.000,0.036,0.32436,-0.27779,-0.005
7.680,0.000,0.000,0.036,0.32436,-0.27779,-0.005
7.690,0.000,0.000,0.036,0.32436,-0.27779,-0.005
7.700,0.000,0.000,0.036,0.32436,-0.27779,-0.005
7.710,0.000,0.000,0.036,0.32436,-0.27779,-0.005
7.720,0.000,0.000,0.036,0.32436,-0.27779,-0.005
7.730,0.000,0.000,0.036,0.32436,-0.27779,-0.005
7.740,0.000,0.000,0.036,0.32436,-0.27779,-0.005
7.750,0.000,0.000,0.036,0.32436,-0.27779,-0.005
7.760,0.000,0.000,0.036,0.32436,-0.27779,-0.005
7.770,0.000,0.000,0.036,0.32436,-0.27779,-0.005
7.780,0.000,0.000,0.036,0.32436,-0.27779,-0.005
7.790,0.000,0.000,0.036,0.32436,-0.27779,-0.005
7.800,0.000,0.000,0.036,0.32436,-0.27779,-0.005
7.810,0.000,0.000,0.036,0.32436,-0.27779,-0.005
7.820,0.000,0.000,0.036,0.32436,-0.27779,-0.005
7.830,0.000,0.000,0.036,0.32436,-0.27779,-0.005
7.840,0.000,0.000,0.036,0.32436,-0.27779,-0.005
7.850,0.000,0.000,0.036,0.32436,-0.27779,-0.005
7.860,0.000,0.000,0.036,0.32436,-0.27779,-0.005
7.870,0.000,0.000,0.036,0.32436,-0.27779,-0.005
7.880,0.000,0.000,0.036,0.32436,-0.27779,-0.005
7.890,0.000,0.000,0.036,0.32436,-0.27779,-0.005
7.900,0.000,0.000,0.036,0.32436,-0.27779,-0.005
7.910,0.000,0.000,0.036,0.32436,-0.27779,-0.005
7.920,0.000,0.000,0.036,0.32436,-0.27779,-0.005
7.930,0.000,0.000,0.036,0.32436,-0.27779,-0.005
7.940,0.000,0.000,0.036,0.32436,-0.27779,-0.005
7.950,0.000,0.000,0.036,0.32436,-0.27779,-0.005
7.960,0.000,0.000,0.036,0.32436,-0.27779,-0.005
7.970,0.000,0.000,0.036,0.32436,-0.27779,-0.005
7.980,0.000,0.000,0.036,0.32436,-0.27779,-0.005
7.990,0.000,0.000,0.036,0.32436,-0.27779,-0.005
8.000,0.000,0.000,0.036,0.32436,-0.27779,-0.005
8.010,0.000,0.000,0.036,0.32436,-0.27779,-0.005
8.020,0.000,0.000,0.036,0.32436,-0.27779,-0.005
8.030,0.000,0.000,0.036,0.32436,-0.27779,-0.005
8.040,0.000,0.000,0.036,0.32436,-0.27779,-0.005
8.050,0.000,0.000,0.036,0.32436,-0.27779,-0.005
8.060,0.000,0.000,0.036,0.32436,-0.27779,-0.005
8.070,0.000,0.000,0.036,0.32436,-0.27779,-0.005
8.080,0.000,0.000,0.036,0.32436,-0.27779,-0.005
8.090,0.000,0.000,0.036,0.32436,-0.27779,-0.005
8.100,0.000,0.000,0.036,0.32436,-0.27779,-0.005
8.110,0.000,0.000,0.036,0.32436,-0.27779,-0.005
8.120,0.000,0.000,0.036,0.32436,-0.27779,-0.005
8.130,0.000,0.000,0.036,0.32436,-0.27779,-0.005
8.140,0.000,0.000,0.036,0.32436,-0.27779,-0.005
8.150,0.000,0.000,0.036,0.32436,-0.27779,-0.005
8.160,0.000,0.000,0.036,0.32436,-0.27779,-0.005
8.170,0.000,0.000,0.036,0.32436,-0.27779,-0.005
8.180,0.000,0.000,0.036,0.32436,-0.27779,-0.005
8.190,0.000,0.000,0.036,0.32436,-0.27779,-0.005
8.200,0.000,0.000,0.036,0.32436,-0.27779,-0.005
8.210,0.000,0.000,0.036,0.32436,-0.27779,-0.005
8.220,0.000,0.000,0.036,0.32436,-0.27779,-0.005
8.230,0.000,0.000,0.036,0.32436,-0.27779,-0.005
8.240,0.000,0.000,0.036,0.32436,-0.27779,-0.005
8.250,0.000,0.000,0.036,0.32436,-0.27779,-0.005
8.260,0.000,0.000,0.036,0.32436,-0.27779,-0.005
8.270,0.000,0.000,0.036,0.32436,-0.27779,-0.005
8.280,0.000,0.000,0.036,0.32436,-0.27779,-0.005
8.290,0.000,0.000,0.036,0.32436,-0.27779,-0.005
8.300,0.000,0.000,0.036,0.32436,-0.27779,-0.005
8.310,0.000,0.000,0.036,0.32436,-0.27779,-0.005
8.320,0.000,0.000,0.036,0.32436,-0.27779,-0.005
8.330,0.000,0.000,0.036,0.32436,-0.27779,-0.005
8.340,0.000,0.000,0.036,0.32436,-0.27779,-0.005
8.350,0.000,0.000,0.036,0.32436,-0.27779,-0.005
8.360,0.000,0.000,0.036,0.32436,-0.27779,-0.005
8.370,0.000,0.000,0.036,0.32436,-0.27779,-0.005
8.380,0.000,0.000,0.036,0.32436,-0.27779,-0.005
8.390,0.000,0.000,0.036,0.32436,-0.27779,-0.005
8.400,0.000,0.000,0.036,0.32436,-0.27779,-0.005
8.410,0.000,0.000,0.036,0.32436,-0.27779,-0.005
8.420,0.000,0.000,0.036,0.32436,-0.27779,-0.005
8.430,0.000,0.000,0.036,0.32436,-0.27779,-0.005
8.440,0.000,0.000,0.036,0.32436,-0.27779,-0.005
8.450,0.000,0.000,0.036,0.32436,-0.27779,-0.005
8.460,0.000,0.000,0.036,0.32436,-0.27779,-0.005
8.470,0.000,0.000,0.036,0.32436,-0.27779,-0.005
8.480,0.000,0.000,0.036,0.32436,-0.27779,-0.005
8.490,0.000,0.000,0.036,0.32436,-0.27779,-0.005
8.500,0.000,0.000,0.036,0.32436,-0.27779,-0.005
8.510,0.000,0.000,0.036,0.32436,-0.27779,-0.005
8.520,0.000,0.000,0.036,0.32436,-0.27779,-0.005
8.530,0.000,0.000,0.036,0.32436,-0.27779,-0.005
8.540,0.000,0.000,0.036,0.32436,-0.27779,-0.005
8.550,0.000,0.000,0.036,0.32436,-0.27779,-0.005
8.560,0.000,0.000,0.036,0.32436,-0.27779,-0.005
8.570,0.000,0.000,0.036,0.32436,-0.27779,-0.005
8.580,0.000,0.000,0.036,0.32436,-0.27779,-0.005
8.590,0.000,0.000,0.036,0.32436,-0.27779,-0.005
8.600,0.000,0.000,0.036,0.32436,-0.27779,-0.005
8.610,0.000,0.000,0.036,0.32436,-0.27779,-0.005
8.620,0.000,0.000,0.036,0.32436,-0.27779,-0.005
8.630,0.000,0.000,0.036,0.32436,-0.27779,-0.005
8.640,0.000,0.000,0.036,0.32436,-0.27779,-0.005
8.650,0.000,0.000,0.036,0.32436,-0.27779,-0.005
8.660,0.000,0.000,0.036,0.32436,-0.27779,-0.005
8.670,0.000,0.000,0.036,0.32436,-0.27779,-0.005
8.680,0.000,0.000,0.036,0.32436,-0.27779,-0.005
8.690,0.000,0.000,0.036,0.32436,-0.27779,-0.005
8.700,0.000,0.000,0.036,0.32436,-0.27779,-0.005
8.710,0.000,0.000,0.036,0.32436,-0.27779,-0.005
8.720,0.000,0.000,0.036,0.32436,-0.27779,-0.005
8.730,0.000,0.000,0.036,0.32436,-0.27779,-0.005
8.740,0.000,0.000,0.036,0.32436,-0.27779,-0.005
8.750,0.000,0.000,0.036,0.32436,-0.27779,-0.005
8.760,0.000,0.000,0.036,0.32436,-0.27779,-0.005
8.770,0.000,0.000,0.036,0.32436,-0.27779,-0.005
8.780,0.000,0.000,0.036,0.32436,-0.27779,-0.005
8.790,0.000,0.000,0.036,0.32436,-0.27779,-0.005
8.800,0.000,0.000,0.036,0.32436,-0.27779,-0.005
8.810,0.000,0.000,0.036,0.32436,-0.27779,-0.005
8.820,0.000,0.000,0.036,0.32436,-0.27779,-0.005
8.830,0.000,0.000,0.036,0.32436,-0.27779,-0.005
8.840,0.000,0.000,0.036,0.32436,-0.27779,-0.005
8.850,0.000,0.000,0.036,0.32436,-0.27779,-0.005
8.860,0.000,0.000,0.036,0.32436,-0.27779,-0.005
8.870,0.000,0.000,0.036,0.32436,-0.27779,-0.005
8.880,0.000,0.000,0.036,0.32436,-0.27779,-0.005
8.890,0.000,0.000,0.036,0.32436,-0.27779,-0.005
8.900,0.000,0.000,0.036,0.32436,-0.27779,-0.005
8.910,0.000,0.000,0.036,0.32436,-0.27779,-0.005
8.920,0.000,0.000,0.036,0.32436,-0.27779,-0.005
8.930,0.000,0.000,0.036,0.32436,-0.27779,-0.005
8.940,0.000,0.000,0.036,0.32436,-0.27779,-0.005
8.950,0.000,0.000,0.036,0.32436,-0.27779,-0.005
8.960,0.000,0.000,0.036,0.32436,-0.27779,-0.005
8.970,0.000,0.000,0.036,0.32436,-0.27779,-0.005
8.980,0.000,0.000,0.036,0.32436,-0.27779,-0.005
8.990,0.000,0.000,0.036,0.32436,-0.27779,-0.005
9.000,0.000,0.000,0.036,0.32436,-0.27779,-0.005
9.010,0.000,0.000,0.036,0.32436,-0.27779,-0.005
9.020,0.000,0.000,0.036,0.32436,-0.27779,-0.005
9.030,0.000,0.000,0.036,0.32436,-0.27779,-0.005
9.040,0.000,0.000,0.036,0.32436,-0.27779,-0.005
9.050,0.000,0.000,0.036,0.32436,-0.27779,-0.005
9.060,0.000,0.000,0.036,0.32436,-0.27779,-0.005
9.070,0.000,0.000,0.036,0.32436,-0.27779,-0.005
9.080,0.000,0.000,0.036,0.32436,-0.27779,-0.005
9.090,0.000,0.000,0.036,0.32436,-0.27779,-0.005
9.100,0.000,0.000,0.036,0.32436,-0.27779,-0.005
9.110,0.000,0.000,0.036,0.32436,-0.27779,-0.005
9.120,0.000,0.000,0.036,0.32436,-0.27779,-0.005
9.130,0.000,0.000,0.036,0.32436,-0.27779,-0.005
9.140,0.000,0.000,0.036,0.32436,-0.27779,-0.005
9.150,0.000,0.000,0.036,0.32436,-0.27779,-0.005
9.160,0.000,0.000,0.036,0.32436,-0.27779,-0.005
9.170,0.000,0.000,0.036,0.32436,-0.27779,-0.005
9.180,0.000,0.000,0.036,0.32436,-0.27779,-0.005
9.190,0.000,0.000,0.036,0.32436,-0.27779,-0.005
9.200,0.000,0.000,0.036,0.32436,-0.27779,-0.005
9.210,0.000,0.000,0.036,0.32436,-0.27779,-0.005
9.220,0.000,0.000,0.036,0.32436,-0.27779,-0.005
9.230,0.000,0.000,0.036,0.32436,-0.27779,-0.005
9.240,0.000,0.000,0.036,0.32436,-0.27779,-0.005
9.250,0.000,0.000,0.036,0.32436,-0.27779,-0.005
9.260,0.000,0.000,0.036,0.32436,-0.27779,-0.005
9.270,0.000,0.000,0.036,0.32436,-0.27779,-0.005
9.280,0.000,0.000,0.036,0.32436,-0.27779,-0.005
9.290,0.000,0.000,0.036,0.32436,-0.27779,-0.005
9.300,0.000,0.000,0.036,0.32436,-0.27779,-0.005
9.310,0.000,0.000,0.036,0.32436,-0.27779,-0.005
9.320,0.000,0.000,0.036,0.32436,-0.27779,-0.005
9.330,0.000,0.000,0.036,0.32436,-0.27779,-0.005
9.340,0.000,0.000,0.036,0.32436,-0.27779,-0.005
9.350,0.000,0.000,0.036,0.32436,-0.27779,-0.005
9.360,0.000,0.000,0.036,0.32436,-0.27779,-0.005
9.370,0.000,0.000,0.036,0.32436,-0.27779,-0.005
9.380,0.000,0.000,0.036,0.32436,-0.27779,-0.005
9.390,0.000,0.000,0.036,0.32436,-0.27779,-0.005
9.400,0.000,0.000,0.036,0.32436,-0.27779,-0.005
9.410,0.000,0.000,0.036,0.32436,-0.27779,-0.005
9.420,0.000,0.000,0.036,0.32436,-0.27779,-0.005
9.430,0.000,0.000,0.036,0.32436,-0.27779,-0.005
9.440,0.000,0.000,0.036,0.32436,-0.27779,-0.005
9.450,0.000,0.000,0.036,0.32436,-0.27779,-0.005
9.460,0.000,0.000,0.036,0.32436,-0.27779,-0.005
9.470,0.000,0.000,0.036,0.32436,-0.27779,-0.005
9.480,0.000,0.000,0.036,0.32436,-0.27779,-0.005
9.490,0.000,0.000,0.036,0.32436,-0.27779,-0.005
9.500,0.000,0.000,0.036,0.32436,-0.27779,-0.005
9.510,0.000,0.000,0.036,0.32436,-0.27779,-0.005
9.520,0.000,0.000,0.036,0.32436,-0.27779,-0.005
9.530,0.000,0.000,0.036,0.32436,-0.27779,-0.005
9.540,0.000,0.000,0.036,0.32436,-0.27779,-0.005
9.550,0.000,0.000,0.036,0.32436,-0.27779,-0.005
9.560,0.000,0.000,0.036,0.32436,-0.27779,-0.005
9.570,0.000,0.000,0.036,0.32436,-0.27779,-0.005
9.580,0.000,0.000,0.036,0.32436,-0.27779,-0.005
9.590,0.000,0.000,0.036,0.32436,-0.27779,-0.005
9.600,0.000,0.000,0.036,0.32436,-0.27779,-0.005
9.610,0.000,0.000,0.036,0.32436,-0.27779,-0.005
9.620,0.000,0.000,0.036,0.32436,-0.27779,-0.005
9.630,0.000,0.000,0.036,0.32436,-0.27779,-0.005
9.640,0.000,0.000,0.036,0.32436,-0.27779,-0.005
9.650,0.000,0.000,0.036,0.32436,-0.27779,-0.005
9.660,0.000,0.000,0.036,0.32436,-0.27779,-0.005
9.670,0.000,0.000,0.036,0.32436,-0.27779,-0.005
9.680,0.000,0.000,0.036,0.32436,-0.27779,-0.005
9.690,0.000,0.000,0.036,0.32436,-0.27779,-0.005
9.700,0.000,0.000,0.036,0.32436,-0.27779,-0.005
9.710,0.000,0.000,0.036,0.32436,-0.27779,-0.005
9.720,0.000,0.000,0.036,0.32436,-0.27779,-0.005
9.730,0.000,0.000,0.036,0.32436,-0.27779,-0.005
9.740,0.000,0.000,0.036,0.32436,-0.27779,-0.005
9.750,0.000,0.000,0.036,0.32436,-0.27779,-0.005
9.760,0.000,0.000,0.036,0.32436,-0.27779,-0.005
9.770,0.000,0.000,0.036,0.32436,-0.27779,-0.005
9.780,0.000,0.000,0.036,0.32436,-0.27779,-0.005
9.790,0.000,0.000,0.036,0.32436,-0.27779,-0.005
9.800,0.000,0.000,0.036,0.32436,-0.27779,-0.005
9.810,0.000,0.000,0.036,0.32436,-0.27779,-0.005
9.820,0.000,0.000,0.036,0.32436,-0.27779,-0.005
9.830,0.000,0.000,0.036,0.32436,-0.27779,-0.005
9.840,0.000,0.000,0.036,0.32436,-0.27779,-0.005
9.850,0.000,0.000,0.036,0.32436,-0.27779,-0.005
9.860,0.000,0.000,0.036,0.32436,-0.27779,-0.005
9.870,0.000,0.000,0.036,0.32436,-0.27779,-0.005
9.880,0.000,0.000,0.036,0.32436,-0.27779,-0.005
9.890,0.000,0.000,0.036,0.32436,-0.27779,-0.005
9.900,0.000,0.000,0.036,0.32436,-0.27779,-0.005
9.910,0.000,0.000,0.036,0.32436,-0.27779,-0.005
9.920,0.000,0.000,0.036,0.32436,-0.27779,-0.005
9.930,0.000,0.000,0.036,0.32436,-0.27779,-0.005
9.940,0.000,0.000,0.036,0.32436,-0.27779,-0.005
9.950,0.000,0.000,0.036,0.32436,-0.27779,-0.005
9.960,0.000,0.000,0.036,0.32436,-0.27779,-0.005
9.970,0.000,0.000,0.036,0.32436,-0.27779,-0.005
9.980,0.000,0.000,0.036,0.32436,-0.27779,-0.005
9.990,0.000,0.000,0.036,0.32436,-0.27779,-0.005
10.000,0.000,0.000,0.036,0.32436,-0.27779,-0.005
10.010,0.000,0.000,0.036,0.32436,-0.27779,-0.005
10.020,0.000,0.000,0.036,0.32436,-0.27779,-0.005
10.030,0.000,0.000,0.036,0.32436,-0.27779,-0.005
10.040,0.000,0.000,0.036,0.32436,-0.27779,-0.005
10.050,0.000,0.000,0.036,0.32436,-0.27779,-0.005
10.060,0.000,0.000,0.036,0.32436,-0.27779,-0.005
10.070,0.000,0.000,0.036,0.32436,-0.27779,-0.005
10.080,0.000,0.000,0.036,0.32436,-0.27779,-0.005
10.090,0.000,0.000,0.036,0.32436,-0.27779,-0.005
10.100,0.000,0.000,0.036,0.32436,-0.27779,-0.005
10.110,0.000,0.000,0.036,0.32436,-0.27779,-0.005
10.120,0.000,0.000,0.036,0.32436,-0.27779,-0.005
10.130,0.000,0.000,0.036,0.32436,-0.27779,-0.005
10.140,0.000,0.000,0.036,0.32436,-0.27779,-0.005
10.150,0.000,0.000,0.036,0.32436,-0.27779,-0.005
10.160,0.000,0.000,0.036,0.32436,-0.27779,-0.005
10.170,0.000,0.000,0.036,0.32436,-0.27779,-0.005
10.180,0.000,0.000,0.036,0.32436,-0.27779,-0.005
10.190,0.000,0.000,0.036,0.32436,-0.27779,-0.005
10.200,0.000,0.000,0.036,0.32436,-0.27779,-0.005
10.210,0.000,0.000,0.036,0.32436,-0.27779,-0.005
10.220,0.000,0.000,0.036,0.32436,-0.27779,-0.005
10.230,0.000,0.000,0.036,0.32436,-0.27779,-0.005
10.240,0.000,0.000,0.036,0.32436,-0.27779,-0.005
10.250,0.000,0.000,0.036,0.32436,-0.27779,-0.005
10.260,0.000,0.000,0.036,0.32436,-0.27779,-0.005
10.270,0.000,0.000,0.036,0.32436,-0.27779,-0.005
10.280,0.000,0.000,0.036,0.32436,-0.27779,-0.005
10.290,0.000,0.000,0.036,0.32436,-0.27779,-0.005
10.300,0.000,0.000,0.036,0.32436,-0.27779,-0.005
10.310,0.000,0.000,0.036,0.32436,-0.27779,-0.005
10.320,0.000,0.000,0.036,0.32436,-0.27779,-0.005
10.330,0.000,0.000,0.036,0.32436,-0.27779,-0.005
10.340,0.000,0.000,0.036,0.32436,-0.27779,-0.005
10.350,0.000,0.000,0.036,0.32436,-0.27779,-0.005
10.360,0.000,0.000,0.036,0.32436,-0.27779,-0.005
10.370,0.000,0.000,0.036,0.32436,-0.27779,-0.005
10.380,0.000,0.000,0.036,0.32436,-0.27779,-0.005
10.390,0.000,0.000,0.036,0.32436,-0.27779,-0.005
10.400,0.000,0.000,0.036,0.32436,-0.27779,-0.005
10.410,0.000,0.000,0.036,0.32436,-0.27779,-0.005
10.420,0.000,0.000,0.036,0.32436,-0.27779,-0.005
10.430,0.000,0.000,0.036,0.32436,-0.27779,-0.005
10.440,0.000,0.000,0.036,0.32436,-0.27779,-0.005
10.450,0.000,0.000,0.036,0.32436,-0.27779,-0.005
10.460,0.000,0.000,0.036,0.32436,-0.27779,-0.005
10.470,0.000,0.000,0.036,0.32436,-0.27779,-0.005
10.480,0.000,0.000,0.036,0.32436,-0.27779,-0.005
10.490,0.000,0.000,0.036,0.32436,-0.27779,-0.005
10.500,0.000,0.000,0.036,0.32436,-0.27779,-0.005
10.510,0.000,0.000,0.036,0.32436,-0.27779,-0.005
10.520,0.000,0.000,0.036,0.32436,-0.27779,-0.005
10.530,0.000,0.000,0.036,0.32436,-0.27779,-0.005
10.540,0.000,0.000,0.036,0.32436,-0.27779,-0.005
10.550,0.000,0.000,0.036,0.32436,-0.27779,-0.005
10.560,0.000,0.000,0.036,0.32436,-0.27779,-0.005
10.570,0.000,0.000,0.036,0.32436,-0.27779,-0.005
10.580,0.000,0.000,0.036,0.32436,-0.27779,-0.005
10.590,0.000,0.000,0.036,0.32436,-0.27779,-0.005
10.600,0.000,0.000,0.036,0.32436,-0.27779,-0.005
10.610,0.000,0.000,0.036,0.32436,-0.27779,-0.005
10.620,0.000,0.000,0.036,0.32436,-0.27779,-0.005
10.630,0.000,0.000,0.036,0.32436,-0.27779,-0.005
10.640,0.000,0.000,0.036,0.32436,-0.27779,-0.005
10.650,0.000,0.000,0.036,0.32436,-0.27779,-0.005
10.660,0.000,0.000,0.036,0.32436,-0.27779,-0.005
10.670,0.000,0.000,0.036,0.32436,-0.27779,-0.005
10.680,0.000,0.000,0.036,0.32436,-0.27779,-0.005
10.690,0.000,0.000,0.036,0.32436,-0.27779,-0.005
10.700,0.000,0.000,0.036,0.32436,-0.27779,-0.005
10.710,0.000,0.000,0.036,0.32436,-0.27779,-0.005
10.720,0.000,0.000,0.036,0.32436,-0.27779,-0.005
10.730,0.000,0.000,0.036,0.32436,-0.27779,-0.005
10.740,0.000,0.000,0.036,0.32436,-0.27779,-0.005
10.750,0.000,0.000,0.036,0.32436,-0.27779,-0.005
10.760,0.000,0.000,0.036,0.32436,-0.27779,-0.005
10.770,0.000,0.000,0.036,0.32436,-0.27779,-0.005
10.780,0.000,0.000,0.036,0.32436,-0.27779,-0.005
10.790,0.000,0.000,0.036,0.32436,-0.27779,-0.005
10.800,0.000,0.000,0.036,0.32436,-0.27779,-0.005
10.810,0.000,0.000,0.036,0.32436,-0.27779,-0.005
10.820,0.000,0.000,0.036,0.32436,-0.27779,-0.005
10.830,0.000,0.000,0.036,0.32436,-0.27779,-0.005
10.840,0.000,0.000,0.036,0.32436,-0.27779,-0.005
10.850,0.000,0.000,0.036,0.32436,-0.27779,-0.005
10.860,0.000,0.000,0.036,0.32436,-0.27779,-0.005
10.870,0.000,0.000,0.036,0.32436,-0.27779,-0.005
10.880,0.000,0.000,0.036,0.32436,-0.27779,-0.005
10.890,0.000,0.000,0.036,0.32436,-0.27779,-0.005
10.900,0.000,0.000,0.036,0.32436,-0.27779,-0.005
10.910,0.000,0.000,0.036,0.32436,-0.27779,-0.005
10.920,0.000,0.000,0.036,0.32436,-0.27779,-0.005
10.930,0.000,0.000,0.036,0.32436,-0.27779,-0.005
10.940,0.000,0.000,0.036,0.32436,-0.27779,-0.005
10.950,0.000,0.000,0.036,0.32436,-0.27779,-0.005
10.960,0.000,0.000,0.036,0.32436,-0.27779,-0.005
10.970,0.000,0.000,0.036,0.32436,-0.27779,-0.005
10.980,0.000,0.000,0.036,0.32436,-0.27779,-0.005
10.990,0.000,0.000,0.036,0.32436,-0.27779,-0.005
11.000,0.000,0.000,0.036,0.32436,-0.27779,-0.005
11.010,0.000,0.000,0.036,0.32436,-0.27779,-0.005
11.020,0.000,0.000,0.036,0.32436,-0.27779,-0.005
11.030,0.000,0.000,0.036,0.32436,-0.27779,-0.005
11.040,0.000,0.000,0.036,0.32436,-0.27779,-0.005
11.050,0.000,0.000,0.036,0.32436,-0.27779,-0.005
11.060,0.000,0.000,0.036,0.32436,-0.27779,-0.005
11.070,0.000,0.000,0.036,0.32436,-0.27779,-0.005
11.080,0.000,0.000,0.036,0.32436,-0.27779,-0.005
11.090,0.000,0.000,0.036,0.32436,-0.27779,-0.005
11.100,0.000,0.000,0.036,0.32436,-0.27779,-0.005
11.110,0.000,0.000,0.036,0.32436,-0.27779,-0.005
11.120,0.000,0.000,0.036,0.32436,-0.27779,-0.005
11.130,0.000,0.000,0.036,0.32436,-0.27779,-0.005
11.140,0.000,0.000,0.036,0.32436,-0.27779,-0.005
11.150,0.000,0.000,0.036,0.32436,-0.27779,-0.005
11.160,0.000,0.000,0.036,0.32436,-0.27779,-0.005
11.170,0.000,0.000,0.036,0.32436,-0.27779,-0.005
11.180,0.000,0.000,0.036,0.32436,-0.27779,-0.005
11.190,0.000,0.000,0.036,0.32436,-0.27779,-0.005
11.200,0.000,0.000,0.036,0.32436,-0.27779,-0.005
11.210,0.000,0.000,0.036,0.32436,-0.27779,-0.005
11.220,0.000,0.000,0.036,0.32436,-0.27779,-0.005
11.230,0.000,0.000,0.036,0.32436,-0.27779,-0.005
11.240,0.000,0.000,0.036,0.32436,-0.27779,-0.005
11.250,0.000,0.000,0.036,0.32436,-0.27779,-0.005
11.260,0.000,0.000,0.036,0.32436,-0.27779,-0.005
11.270,0.000,0.000,0.036,0.32436,-0.27779,-0.005
11.280,0.000,0.000,0.036,0.32436,-0.27779,-0.005
11.290,0.000,0.000,0.036,0.32436,-0.27779,-0.005
11.300,0.000,0.000,0.036,0.32436,-0.27779,-0.005
11.310,0.000,0.000,0.036,0.32436,-0.27779,-0.005
11.320,0.000,0.000,0.036,0.32436,-0.27779,-0.005
11.330,0.000,0.000,0.036,0.32436,-0.27779,-0.005
11.340,0.000,0.000,0.036,0.32436,-0.27779,-0.005
11.350,0.000,0.000,0.036,0.32436,-0.27779,-0.005
11.360,0.000,0.000,0.036,0.32436,-0.27779,-0.005
11.370,0.000,0.000,0.036,0.32436,-0.27779,-0.005
11.380,0.000,0.000,0.036,0.32436,-0.27779,-0.005
11.390,0.000,0.000,0.036,0.32436,-0.27779,-0.005
11.400,0.000,0.000,0.036,0.32436,-0.27779,-0.005
11.410,0.000,0.000,0.036,0.32436,-0.27779,-0.005
11.420,0.000,0.000,0.036,0.32436,-0.27779,-0.005
11.430,0.000,0.000,0.036,0.32436,-0.27779,-0.005
11.440,0.000,0.000,0.036,0.32436,-0.27779,-0.005
11.450,0.000,0.000,0.036,0.32436,-0.27779,-0.005
11.460,0.000,0.000,0.036,0.32436,-0.27779,-0.005
11.470,0.000,0.000,0.036,0.32436,-0.27779,-0.005
11.480,0.000,0.000,0.036,0.32436,-0.27779,-0.005
11.490,0.000,0.000,0.036,0.32436,-0.27779,0.000
11.500,0.000,0.000,0.036,0.32436,-0.27779,0.000
11.510,0.000,0.000,0.036,0.32436,-0.27779,0.000
11.520,0.000,0.000,0.036,0.32436,-0.27779,0.000
11.530,0.000,0.000,0.036,0.32436,-0.27779,0.005
11.540,0.000,0.000,0.036,0.32436,-0.27779,0.005
11.550,0.000,0.000,0.036,0.32436,-0.27779,0.011
11.560,0.000,0.000,0.036,0.32436,-0.27779,0.011
11.570,0.000,0.000,0.036,0.32436,-0.27779,0.011
11.580,0.000,0.000,0.036,0.32436,-0.27779,0.013
11.590,0.000,0.000,0.036,0.32436,-0.27779,0.018
11.600,0.000,0.000,0.036,0.32436,-0.27779,0.018
11.610,0.000,0.000,0.036,0.32436,-0.27779,0.024
11.620,0.000,0.000,0.036,0.32436,-0.27779,0.029
11.630,0.000,0.000,0.036,0.32436,-0.27779,0.029
11.640,0.000,0.000,0.036,0.32436,-0.27779,0.032
11.650,0.000,0.000,0.036,0.32436,-0.27779,0.037
11.660,0.000,0.000,0.036,0.32436,-0.27779,0.042
11.670,0.000,0.000,0.036,0.32436,-0.27779,0.048
11.680,0.000,0.000,0.036,0.32436,-0.27779,0.048
11.690,0.000,0.000,0.036,0.32436,-0.27779,0.053
11.700,0.000,0.000,0.036,0.32436,-0.27779,0.055
11.710,0.000,0.000,0.036,0.32436,-0.27779,0.061
11.720,0.000,0.000,0.036,0.32436,-0.27779,0.066
11.730,0.000,0.000,0.036,0.32436,-0.27779,0.074
11.740,0.000,0.000,0.036,0.32436,-0.27779,0.079
11.750,0.000,0.000,0.036,0.32436,-0.27779,0.085
11.760,0.000,0.000,0.036,0.32436,-0.27779,0.090
11.770,0.000,0.000,0.036,0.32436,-0.27779,0.095
11.780,0.000,0.000,0.036,0.32436,-0.27779,0.103
11.790,0.000,0.000,0.036,0.32436,-0.27779,0.108
11.800,0.000,0.000,0.036,0.32436,-0.27779,0.114
11.810,0.000,0.000,0.036,0.32436,-0.27779,0.122
11.820,0.000,0.000,0.036,0.32436,-0.27779,0.127
11.830,0.000,0.000,0.036,0.32436,-0.27779,0.132
11.840,0.000,0.000,0.036,0.32436,-0.27779,0.140
11.850,0.000,0.000,0.036,0.32436,-0.27779,0.145
11.860,0.000,0.000,0.036,0.32436,-0.27779,0.156
11.870,0.000,0.000,0.036,0.32436,-0.27779,0.159
11.880,0.000,0.000,0.036,0.32436,-0.27779,0.169
11.890,0.000,0.000,0.036,0.32436,-0.27779,0.174
11.900,0.000,0.000,0.036,0.32436,-0.27779,0.182
11.910,0.000,0.000,0.036,0.32436,-0.27779,0.188
11.920,0.000,0.000,0.036,0.32436,-0.27779,0.198
11.930,0.000,0.000,0.036,0.32436,-0.27779,0.206
11.940,0.000,0.000,0.036,0.32436,-0.27779,0.211
11.950,0.000,0.000,0.036,0.32436,-0.27779,0.222
11.960,0.000,0.000,0.036,0.32436,-0.27779,0.230
11.970,0.000,0.000,0.036,0.32436,-0.27779,0.235
11.980,0.000,0.000,0.036,0.32436,-0.27779,0.243
11.990,0.000,0.000,0.036,0.32436,-0.27779,0.254
12.000,0.000,0.000,0.036,0.32436,-0.27779,0.264
12.010,0.000,0.000,0.036,0.32436,-0.27779,0.267
12.020,0.000,0.000,0.036,0.32436,-0.27779,0.277
12.030,0.000,0.000,0.036,0.32436,-0.27779,0.285
12.040,0.000,0.000,0.036,0.32436,-0.27779,0.296
12.050,0.000,0.000,0.036,0.32436,-0.27779,0.304
12.060,0.000,0.000,0.036,0.32436,-0.27779,0.314
12.070,0.000,0.000,0.036,0.32436,-0.27779,0.325
12.080,0.000,0.000,0.036,0.32436,-0.27779,0.333
12.090,0.000,0.000,0.036,0.32436,-0.27779,0.338
12.100,0.000,0.000,0.036,0.32436,-0.27779,0.346
12.110,0.000,0.000,0.036,0.32436,-0.27779,0.357
12.120,0.000,0.000,0.036,0.32436,-0.27779,0.367
12.130,0.000,0.000,0.036,0.32436,-0.27779,0.375
12.140,0.000,0.000,0.036,0.32436,-0.27779,0.386
12.150,0.000,0.000,0.036,0.32436,-0.27779,0.394
12.160,0.000,0.000,0.036,0.32436,-0.27779,0.404
12.170,0.000,0.000,0.036,0.32436,-0.27779,0.412
12.180,0.000,0.000,0.036,0.32436,-0.27779,0.423
12.190,0.000,0.000,0.036,0.32436,-0.27779,0.431
12.200,0.000,0.000,0.036,0.32436,-0.27779,0.441
12.210,0.000,0.000,0.036,0.32436,-0.27779,0.452
12.220,0.000,0.000,0.036,0.32436,-0.27779,0.460
12.230,0.000,0.000,0.036,0.32436,-0.27779,0.473
12.240,0.000,0.000,0.036,0.32436,-0.27779,0.484
12.250,0.000,0.000,0.036,0.32436,-0.27779,0.494
12.260,0.000,0.000,0.036,0.32436,-0.27779,0.502
12.270,0.000,0.000,0.036,0.32436,-0.27779,0.513
12.280,0.000,0.000,0.036,0.32436,-0.27779,0.521
12.290,0.000,0.000,0.036,0.32436,-0.27779,0.531
12.300,0.000,0.000,0.036,0.32436,-0.27779,0.539
12.310,0.000,0.000,0.036,0.32436,-0.27779,0.550
12.320,0.000,0.000,0.036,0.32436,-0.27779,0.558
12.330,0.000,0.000,0.036,0.32436,-0.27779,0.573
12.340,0.000,0.000,0.036,0.32436,-0.27779,0.581
12.350,0.000,0.000,0.036,0.32436,-0.27779,0.592
12.360,0.000,0.000,0.036,0.32436,-0.27779,0.600
12.370,0.000,0.000,0.036,0.32436,-0.27779,0.610
12.380,0.000,0.000,0.036,0.32436,-0.27779,0.621
12.390,0.000,0.000,0.036,0.32436,-0.27779,0.629
12.400,0.000,0.000,0.036,0.32436,-0.27779,0.642
12.410,0.000,0.000,0.036,0.32436,-0.27779,0.653
12.420,0.000,0.000,0.036,0.32436,-0.27779,0.663
12.430,0.000,0.000,0.036,0.32436,-0.27779,0.671
12.440,0.000,0.000,0.036,0.32436,-0.27779,0.682
12.450,0.000,0.000,0.036,0.32436,-0.27779,0.695
12.460,0.000,0.000,0.036,0.32436,-0.27779,0.705
12.470,0.000,0.000,0.036,0.32436,-0.27779,0.713
12.480,0.000,0.000,0.036,0.32436,-0.27779,0.724
12.490,0.000,0.000,0.036,0.32436,-0.27779,0.732
12.500,0.000,0.000,0.036,0.32436,-0.27779,0.748
12.510,0.000,0.000,0.036,0.32436,-0.27779,0.756
12.520,0.000,0.000,0.036,0.32436,-0.27779,0.766
12.530,0.000,0.000,0.036,0.32436,-0.27779,0.774
12.540,0.000,0.000,0.036,0.32436,-0.27779,0.785
12.550,0.000,0.000,0.036,0.32436,-0.27779,0.798
12.560,0.000,0.000,0.036,0.32436,-0.27779,0.809
12.570,0.000,0.000,0.036,0.32436,-0.27779,0.816
12.580,0.000,0.000,0.036,0.32436,-0.27779,0.827
12.590,0.000,0.000,0.036,0.32436,-0.27779,0.840
12.600,0.000,0.000,0.036,0.32436,-0.27779,0.851
12.610,0.000,0.000,0.036,0.32436,-0.27779,0.859
12.620,0.000,0.000,0.036,0.32436,-0.27779,0.869
12.630,0.000,0.000,0.036,0.32436,-0.27779,0.877
12.640,0.000,0.000,0.036,0.32436,-0.27779,0.893
12.650,0.000,0.000,0.036,0.32436,-0.27779,0.901
12.660,0.000,0.000,0.036,0.32436,-0.27779,0.912
12.670,0.000,0.000,0.036,0.32436,-0.27779,0.920
12.680,0.000,0.000,0.036,0.32436,-0.27779,0.930
12.690,0.000,0.000,0.036,0.32436,-0.27779,0.943
12.700,0.000,0.000,0.036,0.32436,-0.27779,0.954
12.710,0.000,0.000,0.036,0.32436,-0.27779,0.962
12.720,0.000,0.000,0.036,0.32436,-0.27779,0.972
12.730,0.000,0.000,0.036,0.32436,-0.27779,0.980
12.740,0.000,0.000,0.036,0.32436,-0.27779,0.996
12.750,0.000,0.000,0.036,0.32436,-0.27779,1.004
12.760,0.000,0.000,0.036,0.32436,-0.27779,1.015
12.770,0.000,0.000,0.036,0.32436,-0.27779,1.023
12.780,0.000,0.000,0.036,0.32436,-0.27779,1.033
12.790,0.000,0.000,0.036,0.32436,-0.27779,1.041
12.800,0.000,0.000,0.036,0.32436,-0.27779,1.052
12.810,0.000,0.000,0.036,0.32436,-0.27779,1.062
12.820,0.000,0.000,0.036,0.32436,-0.27779,1.075
12.830,0.000,0.000,0.036,0.32436,-0.27779,1.083
12.840,0.000,0.000,0.036,0.32436,-0.27779,1.094
12.850,0.000,0.000,0.036,0.32436,-0.27779,1.104
12.860,0.000,0.000,0.036,0.32436,-0.27779,1.112
12.870,0.000,0.000,0.036,0.32436,-0.27779,1.123
12.880,0.000,0.000,0.036,0.32436,-0.27779,1.136
12.890,0.000,0.000,0.036,0.32436,-0.27779,1.147
12.900,0.000,0.000,0.036,0.32436,-0.27779,1.155
12.910,0.000,0.000,0.036,0.32436,-0.27779,1.165
12.920,0.000,0.000,0.036,0.32436,-0.27779,1.173
12.930,0.000,0.000,0.036,0.32436,-0.27779,1.184
12.940,0.000,0.000,0.036,0.32436,-0.27779,1.192
12.950,0.000,0.000,0.036,0.32436,-0.27779,1.202
12.960,0.000,0.000,0.036,0.32436,-0.27779,1.210
12.970,0.000,0.000,0.036,0.32436,-0.27779,1.226
12.980,0.000,0.000,0.036,0.32436,-0.27779,1.234
12.990,0.000,0.000,0.036,0.32436,-0.27779,1.245
13.000,0.000,0.000,0.036,0.32436,-0.27779,1.252
13.010,0.000,0.000,0.036,0.32436,-0.27779,1.263
13.020,0.000,0.000,0.036,0.32436,-0.27779,1.274
13.030,0.000,0.000,0.036,0.32436,-0.27779,1.282
13.040,0.000,0.000,0.036,0.32436,-0.27779,1.292
13.050,0.000,0.000,0.036,0.32436,-0.27779,1.300
13.060,0.000,0.000,0.036,0.32436,-0.27779,1.311
13.070,0.000,0.000,0.036,0.32436,-0.27779,1.319
13.080,0.000,0.000,0.036,0.32436,-0.27779,1.329
13.090,0.000,0.000,0.036,0.32436,-0.27779,1.337
13.100,0.000,0.000,0.036,0.32436,-0.27779,1.348
13.110,0.000,0.000,0.036,0.32436,-0.27779,1.353
13.120,0.000,0.000,0.036,0.32436,-0.27779,1.361
13.130,0.000,0.000,0.036,0.32436,-0.27779,1.371
13.140,0.000,0.000,0.036,0.32436,-0.27779,1.379
13.150,0.000,0.000,0.036,0.32436,-0.27779,1.390
13.160,0.000,0.000,0.036,0.32436,-0.27779,1.400
13.170,0.000,0.000,0.036,0.32436,-0.27779,1.408
13.180,0.000,0.000,0.036,0.32437,-0.27779,1.414
13.190,0.000,0.000,0.036,0.32437,-0.27779,1.422
13.200,0.000,0.000,0.036,0.32437,-0.27779,1.432
13.210,0.000,0.000,0.036,0.32437,-0.27779,1.440
13.220,0.000,0.000,0.036,0.32437,-0.27779,1.451
13.230,0.000,0.000,0.036,0.32437,-0.27779,1.456
13.240,0.000,0.000,0.036,0.32437,-0.27779,1.464
13.250,0.000,0.000,0.036,0.32437,-0.27779,1.474
13.260,0.000,0.000,0.036,0.32437,-0.27779,1.482
13.270,0.000,0.000,0.036,0.32437,-0.27779,1.488
13.280,0.000,0.000,0.036,0.32437,-0.27779,1.498
13.290,0.000,0.000,0.036,0.32437,-0.27779,1.506
13.300,0.000,0.000,0.036,0.32437,-0.27779,1.517
13.310,0.000,0.000,0.036,0.32437,-0.27779,1.522
13.320,0.000,0.000,0.036,0.32437,-0.27779,1.530
13.330,0.000,0.000,0.036,0.32437,-0.27779,1.540
13.340,0.000,0.000,0.036,0.32437,-0.27779,1.546
13.350,0.000,0.000,0.036,0.32437,-0.27779,1.554
13.360,0.000,0.000,0.036,0.32437,-0.27779,1.564
13.370,0.000,0.000,0.036,0.32437,-0.27779,1.567
13.380,0.000,0.000,0.036,0.32437,-0.27779,1.577
13.390,0.000,0.000,0.036,0.32437,-0.27779,1.588
13.400,0.000,0.000,0.036,0.32437,-0.27779,1.591
13.410,0.000,0.000,0.036,0.32437,-0.27779,1.601
13.420,0.000,0.000,0.036,0.32437,-0.27779,1.609
13.430,0.000,0.000,0.036,0.32437,-0.27779,1.614
13.440,0.000,0.000,0.036,0.32437,-0.27779,1.625
13.450,0.000,0.000,0.036,0.32437,-0.27779,1.630
13.460,0.000,0.000,0.036,0.32437,-0.27779,1.638
13.470,0.000,0.000,0.036,0.32437,-0.27779,1.644
13.480,0.000,0.000,0.036,0.32437,-0.27779,1.651
13.490,0.000,0.000,0.036,0.32437,-0.27779,1.657
13.500,0.000,0.000,0.036,0.32437,-0.27779,1.662
13.510,0.000,0.000,0.036,0.32437,-0.27779,1.673
13.520,0.000,0.000,0.036,0.32437,-0.27779,1.675
13.530,0.000,0.000,0.036,0.32437,-0.27779,1.686
13.540,0.000,0.000,0.036,0.32437,-0.27779,1.691
13.550,0.000,0.000,0.036,0.32437,-0.27779,1.694
13.560,0.000,0.000,0.036,0.32437,-0.27779,1.699
13.570,0.000,0.000,0.036,0.32437,-0.27779,1.710
13.580,0.000,0.000,0.036,0.32438,-0.27779,1.715
13.590,0.000,0.000,0.036,0.32438,-0.27779,1.718
13.600,0.000,0.000,0.036,0.32438,-0.27779,1.723
13.610,0.000,0.000,0.036,0.32438,-0.27779,1.728
13.620,0.000,0.000,0.036,0.32438,-0.27779,1.733
13.630,0.000,0.000,0.036,0.32438,-0.27779,1.741
13.640,0.000,0.000,0.036,0.32438,-0.27779,1.747
13.650,0.000,0.000,0.036,0.32438,-0.27779,1.752
13.660,0.000,0.000,0.036,0.32438,-0.27779,1.757
13.670,0.000,0.000,0.036,0.32438,-0.27779,1.760
13.680,0.000,0.000,0.036,0.32438,-0.27779,1.765
13.690,0.000,0.000,0.036,0.32438,-0.27779,1.770
13.700,0.000,0.000,0.036,0.32438,-0.27779,1.776
13.710,0.000,0.000,0.036,0.32438,-0.27779,1.778
13.720,0.000,0.000,0.036,0.32438,-0.27779,1.784
13.730,0.000,0.000,0.036,0.32438,-0.27779,1.789
13.740,0.000,0.000,0.036,0.32438,-0.27779,1.789
13.750,0.000,0.000,0.036,0.32438,-0.27779,1.794
13.760,0.000,0.000,0.036,0.32438,-0.27779,1.799
13.770,0.000,0.000,0.036,0.32438,-0.27779,1.802
13.780,0.000,0.000,0.036,0.32439,-0.27780,1.807
13.790,0.000,0.000,0.036,0.32439,-0.27780,1.807
13.800,0.000,0.000,0.036,0.32439,-0.27780,1.813
13.810,0.000,0.000,0.036,0.32439,-0.27780,1.818
13.820,0.000,0.000,0.036,0.32439,-0.27780,1.818
13.830,0.000,0.000,0.036,0.32439,-0.27780,1.821
13.840,0.000,0.000,0.036,0.32439,-0.27780,1.826
13.850,0.000,0.000,0.036,0.32439,-0.27780,1.826
13.860,0.000,0.000,0.036,0.32439,-0.27780,1.831
13.870,0.000,0.000,0.036,0.32439,-0.27780,1.831
13.880,0.000,0.000,0.036,0.32439,-0.27780,1.836
13.890,0.000,0.000,0.036,0.32439,-0.27780,1.836
13.900,0.000,0.000,0.036,0.32439,-0.27780,1.842
13.910,0.000,0.000,0.036,0.32439,-0.27780,1.842
13.920,0.000,0.000,0.036,0.32439,-0.27780,1.842
13.930,0.000,0.000,0.036,0.32439,-0.27780,1.844
13.940,0.000,0.000,0.036,0.32439,-0.27780,1.844
13.950,0.000,0.000,0.036,0.32439,-0.27780,1.844
13.960,0.000,0.000,0.036,0.32439,-0.27780,1.844
13.970,0.000,0.000,0.036,0.32439,-0.27780,1.850
13.980,0.000,0.000,0.036,0.32440,-0.27780,1.850
13.990,0.000,0.000,0.036,0.32440,-0.27780,1.850
14.000,0.000,0.000,0.036,0.32440,-0.27780,1.850
14.010,0.000,0.000,0.036,0.32440,-0.27780,1.850
14.020,0.000,0.000,0.036,0.32440,-0.27780,1.850
14.030,0.000,0.000,0.036,0.32440,-0.27780,1.850
14.040,0.000,0.000,0.036,0.32440,-0.27780,1.850
14.050,0.000,0.000,0.036,0.32440,-0.27780,1.850
14.060,0.000,0.000,0.036,0.32440,-0.27780,1.850
14.070,0.000,0.000,0.036,0.32440,-0.27780,1.844
14.080,0.000,0.000,0.036,0.32440,-0.27780,1.844
14.090,0.000,0.000,0.036,0.32440,-0.27780,1.844
14.100,0.000,0.000,0.036,0.32440,-0.27780,1.842
14.110,0.000,0.000,0.036,0.32440,-0.27780,1.842
14.120,0.000,0.000,0.036,0.32440,-0.27780,1.842
14.130,0.000,0.000,0.036,0.32440,-0.27780,1.836
14.140,0.000,0.000,0.036,0.32440,-0.27780,1.836
14.150,0.000,0.000,0.036,0.32440,-0.27780,1.831
14.160,0.000,0.000,0.036,0.32440,-0.27780,1.831
14.170,0.000,0.000,0.036,0.32440,-0.27780,1.826
14.180,0.000,0.000,0.036,0.32441,-0.27781,1.826
14.190,0.000,0.000,0.036,0.32441,-0.27781,1.821
14.200,0.000,0.000,0.036,0.32441,-0.27781,1.818
14.210,0.000,0.000,0.036,0.32441,-0.27781,1.813
14.220,0.000,0.000,0.036,0.32441,-0.27781,1.813
14.230,0.000,0.000,0.036,0.32441,-0.27781,1.807
14.240,0.000,0.000,0.036,0.32441,-0.27781,1.802
14.250,0.000,0.000,0.036,0.32441,-0.27781,1.799
14.260,0.000,0.000,0.036,0.32441,-0.27781,1.794
14.270,0.000,0.000,0.036,0.32441,-0.27781,1.789
14.280,0.000,0.001,0.036,0.32441,-0.27781,1.784
14.290,0.000,0.001,0.036,0.32441,-0.27781,1.778
14.300,0.000,0.001,0.036,0.32441,-0.27781,1.776
14.310,0.000,0.001,0.036,0.32441,-0.27781,1.770
14.320,0.000,0.001,0.036,0.32441,-0.27781,1.765
14.330,0.000,0.001,0.036,0.32441,-0.27781,1.760
14.340,0.000,0.001,0.036,0.32441,-0.27781,1.757
14.350,0.000,0.001,0.036,0.32441,-0.27781,1.752
14.360,0.000,0.001,0.036,0.32441,-0.27781,1.741
14.370,0.000,0.001,0.036,0.32441,-0.27781,1.736
14.380,0.000,0.001,0.036,0.32442,-0.27781,1.733
14.390,0.000,0.001,0.036,0.32442,-0.27781,1.723
14.400,0.000,0.001,0.036,0.32442,-0.27781,1.718
14.410,0.000,0.001,0.036,0.32442,-0.27781,1.715
14.420,0.000,0.001,0.036,0.32442,-0.27781,1.704
14.430,0.000,0.001,0.036,0.32442,-0.27781,1.699
14.440,0.000,0.001,0.036,0.32442,-0.27781,1.691
14.450,0.000,0.001,0.036,0.32442,-0.27781,1.686
14.460,0.000,0.001,0.036,0.32442,-0.27781,1.675
14.470,0.000,0.001,0.036,0.32442,-0.27781,1.673
14.480,0.000,0.001,0.036,0.32442,-0.27781,1.662
14.490,0.000,0.001,0.036,0.32442,-0.27781,1.657
14.500,0.000,0.001,0.036,0.32442,-0.27781,1.649
14.510,0.000,0.001,0.036,0.32442,-0.27781,1.638
14.520,0.000,0.001,0.036,0.32442,-0.27781,1.633
14.530,0.000,0.001,0.036,0.32442,-0.27781,1.625
14.540,0.000,0.001,0.036,0.32442,-0.27781,1.614
14.550,0.000,0.001,0.036,0.32442,-0.27781,1.607
14.560,0.000,0.001,0.036,0.32442,-0.27781,1.596
14.570,0.000,0.001,0.036,0.32442,-0.27781,1.588
14.580,0.000,0.001,0.036,0.32444,-0.27782,1.577
14.590,0.000,0.001,0.036,0.32444,-0.27782,1.572
14.600,0.000,0.001,0.036,0.32444,-0.27782,1.559
14.610,0.000,0.001,0.036,0.32444,-0.27782,1.548
14.620,0.000,0.001,0.036,0.32444,-0.27782,1.540
14.630,0.000,0.001,0.036,0.32444,-0.27782,1.530
14.640,0.000,0.001,0.036,0.32444,-0.27782,1.522
14.650,0.000,0.001,0.036,0.32444,-0.27782,1.511
14.660,0.000,0.001,0.036,0.32444,-0.27782,1.503
14.670,0.000,0.001,0.036,0.32444,-0.27782,1.493
14.680,0.000,0.001,0.036,0.32444,-0.27782,1.482
14.690,0.000,0.001,0.036,0.32444,-0.27782,1.469
14.700,0.000,0.001,0.036,0.32444,-0.27782,1.461
14.710,0.000,0.001,0.036,0.32444,-0.27782,1.451
14.720,0.000,0.001,0.036,0.32444,-0.27782,1.437
14.730,0.000,0.001,0.036,0.32444,-0.27782,1.427
14.740,0.000,0.001,0.036,0.32444,-0.27782,1.419
14.750,0.000,0.001,0.036,0.32444,-0.27782,1.403
14.760,0.000,0.001,0.036,0.32444,-0.27782,1.395
14.770,0.000,0.001,0.036,0.32444,-0.27782,1.379
14.780,0.000,0.001,0.036,0.32446,-0.27782,1.371
14.790,0.000,0.001,0.036,0.32446,-0.27782,1.358
14.800,0.000,0.001,0.036,0.32446,-0.27782,1.348
14.810,0.000,0.001,0.036,0.32446,-0.27782,1.334
14.820,0.000,0.001,0.036,0.32446,-0.27782,1.319
14.830,0.000,0.001,0.036,0.32446,-0.27782,1.311
14.840,0.000,0.001,0.036,0.32446,-0.27782,1.295
14.850,0.000,0.001,0.036,0.32446,-0.27782,1.282
14.860,0.000,0.001,0.036,0.32446,-0.27782,1.268
14.870,0.000,0.001,0.036,0.32446,-0.27782,1.258
14.880,0.000,0.001,0.036,0.32446,-0.27782,1.245
14.890,0.000,0.001,0.036,0.32446,-0.27782,1.231
14.900,0.000,0.001,0.036,0.32446,-0.27782,1.215
14.910,0.000,0.001,0.036,0.32446,-0.27782,1.202
14.920,0.000,0.001,0.036,0.32446,-0.27782,1.192
14.930,0.000,0.001,0.036,0.32446,-0.27782,1.178
14.940,0.000,0.001,0.036,0.32446,-0.27782,1.165
14.950,0.000,0.001,0.036,0.32446,-0.27782,1.149
14.960,0.000,0.001,0.036,0.32446,-0.27782,1.136
14.970,0.000,0.001,0.036,0.32446,-0.27782,1.123
14.980,0.000,0.001,0.036,0.32448,-0.27783,1.107
14.990,0.000,0.001,0.036,0.32448,-0.27783,1.094
15.000,0.000,0.001,0.036,0.32448,-0.27783,1.081
15.010,0.000,0.001,0.036,0.32448,-0.27783,1.065
15.020,0.000,0.001,0.036,0.32448,-0.27783,1.052
15.030,0.000,0.001,0.036,0.32448,-0.27783,1.038
15.040,0.000,0.001,0.036,0.32448,-0.27783,1.023
15.050,0.000,0.001,0.036,0.32448,-0.27783,1.009
15.060,0.000,0.001,0.036,0.32448,-0.27783,0.996
15.070,0.000,0.001,0.036,0.32448,-0.27783,0.978
15.080,0.000,0.001,0.036,0.32448,-0.27783,0.962
15.090,0.000,0.001,0.036,0.32448,-0.27783,0.949
15.100,0.000,0.001,0.036,0.32448,-0.27783,0.935
15.110,0.000,0.001,0.036,0.32448,-0.27783,0.920
15.120,0.000,0.001,0.036,0.32448,-0.27783,0.906
15.130,0.000,0.001,0.036,0.32448,-0.27783,0.888
15.140,0.000,0.001,0.036,0.32448,-0.27783,0.872
15.150,0.000,0.001,0.036,0.32448,-0.27783,0.859
15.160,0.000,0.001,0.036,0.32448,-0.27783,0.846
15.170,0.000,0.001,0.036,0.32448,-0.27783,0.827
15.180,0.000,0.001,0.036,0.32451,-0.27783,0.811
15.190,0.000,0.001,0.036,0.32451,-0.27783,0.798
15.200,0.000,0.001,0.036,0.32451,-0.27783,0.785
15.210,0.000,0.001,0.036,0.32451,-0.27783,0.766
15.220,0.000,0.001,0.036,0.32451,-0.27783,0.750
15.230,0.000,0.001,0.036,0.32451,-0.27783,0.737
15.240,0.000,0.001,0.036,0.32451,-0.27783,0.719
15.250,0.000,0.001,0.036,0.32451,-0.27783,0.705
15.260,0.000,0.001,0.036,0.32451,-0.27783,0.684
15.270,0.000,0.001,0.036,0.32451,-0.27783,0.671
15.280,0.000,0.001,0.036,0.32451,-0.27783,0.658
15.290,0.000,0.001,0.036,0.32451,-0.27783,0.639
15.300,0.000,0.001,0.036,0.32451,-0.27783,0.624
15.310,0.000,0.001,0.036,0.32451,-0.27783,0.605
15.320,0.000,0.001,0.036,0.32451,-0.27783,0.592
15.330,0.000,0.001,0.036,0.32451,-0.27783,0.573
15.340,0.000,0.001,0.036,0.32451,-0.27783,0.558
15.350,0.000,0.001,0.036,0.32451,-0.27783,0.539
15.360,0.000,0.001,0.036,0.32451,-0.27783,0.526
15.370,0.000,0.001,0.036,0.32451,-0.27783,0.513
15.380,0.000,0.001,0.036,0.32454,-0.27784,0.494
15.390,0.000,0.001,0.036,0.32454,-0.27784,0.473
15.400,0.000,0.001,0.036,0.32454,-0.27784,0.460
15.410,0.000,0.001,0.036,0.32454,-0.27784,0.441
15.420,0.000,0.001,0.036,0.32454,-0.27784,0.428
15.430,0.000,0.001,0.036,0.32454,-0.27784,0.410
15.440,0.000,0.001,0.036,0.32454,-0.27784,0.394
15.450,0.000,0.001,0.036,0.32454,-0.27784,0.375
15.460,0.000,0.001,0.036,0.32454,-0.27784,0.362
15.470,0.000,0.001,0.036,0.32454,-0.27784,0.344
15.480,0.000,0.001,0.036,0.32454,-0.27784,0.328
15.490,0.000,0.001,0.036,0.32454,-0.27784,0.309
15.500,0.000,0.001,0.036,0.32454,-0.27784,0.291
15.510,0.000,0.001,0.036,0.32454,-0.27784,0.277
15.520,0.000,0.001,0.036,0.32454,-0.27784,0.259
15.530,0.000,0.001,0.036,0.32454,-0.27784,0.243
15.540,0.000,0.001,0.036,0.32454,-0.27784,0.225
15.550,0.000,0.001,0.036,0.32454,-0.27784,0.206
15.560,0.000,0.001,0.036,0.32454,-0.27784,0.193
15.570,0.000,0.001,0.036,0.32454,-0.27784,0.174
15.580,0.000,0.001,0.036,0.32457,-0.27784,0.156
15.590,0.000,0.001,0.036,0.32457,-0.27784,0.140
15.600,0.000,0.001,0.036,0.32457,-0.27784,0.122
15.610,0.000,0.001,0.036,0.32457,-0.27784,0.103
15.620,0.000,0.001,0.036,0.32457,-0.27784,0.090
15.630,0.000,0.001,0.036,0.32457,-0.27784,0.071
15.640,0.000,0.001,0.036,0.32457,-0.27784,0.053
15.650,0.000,0.001,0.036,0.32457,-0.27784,0.032
15.660,0.000,0.001,0.036,0.32457,-0.27784,0.018
15.670,0.000,0.001,0.036,0.32457,-0.27784,0.000
15.680,0.000,0.001,0.036,0.32457,-0.27784,-0.005
15.690,0.000,0.001,0.036,0.32457,-0.27784,-0.005
15.700,0.000,0.000,0.036,0.32457,-0.27784,-0.005
15.710,0.000,0.000,0.036,0.32457,-0.27784,-0.005
15.720,0.000,0.000,0.036,0.32457,-0.27784,-0.005
15.730,0.000,0.000,0.036,0.32457,-0.27784,-0.005
15.740,0.000,0.000,0.036,0.32457,-0.27784,-0.005
15.750,0.000,0.000,0.036,0.32457,-0.27784,-0.005
15.760,0.000,0.000,0.036,0.32457,-0.27784,-0.005
15.770,0.000,0.000,0.036,0.32457,-0.27784,-0.005
15.780,0.000,0.000,0.036,0.32459,-0.27784,-0.005
15.790,0.000,0.000,0.036,0.32459,-0.27784,-0.005
15.800,0.000,0.000,0.036,0.32459,-0.27784,-0.005
15.810,0.000,0.000,0.036,0.32459,-0.27784,-0.005
15.820,0.000,0.000,0.036,0.32459,-0.27784,-0.005
15.830,0.000,0.000,0.036,0.32459,-0.27784,-0.005
15.840,0.000,0.000,0.036,0.32459,-0.27784,-0.005
15.850,0.000,0.000,0.036,0.32459,-0.27784,-0.005
15.860,0.000,0.000,0.036,0.32459,-0.27784,-0.005
15.870,0.000,0.000,0.036,0.32459,-0.27784,-0.005
15.880,0.000,0.000,0.036,0.32459,-0.27784,-0.005
15.890,0.000,0.000,0.036,0.32459,-0.27784,-0.005
15.900,0.000,0.000,0.036,0.32459,-0.27784,-0.005
15.910,0.000,0.000,0.036,0.32459,-0.27784,-0.005
15.920,0.000,0.000,0.036,0.32459,-0.27784,-0.005
15.930,0.000,0.000,0.036,0.32459,-0.27784,-0.005
15.940,0.000,0.000,0.036,0.32459,-0.27784,-0.005
15.950,0.000,0.000,0.036,0.32459,-0.27784,-0.005
15.960,0.000,0.000,0.036,0.32459,-0.27784,-0.005
15.970,0.000,0.000,0.036,0.32459,-0.27784,-0.005
15.980,0.000,0.000,0.036,0.32459,-0.27784,-0.005
15.990,0.000,0.000,0.036,0.32459,-0.27784,-0.005
16.000,0.000,0.000,0.036,0.32459,-0.27784,-0.005
16.010,0.000,0.000,0.036,0.32459,-0.27784,-0.005
16.020,0.000,0.000,0.036,0.32459,-0.27784,-0.005
16.030,0.000,0.000,0.036,0.32459,-0.27784,-0.005
16.040,0.000,0.000,0.036,0.32459,-0.27784,-0.005
16.050,0.000,0.000,0.036,0.32459,-0.27784,-0.005
16.060,0.000,0.000,0.036,0.32459,-0.27784,-0.005
16.070,0.000,0.000,0.036,0.32459,-0.27784,-0.005
16.080,0.000,0.000,0.036,0.32459,-0.27784,-0.005
16.090,0.000,0.000,0.036,0.32459,-0.27784,-0.005
16.100,0.000,0.000,0.036,0.32459,-0.27784,-0.005
16.110,0.000,0.000,0.036,0.32459,-0.27784,-0.005
16.120,0.000,0.000,0.036,0.32459,-0.27784,-0.005
16.130,0.000,0.000,0.036,0.32459,-0.27784,-0.005
16.140,0.000,0.000,0.036,0.32459,-0.27784,-0.005
16.150,0.000,0.000,0.036,0.32459,-0.27784,-0.005
16.160,0.000,0.000,0.036,0.32459,-0.27784,-0.005
16.170,0.000,0.000,0.036,0.32459,-0.27784,-0.005
16.180,0.000,0.000,0.036,0.32459,-0.27784,-0.005
16.190,0.000,0.000,0.036,0.32459,-0.27784,-0.005
16.200,0.000,0.000,0.036,0.32459,-0.27784,-0.005
16.210,0.000,0.000,0.036,0.32459,-0.27784,-0.005
16.220,0.000,0.000,0.036,0.32459,-0.27784,-0.005
16.230,0.000,0.000,0.036,0.32459,-0.27784,-0.005
16.240,0.000,0.000,0.036,0.32459,-0.27784,-0.005
16.250,0.000,0.000,0.036,0.32459,-0.27784,-0.005
16.260,0.000,0.000,0.036,0.32459,-0.27784,-0.005
16.270,0.000,0.000,0.036,0.32459,-0.27784,-0.005
16.280,0.000,0.000,0.036,0.32459,-0.27784,-0.005
16.290,0.000,0.000,0.036,0.32459,-0.27784,-0.005
16.300,0.000,0.000,0.036,0.32459,-0.27784,-0.005
16.310,0.000,0.000,0.036,0.32459,-0.27784,-0.005
16.320,0.000,0.000,0.036,0.32459,-0.27784,-0.005
16.330,0.000,0.000,0.036,0.32459,-0.27784,-0.005
16.340,0.000,0.000,0.036,0.32459,-0.27784,-0.005
16.350,0.000,0.000,0.036,0.32459,-0.27784,-0.005
16.360,0.000,0.000,0.036,0.32459,-0.27784,-0.005
16.370,0.000,0.000,0.036,0.32459,-0.27784,-0.005
16.380,0.000,0.000,0.036,0.32459,-0.27784,-0.005
16.390,0.000,0.000,0.036,0.32459,-0.27784,-0.005
16.400,0.000,0.000,0.036,0.32459,-0.27784,-0.005
16.410,0.000,0.000,0.036,0.32459,-0.27784,-0.005
16.420,0.000,0.000,0.036,0.32459,-0.27784,-0.005
16.430,0.000,0.000,0.036,0.32459,-0.27784,-0.005
16.440,0.000,0.000,0.036,0.32459,-0.27784,-0.005
16.450,0.000,0.000,0.036,0.32459,-0.27784,-0.005
16.460,0.000,0.000,0.036,0.32459,-0.27784,-0.005
16.470,0.000,0.000,0.036,0.32459,-0.27784,-0.005
16.480,0.000,0.000,0.036,0.32459,-0.27784,-0.005
16.490,0.000,0.000,0.036,0.32459,-0.27784,-0.005
16.500,0.000,0.000,0.036,0.32459,-0.27784,-0.005
16.510,0.000,0.000,0.036,0.32459,-0.27784,-0.005
16.520,0.000,0.000,0.036,0.32459,-0.27784,-0.005
16.530,0.000,0.000,0.036,0.32459,-0.27784,-0.005
16.540,0.000,0.000,0.036,0.32459,-0.27784,-0.005
16.550,0.000,0.000,0.036,0.32459,-0.27784,-0.005
16.560,0.000,0.000,0.036,0.32459,-0.27784,-0.005
16.570,0.000,0.000,0.036,0.32459,-0.27784,-0.005
16.580,0.000,0.000,0.036,0.32459,-0.27784,-0.005
16.590,0.000,0.000,0.036,0.32459,-0.27784,-0.005
16.600,0.000,0.000,0.036,0.32459,-0.27784,-0.005
16.610,0.000,0.000,0.036,0.32459,-0.27784,-0.005
16.620,0.000,0.000,0.036,0.32459,-0.27784,-0.005
16.630,0.000,0.000,0.036,0.32459,-0.27784,-0.005
16.640,0.000,0.000,0.036,0.32459,-0.27784,-0.005
16.650,0.000,0.000,0.036,0.32459,-0.27784,-0.005
16.660,0.000,0.000,0.036,0.32459,-0.27784,-0.005
16.670,0.000,0.000,0.036,0.32459,-0.27784,-0.005
16.680,0.000,0.000,0.036,0.32459,-0.27784,-0.005
16.690,0.000,0.000,0.036,0.32459,-0.27784,-0.005
16.700,0.000,0.000,0.036,0.32459,-0.27784,-0.005
16.710,0.000,0.000,0.036,0.32459,-0.27784,-0.005
16.720,0.000,0.000,0.036,0.32459,-0.27784,-0.005
16.730,0.000,0.000,0.036,0.32459,-0.27784,-0.005
16.740,0.000,0.000,0.036,0.32459,-0.27784,-0.005
16.750,0.000,0.000,0.036,0.32459,-0.27784,-0.005
16.760,0.000,0.000,0.036,0.32459,-0.27784,-0.005
16.770,0.000,0.000,0.036,0.32459,-0.27784,-0.005
16.780,0.000,0.000,0.036,0.32459,-0.27784,-0.005
16.790,0.000,0.000,0.036,0.32459,-0.27784,-0.005
16.800,0.000,0.000,0.036,0.32459,-0.27784,-0.005
16.810,0.000,0.000,0.036,0.32459,-0.27784,-0.005
16.820,0.000,0.000,0.036,0.32459,-0.27784,-0.005
16.830,0.000,0.000,0.036,0.32459,-0.27784,-0.005
16.840,0.000,0.000,0.036,0.32459,-0.27784,-0.005
16.850,0.000,0.000,0.036,0.32459,-0.27784,-0.005
16.860,0.000,0.000,0.036,0.32459,-0.27784,-0.005
16.870,0.000,0.000,0.036,0.32459,-0.27784,-0.005
16.880,0.000,0.000,0.036,0.32459,-0.27784,-0.005
16.890,0.000,0.000,0.036,0.32459,-0.27784,-0.005
16.900,0.000,0.000,0.036,0.32459,-0.27784,-0.005
16.910,0.000,0.000,0.036,0.32459,-0.27784,-0.005
16.920,0.000,0.000,0.036,0.32459,-0.27784,-0.005
16.930,0.000,0.000,0.036,0.32459,-0.27784,-0.005
16.940,0.000,0.000,0.036,0.32459,-0.27784,-0.005
16.950,0.000,0.000,0.036,0.32459,-0.27784,-0.005
16.960,0.001,0.001,0.036,0.32459,-0.27784,-0.005
16.970,0.002,0.002,0.036,0.32459,-0.27784,-0.005
16.980,0.002,0.004,0.036,0.32459,-0.27784,-0.005
16.990,0.003,0.006,0.036,0.32459,-0.27784,-0.005
17.000,0.004,0.009,0.036,0.32453,-0.27782,-0.005
17.010,0.005,0.012,0.036,0.32453,-0.27782,-0.005
17.020,0.006,0.015,0.036,0.32453,-0.27782,-0.005
17.030,0.006,0.019,0.036,0.32453,-0.27782,-0.005
17.040,0.009,0.024,0.036,0.32453,-0.27782,-0.005
17.050,0.011,0.029,0.036,0.32453,-0.27782,-0.005
17.060,0.014,0.035,0.036,0.32453,-0.27782,-0.005
17.070,0.016,0.041,0.036,0.32453,-0.27782,-0.005
17.080,0.018,0.047,0.036,0.32453,-0.27782,-0.005
17.090,0.021,0.054,0.036,0.32453,-0.27782,-0.005
17.100,0.023,0.061,0.036,0.32453,-0.27782,-0.005
17.110,0.022,0.063,0.036,0.32453,-0.27782,-0.005
17.120,0.018,0.065,0.036,0.32453,-0.27782,-0.005
17.130,0.014,0.066,0.036,0.32453,-0.27782,-0.005
17.140,0.009,0.066,0.036,0.32453,-0.27782,-0.005
17.150,0.004,0.067,0.036,0.32453,-0.27782,-0.005
17.160,0.000,0.067,0.036,0.32453,-0.27782,-0.005
17.170,-0.002,0.066,0.036,0.32453,-0.27782,-0.005
17.180,-0.002,0.064,0.036,0.32453,-0.27782,-0.005
17.190,-0.002,0.062,0.036,0.32453,-0.27782,-0.005
17.200,-0.001,0.061,0.036,0.32453,-0.27782,-0.005
17.210,0.000,0.059,0.036,0.32435,-0.27776,-0.005
17.220,0.000,0.056,0.036,0.32435,-0.27776,-0.005
17.230,0.000,0.054,0.036,0.32435,-0.27776,-0.005
17.240,0.000,0.051,0.036,0.32435,-0.27776,-0.005
17.250,0.000,0.048,0.036,0.32435,-0.27776,-0.005
17.260,0.000,0.045,0.036,0.32435,-0.27776,-0.005
17.270,0.000,0.041,0.036,0.32435,-0.27776,-0.005
17.280,0.000,0.038,0.036,0.32435,-0.27776,-0.005
17.290,0.000,0.034,0.036,0.32435,-0.27776,-0.005
17.300,0.000,0.030,0.036,0.32435,-0.27776,-0.005
17.310,0.000,0.025,0.036,0.32435,-0.27776,-0.005
17.320,0.000,0.020,0.036,0.32435,-0.27776,-0.005
17.330,-0.001,0.016,0.036,0.32435,-0.27776,-0.005
17.340,-0.002,0.011,0.036,0.32435,-0.27776,-0.005
17.350,-0.002,0.007,0.036,0.32435,-0.27776,-0.005
17.360,-0.003,0.003,0.036,0.32435,-0.27776,-0.005
17.370,-0.004,-0.002,0.036,0.32435,-0.27776,-0.005
17.380,-0.005,-0.006,0.036,0.32435,-0.27776,-0.005
17.390,-0.006,-0.010,0.036,0.32435,-0.27776,-0.005
17.400,-0.007,-0.015,0.036,0.32435,-0.27776,-0.005
17.410,-0.007,-0.019,0.036,0.32436,-0.27780,-0.005
17.420,-0.008,-0.024,0.036,0.32436,-0.27780,-0.005
17.430,-0.009,-0.028,0.036,0.32436,-0.27780,-0.005
17.440,-0.008,-0.032,0.036,0.32436,-0.27780,-0.005
17.450,-0.007,-0.036,0.036,0.32436,-0.27780,-0.005
17.460,-0.006,-0.041,0.036,0.32436,-0.27780,-0.005
17.470,-0.006,-0.045,0.036,0.32436,-0.27780,-0.005
17.480,-0.005,-0.049,0.036,0.32436,-0.27780,-0.005
17.490,-0.004,-0.053,0.036,0.32436,-0.27780,-0.005
17.500,-0.003,-0.058,0.036,0.32436,-0.27780,-0.005
17.510,-0.002,-0.062,0.036,0.32436,-0.27780,-0.005
17.520,-0.002,-0.066,0.036,0.32436,-0.27780,-0.005
17.530,-0.001,-0.070,0.036,0.32436,-0.27780,-0.005
17.540,0.000,-0.075,0.036,0.32436,-0.27780,-0.005
17.550,0.001,-0.079,0.036,0.32436,-0.27780,-0.005
17.560,0.002,-0.083,0.036,0.32436,-0.27780,-0.005
17.570,0.003,-0.087,0.036,0.32436,-0.27780,-0.005
17.580,0.003,-0.091,0.036,0.32436,-0.27780,-0.005
17.590,0.004,-0.095,0.036,0.32436,-0.27780,-0.005
17.600,0.005,-0.099,0.036,0.32436,-0.27780,-0.005
17.610,0.006,-0.103,0.036,0.32436,-0.27780,-0.005
17.620,0.007,-0.108,0.036,0.32412,-0.27769,-0.005
17.630,0.007,-0.112,0.036,0.32412,-0.27769,-0.005
17.640,0.008,-0.116,0.036,0.32412,-0.27769,-0.005
17.650,0.009,-0.120,0.036,0.32412,-0.27769,-0.005
17.660,0.010,-0.124,0.036,0.32412,-0.27769,-0.005
17.670,0.010,-0.128,0.036,0.32412,-0.27769,-0.005
17.680,0.011,-0.132,0.036,0.32412,-0.27769,-0.005
17.690,0.012,-0.136,0.036,0.32412,-0.27769,-0.005
17.700,0.013,-0.140,0.036,0.32412,-0.27769,-0.005
17.710,0.014,-0.144,0.036,0.32412,-0.27769,-0.005
17.720,0.014,-0.148,0.036,0.32412,-0.27769,-0.005
17.730,0.015,-0.152,0.036,0.32412,-0.27769,-0.005
17.740,0.016,-0.156,0.036,0.32412,-0.27769,-0.005
17.750,0.016,-0.160,0.036,0.32412,-0.27769,-0.005
17.760,0.011,-0.167,0.036,0.32412,-0.27769,-0.005
17.770,0.005,-0.172,0.036,0.32412,-0.27769,-0.005
17.780,0.000,-0.177,0.036,0.32412,-0.27769,-0.005
17.790,-0.003,-0.181,0.036,0.32412,-0.27769,-0.005
17.800,-0.005,-0.185,0.036,0.32412,-0.27769,-0.005
17.810,-0.007,-0.189,0.036,0.32412,-0.27769,-0.005
17.820,-0.008,-0.192,0.036,0.32366,-0.27767,-0.005
17.830,-0.008,-0.196,0.036,0.32366,-0.27767,-0.005
17.840,-0.009,-0.200,0.036,0.32366,-0.27767,-0.005
17.850,-0.008,-0.204,0.036,0.32366,-0.27767,-0.005
17.860,-0.008,-0.208,0.036,0.32366,-0.27767,-0.005
17.870,-0.006,-0.212,0.036,0.32366,-0.27767,-0.005
17.880,-0.005,-0.216,0.036,0.32366,-0.27767,-0.005
17.890,-0.003,-0.220,0.036,0.32366,-0.27767,-0.005
17.900,-0.002,-0.224,0.036,0.32366,-0.27767,-0.005
17.910,0.000,-0.228,0.036,0.32366,-0.27767,-0.005
17.920,0.002,-0.232,0.036,0.32366,-0.27767,-0.005
17.930,0.003,-0.236,0.036,0.32366,-0.27767,-0.005
17.940,0.005,-0.240,0.036,0.32366,-0.27767,-0.005
17.950,0.006,-0.243,0.036,0.32366,-0.27767,-0.005
17.960,0.008,-0.247,0.036,0.32366,-0.27767,0.000
17.970,0.010,-0.251,0.036,0.32366,-0.27767,0.000
17.980,0.011,-0.255,0.036,0.32366,-0.27767,0.000
17.990,0.013,-0.259,0.036,0.32366,-0.27767,0.000
18.000,0.014,-0.263,0.036,0.32366,-0.27767,0.000
18.010,0.016,-0.267,0.036,0.32366,-0.27767,0.000
18.020,0.017,-0.271,0.036,0.32366,-0.27767,0.000
18.030,0.019,-0.275,0.036,0.32307,-0.27767,0.000
18.040,0.021,-0.278,0.036,0.32307,-0.27767,0.000
18.050,0.022,-0.282,0.036,0.32307,-0.27767,0.000
18.060,0.024,-0.286,0.036,0.32307,-0.27767,0.000
18.070,0.025,-0.290,0.036,0.32307,-0.27767,0.000
18.080,0.027,-0.294,0.036,0.32307,-0.27767,0.000
18.090,0.028,-0.298,0.036,0.32307,-0.27767,0.000
18.100,0.030,-0.301,0.036,0.32307,-0.27767,0.000
18.110,0.031,-0.305,0.036,0.32307,-0.27767,0.000
18.120,0.033,-0.309,0.036,0.32307,-0.27767,0.000
18.130,0.034,-0.313,0.036,0.32307,-0.27767,0.000
18.140,0.036,-0.316,0.036,0.32307,-0.27767,0.000
18.150,0.037,-0.320,0.036,0.32307,-0.27767,0.000
18.160,0.039,-0.324,0.036,0.32307,-0.27767,0.000
18.170,0.040,-0.327,0.036,0.32307,-0.27767,0.000
18.180,0.042,-0.331,0.036,0.32307,-0.27767,0.000
18.190,0.043,-0.335,0.036,0.32307,-0.27767,0.000
18.200,0.045,-0.338,0.036,0.32307,-0.27767,0.000
18.210,0.046,-0.342,0.036,0.32307,-0.27767,0.000
18.220,0.047,-0.346,0.036,0.32307,-0.27767,0.000
18.230,0.049,-0.349,0.036,0.32058,-0.27783,0.000
18.240,0.050,-0.353,0.036,0.32058,-0.27783,0.000
18.250,0.052,-0.357,0.036,0.32058,-0.27783,0.000
18.260,0.053,-0.360,0.036,0.32058,-0.27783,0.000
18.270,0.055,-0.364,0.036,0.32058,-0.27783,0.000
18.280,0.055,-0.368,0.036,0.32058,-0.27783,0.000
18.290,0.056,-0.372,0.036,0.32058,-0.27783,0.000
18.300,0.057,-0.376,0.036,0.32058,-0.27783,0.000
18.310,0.057,-0.379,0.036,0.32058,-0.27783,0.000
18.320,0.056,-0.382,0.036,0.32058,-0.27783,0.000
18.330,0.055,-0.385,0.036,0.32058,-0.27783,0.000
18.340,0.053,-0.388,0.036,0.32058,-0.27783,0.000
18.350,0.051,-0.391,0.036,0.32058,-0.27783,0.000
18.360,0.050,-0.393,0.036,0.32058,-0.27783,0.000
18.370,0.049,-0.395,0.036,0.32058,-0.27783,0.000
18.380,0.048,-0.397,0.036,0.32058,-0.27783,0.000
18.390,0.048,-0.398,0.036,0.32058,-0.27783,0.000
18.400,0.047,-0.400,0.036,0.32058,-0.27783,0.000
18.410,0.047,-0.402,0.036,0.32058,-0.27783,0.000
18.420,0.047,-0.404,0.036,0.32058,-0.27783,0.000
18.430,0.047,-0.406,0.036,0.32058,-0.27783,0.000
18.440,0.047,-0.409,0.036,0.31539,-0.27849,0.000
18.450,0.047,-0.411,0.036,0.31539,-0.27849,0.000
18.460,0.047,-0.413,0.036,0.31539,-0.27849,0.000
18.470,0.047,-0.415,0.036,0.31539,-0.27849,0.000
18.480,0.047,-0.418,0.036,0.31539,-0.27849,0.000
18.490,0.047,-0.420,0.036,0.31539,-0.27849,0.000
18.500,0.046,-0.422,0.036,0.31539,-0.27849,0.000
18.510,0.047,-0.424,0.036,0.31539,-0.27849,0.000
18.520,0.048,-0.427,0.036,0.31539,-0.27849,0.000
18.530,0.048,-0.430,0.036,0.31539,-0.27849,0.005
18.540,0.049,-0.434,0.036,0.31539,-0.27849,0.005
18.550,0.050,-0.439,0.036,0.31539,-0.27849,0.005
18.560,0.050,-0.444,0.036,0.31539,-0.27849,0.005
18.570,0.051,-0.449,0.036,0.31539,-0.27849,0.005
18.580,0.052,-0.455,0.036,0.31539,-0.27849,0.005
18.590,0.052,-0.462,0.036,0.31539,-0.27849,0.005
18.600,0.053,-0.469,0.036,0.31539,-0.27849,0.005
18.610,0.054,-0.477,0.036,0.31539,-0.27849,0.005
18.620,0.054,-0.484,0.036,0.31539,-0.27849,0.005
18.630,0.055,-0.492,0.036,0.31539,-0.27849,0.005
18.640,0.056,-0.501,0.036,0.30795,-0.27938,0.005
18.650,0.056,-0.510,0.036,0.30795,-0.27938,0.005
18.660,0.057,-0.519,0.036,0.30795,-0.27938,0.005
18.670,0.057,-0.529,0.036,0.30795,-0.27938,0.005
18.680,0.058,-0.539,0.036,0.30795,-0.27938,0.005
18.690,0.059,-0.550,0.036,0.30795,-0.27938,0.005
18.700,0.059,-0.562,0.036,0.30795,-0.27938,0.005
18.710,0.060,-0.573,0.036,0.30795,-0.27938,0.005
18.720,0.061,-0.585,0.036,0.30795,-0.27938,0.005
18.730,0.063,-0.596,0.036,0.30795,-0.27938,0.005
18.740,0.064,-0.608,0.036,0.30795,-0.27938,0.005
18.750,0.065,-0.619,0.036,0.30795,-0.27938,0.005
18.760,0.067,-0.631,0.036,0.30795,-0.27938,0.005
18.770,0.068,-0.642,0.036,0.30795,-0.27938,0.005
18.780,0.070,-0.653,0.036,0.30795,-0.27938,0.005
18.790,0.071,-0.665,0.036,0.30795,-0.27938,0.005
18.800,0.072,-0.676,0.036,0.30795,-0.27938,0.005
18.810,0.074,-0.687,0.036,0.30795,-0.27938,0.005
18.820,0.075,-0.699,0.036,0.30795,-0.27938,0.005
18.830,0.076,-0.710,0.036,0.30795,-0.27938,0.005
18.840,0.078,-0.721,0.036,0.30795,-0.27938,0.005
18.850,0.079,-0.732,0.036,0.29702,-0.28064,0.011
18.860,0.080,-0.743,0.036,0.29702,-0.28064,0.011
18.870,0.082,-0.754,0.036,0.29702,-0.28064,0.011
18.880,0.083,-0.765,0.036,0.29702,-0.28064,0.011
18.890,0.084,-0.776,0.036,0.29702,-0.28064,0.011
18.900,0.086,-0.787,0.036,0.29702,-0.28064,0.011
18.910,0.087,-0.798,0.036,0.29702,-0.28064,0.011
18.920,0.088,-0.809,0.036,0.29702,-0.28064,0.011
18.930,0.090,-0.820,0.036,0.29702,-0.28064,0.011
18.940,0.091,-0.831,0.036,0.29702,-0.28064,0.011
18.950,0.092,-0.842,0.036,0.29702,-0.28064,0.011
18.960,0.093,-0.852,0.036,0.29702,-0.28064,0.011
18.970,0.095,-0.863,0.036,0.29702,-0.28064,0.011
18.980,0.096,-0.874,0.036,0.29702,-0.28064,0.011
18.990,0.097,-0.885,0.036,0.29702,-0.28064,0.011
19.000,0.099,-0.895,0.036,0.29702,-0.28064,0.011
19.010,0.100,-0.906,0.036,0.29702,-0.28064,0.011
19.020,0.101,-0.916,0.036,0.29702,-0.28064,0.011
19.030,0.102,-0.927,0.036,0.29702,-0.28064,0.011
19.040,0.104,-0.938,0.036,0.29702,-0.28064,0.013
19.050,0.105,-0.948,0.036,0.29702,-0.28064,0.013
19.060,0.106,-0.959,0.036,0.28079,-0.28247,0.013
19.070,0.107,-0.969,0.036,0.28079,-0.28247,0.013
19.080,0.109,-0.979,0.036,0.28079,-0.28247,0.013
19.090,0.110,-0.990,0.036,0.28079,-0.28247,0.013
19.100,0.111,-1.000,0.036,0.28079,-0.28247,0.013
19.110,0.112,-1.010,0.037,0.28079,-0.28247,0.013
19.120,0.114,-1.021,0.037,0.28079,-0.28247,0.013
19.130,0.115,-1.031,0.037,0.28079,-0.28247,0.013
19.140,0.116,-1.041,0.037,0.28079,-0.28247,0.013
19.150,0.117,-1.051,0.037,0.28079,-0.28247,0.013
19.160,0.118,-1.061,0.037,0.28079,-0.28247,0.013
19.170,0.120,-1.072,0.037,0.28079,-0.28247,0.013
19.180,0.121,-1.082,0.037,0.28079,-0.28247,0.013
19.190,0.122,-1.092,0.037,0.28079,-0.28247,0.018
19.200,0.123,-1.102,0.037,0.28079,-0.28247,0.018
19.210,0.124,-1.112,0.037,0.28079,-0.28247,0.018
19.220,0.126,-1.122,0.037,0.28079,-0.28247,0.018
19.230,0.127,-1.132,0.037,0.28079,-0.28247,0.018
19.240,0.128,-1.142,0.037,0.28079,-0.28247,0.018
19.250,0.129,-1.151,0.037,0.28079,-0.28247,0.018
19.260,0.130,-1.161,0.037,0.25899,-0.28492,0.018
19.270,0.131,-1.171,0.037,0.25899,-0.28492,0.018
19.280,0.133,-1.181,0.037,0.25899,-0.28492,0.018
19.290,0.134,-1.191,0.037,0.25899,-0.28492,0.018
19.300,0.135,-1.200,0.037,0.25899,-0.28492,0.024
19.310,0.136,-1.210,0.037,0.25899,-0.28492,0.024
19.320,0.137,-1.220,0.037,0.25899,-0.28492,0.024
19.330,0.138,-1.229,0.037,0.25899,-0.28492,0.024
19.340,0.140,-1.239,0.037,0.25899,-0.28492,0.024
19.350,0.141,-1.249,0.037,0.25899,-0.28492,0.024
19.360,0.142,-1.258,0.037,0.25899,-0.28492,0.024
19.370,0.143,-1.268,0.037,0.25899,-0.28492,0.024
19.380,0.144,-1.277,0.037,0.25899,-0.28492,0.024
19.390,0.145,-1.287,0.037,0.25899,-0.28492,0.024
19.400,0.146,-1.296,0.037,0.25899,-0.28492,0.024
19.410,0.147,-1.306,0.037,0.25899,-0.28492,0.029
19.420,0.149,-1.315,0.037,0.25899,-0.28492,0.029
19.430,0.150,-1.324,0.037,0.25899,-0.28492,0.029
19.440,0.151,-1.334,0.037,0.25899,-0.28492,0.029
19.450,0.152,-1.343,0.037,0.25899,-0.28492,0.029
19.460,0.153,-1.352,0.037,0.25899,-0.28492,0.029
19.470,0.154,-1.361,0.037,0.22813,-0.28839,0.029
19.480,0.155,-1.371,0.037,0.22813,-0.28839,0.029
19.490,0.156,-1.380,0.037,0.22813,-0.28839,0.029
19.500,0.157,-1.389,0.037,0.22813,-0.28839,0.032
19.510,0.159,-1.398,0.037,0.22813,-0.28839,0.032
19.520,0.160,-1.407,0.037,0.22813,-0.28839,0.032
19.530,0.161,-1.416,0.037,0.22813,-0.28839,0.032
19.540,0.162,-1.425,0.037,0.22813,-0.28839,0.032
19.550,0.163,-1.434,0.037,0.22813,-0.28839,0.032
19.560,0.164,-1.443,0.037,0.22813,-0.28839,0.032
19.570,0.165,-1.452,0.037,0.22813,-0.28839,0.032
19.580,0.166,-1.461,0.037,0.22813,-0.28839,0.032
19.590,0.167,-1.470,0.037,0.22813,-0.28839,0.037
19.600,0.168,-1.479,0.037,0.22813,-0.28839,0.037
19.610,0.169,-1.488,0.037,0.22813,-0.28839,0.037
19.620,0.170,-1.497,0.038,0.22813,-0.28839,0.037
19.630,0.171,-1.506,0.038,0.22813,-0.28839,0.037
19.640,0.172,-1.515,0.038,0.22813,-0.28839,0.037
19.650,0.173,-1.523,0.038,0.22813,-0.28839,0.037
19.660,0.174,-1.532,0.038,0.22813,-0.28839,0.037
19.670,0.175,-1.541,0.038,0.19004,-0.29269,0.037
19.680,0.176,-1.549,0.038,0.19004,-0.29269,0.042
19.690,0.177,-1.558,0.038,0.19004,-0.29269,0.042
19.700,0.179,-1.567,0.038,0.19004,-0.29269,0.042
19.710,0.180,-1.575,0.038,0.19004,-0.29269,0.042
19.720,0.181,-1.584,0.038,0.19004,-0.29269,0.042
19.730,0.182,-1.592,0.038,0.19004,-0.29269,0.042
19.740,0.183,-1.601,0.038,0.19004,-0.29269,0.042
19.750,0.184,-1.609,0.038,0.19004,-0.29269,0.042
19.760,0.185,-1.618,0.038,0.19004,-0.29269,0.048
19.770,0.186,-1.626,0.038,0.19004,-0.29269,0.048
19.780,0.187,-1.635,0.038,0.19004,-0.29269,0.048
19.790,0.188,-1.643,0.038,0.19004,-0.29269,0.048
19.800,0.189,-1.652,0.038,0.19004,-0.29269,0.048
19.810,0.190,-1.660,0.038,0.19004,-0.29269,0.048
19.820,0.191,-1.668,0.038,0.19004,-0.29269,0.048
19.830,0.192,-1.677,0.038,0.19004,-0.29269,0.053
19.840,0.193,-1.685,0.038,0.19004,-0.29269,0.053
19.850,0.193,-1.693,0.038,0.19004,-0.29269,0.053
19.860,0.194,-1.701,0.038,0.19004,-0.29269,0.053
19.870,0.195,-1.710,0.038,0.19004,-0.29269,0.053
19.880,0.196,-1.718,0.038,0.13987,-0.29837,0.053
19.890,0.197,-1.726,0.038,0.13987,-0.29837,0.053
19.900,0.198,-1.734,0.038,0.13987,-0.29837,0.053
19.910,0.199,-1.742,0.038,0.13987,-0.29837,0.055
19.920,0.200,-1.750,0.038,0.13987,-0.29837,0.055
19.930,0.201,-1.758,0.038,0.13987,-0.29837,0.055
19.940,0.202,-1.766,0.038,0.13987,-0.29837,0.055
19.950,0.203,-1.774,0.038,0.13987,-0.29837,0.055
19.960,0.204,-1.782,0.038,0.13987,-0.29837,0.055
19.970,0.205,-1.790,0.038,0.13987,-0.29837,0.055
19.980,0.206,-1.798,0.038,0.13987,-0.29837,0.061
19.990,0.207,-1.806,0.038,0.13987,-0.29837,0.061
20.000,0.208,-1.814,0.038,0.13987,-0.29837,0.061
20.010,0.209,-1.822,0.038,0.13987,-0.29837,0.061
20.020,0.210,-1.830,0.038,0.13987,-0.29837,0.061
20.030,0.211,-1.837,0.039,0.13987,-0.29837,0.061
20.040,0.212,-1.845,0.039,0.13987,-0.29837,0.061
20.050,0.212,-1.853,0.039,0.13987,-0.29837,0.066
20.060,0.213,-1.861,0.039,0.13987,-0.29837,0.066
20.070,0.214,-1.869,0.039,0.13987,-0.29837,0.066
20.080,0.215,-1.876,0.039,0.08151,-0.30501,0.066
20.090,0.216,-1.884,0.039,0.08151,-0.30501,0.066
20.100,0.217,-1.892,0.039,0.08151,-0.30501,0.066
20.110,0.218,-1.899,0.039,0.08151,-0.30501,0.066
20.120,0.219,-1.907,0.039,0.08151,-0.30501,0.071
20.130,0.220,-1.914,0.039,0.08151,-0.30501,0.071
20.140,0.221,-1.922,0.039,0.08151,-0.30501,0.071
20.150,0.221,-1.929,0.039,0.08151,-0.30501,0.071
20.160,0.222,-1.937,0.039,0.08151,-0.30501,0.071
20.170,0.223,-1.944,0.039,0.08151,-0.30501,0.071
20.180,0.224,-1.952,0.039,0.08151,-0.30501,0.071
20.190,0.225,-1.959,0.039,0.08151,-0.30501,0.071
20.200,0.226,-1.967,0.039,0.08151,-0.30501,0.074
20.210,0.227,-1.974,0.039,0.08151,-0.30501,0.074
20.220,0.228,-1.982,0.039,0.08151,-0.30501,0.074
20.230,0.229,-1.989,0.039,0.08151,-0.30501,0.074
20.240,0.229,-1.996,0.039,0.08151,-0.30501,0.074
20.250,0.230,-2.004,0.039,0.08151,-0.30501,0.074
20.260,0.231,-2.011,0.039,0.08151,-0.30501,0.074
20.270,0.232,-2.018,0.039,0.08151,-0.30501,0.079
20.280,0.233,-2.025,0.039,0.08151,-0.30501,0.079
20.290,0.234,-2.033,0.039,0.00831,-0.31335,0.079
20.300,0.234,-2.040,0.039,0.00831,-0.31335,0.079
20.310,0.235,-2.047,0.039,0.00831,-0.31335,0.079
20.320,0.236,-2.054,0.039,0.00831,-0.31335,0.079
20.330,0.237,-2.061,0.039,0.00831,-0.31335,0.079
20.340,0.238,-2.068,0.039,0.00831,-0.31335,0.085
20.350,0.239,-2.076,0.039,0.00831,-0.31335,0.085
20.360,0.240,-2.083,0.039,0.00831,-0.31335,0.085
20.370,0.240,-2.090,0.039,0.00831,-0.31335,0.085
20.380,0.241,-2.097,0.039,0.00831,-0.31335,0.085
20.390,0.242,-2.104,0.039,0.00831,-0.31335,0.085
20.400,0.242,-2.110,0.039,0.00831,-0.31335,0.085
20.410,0.242,-2.117,0.039,0.00831,-0.31335,0.085
20.420,0.241,-2.123,0.039,0.00831,-0.31335,0.085
20.430,0.241,-2.129,0.039,0.00831,-0.31335,0.090
20.440,0.239,-2.135,0.039,0.00831,-0.31335,0.090
20.450,0.238,-2.141,0.039,0.00831,-0.31335,0.090
20.460,0.236,-2.146,0.039,0.00831,-0.31335,0.090
20.470,0.234,-2.152,0.039,0.00831,-0.31335,0.090
20.480,0.232,-2.157,0.039,0.00831,-0.31335,0.090
20.490,0.230,-2.163,0.039,-0.07343,-0.32279,0.090
20.500,0.227,-2.167,0.039,-0.07343,-0.32279,0.090
20.510,0.224,-2.172,0.039,-0.07343,-0.32279,0.090
20.520,0.221,-2.177,0.039,-0.07343,-0.32279,0.090
20.530,0.218,-2.182,0.038,-0.07343,-0.32279,0.090
20.540,0.213,-2.187,0.038,-0.07343,-0.32279,0.095
20.550,0.208,-2.191,0.038,-0.07343,-0.32279,0.095
20.560,0.203,-2.196,0.038,-0.07343,-0.32279,0.095
20.570,0.197,-2.200,0.038,-0.07343,-0.32279,0.095
20.580,0.191,-2.204,0.037,-0.07343,-0.32279,0.095
20.590,0.185,-2.208,0.037,-0.07343,-0.32279,0.095
20.600,0.177,-2.212,0.037,-0.07343,-0.32279,0.095
20.610,0.171,-2.215,0.037,-0.07343,-0.32279,0.095
20.620,0.163,-2.219,0.036,-0.07343,-0.32279,0.095
20.630,0.157,-2.223,0.036,-0.07343,-0.32279,0.095
20.640,0.149,-2.227,0.036,-0.07343,-0.32279,0.095
20.650,0.143,-2.231,0.036,-0.07343,-0.32279,0.095
20.660,0.137,-2.235,0.035,-0.07343,-0.32279,0.095
20.670,0.133,-2.239,0.035,-0.07343,-0.32279,0.095
20.680,0.127,-2.242,0.035,-0.07343,-0.32279,0.095
20.690,0.123,-2.246,0.035,-0.07343,-0.32279,0.095
20.700,0.117,-2.250,0.034,-0.17237,-0.33438,0.095
20.710,0.112,-2.254,0.034,-0.17237,-0.33438,0.095
20.720,0.108,-2.258,0.034,-0.17237,-0.33438,0.098
20.730,0.105,-2.261,0.034,-0.17237,-0.33438,0.098
20.740,0.102,-2.265,0.034,-0.17237,-0.33438,0.098
20.750,0.101,-2.269,0.034,-0.17237,-0.33438,0.098
20.760,0.100,-2.273,0.034,-0.17237,-0.33438,0.098
20.770,0.100,-2.276,0.034,-0.17237,-0.33438,0.098
20.780,0.101,-2.280,0.034,-0.17237,-0.33438,0.098
20.790,0.104,-2.284,0.034,-0.17237,-0.33438,0.098
20.800,0.109,-2.287,0.034,-0.17237,-0.33438,0.103
20.810,0.116,-2.291,0.034,-0.17237,-0.33438,0.103
20.820,0.124,-2.295,0.035,-0.17237,-0.33438,0.103
20.830,0.134,-2.299,0.035,-0.17237,-0.33438,0.103
20.840,0.145,-2.302,0.036,-0.17237,-0.33438,0.108
20.850,0.158,-2.306,0.036,-0.17237,-0.33438,0.108
20.860,0.172,-2.309,0.037,-0.17237,-0.33438,0.108
20.870,0.188,-2.313,0.037,-0.17237,-0.33438,0.108
20.880,0.205,-2.317,0.038,-0.17237,-0.33438,0.114
20.890,0.224,-2.320,0.039,-0.17237,-0.33438,0.114
20.900,0.245,-2.324,0.040,-0.27989,-0.34482,0.114
20.910,0.266,-2.328,0.040,-0.27989,-0.34482,0.116
20.920,0.288,-2.332,0.041,-0.27989,-0.34482,0.116
20.930,0.309,-2.336,0.042,-0.27989,-0.34482,0.116
20.940,0.332,-2.340,0.043,-0.27989,-0.34482,0.116
20.950,0.353,-2.344,0.044,-0.27989,-0.34482,0.122
20.960,0.375,-2.348,0.045,-0.27989,-0.34482,0.122
20.970,0.395,-2.352,0.046,-0.27989,-0.34482,0.122
20.980,0.413,-2.357,0.046,-0.27989,-0.34482,0.122
20.990,0.430,-2.361,0.047,-0.27989,-0.34482,0.127
21.000,0.447,-2.365,0.048,-0.27989,-0.34482,0.127
21.010,0.463,-2.369,0.049,-0.27989,-0.34482,0.127
21.020,0.479,-2.374,0.049,-0.27989,-0.34482,0.127
21.030,0.495,-2.379,0.050,-0.27989,-0.34482,0.127
21.040,0.509,-2.383,0.050,-0.27989,-0.34482,0.132
21.050,0.523,-2.388,0.051,-0.27989,-0.34482,0.132
21.060,0.536,-2.393,0.052,-0.27989,-0.34482,0.132
21.070,0.550,-2.398,0.052,-0.27989,-0.34482,0.132
21.080,0.563,-2.402,0.053,-0.27989,-0.34482,0.132
21.090,0.576,-2.407,0.053,-0.27989,-0.34482,0.132
21.100,0.589,-2.412,0.054,-0.27989,-0.34482,0.137
21.110,0.604,-2.417,0.054,-0.40634,-0.35704,0.137
21.120,0.619,-2.422,0.055,-0.40634,-0.35704,0.137
21.130,0.635,-2.427,0.056,-0.40634,-0.35704,0.137
21.140,0.651,-2.432,0.056,-0.40634,-0.35704,0.137
21.150,0.669,-2.436,0.057,-0.40634,-0.35704,0.140
21.160,0.686,-2.441,0.058,-0.40634,-0.35704,0.140
21.170,0.705,-2.446,0.059,-0.40634,-0.35704,0.140
21.180,0.724,-2.451,0.059,-0.40634,-0.35704,0.140
21.190,0.745,-2.456,0.060,-0.40634,-0.35704,0.145
21.200,0.766,-2.460,0.061,-0.40634,-0.35704,0.145
21.210,0.786,-2.465,0.062,-0.40634,-0.35704,0.145
21.220,0.808,-2.470,0.063,-0.40634,-0.35704,0.145
21.230,0.830,-2.475,0.064,-0.40634,-0.35704,0.145
21.240,0.851,-2.479,0.065,-0.40634,-0.35704,0.151
21.250,0.873,-2.484,0.066,-0.40634,-0.35704,0.151
21.260,0.895,-2.489,0.067,-0.40634,-0.35704,0.151
21.270,0.916,-2.493,0.068,-0.40634,-0.35704,0.151
21.280,0.938,-2.498,0.069,-0.40634,-0.35704,0.156
21.290,0.959,-2.503,0.070,-0.40634,-0.35704,0.156
21.300,0.981,-2.507,0.071,-0.40634,-0.35704,0.156
21.310,1.002,-2.512,0.071,-0.40634,-0.35704,0.156
21.320,1.023,-2.516,0.072,-0.54696,-0.37347,0.159
21.330,1.044,-2.521,0.073,-0.54696,-0.37347,0.159
21.340,1.065,-2.525,0.074,-0.54696,-0.37347,0.159
21.350,1.087,-2.530,0.075,-0.54696,-0.37347,0.159
21.360,1.108,-2.535,0.076,-0.54696,-0.37347,0.159
21.370,1.128,-2.539,0.077,-0.54696,-0.37347,0.164
21.380,1.150,-2.543,0.078,-0.54696,-0.37347,0.164
21.390,1.172,-2.547,0.079,-0.54696,-0.37347,0.164
21.400,1.193,-2.551,0.080,-0.54696,-0.37347,0.164
21.410,1.215,-2.556,0.081,-0.54696,-0.37347,0.164
21.420,1.236,-2.560,0.082,-0.54696,-0.37347,0.169
21.430,1.257,-2.564,0.083,-0.54696,-0.37347,0.169
21.440,1.278,-2.568,0.084,-0.54696,-0.37347,0.169
21.450,1.300,-2.572,0.085,-0.54696,-0.37347,0.169
21.460,1.321,-2.576,0.086,-0.54696,-0.37347,0.169
21.470,1.342,-2.580,0.087,-0.54696,-0.37347,0.174
21.480,1.363,-2.584,0.087,-0.54696,-0.37347,0.174
21.490,1.384,-2.588,0.088,-0.54696,-0.37347,0.174
21.500,1.405,-2.592,0.089,-0.54696,-0.37347,0.174
21.510,1.425,-2.596,0.090,-0.54696,-0.37347,0.174
21.520,1.446,-2.600,0.091,-0.69428,-0.39599,0.180
21.530,1.467,-2.604,0.092,-0.69428,-0.39599,0.180
21.540,1.487,-2.608,0.093,-0.69428,-0.39599,0.180
21.550,1.508,-2.612,0.094,-0.69428,-0.39599,0.180
21.560,1.528,-2.616,0.095,-0.69428,-0.39599,0.180
21.570,1.549,-2.619,0.096,-0.69428,-0.39599,0.180
21.580,1.569,-2.623,0.097,-0.69428,-0.39599,0.182
21.590,1.589,-2.627,0.098,-0.69428,-0.39599,0.182
21.600,1.610,-2.631,0.099,-0.69428,-0.39599,0.182
21.610,1.630,-2.635,0.100,-0.69428,-0.39599,0.182
21.620,1.650,-2.639,0.101,-0.69428,-0.39599,0.182
21.630,1.670,-2.643,0.101,-0.69428,-0.39599,0.182
21.640,1.690,-2.647,0.102,-0.69428,-0.39599,0.188
21.650,1.710,-2.650,0.103,-0.69428,-0.39599,0.188
21.660,1.730,-2.654,0.104,-0.69428,-0.39599,0.188
21.670,1.750,-2.658,0.105,-0.69428,-0.39599,0.188
21.680,1.770,-2.662,0.106,-0.69428,-0.39599,0.188
21.690,1.789,-2.666,0.107,-0.69428,-0.39599,0.188
21.700,1.809,-2.669,0.108,-0.69428,-0.39599,0.193
21.710,1.828,-2.673,0.109,-0.69428,-0.39599,0.193
21.720,1.848,-2.677,0.110,-0.69428,-0.39599,0.193
21.730,1.867,-2.681,0.111,-0.86309,-0.42989,0.193
21.740,1.887,-2.684,0.112,-0.86309,-0.42989,0.193
21.750,1.906,-2.688,0.112,-0.86309,-0.42989,0.193
21.760,1.925,-2.692,0.113,-0.86309,-0.42989,0.198
21.770,1.945,-2.695,0.114,-0.86309,-0.42989,0.198
21.780,1.964,-2.699,0.115,-0.86309,-0.42989,0.198
21.790,1.983,-2.703,0.116,-0.86309,-0.42989,0.198
21.800,2.002,-2.706,0.117,-0.86309,-0.42989,0.198
21.810,2.021,-2.710,0.118,-0.86309,-0.42989,0.198
21.820,2.040,-2.714,0.119,-0.86309,-0.42989,0.198
21.830,2.059,-2.717,0.120,-0.86309,-0.42989,0.201
21.840,2.078,-2.721,0.120,-0.86309,-0.42989,0.201
21.850,2.096,-2.724,0.121,-0.86309,-0.42989,0.201
21.860,2.115,-2.728,0.122,-0.86309,-0.42989,0.201
21.870,2.134,-2.732,0.123,-0.86309,-0.42989,0.201
21.880,2.152,-2.735,0.124,-0.86309,-0.42989,0.201
21.890,2.171,-2.739,0.125,-0.86309,-0.42989,0.201
21.900,2.189,-2.742,0.126,-0.86309,-0.42989,0.201
21.910,2.208,-2.746,0.127,-0.86309,-0.42989,0.206
21.920,2.226,-2.749,0.128,-0.86309,-0.42989,0.206
21.930,2.245,-2.753,0.128,-1.03748,-0.47444,0.206
21.940,2.263,-2.756,0.129,-1.03748,-0.47444,0.206
21.950,2.281,-2.760,0.130,-1.03748,-0.47444,0.206
21.960,2.299,-2.763,0.131,-1.03748,-0.47444,0.206
21.970,2.317,-2.767,0.132,-1.03748,-0.47444,0.206
21.980,2.335,-2.770,0.133,-1.03748,-0.47444,0.206
21.990,2.353,-2.774,0.134,-1.03748,-0.47444,0.206
22.000,2.371,-2.777,0.135,-1.03748,-0.47444,0.211
22.010,2.389,-2.781,0.135,-1.03748,-0.47444,0.211
22.020,2.407,-2.784,0.136,-1.03748,-0.47444,0.211
22.030,2.425,-2.788,0.137,-1.03748,-0.47444,0.211
22.040,2.443,-2.791,0.138,-1.03748,-0.47444,0.211
22.050,2.460,-2.794,0.139,-1.03748,-0.47444,0.211
22.060,2.478,-2.798,0.140,-1.03748,-0.47444,0.211
22.070,2.496,-2.801,0.141,-1.03748,-0.47444,0.211
22.080,2.514,-2.805,0.142,-1.03748,-0.47444,0.211
22.090,2.533,-2.809,0.142,-1.03748,-0.47444,0.217
22.100,2.551,-2.813,0.143,-1.03748,-0.47444,0.217
22.110,2.569,-2.816,0.144,-1.03748,-0.47444,0.217
22.120,2.587,-2.820,0.145,-1.03748,-0.47444,0.217
22.130,2.605,-2.824,0.146,-1.03748,-0.47444,0.217
22.140,2.623,-2.828,0.147,-1.23494,-0.53647,0.217
22.150,2.641,-2.831,0.148,-1.23494,-0.53647,0.217
22.160,2.659,-2.835,0.149,-1.23494,-0.53647,0.217
22.170,2.677,-2.839,0.150,-1.23494,-0.53647,0.217
22.180,2.694,-2.842,0.150,-1.23494,-0.53647,0.217
22.190,2.712,-2.846,0.151,-1.23494,-0.53647,0.217
22.200,2.730,-2.849,0.152,-1.23494,-0.53647,0.222
22.210,2.747,-2.853,0.153,-1.23494,-0.53647,0.222
22.220,2.765,-2.857,0.154,-1.23494,-0.53647,0.222
22.230,2.782,-2.860,0.155,-1.23494,-0.53647,0.222
22.240,2.800,-2.864,0.156,-1.23494,-0.53647,0.222
22.250,2.817,-2.867,0.156,-1.23494,-0.53647,0.222
22.260,2.834,-2.871,0.157,-1.23494,-0.53647,0.222
22.270,2.852,-2.875,0.158,-1.23494,-0.53647,0.222
22.280,2.869,-2.878,0.159,-1.23494,-0.53647,0.222
22.290,2.886,-2.882,0.160,-1.23494,-0.53647,0.222
22.300,2.903,-2.885,0.161,-1.23494,-0.53647,0.222
22.310,2.920,-2.889,0.162,-1.23494,-0.53647,0.222
22.320,2.937,-2.892,0.163,-1.23494,-0.53647,0.222
22.330,2.954,-2.896,0.163,-1.23494,-0.53647,0.225
22.340,2.971,-2.899,0.164,-1.43677,-0.61215,0.225
22.350,2.988,-2.903,0.165,-1.43677,-0.61215,0.225
22.360,3.005,-2.906,0.166,-1.43677,-0.61215,0.225
22.370,3.021,-2.910,0.167,-1.43677,-0.61215,0.225
22.380,3.038,-2.913,0.168,-1.43677,-0.61215,0.225
22.390,3.055,-2.916,0.168,-1.43677,-0.61215,0.225
22.400,3.071,-2.920,0.169,-1.43677,-0.61215,0.225
22.410,3.088,-2.923,0.170,-1.43677,-0.61215,0.225
22.420,3.104,-2.927,0.171,-1.43677,-0.61215,0.225
22.430,3.121,-2.930,0.172,-1.43677,-0.61215,0.225
22.440,3.137,-2.933,0.173,-1.43677,-0.61215,0.225
22.450,3.154,-2.937,0.174,-1.43677,-0.61215,0.225
22.460,3.170,-2.940,0.174,-1.43677,-0.61215,0.225
22.470,3.186,-2.944,0.175,-1.43677,-0.61215,0.225
22.480,3.202,-2.947,0.176,-1.43677,-0.61215,0.225
22.490,3.219,-2.950,0.177,-1.43677,-0.61215,0.225
22.500,3.235,-2.954,0.178,-1.43677,-0.61215,0.225
22.510,3.251,-2.957,0.179,-1.43677,-0.61215,0.230
22.520,3.267,-2.960,0.179,-1.43677,-0.61215,0.230
22.530,3.283,-2.963,0.180,-1.43677,-0.61215,0.230
22.540,3.299,-2.967,0.181,-1.43677,-0.61215,0.230
22.550,3.315,-2.970,0.182,-1.66325,-0.71113,0.230
22.560,3.330,-2.973,0.183,-1.66325,-0.71113,0.230
22.570,3.346,-2.976,0.183,-1.66325,-0.71113,0.230
22.580,3.362,-2.980,0.184,-1.66325,-0.71113,0.230
22.590,3.378,-2.983,0.185,-1.66325,-0.71113,0.230
22.600,3.393,-2.986,0.186,-1.66325,-0.71113,0.230
22.610,3.409,-2.989,0.187,-1.66325,-0.71113,0.230
22.620,3.424,-2.993,0.188,-1.66325,-0.71113,0.230
22.630,3.440,-2.996,0.188,-1.66325,-0.71113,0.230
22.640,3.455,-2.999,0.189,-1.66325,-0.71113,0.230
22.650,3.471,-3.002,0.190,-1.66325,-0.71113,0.230
22.660,3.486,-3.005,0.191,-1.66325,-0.71113,0.230
22.670,3.501,-3.009,0.192,-1.66325,-0.71113,0.230
22.680,3.516,-3.012,0.192,-1.66325,-0.71113,0.230
22.690,3.532,-3.015,0.193,-1.66325,-0.71113,0.230
22.700,3.547,-3.018,0.194,-1.66325,-0.71113,0.230
22.710,3.562,-3.021,0.195,-1.66325,-0.71113,0.230
22.720,3.577,-3.024,0.196,-1.66325,-0.71113,0.230
22.730,3.592,-3.027,0.196,-1.66325,-0.71113,0.230
22.740,3.607,-3.030,0.197,-1.66325,-0.71113,0.230
22.750,3.622,-3.033,0.198,-1.89287,-0.82572,0.230
22.760,3.637,-3.037,0.199,-1.89287,-0.82572,0.230
22.770,3.652,-3.040,0.200,-1.89287,-0.82572,0.230
22.780,3.667,-3.043,0.200,-1.89287,-0.82572,0.230
22.790,3.681,-3.046,0.201,-1.89287,-0.82572,0.230
22.800,3.696,-3.049,0.202,-1.89287,-0.82572,0.230
22.810,3.711,-3.052,0.203,-1.89287,-0.82572,0.230
22.820,3.725,-3.055,0.203,-1.89287,-0.82572,0.235
22.830,3.740,-3.058,0.204,-1.89287,-0.82572,0.235
22.840,3.754,-3.061,0.205,-1.89287,-0.82572,0.235
22.850,3.769,-3.064,0.206,-1.89287,-0.82572,0.235
22.860,3.783,-3.067,0.207,-1.89287,-0.82572,0.235
22.870,3.798,-3.070,0.207,-1.89287,-0.82572,0.235
22.880,3.812,-3.073,0.208,-1.89287,-0.82572,0.235
22.890,3.826,-3.076,0.209,-1.89287,-0.82572,0.235
22.900,3.841,-3.079,0.210,-1.89287,-0.82572,0.235
22.910,3.855,-3.082,0.210,-1.89287,-0.82572,0.235
22.920,3.869,-3.085,0.211,-1.89287,-0.82572,0.235
22.930,3.883,-3.088,0.212,-1.89287,-0.82572,0.235
22.940,3.897,-3.090,0.213,-1.89287,-0.82572,0.235
22.950,3.911,-3.093,0.213,-1.89287,-0.82572,0.235
22.960,3.926,-3.096,0.214,-2.14865,-0.96905,0.235
22.970,3.940,-3.099,0.215,-2.14865,-0.96905,0.235
22.980,3.953,-3.102,0.216,-2.14865,-0.96905,0.235
22.990,3.967,-3.105,0.216,-2.14865,-0.96905,0.235
23.000,3.981,-3.108,0.217,-2.14865,-0.96905,0.235
23.010,3.995,-3.111,0.218,-2.14865,-0.96905,0.235
23.020,4.009,-3.114,0.219,-2.14865,-0.96905,0.235
23.030,4.022,-3.116,0.219,-2.14865,-0.96905,0.235
23.040,4.036,-3.119,0.220,-2.14865,-0.96905,0.235
23.050,4.050,-3.122,0.221,-2.14865,-0.96905,0.235
23.060,4.063,-3.125,0.222,-2.14865,-0.96905,0.235
23.070,4.077,-3.128,0.222,-2.14865,-0.96905,0.235
23.080,4.091,-3.131,0.223,-2.14865,-0.96905,0.235
23.090,4.104,-3.133,0.224,-2.14865,-0.96905,0.235
23.100,4.117,-3.136,0.225,-2.14865,-0.96905,0.235
23.110,4.131,-3.139,0.225,-2.14865,-0.96905,0.235
23.120,4.144,-3.142,0.226,-2.14865,-0.96905,0.235
23.130,4.158,-3.144,0.227,-2.14865,-0.96905,0.235
23.140,4.171,-3.147,0.228,-2.14865,-0.96905,0.235
23.150,4.184,-3.150,0.228,-2.14865,-0.96905,0.235
23.160,4.197,-3.153,0.229,-2.40625,-1.12889,0.235
23.170,4.210,-3.155,0.230,-2.40625,-1.12889,0.235
23.180,4.224,-3.158,0.230,-2.40625,-1.12889,0.235
23.190,4.237,-3.161,0.231,-2.40625,-1.12889,0.235
23.200,4.250,-3.164,0.232,-2.40625,-1.12889,0.235
23.210,4.263,-3.166,0.233,-2.40625,-1.12889,0.235
23.220,4.276,-3.169,0.233,-2.40625,-1.12889,0.235
23.230,4.289,-3.172,0.234,-2.40625,-1.12889,0.235
23.240,4.301,-3.174,0.235,-2.40625,-1.12889,0.235
23.250,4.314,-3.177,0.235,-2.40625,-1.12889,0.235
23.260,4.327,-3.180,0.236,-2.40625,-1.12889,0.235
23.270,4.340,-3.182,0.237,-2.40625,-1.12889,0.235
23.280,4.353,-3.185,0.238,-2.40625,-1.12889,0.235
23.290,4.365,-3.188,0.238,-2.40625,-1.12889,0.235
23.300,4.378,-3.190,0.239,-2.40625,-1.12889,0.235
23.310,4.391,-3.193,0.240,-2.40625,-1.12889,0.235
23.320,4.403,-3.195,0.240,-2.40625,-1.12889,0.235
23.330,4.415,-3.198,0.241,-2.40625,-1.12889,0.235
23.340,4.427,-3.200,0.242,-2.40625,-1.12889,0.235
23.350,4.438,-3.202,0.242,-2.40625,-1.12889,0.235
23.360,4.450,-3.204,0.243,-2.40625,-1.12889,0.235
23.370,4.462,-3.206,0.244,-2.69142,-1.32254,0.235
23.380,4.473,-3.209,0.244,-2.69142,-1.32254,0.235
23.390,4.485,-3.211,0.245,-2.69142,-1.32254,0.235
23.400,4.496,-3.213,0.246,-2.69142,-1.32254,0.235
23.410,4.508,-3.215,0.246,-2.69142,-1.32254,0.235
23.420,4.519,-3.217,0.247,-2.69142,-1.32254,0.235
23.430,4.530,-3.219,0.248,-2.69142,-1.32254,0.235
23.440,4.542,-3.221,0.248,-2.69142,-1.32254,0.235
23.450,4.553,-3.224,0.249,-2.69142,-1.32254,0.235
23.460,4.564,-3.226,0.250,-2.69142,-1.32254,0.235
23.470,4.576,-3.228,0.250,-2.69142,-1.32254,0.235
23.480,4.587,-3.230,0.251,-2.69142,-1.32254,0.235
23.490,4.598,-3.232,0.251,-2.69142,-1.32254,0.235
23.500,4.609,-3.234,0.252,-2.69142,-1.32254,0.235
23.510,4.620,-3.236,0.253,-2.69142,-1.32254,0.235
23.520,4.632,-3.238,0.253,-2.69142,-1.32254,0.235
23.530,4.643,-3.240,0.254,-2.69142,-1.32254,0.235
23.540,4.654,-3.242,0.255,-2.69142,-1.32254,0.235
23.550,4.665,-3.245,0.255,-2.69142,-1.32254,0.235
23.560,4.676,-3.247,0.256,-2.69142,-1.32254,0.235
23.570,4.687,-3.249,0.256,-2.97682,-1.53228,0.235
23.580,4.697,-3.251,0.257,-2.97682,-1.53228,0.240
23.590,4.720,-3.278,0.264,-2.97682,-1.53228,0.243
23.600,4.765,-3.337,0.275,-2.97682,-1.53228,0.243
23.610,4.827,-3.419,0.287,-2.97682,-1.53228,0.248
23.620,4.895,-3.510,0.297,-2.97682,-1.53228,0.254
23.630,4.959,-3.597,0.307,-2.97682,-1.53228,0.259
23.640,5.022,-3.685,0.316,-2.97682,-1.53228,0.259
23.650,5.082,-3.772,0.325,-2.97682,-1.53228,0.264
23.660,5.141,-3.858,0.335,-2.97682,-1.53228,0.267
23.670,5.199,-3.944,0.344,-2.97682,-1.53228,0.272
23.680,5.255,-4.030,0.353,-2.97682,-1.53228,0.272
23.690,5.314,-4.115,0.363,-2.97682,-1.53228,0.277
23.700,5.373,-4.200,0.372,-2.97682,-1.53228,0.283
23.710,5.434,-4.285,0.382,-2.97682,-1.53228,0.283
23.720,5.495,-4.369,0.392,-2.97682,-1.53228,0.285
23.730,5.557,-4.452,0.402,-2.97682,-1.53228,0.291
23.740,5.619,-4.535,0.412,-2.97682,-1.53228,0.296
23.750,5.682,-4.617,0.423,-2.97682,-1.53228,0.296
23.760,5.746,-4.699,0.433,-2.97682,-1.53228,0.301
23.770,5.810,-4.781,0.444,-2.97682,-1.53228,0.304
23.780,5.875,-4.862,0.454,-3.27507,-1.76608,0.309
23.790,5.942,-4.943,0.465,-3.27507,-1.76608,0.314
23.800,6.009,-5.024,0.476,-3.27507,-1.76608,0.314
23.810,6.075,-5.105,0.487,-3.27507,-1.76608,0.320
23.820,6.142,-5.186,0.498,-3.27507,-1.76608,0.325
23.830,6.210,-5.268,0.510,-3.27507,-1.76608,0.328
23.840,6.277,-5.350,0.521,-3.27507,-1.76608,0.328
23.850,6.346,-5.432,0.533,-3.27507,-1.76608,0.333
23.860,6.414,-5.515,0.544,-3.27507,-1.76608,0.338
23.870,6.481,-5.597,0.556,-3.27507,-1.76608,0.344
23.880,6.548,-5.680,0.568,-3.27507,-1.76608,0.346
23.890,6.615,-5.762,0.579,-3.27507,-1.76608,0.346
23.900,6.679,-5.844,0.591,-3.27507,-1.76608,0.351
23.910,6.744,-5.926,0.603,-3.27507,-1.76608,0.357
23.920,6.807,-6.008,0.614,-3.27507,-1.76608,0.357
23.930,6.868,-6.089,0.626,-3.27507,-1.76608,0.362
23.940,6.929,-6.170,0.637,-3.27507,-1.76608,0.367
23.950,6.988,-6.251,0.649,-3.27507,-1.76608,0.367
23.960,7.047,-6.332,0.660,-3.27507,-1.76608,0.370
23.970,7.105,-6.413,0.672,-3.27507,-1.76608,0.370
23.980,7.162,-6.494,0.683,-3.27507,-1.76608,0.375
23.990,7.219,-6.575,0.694,-3.60217,-2.03836,0.380
24.000,7.285,-6.658,0.704,-3.60217,-2.03836,0.388
24.010,7.384,-6.771,0.726,-3.60217,-2.03836,0.399
24.020,7.522,-6.922,0.765,-3.60217,-2.03836,0.410
24.030,7.685,-7.100,0.813,-3.60217,-2.03836,0.417
24.040,7.856,-7.288,0.861,-3.60217,-2.03836,0.423
24.050,8.022,-7.474,0.907,-3.60217,-2.03836,0.431
24.060,8.187,-7.658,0.954,-3.60217,-2.03836,0.441
24.070,8.350,-7.843,1.001,-3.60217,-2.03836,0.452
24.080,8.512,-8.027,1.049,-3.60217,-2.03836,0.460
24.090,8.674,-8.211,1.097,-3.60217,-2.03836,0.470
24.100,8.838,-8.397,1.143,-3.60217,-2.03836,0.478
24.110,9.010,-8.590,1.191,-3.60217,-2.03836,0.489
24.120,9.191,-8.793,1.242,-3.60217,-2.03836,0.497
24.130,9.380,-9.006,1.297,-3.60217,-2.03836,0.507
24.140,9.577,-9.227,1.353,-3.60217,-2.03836,0.521
24.150,9.779,-9.455,1.412,-3.60217,-2.03836,0.531
24.160,9.987,-9.689,1.473,-3.60217,-2.03836,0.544
24.170,10.200,-9.930,1.537,-3.60217,-2.03836,0.558
24.180,10.439,-10.196,1.612,-3.60217,-2.03836,0.573
24.190,10.712,-10.495,1.704,-3.96308,-2.33665,0.592
24.200,11.013,-10.825,1.811,-3.96308,-2.33665,0.605
24.210,11.334,-11.177,1.928,-3.96308,-2.33665,0.624
24.220,11.664,-11.542,2.050,-3.96308,-2.33665,0.642
24.230,11.998,-11.913,2.175,-3.96308,-2.33665,0.663
24.240,12.335,-12.287,2.301,-3.96308,-2.33665,0.676
24.250,12.676,-12.666,2.430,-3.96308,-2.33665,0.695
24.260,13.021,-13.054,2.565,-3.96308,-2.33665,0.719
24.270,13.378,-13.458,2.710,-3.96308,-2.33665,0.737
24.280,13.752,-13.884,2.867,-3.96308,-2.33665,0.766
24.290,14.181,-14.365,3.058,-3.96308,-2.33665,0.793
24.300,14.688,-14.928,3.299,-3.96308,-2.33665,0.827
24.310,15.266,-15.572,3.592,-3.96308,-2.33665,0.859
24.320,15.894,-16.279,3.926,-3.96308,-2.33665,0.893
24.330,16.534,-17.013,4.278,-3.96308,-2.33665,0.925
24.340,17.168,-17.743,4.632,-3.96308,-2.33665,0.954
24.350,17.796,-18.478,4.995,-3.96308,-2.33665,0.986
24.360,18.418,-19.217,5.366,-3.96308,-2.33665,1.020
24.370,19.034,-19.961,5.745,-3.96308,-2.33665,1.046
24.380,19.642,-20.710,6.134,-3.96308,-2.33665,1.075
24.390,20.244,-21.464,6.531,-3.96308,-2.33665,1.107
24.400,20.840,-22.223,6.937,-4.53956,-2.79565,1.136
24.410,21.428,-22.987,7.352,-4.53956,-2.79565,1.165
24.420,22.010,-23.756,7.775,-4.53956,-2.79565,1.197
24.430,22.584,-24.531,8.208,-4.53956,-2.79565,1.239
24.440,23.278,-25.492,8.785,-4.53956,-2.79565,1.282
24.450,24.125,-26.695,9.550,-4.53956,-2.79565,1.324
24.460,25.000,-27.984,10.389,-4.53956,-2.79565,1.366
24.470,25.861,-29.294,11.252,-4.53956,-2.79565,1.403
24.480,26.701,-30.623,12.140,-4.53956,-2.79565,1.445
24.490,27.521,-31.973,13.055,-4.53956,-2.79565,1.480
24.500,28.318,-33.343,13.994,-4.53956,-2.79565,1.517
24.510,29.093,-34.734,14.960,-4.53956,-2.79565,1.548
24.520,29.845,-36.146,15.951,-4.53956,-2.79565,1.583
24.530,30.572,-37.580,16.968,-4.53956,-2.79565,1.614
24.540,31.276,-39.034,18.010,-4.53956,-2.79565,1.649
24.550,31.954,-40.510,19.077,-4.53956,-2.79565,1.675
24.560,32.594,-42.074,20.225,-4.53956,-2.79565,1.710
24.570,33.283,-43.832,21.543,-4.53956,-2.79565,1.770
24.580,33.942,-45.638,22.851,-4.53956,-2.79565,1.831
24.590,35.119,-48.456,24.936,-4.53956,-2.79565,1.892
24.600,36.068,-51.900,27.258,-5.67517,-3.76266,1.945
24.610,36.804,-55.344,29.482,-5.67517,-3.76266,1.995
24.620,37.512,-58.982,31.896,-5.67517,-3.76266,2.037
24.630,38.094,-62.676,34.375,-5.67517,-3.76266,2.080
24.640,38.546,-66.413,36.907,-5.67517,-3.76266,2.114
24.650,38.867,-70.182,39.477,-5.67517,-3.76266,2.140
24.660,39.054,-73.967,42.071,-5.67517,-3.76266,2.159
24.670,39.107,-77.754,44.671,-5.67517,-3.76266,2.177
24.680,39.027,-81.528,47.262,-5.67517,-3.76266,2.188
24.690,38.816,-85.275,49.827,-5.67517,-3.76266,2.193
24.700,38.477,-88.981,52.352,-5.67517,-3.76266,2.193
24.710,38.013,-92.632,54.823,-5.67517,-3.76266,2.188
24.720,37.430,-96.219,57.227,-5.67517,-3.76266,2.175
24.730,36.732,-99.732,59.553,-5.67517,-3.76266,2.159
24.740,35.925,-103.163,61.795,-5.67517,-3.76266,2.135
24.750,35.016,-106.507,63.943,-5.67517,-3.76266,2.109
24.760,34.010,-109.760,65.993,-5.67517,-3.76266,2.072
24.770,32.915,-112.919,67.942,-5.67517,-3.76266,2.032
24.780,31.737,-115.984,69.787,-5.67517,-3.76266,1.990
24.790,30.482,-118.956,71.528,-5.67517,-3.76266,1.939
24.800,29.156,-121.836,73.164,-5.67517,-3.76266,1.884
24.810,27.766,-124.627,74.699,-7.40251,-5.49566,1.826
24.820,26.318,-127.332,76.132,-7.40251,-5.49566,1.760
24.830,24.816,-129.956,77.467,-7.40251,-5.49566,1.691
24.840,23.266,-132.502,78.707,-7.40251,-5.49566,1.620
24.850,21.673,-134.975,79.854,-7.40251,-5.49566,1.540
24.860,20.041,-137.381,80.911,-7.40251,-5.49566,1.461
24.870,18.375,-139.723,81.882,-7.40251,-5.49566,1.371
24.880,16.678,-142.007,82.770,-7.40251,-5.49566,1.282
24.890,14.954,-144.238,83.577,-7.40251,-5.49566,1.189
24.900,13.207,-146.420,84.306,-7.40251,-5.49566,1.089
24.910,11.440,-148.559,84.960,-7.40251,-5.49566,0.986
24.920,9.655,-150.658,85.542,-7.40251,-5.49566,0.883
24.930,7.857,-152.723,86.053,-7.40251,-5.49566,0.774
24.940,6.047,-154.757,86.495,-7.40251,-5.49566,0.666
24.950,4.228,-156.765,86.870,-7.40251,-5.49566,0.555
24.960,2.403,-158.752,87.180,-7.40251,-5.49566,0.489
24.970,0.573,-160.722,87.426,-7.40251,-5.49566,0.320
24.980,-0.101,-165.520,86.438,-7.40251,-5.49566,0.140
24.990,-3.386,-172.093,86.132,-7.40251,-5.49566,-0.021
25.000,-6.831,-179.222,85.454,-7.40251,-5.49566,0.074
25.010,-10.202,173.863,84.415,-8.27879,-6.55239,0.156
25.020,-8.161,170.925,84.030,-8.27879,-6.55239,0.206
25.030,-6.557,167.877,83.732,-8.27879,-6.55239,0.264
25.040,-5.335,164.486,83.322,-8.27879,-6.55239,0.314
25.050,-4.095,161.120,82.987,-8.27879,-6.55239,0.362
25.060,-2.841,157.775,82.727,-8.27879,-6.55239,0.410
25.070,-1.578,154.449,82.541,-8.27879,-6.55239,0.431
25.080,-0.310,151.139,82.429,-8.27879,-6.55239,0.441
25.090,0.280,148.814,82.368,-8.27879,-6.55239,0.441
25.100,0.606,146.889,82.295,-8.27879,-6.55239,0.436
25.110,0.640,145.205,82.234,-8.27879,-6.55239,0.428
25.120,0.573,143.657,82.269,-8.27879,-6.55239,0.412
25.130,0.396,142.254,82.253,-8.27879,-6.55239,0.404
25.140,0.165,140.979,82.237,-8.27879,-6.55239,0.399
25.150,0.005,139.904,82.269,-8.27879,-6.55239,0.399
25.160,-0.086,139.009,82.289,-8.27879,-6.55239,0.394
25.170,-0.096,138.272,82.307,-8.27879,-6.55239,0.399
25.180,-0.072,137.696,82.302,-8.27879,-6.55239,0.399
25.190,-0.031,137.277,82.292,-8.27879,-6.55239,0.399
25.200,0.007,137.015,82.284,-8.27879,-6.55239,0.399
25.210,0.031,136.911,82.281,-8.27879,-6.55239,0.399
25.220,0.039,136.960,82.284,-8.26737,-6.68788,0.399
25.230,0.034,137.169,82.280,-8.26737,-6.68788,0.399
25.240,0.025,137.529,82.284,-8.26737,-6.68788,0.404
25.250,0.016,138.046,82.287,-8.26737,-6.68788,0.404
25.260,0.011,138.719,82.289,-8.26737,-6.68788,0.404
25.270,0.009,139.549,82.291,-8.26737,-6.68788,0.410
25.280,0.010,140.533,82.291,-8.26737,-6.68788,0.410
25.290,0.011,141.676,82.291,-8.26737,-6.68788,0.412
25.300,0.012,142.980,82.290,-8.26737,-6.68788,0.412
25.310,0.012,144.447,82.288,-8.26737,-6.68788,0.417
25.320,0.012,146.077,82.286,-8.26737,-6.68788,0.417
25.330,0.011,147.875,82.283,-8.26737,-6.68788,0.417
25.340,0.011,149.838,82.282,-8.26737,-6.68788,0.417
25.350,0.008,151.977,82.278,-8.26737,-6.68788,0.417
25.360,0.009,154.283,82.277,-8.26737,-6.68788,0.417
25.370,0.006,156.773,82.270,-8.26737,-6.68788,0.417
25.380,0.008,159.430,82.270,-8.26737,-6.68788,0.412
25.390,0.008,162.268,82.270,-8.26737,-6.68788,0.412
25.400,0.006,165.288,82.272,-8.26737,-6.68788,0.436
25.410,0.058,168.425,82.278,-8.26737,-6.68788,0.460
25.420,0.406,171.790,82.299,-8.21880,-6.39425,0.484
25.430,0.773,175.261,82.265,-8.21880,-6.39425,0.515
25.440,1.164,178.793,82.208,-8.21880,-6.39425,0.555
25.450,1.692,-177.848,82.171,-8.21880,-6.39425,0.550
25.460,2.279,-174.592,82.114,-8.21880,-6.39425,0.507
25.470,2.070,-171.781,82.109,-8.21880,-6.39425,0.478
25.480,0.951,-169.533,82.264,-8.21880,-6.39425,0.473
25.490,0.139,-168.001,82.258,-8.21880,-6.39425,0.478
25.500,-0.139,-167.066,82.191,-8.21880,-6.39425,0.484
25.510,-0.122,-166.329,82.081,-8.21880,-6.39425,0.489
25.520,-0.098,-165.774,82.053,-8.21880,-6.39425,0.489
25.530,-0.047,-165.432,82.037,-8.21880,-6.39425,0.489
25.540,-0.020,-165.286,82.042,-8.21880,-6.39425,0.489
25.550,-0.005,-165.337,82.046,-8.21880,-6.39425,0.484
25.560,-0.003,-165.596,82.057,-8.21880,-6.39425,0.484
25.570,-0.001,-166.049,82.055,-8.21880,-6.39425,0.473
25.580,-0.001,-166.700,82.052,-8.21880,-6.39425,0.470
25.590,-0.002,-167.549,82.049,-8.21880,-6.39425,0.470
25.600,-0.003,-168.498,82.048,-8.21880,-6.39425,0.473
25.610,0.125,-169.540,82.026,-8.21880,-6.39425,0.484
25.620,0.281,-170.641,82.032,-8.21880,-6.39425,0.489
25.630,0.481,-171.803,82.038,-8.21129,-6.33546,0.497
25.640,0.716,-172.986,82.050,-8.21129,-6.33546,0.507
25.650,0.982,-174.220,82.080,-8.21129,-6.33546,0.515
25.660,1.283,-175.508,82.126,-8.21129,-6.33546,0.531
25.670,1.635,-176.845,82.177,-8.21129,-6.33546,0.544
25.680,2.017,-178.227,82.235,-8.21129,-6.33546,0.563
25.690,2.434,-179.666,82.301,-8.21129,-6.33546,0.581
25.700,2.937,179.023,82.340,-8.21129,-6.33546,0.605
25.710,3.496,177.802,82.365,-8.21129,-6.33546,0.629
25.720,4.085,176.637,82.412,-8.21129,-6.33546,0.634
25.730,4.706,175.533,82.457,-8.21129,-6.33546,0.624
25.740,4.859,174.772,82.517,-8.21129,-6.33546,0.610
25.750,4.596,174.325,82.547,-8.21129,-6.33546,0.597
25.760,4.283,173.989,82.572,-8.21129,-6.33546,0.587
25.770,4.018,173.705,82.570,-8.21129,-6.33546,0.579
25.780,3.791,173.478,82.555,-8.21129,-6.33546,0.573
25.790,3.604,173.303,82.539,-8.21129,-6.33546,0.568
25.800,3.455,173.179,82.529,-8.21129,-6.33546,0.563
25.810,3.345,173.107,82.526,-8.21129,-6.33546,0.558
25.820,3.271,173.083,82.529,-8.21129,-6.33546,0.558
25.830,3.233,173.111,82.531,-8.20579,-6.44945,0.563
25.840,3.230,173.190,82.532,-8.20579,-6.44945,0.568
25.850,3.265,173.319,82.531,-8.20579,-6.44945,0.573
25.860,3.335,173.500,82.525,-8.20579,-6.44945,0.579
25.870,3.441,173.733,82.513,-8.20579,-6.44945,0.587
25.880,3.584,174.018,82.496,-8.20579,-6.44945,0.597
25.890,3.763,174.356,82.473,-8.20579,-6.44945,0.610
25.900,3.980,174.747,82.444,-8.20579,-6.44945,0.624
25.910,4.236,175.192,82.409,-8.20579,-6.44945,0.639
25.920,4.529,175.692,82.365,-8.20579,-6.44945,0.658
25.930,4.861,176.249,82.312,-8.20579,-6.44945,0.676
25.940,5.233,176.862,82.246,-8.20579,-6.44945,0.695
25.950,5.642,177.533,82.150,-8.20579,-6.44945,0.719
25.960,6.092,178.266,82.035,-8.20579,-6.44945,0.742
25.970,6.582,179.062,81.907,-8.20579,-6.44945,0.769
25.980,7.113,179.923,81.748,-8.20579,-6.44945,0.790
25.990,7.740,-179.323,81.641,-8.20579,-6.44945,0.790
26.000,8.067,-178.828,81.580,-8.20579,-6.44945,0.785
26.010,8.049,-178.620,81.552,-8.20579,-6.44945,0.785
26.020,7.971,-178.532,81.535,-8.20579,-6.44945,0.785
26.030,7.946,-178.501,81.539,-8.20579,-6.44945,0.785
26.040,7.954,-178.536,81.556,-8.13687,-6.36091,0.790
26.050,8.010,-178.628,81.579,-8.13687,-6.36091,0.793
26.060,8.119,-178.776,81.610,-8.13687,-6.36091,0.803
26.070,8.274,-178.982,81.646,-8.13687,-6.36091,0.811
26.080,8.477,-179.245,81.687,-8.13687,-6.36091,0.822
26.090,8.726,-179.567,81.734,-8.13687,-6.36091,0.827
26.100,9.018,-179.941,81.795,-8.13687,-6.36091,0.822
26.110,9.042,179.921,81.814,-8.13687,-6.36091,0.822
26.120,8.993,179.858,81.824,-8.13687,-6.36091,0.816
26.130,8.951,179.817,81.831,-8.13687,-6.36091,0.816
26.140,8.931,179.797,81.835,-8.13687,-6.36091,0.822
26.150,8.931,179.797,81.835,-8.13687,-6.36091,0.822
26.160,8.943,179.813,81.832,-8.13687,-6.36091,0.822
26.170,8.961,179.834,81.829,-8.13687,-6.36091,0.822
26.180,8.979,179.854,81.825,-8.13687,-6.36091,0.822
26.190,8.993,179.868,81.823,-8.13687,-6.36091,0.822
26.200,8.999,179.876,81.823,-8.13687,-6.36091,0.822
26.210,8.998,179.875,81.823,-8.13687,-6.36091,0.822
26.220,8.993,179.869,81.824,-8.13687,-6.36091,0.822
26.230,8.987,179.861,81.826,-8.13687,-6.36091,0.822
26.240,8.980,179.854,81.827,-8.13687,-6.36091,0.822
26.250,8.976,179.849,81.827,-8.12792,-6.38182,0.822
26.260,8.974,179.847,81.828,-8.12792,-6.38182,0.822
26.270,8.974,179.847,81.827,-8.12792,-6.38182,0.822
26.280,8.976,179.849,81.827,-8.12792,-6.38182,0.822
26.290,8.978,179.852,81.827,-8.12792,-6.38182,0.822
26.300,8.980,179.854,81.826,-8.12792,-6.38182,0.822
26.310,8.981,179.856,81.826,-8.12792,-6.38182,0.822
26.320,8.982,179.856,81.826,-8.12792,-6.38182,0.822
26.330,8.982,179.856,81.826,-8.12792,-6.38182,0.822
26.340,8.981,179.855,81.826,-8.12792,-6.38182,0.822
26.350,8.980,179.854,81.826,-8.12792,-6.38182,0.822
26.360,8.979,179.853,81.827,-8.12792,-6.38182,0.822
26.370,8.978,179.852,81.827,-8.12792,-6.38182,0.822
26.380,8.978,179.851,81.827,-8.12792,-6.38182,0.822
26.390,8.978,179.852,81.827,-8.12792,-6.38182,0.822
26.400,8.979,179.852,81.827,-8.12792,-6.38182,0.822
26.410,8.979,179.853,81.827,-8.12792,-6.38182,0.822
26.420,8.980,179.854,81.826,-8.12792,-6.38182,0.822
26.430,8.981,179.855,81.826,-8.12792,-6.38182,0.822
26.440,8.981,179.855,81.826,-8.12792,-6.38182,0.822
26.450,8.981,179.855,81.826,-8.12784,-6.38175,0.822
26.460,8.980,179.854,81.826,-8.12784,-6.38175,0.822
26.470,8.979,179.853,81.827,-8.12784,-6.38175,0.822
26.480,8.979,179.853,81.827,-8.12784,-6.38175,0.822
26.490,8.979,179.853,81.827,-8.12784,-6.38175,0.822
26.500,8.979,179.853,81.827,-8.12784,-6.38175,0.822
26.510,8.979,179.853,81.827,-8.12784,-6.38175,0.822
26.520,8.979,179.853,81.827,-8.12784,-6.38175,0.822
26.530,8.979,179.853,81.827,-8.12784,-6.38175,0.822
26.540,8.979,179.854,81.827,-8.12784,-6.38175,0.822
26.550,8.980,179.854,81.826,-8.12784,-6.38175,0.822
26.560,8.981,179.854,81.826,-8.12784,-6.38175,0.822
26.570,8.981,179.855,81.826,-8.12784,-6.38175,0.822
26.580,8.981,179.855,81.826,-8.12784,-6.38175,0.822
26.590,8.981,179.855,81.826,-8.12784,-6.38175,0.822
26.600,8.980,179.854,81.826,-8.12784,-6.38175,0.822
26.610,8.980,179.854,81.827,-8.12784,-6.38175,0.822
26.620,8.979,179.853,81.827,-8.12784,-6.38175,0.822
26.630,8.979,179.853,81.827,-8.12784,-6.38175,0.822
26.640,8.979,179.853,81.827,-8.12784,-6.38175,0.822
26.650,8.979,179.853,81.827,-8.12784,-6.38175,0.822
26.660,8.980,179.854,81.826,-8.12781,-6.38172,0.822
26.670,8.981,179.855,81.826,-8.12781,-6.38172,0.822
26.680,8.981,179.855,81.826,-8.12781,-6.38172,0.822
26.690,8.981,179.855,81.826,-8.12781,-6.38172,0.822
26.700,8.981,179.855,81.826,-8.12781,-6.38172,0.822
26.710,8.980,179.854,81.826,-8.12781,-6.38172,0.822
26.720,8.979,179.853,81.827,-8.12781,-6.38172,0.822
26.730,8.979,179.853,81.827,-8.12781,-6.38172,0.822
26.740,8.979,179.853,81.827,-8.12781,-6.38172,0.822
26.750,8.979,179.853,81.827,-8.12781,-6.38172,0.822
26.760,8.979,179.853,81.827,-8.12781,-6.38172,0.822
26.770,8.979,179.853,81.827,-8.12781,-6.38172,0.822
26.780,8.979,179.853,81.827,-8.12781,-6.38172,0.822
26.790,8.980,179.854,81.826,-8.12781,-6.38172,0.822
26.800,8.980,179.854,81.827,-8.12781,-6.38172,0.822
26.810,8.980,179.854,81.826,-8.12781,-6.38172,0.822
26.820,8.980,179.854,81.826,-8.12781,-6.38172,0.822
26.830,8.980,179.854,81.826,-8.12781,-6.38172,0.822
26.840,8.980,179.854,81.826,-8.12781,-6.38172,0.822
26.850,8.980,179.854,81.826,-8.12781,-6.38172,0.822
26.860,8.980,179.854,81.826,-8.12783,-6.38174,0.822
26.870,8.980,179.854,81.826,-8.12783,-6.38174,0.822
26.880,8.980,179.854,81.826,-8.12783,-6.38174,0.822
26.890,8.980,179.854,81.826,-8.12783,-6.38174,0.822
26.900,8.980,179.854,81.826,-8.12783,-6.38174,0.822
26.910,8.980,179.854,81.826,-8.12783,-6.38174,0.822
26.920,8.980,179.854,81.826,-8.12783,-6.38174,0.822
26.930,8.980,179.854,81.826,-8.12783,-6.38174,0.822
26.940,8.980,179.854,81.826,-8.12783,-6.38174,0.822
26.950,8.980,179.854,81.826,-8.12783,-6.38174,0.822
26.960,8.980,179.854,81.827,-8.12783,-6.38174,0.822
26.970,8.980,179.854,81.827,-8.12783,-6.38174,0.822
26.980,8.980,179.854,81.827,-8.12783,-6.38174,0.822
26.990,8.980,179.854,81.827,-8.12783,-6.38174,0.822
27.000,8.980,179.854,81.827,-8.12783,-6.38174,0.822
27.010,8.980,179.854,81.827,-8.12783,-6.38174,0.822
27.020,8.980,179.854,81.826,-8.12783,-6.38174,0.822
27.030,8.980,179.854,81.827,-8.12783,-6.38174,0.822
27.040,8.980,179.854,81.827,-8.12783,-6.38174,0.822
27.050,8.980,179.854,81.827,-8.12783,-6.38174,0.822
27.060,8.980,179.854,81.827,-8.12783,-6.38174,0.822
27.070,8.980,179.854,81.827,-8.12783,-6.38174,0.822
27.080,8.980,179.854,81.827,-8.12783,-6.38174,0.822
27.090,8.980,179.854,81.827,-8.12783,-6.38174,0.822
27.100,8.980,179.854,81.827,-8.12783,-6.38174,0.822
27.110,8.980,179.854,81.827,-8.12783,-6.38174,0.822
27.120,8.980,179.854,81.827,-8.12783,-6.38174,0.822
27.130,8.980,179.854,81.827,-8.12783,-6.38174,0.822
27.140,8.980,179.854,81.827,-8.12783,-6.38174,0.822
27.150,8.980,179.854,81.827,-8.12783,-6.38174,0.822
27.160,8.980,179.854,81.827,-8.12783,-6.38174,0.822
27.170,8.980,179.854,81.827,-8.12783,-6.38174,0.822
27.180,8.980,179.854,81.826,-8.12783,-6.38174,0.822
27.190,8.980,179.854,81.827,-8.12783,-6.38174,0.822
27.200,8.980,179.854,81.827,-8.12783,-6.38174,0.822
27.210,8.980,179.854,81.827,-8.12783,-6.38174,0.822
27.220,8.980,179.854,81.827,-8.12783,-6.38174,0.822
27.230,8.980,179.854,81.826,-8.12783,-6.38174,0.822
27.240,8.980,179.854,81.827,-8.12783,-6.38174,0.822
27.250,8.980,179.854,81.827,-8.12783,-6.38174,0.822
27.260,8.980,179.854,81.826,-8.12783,-6.38174,0.822
27.270,8.980,179.854,81.827,-8.12783,-6.38174,0.822
27.280,8.980,179.854,81.827,-8.12783,-6.38174,0.822
27.290,8.980,179.854,81.827,-8.12783,-6.38174,0.822
27.300,8.980,179.854,81.827,-8.12783,-6.38174,0.822
27.310,8.980,179.854,81.826,-8.12783,-6.38174,0.822
27.320,8.980,179.854,81.826,-8.12783,-6.38174,0.822
27.330,8.980,179.854,81.826,-8.12783,-6.38174,0.822
27.340,8.980,179.854,81.826,-8.12783,-6.38174,0.822
27.350,8.980,179.854,81.826,-8.12783,-6.38174,0.822
27.360,8.980,179.854,81.827,-8.12783,-6.38174,0.822
27.370,8.980,179.854,81.827,-8.12783,-6.38174,0.822
27.380,8.980,179.854,81.827,-8.12783,-6.38174,0.822
27.390,8.980,179.854,81.827,-8.12783,-6.38174,0.822
27.400,8.980,179.854,81.827,-8.12783,-6.38174,0.822
27.410,8.980,179.854,81.827,-8.12783,-6.38174,0.822
27.420,8.980,179.854,81.827,-8.12783,-6.38174,0.822
27.430,8.980,179.854,81.827,-8.12783,-6.38174,0.822
27.440,8.980,179.854,81.827,-8.12783,-6.38174,0.822
27.450,8.980,179.854,81.827,-8.12783,-6.38174,0.822
27.460,8.980,179.854,81.827,-8.12783,-6.38174,0.822
27.470,8.980,179.854,81.827,-8.12783,-6.38174,0.822
27.480,8.980,179.854,81.827,-8.12783,-6.38174,0.822
27.490,8.980,179.854,81.827,-8.12783,-6.38174,0.822
27.500,8.980,179.854,81.827,-8.12783,-6.38174,0.822
27.510,8.980,179.854,81.827,-8.12783,-6.38174,0.822
27.520,8.980,179.854,81.827,-8.12783,-6.38174,0.822
27.530,8.980,179.854,81.827,-8.12783,-6.38174,0.822
27.540,8.980,179.854,81.827,-8.12783,-6.38174,0.822
27.550,8.980,179.854,81.827,-8.12783,-6.38174,0.822
27.560,8.979,179.853,81.827,-8.12783,-6.38174,0.822
27.570,8.979,179.853,81.827,-8.12783,-6.38174,0.822
27.580,8.979,179.853,81.827,-8.12783,-6.38174,0.822
27.590,8.979,179.853,81.827,-8.12783,-6.38174,0.822
27.600,8.979,179.853,81.827,-8.12783,-6.38174,0.822
27.610,8.980,179.854,81.826,-8.12783,-6.38174,0.822
27.620,8.980,179.854,81.826,-8.12783,-6.38174,0.822
27.630,8.980,179.854,81.826,-8.12783,-6.38174,0.822
27.640,8.980,179.854,81.826,-8.12783,-6.38174,0.822
27.650,8.980,179.854,81.826,-8.12783,-6.38174,0.822
27.660,8.980,179.854,81.827,-8.12783,-6.38174,0.822
27.670,8.980,179.854,81.826,-8.12783,-6.38174,0.822
27.680,8.980,179.854,81.826,-8.12783,-6.38174,0.822
27.690,8.980,179.854,81.826,-8.12783,-6.38174,0.822
27.700,8.980,179.854,81.826,-8.12783,-6.38174,0.822
27.710,8.980,179.854,81.826,-8.12783,-6.38174,0.822
27.720,8.980,179.854,81.826,-8.12783,-6.38174,0.822
27.730,8.980,179.854,81.827,-8.12783,-6.38174,0.822
27.740,8.980,179.854,81.827,-8.12783,-6.38174,0.822
27.750,8.980,179.854,81.827,-8.12783,-6.38174,0.822
27.760,8.980,179.854,81.826,-8.12783,-6.38174,0.822
27.770,8.980,179.854,81.826,-8.12783,-6.38174,0.822
27.780,8.980,179.854,81.826,-8.12783,-6.38174,0.822
27.790,8.980,179.854,81.826,-8.12783,-6.38174,0.822
27.800,8.979,179.853,81.827,-8.12783,-6.38174,0.822
27.810,8.979,179.852,81.827,-8.12783,-6.38174,0.822
27.820,8.979,179.852,81.827,-8.12783,-6.38174,0.822
27.830,8.979,179.853,81.827,-8.12783,-6.38174,0.822
27.840,8.979,179.853,81.827,-8.12783,-6.38174,0.822
27.850,8.980,179.854,81.826,-8.12783,-6.38174,0.822
27.860,8.980,179.854,81.826,-8.12783,-6.38174,0.822
27.870,8.980,179.854,81.826,-8.12783,-6.38174,0.822
27.880,8.980,179.854,81.826,-8.12783,-6.38174,0.822
27.890,8.980,179.854,81.826,-8.12783,-6.38174,0.822
27.900,8.980,179.854,81.826,-8.12783,-6.38174,0.822
27.910,8.980,179.854,81.827,-8.12783,-6.38174,0.822
27.920,8.980,179.854,81.827,-8.12783,-6.38174,0.822
27.930,8.980,179.854,81.827,-8.12783,-6.38174,0.822
27.940,8.980,179.854,81.827,-8.12783,-6.38174,0.822
27.950,8.980,179.854,81.827,-8.12783,-6.38174,0.822
27.960,8.980,179.854,81.826,-8.12783,-6.38174,0.822
27.970,8.980,179.854,81.827,-8.12783,-6.38174,0.822
27.980,8.979,179.853,81.827,-8.12783,-6.38174,0.822
27.990,8.979,179.853,81.827,-8.12783,-6.38174,0.822
28.000,8.979,179.852,81.827,-8.12783,-6.38174,0.822
28.010,8.979,179.853,81.827,-8.12783,-6.38174,0.822
28.020,8.979,179.853,81.827,-8.12783,-6.38174,0.822
28.030,8.980,179.854,81.826,-8.12783,-6.38174,0.822
28.040,8.980,179.854,81.826,-8.12783,-6.38174,0.822
28.050,8.980,179.854,81.826,-8.12783,-6.38174,0.822
28.060,8.980,179.854,81.826,-8.12783,-6.38174,0.822
28.070,8.980,179.854,81.826,-8.12783,-6.38174,0.822
28.080,8.980,179.854,81.826,-8.12783,-6.38174,0.822
28.090,8.980,179.854,81.827,-8.12783,-6.38174,0.822
28.100,8.980,179.854,81.827,-8.12783,-6.38174,0.822
28.110,8.980,179.854,81.827,-8.12783,-6.38174,0.822
28.120,8.980,179.854,81.827,-8.12783,-6.38174,0.822
28.130,8.980,179.854,81.827,-8.12783,-6.38174,0.822
28.140,8.980,179.854,81.826,-8.12783,-6.38174,0.822
28.150,8.980,179.854,81.827,-8.12783,-6.38174,0.822
28.160,8.980,179.854,81.827,-8.12783,-6.38174,0.822
28.170,8.980,179.854,81.826,-8.12783,-6.38174,0.822
28.180,8.980,179.854,81.826,-8.12783,-6.38174,0.822
28.190,8.980,179.854,81.826,-8.12783,-6.38174,0.822
28.200,8.980,179.854,81.827,-8.12783,-6.38174,0.822
28.210,8.979,179.853,81.827,-8.12783,-6.38174,0.822
28.220,8.979,179.852,81.827,-8.12783,-6.38174,0.822
28.230,8.979,179.852,81.827,-8.12783,-6.38174,0.822
28.240,8.979,179.853,81.827,-8.12783,-6.38174,0.822
28.250,8.979,179.853,81.827,-8.12783,-6.38174,0.822
28.260,8.980,179.854,81.826,-8.12783,-6.38174,0.822
28.270,8.980,179.854,81.826,-8.12783,-6.38174,0.822
28.280,8.980,179.854,81.826,-8.12783,-6.38174,0.822
28.290,8.980,179.854,81.826,-8.12783,-6.38174,0.822
28.300,8.980,179.854,81.826,-8.12783,-6.38174,0.822
28.310,8.980,179.854,81.827,-8.12783,-6.38174,0.822
28.320,8.980,179.854,81.827,-8.12783,-6.38174,0.822
28.330,8.980,179.854,81.827,-8.12783,-6.38174,0.822
28.340,8.980,179.854,81.827,-8.12783,-6.38174,0.822
28.350,8.980,179.854,81.827,-8.12783,-6.38174,0.822
28.360,8.980,179.854,81.827,-8.12783,-6.38174,0.822
28.370,8.979,179.854,81.827,-8.12783,-6.38174,0.822
28.380,8.979,179.853,81.827,-8.12783,-6.38174,0.822
28.390,8.979,179.853,81.827,-8.12783,-6.38174,0.822
28.400,8.980,179.854,81.827,-8.12783,-6.38174,0.822
28.410,8.980,179.854,81.827,-8.12783,-6.38174,0.822
28.420,8.980,179.854,81.826,-8.12783,-6.38174,0.822
28.430,8.980,179.854,81.826,-8.12783,-6.38174,0.822
28.440,8.980,179.854,81.826,-8.12783,-6.38174,0.822
28.450,8.980,179.854,81.826,-8.12783,-6.38174,0.822
28.460,8.980,179.854,81.826,-8.12783,-6.38174,0.822
28.470,8.980,179.854,81.827,-8.12783,-6.38174,0.822
28.480,8.980,179.854,81.826,-8.12783,-6.38174,0.822
28.490,8.980,179.854,81.826,-8.12783,-6.38174,0.822
28.500,8.979,179.853,81.827,-8.12785,-6.38176,0.822
28.510,8.979,179.852,81.827,-8.12785,-6.38176,0.822
28.520,8.979,179.852,81.827,-8.12785,-6.38176,0.822
28.530,8.979,179.853,81.827,-8.12785,-6.38176,0.822
28.540,8.979,179.853,81.827,-8.12785,-6.38176,0.822
28.550,8.980,179.854,81.826,-8.12785,-6.38176,0.822
28.560,8.980,179.854,81.826,-8.12785,-6.38176,0.822
28.570,8.980,179.854,81.826,-8.12785,-6.38176,0.822
28.580,8.980,179.854,81.826,-8.12785,-6.38176,0.822
28.590,8.980,179.854,81.826,-8.12785,-6.38176,0.822
28.600,8.980,179.854,81.827,-8.12785,-6.38176,0.822
28.610,8.980,179.854,81.827,-8.12785,-6.38176,0.822
28.620,8.979,179.853,81.827,-8.12785,-6.38176,0.822
28.630,8.978,179.852,81.827,-8.12785,-6.38176,0.822
28.640,8.979,179.852,81.827,-8.12785,-6.38176,0.822
28.650,8.979,179.853,81.827,-8.12785,-6.38176,0.822
28.660,8.979,179.853,81.827,-8.12785,-6.38176,0.822
28.670,8.980,179.854,81.826,-8.12785,-6.38176,0.822
28.680,8.980,179.854,81.826,-8.12785,-6.38176,0.822
28.690,8.980,179.854,81.826,-8.12785,-6.38176,0.822
28.700,8.980,179.854,81.826,-8.12785,-6.38176,0.822
28.710,8.980,179.854,81.826,-8.12785,-6.38175,0.822
28.720,8.980,179.854,81.826,-8.12785,-6.38175,0.822
28.730,8.979,179.853,81.827,-8.12785,-6.38175,0.822
28.740,8.979,179.852,81.827,-8.12785,-6.38175,0.822
28.750,8.978,179.852,81.827,-8.12785,-6.38175,0.822
28.760,8.979,179.853,81.827,-8.12785,-6.38175,0.822
28.770,8.979,179.853,81.827,-8.12785,-6.38175,0.822
28.780,8.980,179.854,81.826,-8.12785,-6.38175,0.822
28.790,8.980,179.854,81.826,-8.12785,-6.38175,0.822
28.800,8.980,179.854,81.826,-8.12785,-6.38175,0.822
28.810,8.979,179.853,81.827,-8.12785,-6.38175,0.822
28.820,8.979,179.853,81.827,-8.12785,-6.38175,0.822
28.830,8.979,179.853,81.827,-8.12785,-6.38175,0.822
28.840,8.979,179.853,81.827,-8.12785,-6.38175,0.822
28.850,8.979,179.853,81.827,-8.12785,-6.38175,0.822
28.860,8.980,179.854,81.827,-8.12785,-6.38175,0.822
28.870,8.980,179.854,81.826,-8.12785,-6.38175,0.822
28.880,8.980,179.854,81.826,-8.12785,-6.38175,0.822
28.890,8.980,179.854,81.826,-8.12785,-6.38175,0.822
28.900,8.980,179.854,81.826,-8.12785,-6.38175,0.822
28.910,8.980,179.854,81.826,-8.12785,-6.38175,0.822
28.920,8.980,179.854,81.826,-8.12783,-6.38174,0.822
28.930,8.980,179.854,81.827,-8.12783,-6.38174,0.822
28.940,8.980,179.854,81.827,-8.12783,-6.38174,0.822
28.950,8.980,179.854,81.827,-8.12783,-6.38174,0.822
28.960,8.979,179.853,81.827,-8.12783,-6.38174,0.822
28.970,8.979,179.853,81.827,-8.12783,-6.38174,0.822
28.980,8.979,179.853,81.827,-8.12783,-6.38174,0.822
28.990,8.979,179.853,81.827,-8.12783,-6.38174,0.822
29.000,8.980,179.854,81.827,-8.12783,-6.38174,0.822
29.010,8.980,179.854,81.826,-8.12783,-6.38174,0.822
29.020,8.980,179.854,81.826,-8.12783,-6.38174,0.822
29.030,8.980,179.854,81.826,-8.12783,-6.38174,0.822
29.040,8.980,179.854,81.826,-8.12783,-6.38174,0.822
29.050,8.980,179.854,81.826,-8.12783,-6.38174,0.822
29.060,8.980,179.854,81.826,-8.12783,-6.38174,0.822
29.070,8.980,179.854,81.826,-8.12783,-6.38174,0.822
29.080,8.980,179.854,81.826,-8.12783,-6.38174,0.822
29.090,8.980,179.854,81.827,-8.12783,-6.38174,0.822
29.100,8.979,179.853,81.827,-8.12783,-6.38174,0.822
29.110,8.978,179.852,81.827,-8.12783,-6.38174,0.822
29.120,8.979,179.852,81.827,-8.12784,-6.38175,0.822
29.130,8.979,179.853,81.827,-8.12784,-6.38175,0.822
29.140,8.979,179.853,81.827,-8.12784,-6.38175,0.822
29.150,8.980,179.854,81.827,-8.12784,-6.38175,0.822
29.160,8.980,179.854,81.826,-8.12784,-6.38175,0.822
29.170,8.980,179.854,81.826,-8.12784,-6.38175,0.822
29.180,8.980,179.854,81.826,-8.12784,-6.38175,0.822
29.190,8.980,179.854,81.826,-8.12784,-6.38175,0.822
29.200,8.980,179.854,81.826,-8.12784,-6.38175,0.822
29.210,8.980,179.854,81.827,-8.12784,-6.38175,0.822
29.220,8.980,179.854,81.827,-8.12784,-6.38175,0.822
29.230,8.980,179.854,81.827,-8.12784,-6.38175,0.822
29.240,8.980,179.854,81.827,-8.12784,-6.38175,0.822
29.250,8.980,179.854,81.826,-8.12784,-6.38175,0.822
29.260,8.980,179.854,81.826,-8.12784,-6.38175,0.822
29.270,8.980,179.854,81.827,-8.12784,-6.38175,0.822
29.280,8.980,179.854,81.826,-8.12784,-6.38175,0.822
29.290,8.980,179.854,81.826,-8.12784,-6.38175,0.822
29.300,8.980,179.854,81.826,-8.12784,-6.38175,0.822
29.310,8.979,179.853,81.827,-8.12784,-6.38175,0.822
29.320,8.979,179.852,81.827,-8.12784,-6.38175,0.822
29.330,8.979,179.852,81.827,-8.12784,-6.38175,0.822
29.340,8.979,179.853,81.827,-8.12784,-6.38175,0.822
29.350,8.979,179.853,81.827,-8.12784,-6.38175,0.822
29.360,8.980,179.854,81.826,-8.12784,-6.38175,0.822
29.370,8.980,179.854,81.826,-8.12784,-6.38175,0.822
29.380,8.980,179.854,81.826,-8.12784,-6.38175,0.822
29.390,8.980,179.854,81.826,-8.12784,-6.38175,0.822
29.400,8.980,179.854,81.826,-8.12784,-6.38175,0.822
29.410,8.980,179.854,81.826,-8.12784,-6.38175,0.822
29.420,8.980,179.854,81.827,-8.12784,-6.38175,0.822
29.430,8.980,179.854,81.827,-8.12784,-6.38175,0.822
29.440,8.980,179.854,81.827,-8.12784,-6.38175,0.822
29.450,8.980,179.854,81.827,-8.12784,-6.38175,0.822
29.460,8.980,179.854,81.827,-8.12784,-6.38175,0.822
29.470,8.980,179.854,81.826,-8.12784,-6.38175,0.822
29.480,8.980,179.854,81.827,-8.12784,-6.38175,0.822
29.490,8.980,179.854,81.827,-8.12784,-6.38175,0.822
29.500,8.979,179.853,81.827,-8.12784,-6.38175,0.822
29.510,8.979,179.853,81.827,-8.12784,-6.38175,0.822
29.520,8.979,179.853,81.827,-8.12784,-6.38175,0.822
29.530,8.979,179.853,81.827,-8.12784,-6.38175,0.822
29.540,8.979,179.853,81.827,-8.12784,-6.38175,0.822
29.550,8.979,179.853,81.827,-8.12784,-6.38175,0.822
29.560,8.979,179.853,81.827,-8.12784,-6.38175,0.822
29.570,8.979,179.853,81.827,-8.12784,-6.38175,0.822
29.580,8.979,179.853,81.827,-8.12784,-6.38175,0.822
29.590,8.979,179.853,81.827,-8.12784,-6.38175,0.822
29.600,8.979,179.853,81.827,-8.12784,-6.38175,0.822
29.610,8.978,179.852,81.827,-8.12784,-6.38175,0.822
29.620,8.978,179.852,81.827,-8.12784,-6.38175,0.822
29.630,8.979,179.853,81.827,-8.12784,-6.38175,0.822
29.640,8.979,179.853,81.827,-8.12784,-6.38175,0.822
29.650,8.979,179.853,81.827,-8.12784,-6.38175,0.822
29.660,8.980,179.854,81.826,-8.12784,-6.38175,0.822
29.670,8.980,179.854,81.826,-8.12784,-6.38175,0.822
29.680,8.980,179.854,81.826,-8.12784,-6.38175,0.822
29.690,8.980,179.854,81.826,-8.12784,-6.38175,0.822
29.700,8.980,179.854,81.827,-8.12784,-6.38175,0.822
29.710,8.979,179.853,81.827,-8.12784,-6.38175,0.822
29.720,8.979,179.853,81.827,-8.12784,-6.38175,0.822
29.730,8.979,179.853,81.827,-8.12784,-6.38175,0.822
29.740,8.979,179.853,81.827,-8.12784,-6.38175,0.822
29.750,8.979,179.853,81.827,-8.12784,-6.38175,0.822
29.760,8.979,179.853,81.827,-8.12784,-6.38175,0.822
29.770,8.979,179.853,81.827,-8.12784,-6.38175,0.822
29.780,8.979,179.853,81.827,-8.12784,-6.38175,0.822
29.790,8.979,179.853,81.827,-8.12784,-6.38175,0.822
29.800,8.979,179.853,81.827,-8.12784,-6.38175,0.822
29.810,8.979,179.853,81.827,-8.12784,-6.38175,0.822
29.820,8.979,179.853,81.827,-8.12784,-6.38175,0.822
29.830,8.979,179.853,81.827,-8.12784,-6.38175,0.822
29.840,8.979,179.853,81.827,-8.12784,-6.38175,0.822
29.850,8.979,179.853,81.827,-8.12784,-6.38175,0.822
29.860,8.979,179.853,81.826,-8.12784,-6.38175,0.822
29.870,8.979,179.853,81.826,-8.12784,-6.38175,0.822
29.880,8.979,179.853,81.827,-8.12784,-6.38175,0.822
29.890,8.979,179.853,81.827,-8.12784,-6.38175,0.822
29.900,8.980,179.854,81.826,-8.12784,-6.38175,0.822
29.910,8.981,179.855,81.826,-8.12784,-6.38175,0.822
29.920,8.981,179.855,81.826,-8.12784,-6.38175,0.822
29.930,8.980,179.854,81.826,-8.12784,-6.38175,0.822
29.940,8.980,179.854,81.826,-8.12784,-6.38175,0.822
29.950,8.979,179.853,81.827,-8.12784,-6.38175,0.822
29.960,8.979,179.853,81.827,-8.12784,-6.38175,0.822
29.970,8.979,179.853,81.827,-8.12784,-6.38175,0.822
29.980,8.979,179.853,81.827,-8.12784,-6.38175,0.822
29.990,8.979,179.853,81.827,-8.12784,-6.38175,0.822
30.000,8.979,179.853,81.827,-8.12784,-6.38175,0.822
30.010,8.979,179.853,81.827,-8.12784,-6.38175,0.822
30.020,8.979,179.854,81.826,-8.12784,-6.38175,0.822
30.030,8.980,179.854,81.826,-8.12784,-6.38175,0.822
30.040,8.979,179.854,81.827,-8.12784,-6.38175,0.822
30.050,8.980,179.854,81.827,-8.12784,-6.38175,0.822
30.060,8.979,179.853,81.827,-8.12784,-6.38175,0.822
30.070,8.979,179.853,81.827,-8.12784,-6.38175,0.822
30.080,8.979,179.853,81.827,-8.12784,-6.38175,0.822
30.090,8.979,179.853,81.827,-8.12784,-6.38175,0.822
30.100,8.979,179.853,81.827,-8.12784,-6.38175,0.822
30.110,8.979,179.853,81.827,-8.12784,-6.38175,0.822
30.120,8.979,179.853,81.827,-8.12784,-6.38175,0.822
30.130,8.979,179.853,81.827,-8.12784,-6.38175,0.822
30.140,8.979,179.853,81.827,-8.12784,-6.38175,0.822
30.150,8.979,179.853,81.827,-8.12784,-6.38175,0.822
30.160,8.979,179.853,81.827,-8.12784,-6.38175,0.822
30.170,8.979,179.853,81.827,-8.12784,-6.38175,0.822
30.180,8.979,179.853,81.827,-8.12784,-6.38175,0.822
30.190,8.979,179.853,81.827,-8.12784,-6.38175,0.822
30.200,8.979,179.853,81.827,-8.12784,-6.38175,0.822
30.210,8.979,179.853,81.827,-8.12784,-6.38175,0.822
30.220,8.979,179.853,81.827,-8.12784,-6.38175,0.822
30.230,8.980,179.854,81.826,-8.12784,-6.38175,0.822
30.240,8.981,179.855,81.826,-8.12784,-6.38175,0.822
30.250,8.981,179.855,81.826,-8.12784,-6.38175,0.822
30.260,8.980,179.854,81.826,-8.12784,-6.38175,0.822
30.270,8.980,179.854,81.827,-8.12784,-6.38175,0.822
30.280,8.979,179.853,81.827,-8.12784,-6.38175,0.822
30.290,8.979,179.853,81.827,-8.12784,-6.38175,0.822
30.300,8.979,179.853,81.827,-8.12784,-6.38175,0.822
30.310,8.979,179.853,81.827,-8.12784,-6.38175,0.822
30.320,8.979,179.853,81.827,-8.12784,-6.38175,0.822
30.330,8.979,179.853,81.827,-8.12784,-6.38175,0.822
30.340,8.979,179.853,81.827,-8.12784,-6.38175,0.822
30.350,8.979,179.854,81.827,-8.12784,-6.38174,0.822
30.360,8.980,179.854,81.827,-8.12784,-6.38174,0.822
30.370,8.980,179.854,81.827,-8.12784,-6.38174,0.822
30.380,8.979,179.854,81.827,-8.12784,-6.38174,0.822
30.390,8.979,179.853,81.827,-8.12784,-6.38174,0.822
30.400,8.979,179.853,81.827,-8.12784,-6.38174,0.822
30.410,8.979,179.853,81.827,-8.12784,-6.38174,0.822
30.420,8.979,179.853,81.827,-8.12784,-6.38174,0.822
30.430,8.980,179.854,81.826,-8.12784,-6.38174,0.822
30.440,8.980,179.855,81.826,-8.12784,-6.38174,0.822
30.450,8.980,179.855,81.826,-8.12784,-6.38174,0.822
30.460,8.980,179.854,81.826,-8.12784,-6.38174,0.822
30.470,8.980,179.854,81.827,-8.12784,-6.38174,0.822
30.480,8.979,179.853,81.827,-8.12784,-6.38174,0.822
30.490,8.979,179.853,81.827,-8.12784,-6.38174,0.822
30.500,8.979,179.853,81.827,-8.12784,-6.38174,0.822
30.510,8.979,179.853,81.827,-8.12784,-6.38174,0.822
30.520,8.979,179.853,81.827,-8.12784,-6.38174,0.822
30.530,8.979,179.853,81.827,-8.12784,-6.38174,0.822
30.540,8.979,179.853,81.827,-8.12784,-6.38174,0.822
30.550,8.979,179.854,81.827,-8.12784,-6.38174,0.822
30.560,8.980,179.854,81.827,-8.12783,-6.38174,0.822
30.570,8.980,179.854,81.826,-8.12783,-6.38174,0.822
30.580,8.980,179.854,81.826,-8.12783,-6.38174,0.822
30.590,8.980,179.854,81.826,-8.12783,-6.38174,0.822
30.600,8.980,179.854,81.827,-8.12783,-6.38174,0.822
30.610,8.980,179.854,81.827,-8.12783,-6.38174,0.822
30.620,8.979,179.853,81.827,-8.12783,-6.38174,0.822
30.630,8.979,179.853,81.827,-8.12783,-6.38174,0.822
30.640,8.979,179.853,81.827,-8.12783,-6.38174,0.822
30.650,8.979,179.853,81.827,-8.12783,-6.38174,0.822
30.660,8.979,179.853,81.827,-8.12783,-6.38174,0.822
30.670,8.979,179.853,81.827,-8.12783,-6.38174,0.822
30.680,8.979,179.853,81.827,-8.12783,-6.38174,0.822
30.690,8.980,179.854,81.826,-8.12783,-6.38174,0.822
30.700,8.981,179.855,81.826,-8.12783,-6.38174,0.822
30.710,8.981,179.855,81.826,-8.12783,-6.38174,0.822
30.720,8.980,179.854,81.826,-8.12783,-6.38174,0.822
30.730,8.980,179.854,81.826,-8.12783,-6.38174,0.822
30.740,8.979,179.853,81.827,-8.12783,-6.38174,0.822
30.750,8.979,179.853,81.827,-8.12783,-6.38174,0.822
30.760,8.979,179.853,81.827,-8.12784,-6.38175,0.822
30.770,8.979,179.853,81.827,-8.12784,-6.38175,0.822
30.780,8.979,179.853,81.827,-8.12784,-6.38175,0.822
30.790,8.979,179.853,81.827,-8.12784,-6.38175,0.822
30.800,8.979,179.853,81.827,-8.12784,-6.38175,0.822
30.810,8.979,179.854,81.827,-8.12784,-6.38175,0.822
30.820,8.980,179.854,81.826,-8.12784,-6.38175,0.822
30.830,8.979,179.854,81.827,-8.12784,-6.38175,0.822
30.840,8.980,179.854,81.827,-8.12784,-6.38175,0.822
30.850,8.979,179.853,81.827,-8.12784,-6.38175,0.822
30.860,8.979,179.853,81.827,-8.12784,-6.38175,0.822
30.870,8.979,179.853,81.827,-8.12784,-6.38175,0.822
30.880,8.980,179.854,81.826,-8.12784,-6.38175,0.822
30.890,8.980,179.855,81.826,-8.12784,-6.38175,0.822
30.900,8.980,179.855,81.826,-8.12784,-6.38175,0.822
30.910,8.980,179.854,81.826,-8.12784,-6.38175,0.822
30.920,8.980,179.854,81.827,-8.12784,-6.38175,0.822
30.930,8.979,179.853,81.827,-8.12784,-6.38175,0.822
30.940,8.979,179.853,81.827,-8.12784,-6.38175,0.822
30.950,8.979,179.853,81.827,-8.12784,-6.38175,0.822
30.960,8.979,179.853,81.827,-8.12784,-6.38175,0.822
30.970,8.979,179.853,81.827,-8.12784,-6.38174,0.822
30.980,8.979,179.853,81.827,-8.12784,-6.38174,0.822
30.990,8.979,179.853,81.827,-8.12784,-6.38174,0.822
31.000,8.979,179.854,81.826,-8.12784,-6.38174,0.822
31.010,8.980,179.854,81.827,-8.12784,-6.38174,0.822
31.020,8.980,179.854,81.827,-8.12784,-6.38174,0.822
31.030,8.979,179.854,81.827,-8.12784,-6.38174,0.822
31.040,8.979,179.853,81.827,-8.12784,-6.38174,0.822
31.050,8.979,179.853,81.827,-8.12784,-6.38174,0.822
31.060,8.979,179.853,81.826,-8.12784,-6.38174,0.822
31.070,8.979,179.853,81.827,-8.12784,-6.38174,0.822
31.080,8.979,179.853,81.827,-8.12784,-6.38174,0.822
31.090,8.979,179.853,81.827,-8.12784,-6.38174,0.822
31.100,8.979,179.853,81.827,-8.12784,-6.38174,0.822
31.110,8.979,179.853,81.827,-8.12784,-6.38174,0.822
31.120,8.979,179.853,81.827,-8.12784,-6.38174,0.822
31.130,8.980,179.854,81.826,-8.12784,-6.38174,0.822
31.140,8.981,179.855,81.826,-8.12784,-6.38174,0.822
31.150,8.981,179.855,81.826,-8.12784,-6.38174,0.822
31.160,8.980,179.854,81.826,-8.12784,-6.38174,0.822
31.170,8.980,179.854,81.826,-8.12784,-6.38175,0.822
31.180,8.979,179.853,81.827,-8.12784,-6.38175,0.822
31.190,8.979,179.853,81.827,-8.12784,-6.38175,0.822
31.200,8.979,179.853,81.827,-8.12784,-6.38175,0.822
31.210,8.979,179.853,81.827,-8.12784,-6.38175,0.822
31.220,8.979,179.853,81.827,-8.12784,-6.38175,0.822
31.230,8.979,179.853,81.827,-8.12784,-6.38175,0.822
31.240,8.979,179.853,81.827,-8.12784,-6.38175,0.822
31.250,8.979,179.854,81.826,-8.12784,-6.38175,0.822
31.260,8.980,179.854,81.827,-8.12784,-6.38175,0.822
31.270,8.980,179.854,81.826,-8.12784,-6.38175,0.822
31.280,8.980,179.854,81.827,-8.12784,-6.38175,0.822
31.290,8.979,179.853,81.827,-8.12784,-6.38175,0.822
31.300,8.979,179.853,81.827,-8.12784,-6.38175,0.822
31.310,8.979,179.853,81.827,-8.12784,-6.38175,0.822
31.320,8.979,179.853,81.827,-8.12784,-6.38175,0.822
31.330,8.980,179.854,81.826,-8.12784,-6.38175,0.822
31.340,8.981,179.855,81.826,-8.12784,-6.38175,0.822
31.350,8.980,179.855,81.826,-8.12784,-6.38175,0.822
31.360,8.980,179.854,81.826,-8.12784,-6.38175,0.822
31.370,8.980,179.854,81.827,-8.12784,-6.38175,0.822
31.380,8.979,179.853,81.827,-8.12784,-6.38175,0.822
31.390,8.979,179.853,81.827,-8.12784,-6.38175,0.822
31.400,8.979,179.853,81.827,-8.12784,-6.38175,0.822
31.410,8.979,179.853,81.827,-8.12784,-6.38175,0.822
31.420,8.979,179.853,81.827,-8.12784,-6.38175,0.822
31.430,8.979,179.853,81.827,-8.12784,-6.38175,0.822
31.440,8.979,179.853,81.827,-8.12784,-6.38175,0.822
31.450,8.979,179.854,81.827,-8.12784,-6.38175,0.822
31.460,8.980,179.854,81.827,-8.12784,-6.38175,0.822
31.470,8.980,179.854,81.827,-8.12784,-6.38175,0.822
31.480,8.979,179.854,81.826,-8.12784,-6.38175,0.822
31.490,8.979,179.853,81.827,-8.12784,-6.38175,0.822
31.500,8.979,179.853,81.827,-8.12784,-6.38175,0.822
31.510,8.979,179.853,81.827,-8.12784,-6.38175,0.822
31.520,8.979,179.853,81.827,-8.12784,-6.38175,0.822
31.530,8.979,179.853,81.827,-8.12784,-6.38175,0.822
31.540,8.979,179.853,81.827,-8.12784,-6.38175,0.822
31.550,8.979,179.853,81.827,-8.12784,-6.38175,0.822
31.560,8.979,179.853,81.827,-8.12784,-6.38175,0.822
31.570,8.979,179.853,81.827,-8.12784,-6.38175,0.822
31.580,8.979,179.853,81.827,-8.12784,-6.38175,0.822
31.590,8.979,179.853,81.827,-8.12783,-6.38174,0.822
31.600,8.979,179.853,81.827,-8.12783,-6.38174,0.822
31.610,8.980,179.854,81.826,-8.12783,-6.38174,0.822
31.620,8.980,179.854,81.826,-8.12783,-6.38174,0.822
31.630,8.980,179.854,81.826,-8.12783,-6.38174,0.822
31.640,8.980,179.854,81.826,-8.12783,-6.38174,0.822
31.650,8.980,179.854,81.826,-8.12783,-6.38174,0.822
31.660,8.979,179.853,81.827,-8.12783,-6.38174,0.822
31.670,8.979,179.853,81.827,-8.12783,-6.38174,0.822
31.680,8.979,179.853,81.827,-8.12783,-6.38174,0.822
31.690,8.979,179.853,81.827,-8.12783,-6.38174,0.822
31.700,8.979,179.853,81.827,-8.12783,-6.38174,0.822
31.710,8.979,179.853,81.826,-8.12783,-6.38174,0.822
31.720,8.979,179.853,81.827,-8.12783,-6.38174,0.822
31.730,8.979,179.853,81.827,-8.12783,-6.38174,0.822
31.740,8.979,179.853,81.827,-8.12783,-6.38174,0.822
31.750,8.979,179.853,81.827,-8.12783,-6.38174,0.822
31.760,8.979,179.853,81.827,-8.12783,-6.38174,0.822
31.770,8.979,179.853,81.827,-8.12783,-6.38174,0.822
31.780,8.979,179.853,81.827,-8.12783,-6.38174,0.822
31.790,8.979,179.853,81.827,-8.12782,-6.38173,0.822
31.800,8.980,179.854,81.826,-8.12782,-6.38173,0.822
31.810,8.981,179.855,81.826,-8.12782,-6.38173,0.822
31.820,8.981,179.855,81.826,-8.12782,-6.38173,0.822
31.830,8.980,179.854,81.826,-8.12782,-6.38173,0.822
31.840,8.980,179.854,81.826,-8.12782,-6.38173,0.822
31.850,8.979,179.853,81.827,-8.12782,-6.38173,0.822
31.860,8.979,179.853,81.827,-8.12782,-6.38173,0.822
31.870,8.979,179.853,81.827,-8.12782,-6.38173,0.822
31.880,8.979,179.853,81.827,-8.12782,-6.38173,0.822
31.890,8.979,179.853,81.827,-8.12782,-6.38173,0.822
31.900,8.979,179.853,81.827,-8.12782,-6.38173,0.822
31.910,8.979,179.853,81.827,-8.12782,-6.38173,0.822
31.920,8.979,179.854,81.827,-8.12782,-6.38173,0.822
31.930,8.980,179.854,81.827,-8.12782,-6.38173,0.822
31.940,8.980,179.854,81.826,-8.12782,-6.38173,0.822
31.950,8.981,179.855,81.826,-8.12782,-6.38173,0.822
31.960,8.981,179.855,81.826,-8.12782,-6.38173,0.822
31.970,8.980,179.854,81.826,-8.12782,-6.38173,0.822
31.980,8.980,179.854,81.827,-8.12782,-6.38173,0.822
31.990,8.979,179.853,81.827,-8.12782,-6.38173,0.822
32.000,8.979,179.853,81.827,-8.12784,-6.38175,0.822
32.010,8.979,179.853,81.827,-8.12784,-6.38175,0.822
32.020,8.979,179.853,81.827,-8.12784,-6.38175,0.822
32.030,8.979,179.854,81.826,-8.12784,-6.38175,0.822
32.040,8.980,179.854,81.826,-8.12784,-6.38175,0.822
32.050,8.980,179.854,81.826,-8.12784,-6.38175,0.822
32.060,8.981,179.855,81.826,-8.12784,-6.38175,0.822
32.070,8.981,179.855,81.826,-8.12784,-6.38175,0.822
32.080,8.981,179.855,81.826,-8.12784,-6.38175,0.822
32.090,8.981,179.855,81.826,-8.12784,-6.38175,0.822
32.100,8.980,179.854,81.826,-8.12784,-6.38175,0.822
32.110,8.980,179.854,81.826,-8.12784,-6.38175,0.822
32.120,8.980,179.854,81.826,-8.12784,-6.38175,0.822
32.130,8.980,179.854,81.827,-8.12784,-6.38175,0.822
32.140,8.979,179.853,81.827,-8.12784,-6.38175,0.822
32.150,8.979,179.853,81.827,-8.12784,-6.38175,0.822
32.160,8.979,179.853,81.827,-8.12784,-6.38175,0.822
32.170,8.979,179.853,81.827,-8.12784,-6.38175,0.822
32.180,8.979,179.853,81.827,-8.12784,-6.38175,0.822
32.190,8.979,179.853,81.827,-8.12784,-6.38175,0.822
32.200,8.979,179.853,81.827,-8.12783,-6.38174,0.822
32.210,8.980,179.854,81.827,-8.12783,-6.38174,0.822
32.220,8.980,179.854,81.826,-8.12783,-6.38174,0.822
32.230,8.980,179.854,81.826,-8.12783,-6.38174,0.822
32.240,8.980,179.854,81.826,-8.12783,-6.38174,0.822
32.250,8.979,179.853,81.827,-8.12783,-6.38174,0.822
32.260,8.979,179.853,81.827,-8.12783,-6.38174,0.822
32.270,8.979,179.853,81.827,-8.12783,-6.38174,0.822
32.280,8.979,179.853,81.827,-8.12783,-6.38174,0.822
32.290,8.980,179.854,81.826,-8.12783,-6.38174,0.822
32.300,8.980,179.854,81.826,-8.12783,-6.38174,0.822
32.310,8.980,179.854,81.826,-8.12783,-6.38174,0.822
32.320,8.980,179.854,81.826,-8.12783,-6.38174,0.822
32.330,8.980,179.854,81.826,-8.12783,-6.38174,0.822
32.340,8.980,179.854,81.826,-8.12783,-6.38174,0.822
32.350,8.980,179.854,81.826,-8.12783,-6.38174,0.822
32.360,8.980,179.854,81.826,-8.12783,-6.38174,0.822
32.370,8.980,179.854,81.826,-8.12783,-6.38174,0.822
32.380,8.980,179.854,81.826,-8.12783,-6.38174,0.822
32.390,8.980,179.854,81.827,-8.12783,-6.38174,0.822
32.400,8.980,179.854,81.827,-8.12784,-6.38175,0.822
32.410,8.979,179.853,81.827,-8.12784,-6.38175,0.822
32.420,8.979,179.853,81.827,-8.12784,-6.38175,0.822
32.430,8.979,179.853,81.827,-8.12784,-6.38175,0.822
32.440,8.979,179.853,81.827,-8.12784,-6.38175,0.822
32.450,8.979,179.853,81.827,-8.12784,-6.38175,0.822
32.460,8.979,179.853,81.827,-8.12784,-6.38175,0.822
32.470,8.979,179.853,81.827,-8.12784,-6.38175,0.822
32.480,8.979,179.853,81.827,-8.12784,-6.38175,0.822
32.490,8.980,179.853,81.827,-8.12784,-6.38175,0.822
32.500,8.980,179.854,81.826,-8.12784,-6.38175,0.822
32.510,8.980,179.854,81.826,-8.12784,-6.38175,0.822
32.520,8.980,179.854,81.826,-8.12784,-6.38175,0.822
32.530,8.980,179.854,81.826,-8.12784,-6.38175,0.822
32.540,8.980,179.854,81.826,-8.12784,-6.38175,0.822
32.550,8.980,179.854,81.826,-8.12784,-6.38175,0.822
32.560,8.980,179.854,81.826,-8.12784,-6.38175,0.822
32.570,8.981,179.855,81.826,-8.12784,-6.38175,0.822
32.580,8.981,179.855,81.826,-8.12784,-6.38175,0.822
32.590,8.981,179.855,81.826,-8.12784,-6.38175,0.822
32.600,8.980,179.854,81.826,-8.12783,-6.38174,0.822
32.610,8.980,179.854,81.826,-8.12783,-6.38174,0.822
32.620,8.980,179.854,81.826,-8.12783,-6.38174,0.822
32.630,8.979,179.853,81.827,-8.12783,-6.38174,0.822
32.640,8.979,179.853,81.827,-8.12783,-6.38174,0.822
32.650,8.979,179.853,81.827,-8.12783,-6.38174,0.822
32.660,8.979,179.853,81.827,-8.12783,-6.38174,0.822
32.670,8.978,179.852,81.827,-8.12783,-6.38174,0.822
32.680,8.979,179.852,81.827,-8.12783,-6.38174,0.822
32.690,8.979,179.853,81.827,-8.12783,-6.38174,0.822
32.700,8.979,179.853,81.827,-8.12783,-6.38174,0.822
32.710,8.980,179.854,81.826,-8.12783,-6.38174,0.822
32.720,8.980,179.854,81.826,-8.12783,-6.38174,0.822
32.730,8.980,179.854,81.826,-8.12783,-6.38174,0.822
32.740,8.981,179.855,81.826,-8.12783,-6.38174,0.822
32.750,8.981,179.855,81.826,-8.12783,-6.38174,0.822
32.760,8.981,179.855,81.826,-8.12783,-6.38174,0.822
32.770,8.980,179.855,81.826,-8.12783,-6.38174,0.822
32.780,8.980,179.854,81.826,-8.12783,-6.38174,0.822
32.790,8.980,179.854,81.827,-8.12783,-6.38174,0.822
32.800,8.979,179.853,81.827,-8.12786,-6.38176,0.822
32.810,8.978,179.852,81.827,-8.12786,-6.38176,0.822
32.820,8.978,179.852,81.827,-8.12786,-6.38176,0.822
32.830,8.978,179.852,81.827,-8.12786,-6.38176,0.822
32.840,8.979,179.853,81.827,-8.12786,-6.38176,0.822
32.850,8.979,179.853,81.827,-8.12786,-6.38176,0.822
32.860,8.980,179.854,81.826,-8.12786,-6.38176,0.822
32.870,8.980,179.854,81.826,-8.12786,-6.38176,0.822
32.880,8.980,179.854,81.826,-8.12786,-6.38176,0.822
32.890,8.980,179.854,81.826,-8.12786,-6.38176,0.822
32.900,8.980,179.854,81.826,-8.12786,-6.38176,0.822
32.910,8.980,179.854,81.827,-8.12786,-6.38176,0.822
32.920,8.980,179.854,81.827,-8.12786,-6.38176,0.822
32.930,8.980,179.854,81.827,-8.12786,-6.38176,0.822
32.940,8.980,179.854,81.826,-8.12786,-6.38176,0.822
32.950,8.980,179.854,81.827,-8.12786,-6.38176,0.822
32.960,8.980,179.854,81.826,-8.12786,-6.38176,0.822
32.970,8.980,179.854,81.826,-8.12786,-6.38176,0.822
32.980,8.980,179.854,81.827,-8.12786,-6.38176,0.822
32.990,8.980,179.854,81.826,-8.12786,-6.38176,0.822
33.000,8.980,179.854,81.826,-8.12786,-6.38176,0.822
33.010,8.980,179.854,81.826,-8.12783,-6.38174,0.822
33.020,8.980,179.854,81.826,-8.12783,-6.38174,0.822
33.030,8.980,179.854,81.826,-8.12783,-6.38174,0.822
33.040,8.980,179.854,81.827,-8.12783,-6.38174,0.822
33.050,8.980,179.854,81.827,-8.12783,-6.38174,0.822
33.060,8.980,179.854,81.827,-8.12783,-6.38174,0.822
33.070,8.980,179.854,81.827,-8.12783,-6.38174,0.822
33.080,8.980,179.854,81.827,-8.12783,-6.38174,0.822
33.090,8.980,179.854,81.827,-8.12783,-6.38174,0.822
33.100,8.980,179.854,81.827,-8.12783,-6.38174,0.822
33.110,8.980,179.854,81.827,-8.12783,-6.38174,0.822
33.120,8.980,179.854,81.827,-8.12783,-6.38174,0.822
33.130,8.980,179.854,81.827,-8.12783,-6.38174,0.822
33.140,8.980,179.854,81.827,-8.12783,-6.38174,0.822
33.150,8.980,179.854,81.827,-8.12783,-6.38174,0.822
33.160,8.980,179.854,81.826,-8.12783,-6.38174,0.822
33.170,8.980,179.854,81.826,-8.12783,-6.38174,0.822
33.180,8.980,179.854,81.827,-8.12783,-6.38174,0.822
33.190,8.980,179.854,81.827,-8.12783,-6.38174,0.822
33.200,8.979,179.853,81.827,-8.12783,-6.38174,0.822
33.210,8.979,179.853,81.827,-8.12784,-6.38175,0.822
33.220,8.979,179.853,81.827,-8.12784,-6.38175,0.822
33.230,8.979,179.853,81.827,-8.12784,-6.38175,0.822
33.240,8.980,179.854,81.826,-8.12784,-6.38175,0.822
33.250,8.980,179.854,81.826,-8.12784,-6.38175,0.822
33.260,8.980,179.854,81.826,-8.12784,-6.38175,0.822
33.270,8.980,179.854,81.826,-8.12784,-6.38175,0.822
33.280,8.980,179.854,81.826,-8.12784,-6.38175,0.822
33.290,8.980,179.854,81.826,-8.12784,-6.38175,0.822
33.300,8.980,179.854,81.827,-8.12784,-6.38175,0.822
33.310,8.980,179.854,81.826,-8.12784,-6.38175,0.822
33.320,8.980,179.854,81.827,-8.12784,-6.38175,0.822
33.330,8.980,179.854,81.827,-8.12784,-6.38175,0.822
33.340,8.980,179.854,81.826,-8.12784,-6.38175,0.822
33.350,8.980,179.854,81.826,-8.12784,-6.38175,0.822
33.360,8.980,179.854,81.826,-8.12784,-6.38175,0.822
33.370,8.979,179.853,81.827,-8.12784,-6.38175,0.822
33.380,8.979,179.852,81.827,-8.12784,-6.38175,0.822
33.390,8.979,179.852,81.827,-8.12784,-6.38175,0.822
33.400,8.979,179.853,81.827,-8.12784,-6.38175,0.822
33.410,8.979,179.853,81.827,-8.12784,-6.38175,0.822
33.420,8.980,179.854,81.826,-8.12783,-6.38174,0.822
33.430,8.980,179.854,81.826,-8.12783,-6.38174,0.822
33.440,8.980,179.854,81.826,-8.12783,-6.38174,0.822
33.450,8.980,179.854,81.826,-8.12783,-6.38174,0.822
33.460,8.980,179.854,81.826,-8.12783,-6.38174,0.822
33.470,8.980,179.854,81.826,-8.12783,-6.38174,0.822
33.480,8.980,179.854,81.826,-8.12783,-6.38174,0.822
33.490,8.980,179.854,81.826,-8.12783,-6.38174,0.822
33.500,8.980,179.854,81.827,-8.12783,-6.38174,0.822
33.510,8.979,179.853,81.827,-8.12783,-6.38174,0.822
33.520,8.979,179.852,81.827,-8.12783,-6.38174,0.822
33.530,8.978,179.852,81.827,-8.12783,-6.38174,0.822
33.540,8.979,179.853,81.827,-8.12783,-6.38174,0.822
33.550,8.979,179.853,81.827,-8.12783,-6.38174,0.822
33.560,8.979,179.853,81.827,-8.12783,-6.38174,0.822
33.570,8.980,179.854,81.827,-8.12783,-6.38174,0.822
33.580,8.980,179.854,81.826,-8.12783,-6.38174,0.822
33.590,8.980,179.854,81.827,-8.12783,-6.38174,0.822
33.600,8.980,179.854,81.826,-8.12783,-6.38174,0.822
33.610,8.980,179.854,81.826,-8.12783,-6.38174,0.822
33.620,8.980,179.854,81.826,-8.12783,-6.38174,0.822
33.630,8.980,179.854,81.827,-8.12783,-6.38174,0.822
33.640,8.980,179.854,81.826,-8.12783,-6.38174,0.822
33.650,8.980,179.854,81.827,-8.12783,-6.38174,0.822
33.660,8.980,179.854,81.827,-8.12783,-6.38174,0.822
33.670,8.980,179.854,81.826,-8.12783,-6.38174,0.822
33.680,8.980,179.854,81.826,-8.12783,-6.38174,0.822
33.690,8.980,179.854,81.827,-8.12783,-6.38174,0.822
33.700,8.980,179.854,81.826,-8.12783,-6.38174,0.822
33.710,8.980,179.854,81.826,-8.12783,-6.38174,0.822
33.720,8.980,179.854,81.826,-8.12783,-6.38174,0.822
33.730,8.980,179.854,81.827,-8.12783,-6.38174,0.822
33.740,8.980,179.854,81.827,-8.12783,-6.38174,0.822
33.750,8.979,179.853,81.827,-8.12783,-6.38174,0.822
33.760,8.979,179.852,81.827,-8.12783,-6.38174,0.822
33.770,8.979,179.852,81.827,-8.12783,-6.38174,0.822
33.780,8.979,179.853,81.827,-8.12783,-6.38174,0.822
33.790,8.979,179.853,81.827,-8.12783,-6.38174,0.822
33.800,8.980,179.854,81.827,-8.12783,-6.38174,0.822
33.810,8.980,179.854,81.826,-8.12783,-6.38174,0.822
33.820,8.980,179.854,81.826,-8.12783,-6.38174,0.822
33.830,8.980,179.854,81.826,-8.12783,-6.38174,0.822
33.840,8.980,179.854,81.826,-8.12783,-6.38174,0.822
33.850,8.980,179.854,81.826,-8.12783,-6.38174,0.822
33.860,8.980,179.854,81.826,-8.12783,-6.38174,0.822
33.870,8.980,179.854,81.827,-8.12783,-6.38174,0.822
33.880,8.980,179.854,81.826,-8.12783,-6.38174,0.822
33.890,8.980,179.854,81.827,-8.12783,-6.38174,0.822
33.900,8.980,179.854,81.826,-8.12783,-6.38174,0.822
33.910,8.980,179.854,81.826,-8.12783,-6.38174,0.822
33.920,8.980,179.854,81.827,-8.12783,-6.38174,0.822
33.930,8.980,179.854,81.826,-8.12783,-6.38174,0.822
33.940,8.980,179.854,81.826,-8.12783,-6.38174,0.822
33.950,8.980,179.854,81.826,-8.12783,-6.38174,0.822
33.960,8.980,179.854,81.826,-8.12783,-6.38174,0.822
33.970,8.979,179.853,81.827,-8.12783,-6.38174,0.822
33.980,8.979,179.853,81.827,-8.12783,-6.38174,0.822
33.990,8.979,179.853,81.827,-8.12783,-6.38174,0.822
34.000,8.979,179.853,81.827,-8.12783,-6.38174,0.822
34.010,8.980,179.854,81.827,-8.12783,-6.38174,0.822
34.020,8.980,179.854,81.826,-8.12783,-6.38174,0.822
34.030,8.980,179.854,81.826,-8.12783,-6.38174,0.822
34.040,8.980,179.854,81.826,-8.12783,-6.38174,0.822
34.050,8.980,179.854,81.826,-8.12783,-6.38174,0.822
34.060,8.980,179.854,81.826,-8.12783,-6.38174,0.822
34.070,8.980,179.854,81.827,-8.12783,-6.38174,0.822
34.080,8.980,179.854,81.827,-8.12783,-6.38174,0.822
34.090,8.980,179.854,81.827,-8.12783,-6.38174,0.822
34.100,8.979,179.853,81.827,-8.12783,-6.38174,0.822
34.110,8.978,179.852,81.827,-8.12783,-6.38174,0.822
34.120,8.979,179.852,81.827,-8.12783,-6.38174,0.822
34.130,8.979,179.853,81.827,-8.12783,-6.38174,0.822
34.140,8.979,179.853,81.827,-8.12783,-6.38174,0.822
34.150,8.980,179.854,81.826,-8.12783,-6.38174,0.822
34.160,8.980,179.854,81.826,-8.12783,-6.38174,0.822
34.170,8.980,179.854,81.826,-8.12783,-6.38174,0.822
34.180,8.980,179.854,81.826,-8.12783,-6.38174,0.822
34.190,8.980,179.854,81.826,-8.12783,-6.38174,0.822
34.200,8.980,179.854,81.827,-8.12783,-6.38174,0.822
34.210,8.979,179.853,81.827,-8.12783,-6.38174,0.822
34.220,8.979,179.852,81.827,-8.12783,-6.38174,0.822
34.230,8.979,179.852,81.827,-8.12783,-6.38174,0.822
34.240,8.979,179.853,81.827,-8.12783,-6.38174,0.822
34.250,8.979,179.853,81.827,-8.12783,-6.38174,0.822
34.260,8.980,179.854,81.826,-8.12783,-6.38174,0.822
34.270,8.980,179.854,81.826,-8.12783,-6.38174,0.822
34.280,8.980,179.854,81.826,-8.12783,-6.38174,0.822
34.290,8.979,179.854,81.827,-8.12783,-6.38174,0.822
34.300,8.979,179.853,81.827,-8.12783,-6.38174,0.822
34.310,8.979,179.853,81.827,-8.12783,-6.38174,0.822
34.320,8.979,179.853,81.827,-8.12783,-6.38174,0.822
34.330,8.979,179.853,81.827,-8.12783,-6.38174,0.822
34.340,8.979,179.854,81.826,-8.12783,-6.38174,0.822
34.350,8.980,179.854,81.826,-8.12783,-6.38174,0.822
34.360,8.980,179.854,81.826,-8.12783,-6.38174,0.822
34.370,8.980,179.854,81.826,-8.12783,-6.38174,0.822
34.380,8.979,179.853,81.827,-8.12783,-6.38174,0.822
34.390,8.979,179.853,81.827,-8.12783,-6.38174,0.822
34.400,8.979,179.853,81.827,-8.12783,-6.38174,0.822
34.410,8.979,179.853,81.827,-8.12783,-6.38174,0.822
34.420,8.980,179.854,81.826,-8.12783,-6.38174,0.822
34.430,8.980,179.854,81.826,-8.12783,-6.38174,0.822
34.440,8.980,179.854,81.826,-8.12782,-6.38174,0.822
34.450,8.980,179.854,81.826,-8.12782,-6.38174,0.822
34.460,8.980,179.854,81.826,-8.12782,-6.38174,0.822
34.470,8.980,179.854,81.826,-8.12782,-6.38174,0.822
34.480,8.980,179.854,81.826,-8.12782,-6.38174,0.822
34.490,8.979,179.853,81.827,-8.12782,-6.38174,0.822
34.500,8.979,179.853,81.827,-8.12782,-6.38174,0.822
34.510,8.979,179.853,81.827,-8.12782,-6.38174,0.822
34.520,8.979,179.853,81.827,-8.12782,-6.38174,0.822
34.530,8.979,179.853,81.827,-8.12782,-6.38174,0.822
34.540,8.979,179.853,81.827,-8.12782,-6.38174,0.822
34.550,8.979,179.853,81.827,-8.12782,-6.38174,0.822
34.560,8.979,179.853,81.827,-8.12782,-6.38174,0.822
34.570,8.979,179.853,81.827,-8.12782,-6.38174,0.822
34.580,8.979,179.853,81.827,-8.12782,-6.38174,0.822
34.590,8.979,179.854,81.826,-8.12782,-6.38174,0.822
34.600,8.980,179.854,81.827,-8.12782,-6.38174,0.822
34.610,8.980,179.854,81.826,-8.12782,-6.38174,0.822
34.620,8.980,179.855,81.826,-8.12782,-6.38174,0.822
34.630,8.980,179.855,81.826,-8.12782,-6.38174,0.822
34.640,8.980,179.855,81.826,-8.12782,-6.38174,0.822
34.650,8.979,179.854,81.827,-8.12785,-6.38175,0.822
34.660,8.979,179.853,81.827,-8.12785,-6.38175,0.822
34.670,8.979,179.853,81.827,-8.12785,-6.38175,0.822
34.680,8.979,179.853,81.827,-8.12785,-6.38175,0.822
34.690,8.979,179.853,81.827,-8.12785,-6.38175,0.822
34.700,8.979,179.853,81.827,-8.12785,-6.38175,0.822
34.710,8.979,179.853,81.827,-8.12785,-6.38175,0.822
34.720,8.979,179.853,81.827,-8.12785,-6.38175,0.822
34.730,8.979,179.853,81.827,-8.12785,-6.38175,0.822
34.740,8.978,179.852,81.827,-8.12785,-6.38175,0.822
34.750,8.978,179.852,81.827,-8.12785,-6.38175,0.822
34.760,8.978,179.852,81.827,-8.12785,-6.38175,0.822
34.770,8.978,179.852,81.827,-8.12785,-6.38175,0.822
34.780,8.979,179.852,81.827,-8.12785,-6.38175,0.822
34.790,8.979,179.853,81.827,-8.12785,-6.38175,0.822
34.800,8.979,179.853,81.827,-8.12785,-6.38175,0.822
34.810,8.979,179.853,81.827,-8.12785,-6.38175,0.822
34.820,8.979,179.853,81.827,-8.12785,-6.38175,0.822
34.830,8.979,179.853,81.827,-8.12785,-6.38175,0.822
34.840,8.979,179.853,81.827,-8.12785,-6.38175,0.822
34.850,8.979,179.853,81.827,-8.12785,-6.38175,0.822
34.860,8.979,179.853,81.827,-8.12784,-6.38174,0.822
34.870,8.979,179.853,81.827,-8.12784,-6.38174,0.822
34.880,8.980,179.854,81.827,-8.12784,-6.38174,0.822
34.890,8.980,179.854,81.826,-8.12784,-6.38174,0.822
34.900,8.980,179.854,81.827,-8.12784,-6.38174,0.822
34.910,8.980,179.854,81.826,-8.12784,-6.38174,0.822
34.920,8.980,179.854,81.826,-8.12784,-6.38174,0.822
34.930,8.980,179.854,81.826,-8.12784,-6.38174,0.822
34.940,8.981,179.855,81.826,-8.12784,-6.38174,0.822
34.950,8.981,179.855,81.826,-8.12784,-6.38174,0.822
34.960,8.981,179.855,81.826,-8.12784,-6.38174,0.822
34.970,8.981,179.855,81.826,-8.12784,-6.38174,0.822
34.980,8.981,179.855,81.826,-8.12784,-6.38174,0.822
34.990,8.980,179.854,81.826,-8.12784,-6.38174,0.822
35.000,8.980,179.854,81.826,-8.12784,-6.38174,0.822
35.010,8.980,179.854,81.826,-8.12784,-6.38174,0.822
35.020,8.980,179.854,81.826,-8.12784,-6.38174,0.822
35.030,8.980,179.854,81.826,-8.12784,-6.38174,0.822
35.040,8.980,179.854,81.826,-8.12784,-6.38174,0.822
35.050,8.979,179.854,81.827,-8.12784,-6.38174,0.822
35.060,8.979,179.852,81.827,-8.12785,-6.38176,0.822
35.070,8.979,179.852,81.827,-8.12785,-6.38176,0.822
35.080,8.979,179.852,81.827,-8.12785,-6.38176,0.822
35.090,8.979,179.852,81.827,-8.12785,-6.38176,0.822
35.100,8.979,179.853,81.827,-8.12785,-6.38176,0.822
35.110,8.979,179.853,81.827,-8.12785,-6.38176,0.822
35.120,8.980,179.854,81.826,-8.12785,-6.38176,0.822
35.130,8.980,179.854,81.826,-8.12785,-6.38176,0.822
35.140,8.980,179.854,81.826,-8.12785,-6.38176,0.822
35.150,8.980,179.854,81.827,-8.12785,-6.38176,0.822
35.160,8.980,179.854,81.827,-8.12785,-6.38176,0.822
35.170,8.980,179.854,81.826,-8.12785,-6.38176,0.822
35.180,8.980,179.854,81.826,-8.12785,-6.38176,0.822
35.190,8.980,179.854,81.826,-8.12785,-6.38176,0.822
35.200,8.980,179.855,81.826,-8.12785,-6.38176,0.822
35.210,8.980,179.855,81.826,-8.12785,-6.38176,0.822
35.220,8.981,179.855,81.826,-8.12785,-6.38176,0.822
35.230,8.980,179.855,81.826,-8.12785,-6.38176,0.822
35.240,8.980,179.855,81.826,-8.12785,-6.38176,0.822
35.250,8.980,179.854,81.826,-8.12785,-6.38176,0.822
35.260,8.980,179.854,81.826,-8.12785,-6.38176,0.822
35.270,8.980,179.854,81.826,-8.12783,-6.38174,0.822
35.280,8.980,179.854,81.826,-8.12783,-6.38174,0.822
35.290,8.980,179.854,81.826,-8.12783,-6.38174,0.822
35.300,8.980,179.854,81.826,-8.12783,-6.38174,0.822
35.310,8.979,179.853,81.827,-8.12783,-6.38174,0.822
35.320,8.979,179.853,81.827,-8.12783,-6.38174,0.822
35.330,8.979,179.852,81.827,-8.12783,-6.38174,0.822
35.340,8.979,179.853,81.827,-8.12783,-6.38174,0.822
35.350,8.979,179.853,81.827,-8.12783,-6.38174,0.822
35.360,8.979,179.853,81.827,-8.12783,-6.38174,0.822
35.370,8.979,179.853,81.827,-8.12783,-6.38174,0.822
35.380,8.979,179.853,81.827,-8.12783,-6.38174,0.822
35.390,8.979,179.853,81.827,-8.12783,-6.38174,0.822
35.400,8.979,179.853,81.827,-8.12783,-6.38174,0.822
35.410,8.979,179.852,81.827,-8.12783,-6.38174,0.822
35.420,8.978,179.852,81.827,-8.12783,-6.38174,0.822
35.430,8.978,179.852,81.827,-8.12783,-6.38174,0.822
35.440,8.979,179.853,81.827,-8.12783,-6.38174,0.822
35.450,8.979,179.853,81.827,-8.12783,-6.38174,0.822
35.460,8.979,179.853,81.827,-8.12783,-6.38174,0.822
35.470,8.979,179.853,81.827,-8.12784,-6.38175,0.822
35.480,8.979,179.853,81.827,-8.12784,-6.38175,0.822
35.490,8.979,179.853,81.827,-8.12784,-6.38175,0.822
35.500,8.979,179.853,81.827,-8.12784,-6.38175,0.822
35.510,8.979,179.853,81.827,-8.12784,-6.38175,0.822
35.520,8.979,179.853,81.827,-8.12784,-6.38175,0.822
35.530,8.979,179.853,81.827,-8.12784,-6.38175,0.822
35.540,8.980,179.854,81.826,-8.12784,-6.38175,0.822
35.550,8.980,179.854,81.826,-8.12784,-6.38175,0.822
35.560,8.980,179.854,81.827,-8.12784,-6.38175,0.822
35.570,8.980,179.854,81.826,-8.12784,-6.38175,0.822
35.580,8.979,179.853,81.827,-8.12784,-6.38175,0.822
35.590,8.980,179.854,81.827,-8.12784,-6.38175,0.822
35.600,8.979,179.853,81.827,-8.12784,-6.38175,0.822
35.610,8.980,179.854,81.827,-8.12784,-6.38175,0.822
35.620,8.980,179.854,81.827,-8.12784,-6.38175,0.822
35.630,8.980,179.854,81.826,-8.12784,-6.38175,0.822
35.640,8.980,179.854,81.827,-8.12784,-6.38175,0.822
35.650,8.979,179.853,81.827,-8.12784,-6.38175,0.822
35.660,8.979,179.854,81.827,-8.12784,-6.38175,0.822
35.670,8.980,179.854,81.826,-8.12784,-6.38175,0.822
35.680,8.980,179.854,81.827,-8.12783,-6.38174,0.822
35.690,8.980,179.854,81.826,-8.12783,-6.38174,0.822
35.700,8.980,179.854,81.827,-8.12783,-6.38174,0.822
35.710,8.980,179.854,81.826,-8.12783,-6.38174,0.822
35.720,8.980,179.854,81.827,-8.12783,-6.38174,0.822
35.730,8.979,179.853,81.827,-8.12783,-6.38174,0.822
35.740,8.979,179.853,81.827,-8.12783,-6.38174,0.822
35.750,8.980,179.854,81.827,-8.12783,-6.38174,0.822
35.760,8.980,179.854,81.827,-8.12783,-6.38174,0.822
35.770,8.980,179.854,81.826,-8.12783,-6.38174,0.822
35.780,8.980,179.854,81.826,-8.12783,-6.38174,0.822
35.790,8.981,179.854,81.826,-8.12783,-6.38174,0.822
35.800,8.981,179.855,81.826,-8.12783,-6.38174,0.822
35.810,8.981,179.855,81.826,-8.12783,-6.38174,0.822
35.820,8.981,179.855,81.826,-8.12783,-6.38174,0.822
35.830,8.981,179.855,81.826,-8.12783,-6.38174,0.822
35.840,8.980,179.854,81.826,-8.12783,-6.38174,0.822
35.850,8.980,179.854,81.826,-8.12783,-6.38174,0.822
35.860,8.980,179.854,81.827,-8.12783,-6.38174,0.822
35.870,8.980,179.854,81.827,-8.12783,-6.38174,0.822
35.880,8.980,179.854,81.826,-8.12783,-6.38174,0.822
35.890,8.980,179.854,81.826,-8.12783,-6.38174,0.822
35.900,8.980,179.854,81.826,-8.12783,-6.38174,0.822
35.910,8.980,179.854,81.826,-8.12783,-6.38174,0.822
35.920,8.980,179.854,81.826,-8.12783,-6.38174,0.822
35.930,8.980,179.854,81.826,-8.12783,-6.38174,0.822
35.940,8.980,179.854,81.827,-8.12783,-6.38174,0.822
35.950,8.979,179.853,81.827,-8.12783,-6.38174,0.822
35.960,8.979,179.853,81.827,-8.12783,-6.38174,0.822
35.970,8.979,179.853,81.827,-8.12783,-6.38174,0.822
35.980,8.979,179.853,81.827,-8.12783,-6.38174,0.822
35.990,8.979,179.853,81.827,-8.12783,-6.38174,0.822
36.000,8.979,179.853,81.827,-8.12783,-6.38174,0.822
36.010,8.979,179.853,81.827,-8.12783,-6.38174,0.822
36.020,8.979,179.853,81.827,-8.12783,-6.38174,0.822
36.030,8.979,179.853,81.827,-8.12783,-6.38174,0.822
36.040,8.980,179.854,81.826,-8.12783,-6.38174,0.822
36.050,8.980,179.854,81.827,-8.12783,-6.38174,0.822
36.060,8.980,179.854,81.826,-8.12783,-6.38174,0.822
36.070,8.980,179.854,81.826,-8.12783,-6.38174,0.822
36.080,8.980,179.854,81.826,-8.12783,-6.38174,0.822
36.090,8.980,179.854,81.826,-8.12783,-6.38174,0.822
36.100,8.980,179.854,81.826,-8.12783,-6.38174,0.822
36.110,8.980,179.854,81.826,-8.12783,-6.38174,0.822
36.120,8.980,179.854,81.826,-8.12783,-6.38174,0.822
36.130,8.980,179.854,81.826,-8.12783,-6.38174,0.822
36.140,8.980,179.854,81.826,-8.12783,-6.38174,0.822
36.150,8.980,179.854,81.827,-8.12783,-6.38174,0.822
36.160,8.980,179.854,81.827,-8.12783,-6.38174,0.822
36.170,8.980,179.854,81.827,-8.12783,-6.38174,0.822
36.180,8.980,179.854,81.827,-8.12783,-6.38174,0.822
36.190,8.979,179.853,81.827,-8.12783,-6.38174,0.822
36.200,8.979,179.853,81.827,-8.12783,-6.38174,0.822
36.210,8.979,179.853,81.827,-8.12783,-6.38174,0.822
36.220,8.979,179.853,81.827,-8.12783,-6.38174,0.822
36.230,8.979,179.853,81.827,-8.12783,-6.38174,0.822
36.240,8.979,179.853,81.827,-8.12783,-6.38174,0.822
36.250,8.979,179.853,81.827,-8.12783,-6.38174,0.822
36.260,8.980,179.854,81.827,-8.12783,-6.38174,0.822
36.270,8.980,179.854,81.826,-8.12783,-6.38174,0.822
36.280,8.980,179.854,81.826,-8.12783,-6.38174,0.822
36.290,8.980,179.854,81.826,-8.12783,-6.38174,0.822
36.300,8.980,179.854,81.826,-8.12783,-6.38174,0.822
36.310,8.980,179.854,81.826,-8.12783,-6.38174,0.822
36.320,8.980,179.854,81.826,-8.12783,-6.38174,0.822
36.330,8.980,179.854,81.826,-8.12783,-6.38174,0.822
36.340,8.980,179.854,81.826,-8.12783,-6.38174,0.822
36.350,8.980,179.854,81.826,-8.12783,-6.38174,0.822
36.360,8.980,179.854,81.826,-8.12783,-6.38174,0.822
36.370,8.980,179.854,81.826,-8.12783,-6.38174,0.822
36.380,8.980,179.854,81.826,-8.12783,-6.38174,0.822
36.390,8.979,179.853,81.827,-8.12783,-6.38174,0.822
36.400,8.978,179.852,81.827,-8.12783,-6.38174,0.822
36.410,8.979,179.852,81.827,-8.12783,-6.38174,0.822
36.420,8.979,179.852,81.827,-8.12783,-6.38174,0.822
36.430,8.979,179.853,81.827,-8.12783,-6.38174,0.822
36.440,8.979,179.853,81.827,-8.12783,-6.38174,0.822
36.450,8.979,179.853,81.827,-8.12783,-6.38174,0.822
36.460,8.979,179.853,81.827,-8.12783,-6.38174,0.822
36.470,8.979,179.853,81.827,-8.12783,-6.38174,0.822
36.480,8.979,179.853,81.827,-8.12783,-6.38174,0.822
36.490,8.980,179.854,81.826,-8.12783,-6.38174,0.822
36.500,8.980,179.854,81.826,-8.12783,-6.38174,0.822
36.510,8.980,179.854,81.826,-8.12783,-6.38174,0.822
36.520,8.980,179.854,81.826,-8.12783,-6.38174,0.822
36.530,8.980,179.854,81.826,-8.12783,-6.38174,0.822
36.540,8.980,179.854,81.826,-8.12783,-6.38174,0.822
36.550,8.980,179.854,81.826,-8.12783,-6.38174,0.822
36.560,8.980,179.854,81.826,-8.12783,-6.38174,0.822
36.570,8.979,179.853,81.827,-8.12783,-6.38174,0.822
36.580,8.979,179.853,81.827,-8.12783,-6.38174,0.822
36.590,8.979,179.852,81.827,-8.12783,-6.38174,0.822
36.600,8.979,179.853,81.827,-8.12783,-6.38174,0.822
36.610,8.979,179.853,81.827,-8.12783,-6.38174,0.822
36.620,8.979,179.853,81.827,-8.12783,-6.38174,0.822
36.630,8.979,179.853,81.827,-8.12783,-6.38174,0.822
36.640,8.979,179.853,81.827,-8.12783,-6.38174,0.822
36.650,8.979,179.853,81.827,-8.12783,-6.38174,0.822
36.660,8.979,179.853,81.827,-8.12783,-6.38174,0.822
36.670,8.979,179.853,81.826,-8.12783,-6.38174,0.822
36.680,8.979,179.853,81.826,-8.12783,-6.38174,0.822
36.690,8.980,179.854,81.827,-8.12783,-6.38174,0.822
36.700,8.980,179.854,81.827,-8.12783,-6.38173,0.822
36.710,8.980,179.854,81.826,-8.12783,-6.38173,0.822
36.720,8.980,179.854,81.826,-8.12783,-6.38173,0.822
36.730,8.980,179.855,81.826,-8.12783,-6.38173,0.822
36.740,8.981,179.855,81.826,-8.12783,-6.38173,0.822
36.750,8.980,179.855,81.826,-8.12783,-6.38173,0.822
36.760,8.980,179.854,81.826,-8.12783,-6.38173,0.822
36.770,8.980,179.854,81.826,-8.12783,-6.38173,0.822
36.780,8.980,179.854,81.826,-8.12783,-6.38173,0.822
36.790,8.980,179.854,81.826,-8.12783,-6.38173,0.822
36.800,8.980,179.854,81.827,-8.12783,-6.38173,0.822
36.810,8.980,179.854,81.827,-8.12783,-6.38173,0.822
36.820,8.979,179.853,81.827,-8.12783,-6.38173,0.822
36.830,8.979,179.853,81.827,-8.12783,-6.38173,0.822
36.840,8.979,179.853,81.827,-8.12783,-6.38173,0.822
36.850,8.979,179.853,81.827,-8.12783,-6.38173,0.822
36.860,8.978,179.853,81.827,-8.12783,-6.38173,0.822
36.870,8.978,179.852,81.827,-8.12783,-6.38173,0.822
36.880,8.978,179.852,81.827,-8.12783,-6.38173,0.822
36.890,8.978,179.852,81.827,-8.12783,-6.38173,0.822
36.900,8.979,179.853,81.827,-8.12783,-6.38173,0.822
36.910,8.979,179.853,81.827,-8.12783,-6.38174,0.822
36.920,8.980,179.854,81.826,-8.12783,-6.38174,0.822
36.930,8.980,179.854,81.826,-8.12783,-6.38174,0.822
36.940,8.980,179.854,81.826,-8.12783,-6.38174,0.822
36.950,8.980,179.854,81.826,-8.12783,-6.38174,0.822
36.960,8.980,179.854,81.826,-8.12783,-6.38174,0.822
36.970,8.980,179.854,81.826,-8.12783,-6.38174,0.822
36.980,8.979,179.853,81.827,-8.12783,-6.38174,0.822
36.990,8.979,179.853,81.827,-8.12783,-6.38174,0.822
37.000,8.979,179.853,81.827,-8.12783,-6.38174,0.822
37.010,8.979,179.852,81.827,-8.12783,-6.38174,0.822
37.020,8.979,179.852,81.827,-8.12783,-6.38174,0.822
37.030,8.979,179.853,81.827,-8.12783,-6.38174,0.822
37.040,8.979,179.853,81.827,-8.12783,-6.38174,0.822
37.050,8.980,179.854,81.827,-8.12783,-6.38174,0.822
37.060,8.980,179.854,81.826,-8.12783,-6.38174,0.822
37.070,8.980,179.854,81.826,-8.12783,-6.38174,0.822
37.080,8.980,179.854,81.826,-8.12783,-6.38174,0.822
37.090,8.980,179.854,81.826,-8.12783,-6.38174,0.822
37.100,8.980,179.854,81.826,-8.12783,-6.38174,0.822
37.110,8.981,179.855,81.826,-8.12781,-6.38172,0.822
37.120,8.981,179.855,81.826,-8.12781,-6.38172,0.822
37.130,8.981,179.855,81.826,-8.12781,-6.38172,0.822
37.140,8.981,179.855,81.826,-8.12781,-6.38172,0.822
37.150,8.980,179.854,81.826,-8.12781,-6.38172,0.822
37.160,8.980,179.854,81.826,-8.12781,-6.38172,0.822
37.170,8.979,179.853,81.827,-8.12781,-6.38172,0.822
37.180,8.978,179.852,81.827,-8.12781,-6.38172,0.822
37.190,8.978,179.852,81.827,-8.12781,-6.38172,0.822
37.200,8.978,179.852,81.827,-8.12781,-6.38172,0.822
37.210,8.979,179.853,81.827,-8.12781,-6.38172,0.822
37.220,8.979,179.853,81.827,-8.12781,-6.38172,0.822
37.230,8.979,179.854,81.827,-8.12781,-6.38172,0.822
37.240,8.980,179.854,81.827,-8.12781,-6.38172,0.822
37.250,8.980,179.854,81.827,-8.12781,-6.38172,0.822
37.260,8.980,179.854,81.826,-8.12781,-6.38172,0.822
37.270,8.980,179.854,81.827,-8.12781,-6.38172,0.822
37.280,8.979,179.853,81.827,-8.12781,-6.38172,0.822
37.290,8.980,179.854,81.827,-8.12781,-6.38172,0.822
37.300,8.980,179.854,81.827,-8.12781,-6.38172,0.822
37.310,8.980,179.854,81.827,-8.12781,-6.38172,0.822
37.320,8.980,179.854,81.826,-8.12782,-6.38173,0.822
37.330,8.980,179.854,81.826,-8.12782,-6.38173,0.822
37.340,8.980,179.855,81.826,-8.12782,-6.38173,0.822
37.350,8.979,179.854,81.826,-8.12782,-6.38173,0.822
37.360,8.979,179.853,81.827,-8.12782,-6.38173,0.822
37.370,8.979,179.853,81.827,-8.12782,-6.38173,0.822
37.380,8.980,179.854,81.827,-8.12782,-6.38173,0.822
37.390,8.980,179.854,81.826,-8.12782,-6.38173,0.822
37.400,8.980,179.854,81.826,-8.12782,-6.38173,0.822
37.410,8.980,179.854,81.826,-8.12782,-6.38173,0.822
37.420,8.980,179.854,81.826,-8.12782,-6.38173,0.822
37.430,8.980,179.854,81.826,-8.12782,-6.38173,0.822
37.440,8.980,179.854,81.827,-8.12782,-6.38173,0.822
37.450,8.978,179.853,81.827,-8.12782,-6.38173,0.822
37.460,8.978,179.852,81.827,-8.12782,-6.38173,0.822
37.470,8.978,179.852,81.827,-8.12782,-6.38173,0.822
37.480,8.978,179.852,81.827,-8.12782,-6.38173,0.822
37.490,8.978,179.852,81.827,-8.12782,-6.38173,0.822
37.500,8.979,179.853,81.827,-8.12782,-6.38173,0.822
37.510,8.979,179.853,81.827,-8.12782,-6.38173,0.822
37.520,8.980,179.854,81.827,-8.12782,-6.38173,0.822
37.530,8.980,179.854,81.826,-8.12783,-6.38173,0.822
37.540,8.980,179.854,81.826,-8.12783,-6.38173,0.822
37.550,8.980,179.854,81.826,-8.12783,-6.38173,0.822
37.560,8.980,179.854,81.826,-8.12783,-6.38173,0.822
37.570,8.980,179.854,81.826,-8.12783,-6.38173,0.822
37.580,8.980,179.854,81.826,-8.12783,-6.38173,0.822
37.590,8.980,179.854,81.826,-8.12783,-6.38173,0.822
37.600,8.980,179.854,81.826,-8.12783,-6.38173,0.822
37.610,8.980,179.854,81.826,-8.12783,-6.38173,0.822
37.620,8.980,179.854,81.826,-8.12783,-6.38173,0.822
37.630,8.980,179.854,81.826,-8.12783,-6.38173,0.822
37.640,8.980,179.854,81.826,-8.12783,-6.38173,0.822
37.650,8.979,179.853,81.827,-8.12783,-6.38173,0.822
37.660,8.979,179.853,81.827,-8.12783,-6.38173,0.822
37.670,8.979,179.853,81.827,-8.12783,-6.38173,0.822
37.680,8.979,179.853,81.827,-8.12783,-6.38173,0.822
37.690,8.979,179.853,81.827,-8.12783,-6.38173,0.822
37.700,8.979,179.853,81.827,-8.12783,-6.38173,0.822
37.710,8.979,179.853,81.827,-8.12783,-6.38173,0.822
37.720,8.979,179.853,81.827,-8.12783,-6.38173,0.822
37.730,8.979,179.853,81.827,-8.12784,-6.38175,0.822
37.740,8.979,179.853,81.827,-8.12784,-6.38175,0.822
37.750,8.979,179.853,81.827,-8.12784,-6.38175,0.822
37.760,8.980,179.854,81.827,-8.12784,-6.38175,0.822
37.770,8.980,179.854,81.826,-8.12784,-6.38175,0.822
37.780,8.980,179.854,81.826,-8.12784,-6.38175,0.822
37.790,8.980,179.854,81.826,-8.12784,-6.38175,0.822
37.800,8.980,179.854,81.826,-8.12784,-6.38175,0.822
37.810,8.980,179.854,81.826,-8.12784,-6.38175,0.822
37.820,8.980,179.854,81.826,-8.12784,-6.38175,0.822
37.830,8.980,179.854,81.827,-8.12784,-6.38175,0.822
37.840,8.980,179.854,81.826,-8.12784,-6.38175,0.822
37.850,8.980,179.854,81.826,-8.12784,-6.38175,0.822
37.860,8.980,179.854,81.826,-8.12784,-6.38175,0.822
37.870,8.980,179.854,81.827,-8.12784,-6.38175,0.822
37.880,8.979,179.853,81.827,-8.12784,-6.38175,0.822
37.890,8.978,179.852,81.827,-8.12784,-6.38175,0.822
37.900,8.978,179.852,81.827,-8.12784,-6.38175,0.822
37.910,8.978,179.852,81.827,-8.12784,-6.38175,0.822
37.920,8.979,179.852,81.827,-8.12784,-6.38175,0.822
37.930,8.979,179.853,81.827,-8.12784,-6.38175,0.822
37.940,8.979,179.853,81.827,-8.12784,-6.38175,0.822
37.950,8.979,179.854,81.827,-8.12784,-6.38175,0.822
37.960,8.979,179.853,81.827,-8.12784,-6.38175,0.822
37.970,8.979,179.853,81.827,-8.12784,-6.38175,0.822
37.980,8.979,179.853,81.827,-8.12784,-6.38175,0.822
37.990,8.979,179.853,81.827,-8.12784,-6.38175,0.822
38.000,8.979,179.853,81.827,-8.12784,-6.38175,0.822
38.010,8.980,179.854,81.826,-8.12784,-6.38175,0.822
38.020,8.980,179.854,81.826,-8.12784,-6.38175,0.822
38.030,8.980,179.854,81.826,-8.12784,-6.38175,0.822
38.040,8.980,179.854,81.826,-8.12784,-6.38175,0.822
38.050,8.980,179.854,81.826,-8.12784,-6.38175,0.822
38.060,8.980,179.854,81.826,-8.12784,-6.38175,0.822
38.070,8.980,179.854,81.826,-8.12784,-6.38175,0.822
38.080,8.980,179.854,81.826,-8.12784,-6.38175,0.822
38.090,8.979,179.853,81.827,-8.12784,-6.38175,0.822
38.100,8.979,179.853,81.827,-8.12784,-6.38175,0.822
38.110,8.979,179.853,81.827,-8.12784,-6.38175,0.822
38.120,8.979,179.853,81.827,-8.12784,-6.38175,0.822
38.130,8.979,179.853,81.827,-8.12784,-6.38175,0.822
38.140,8.979,179.853,81.827,-8.12784,-6.38175,0.822
38.150,8.979,179.853,81.827,-8.12784,-6.38175,0.822
38.160,8.979,179.853,81.827,-8.12784,-6.38175,0.822
38.170,8.979,179.853,81.827,-8.12784,-6.38175,0.822
38.180,8.979,179.853,81.827,-8.12784,-6.38175,0.822
38.190,8.979,179.853,81.827,-8.12784,-6.38175,0.822
38.200,8.979,179.853,81.827,-8.12784,-6.38175,0.822
38.210,8.979,179.853,81.827,-8.12784,-6.38175,0.822
38.220,8.979,179.853,81.827,-8.12784,-6.38175,0.822
38.230,8.979,179.853,81.827,-8.12784,-6.38175,0.822
38.240,8.979,179.853,81.827,-8.12784,-6.38175,0.822
38.250,8.979,179.853,81.827,-8.12784,-6.38175,0.822
38.260,8.980,179.854,81.827,-8.12784,-6.38175,0.822
38.270,8.980,179.854,81.826,-8.12784,-6.38175,0.822
38.280,8.981,179.855,81.826,-8.12784,-6.38175,0.822
38.290,8.981,179.855,81.826,-8.12784,-6.38175,0.822
38.300,8.981,179.855,81.826,-8.12784,-6.38175,0.822
38.310,8.981,179.855,81.826,-8.12784,-6.38175,0.822
38.320,8.981,179.855,81.826,-8.12784,-6.38175,0.822
38.330,8.980,179.854,81.826,-8.12784,-6.38175,0.822
38.340,8.980,179.854,81.826,-8.12784,-6.38175,0.822
38.350,8.980,179.854,81.826,-8.12784,-6.38175,0.822
38.360,8.980,179.853,81.827,-8.12784,-6.38175,0.822
38.370,8.980,179.854,81.827,-8.12784,-6.38175,0.822
38.380,8.979,179.853,81.827,-8.12784,-6.38175,0.822
38.390,8.979,179.853,81.827,-8.12784,-6.38175,0.822
38.400,8.979,179.853,81.827,-8.12784,-6.38175,0.822
38.410,8.979,179.853,81.827,-8.12784,-6.38175,0.822
38.420,8.979,179.853,81.827,-8.12784,-6.38175,0.822
38.430,8.979,179.853,81.827,-8.12784,-6.38175,0.822
38.440,8.979,179.853,81.827,-8.12784,-6.38175,0.822
38.450,8.979,179.853,81.827,-8.12784,-6.38175,0.822
38.460,8.979,179.853,81.827,-8.12784,-6.38175,0.822
38.470,8.979,179.853,81.827,-8.12784,-6.38175,0.822
38.480,8.979,179.853,81.827,-8.12784,-6.38175,0.822
38.490,8.979,179.853,81.827,-8.12784,-6.38175,0.822
38.500,8.979,179.853,81.827,-8.12784,-6.38175,0.822
38.510,8.979,179.853,81.827,-8.12784,-6.38175,0.822
38.520,8.979,179.853,81.827,-8.12784,-6.38175,0.822
38.530,8.979,179.853,81.827,-8.12784,-6.38175,0.822
38.540,8.981,179.854,81.826,-8.12784,-6.38175,0.822
38.550,8.981,179.855,81.826,-8.12781,-6.38172,0.822
38.560,8.981,179.856,81.826,-8.12781,-6.38172,0.822
38.570,8.981,179.855,81.826,-8.12781,-6.38172,0.822
38.580,8.981,179.855,81.826,-8.12781,-6.38172,0.822
38.590,8.980,179.854,81.826,-8.12781,-6.38172,0.822
38.600,8.980,179.854,81.827,-8.12781,-6.38172,0.822
38.610,8.980,179.854,81.827,-8.12781,-6.38172,0.822
38.620,8.980,179.853,81.827,-8.12781,-6.38172,0.822
38.630,8.980,179.854,81.827,-8.12781,-6.38172,0.822
38.640,8.980,179.854,81.826,-8.12781,-6.38172,0.822
38.650,8.980,179.854,81.826,-8.12781,-6.38172,0.822
38.660,8.980,179.854,81.827,-8.12781,-6.38172,0.822
38.670,8.979,179.853,81.827,-8.12781,-6.38172,0.822
38.680,8.979,179.853,81.827,-8.12781,-6.38172,0.822
38.690,8.979,179.853,81.827,-8.12781,-6.38172,0.822
38.700,8.979,179.853,81.827,-8.12781,-6.38172,0.822
38.710,8.979,179.853,81.827,-8.12781,-6.38172,0.822
38.720,8.978,179.852,81.827,-8.12781,-6.38172,0.822
38.730,8.978,179.852,81.827,-8.12781,-6.38172,0.822
38.740,8.978,179.852,81.827,-8.12781,-6.38172,0.822
38.750,8.979,179.853,81.827,-8.12781,-6.38172,0.822
38.760,8.979,179.853,81.827,-8.12781,-6.38173,0.822
38.770,8.980,179.854,81.826,-8.12781,-6.38173,0.822
38.780,8.981,179.855,81.826,-8.12781,-6.38173,0.822
38.790,8.981,179.856,81.826,-8.12781,-6.38173,0.822
38.800,8.982,179.856,81.826,-8.12781,-6.38173,0.822
38.810,8.981,179.855,81.826,-8.12781,-6.38173,0.822
38.820,8.981,179.855,81.826,-8.12781,-6.38173,0.822
38.830,8.980,179.854,81.826,-8.12781,-6.38173,0.822
38.840,8.980,179.854,81.826,-8.12781,-6.38173,0.822
38.850,8.980,179.854,81.827,-8.12781,-6.38173,0.822
38.860,8.980,179.854,81.827,-8.12781,-6.38173,0.822
38.870,8.980,179.854,81.827,-8.12781,-6.38173,0.822
38.880,8.980,179.854,81.826,-8.12781,-6.38173,0.822
38.890,8.980,179.854,81.826,-8.12781,-6.38173,0.822
38.900,8.980,179.854,81.826,-8.12781,-6.38173,0.822
38.910,8.980,179.854,81.826,-8.12781,-6.38173,0.822
38.920,8.980,179.854,81.826,-8.12781,-6.38173,0.822
38.930,8.980,179.854,81.827,-8.12781,-6.38173,0.822
38.940,8.979,179.853,81.827,-8.12781,-6.38173,0.822
38.950,8.979,179.853,81.827,-8.12781,-6.38173,0.822
38.960,8.979,179.853,81.827,-8.12785,-6.38175,0.822
38.970,8.979,179.853,81.827,-8.12785,-6.38175,0.822
38.980,8.979,179.853,81.827,-8.12785,-6.38175,0.822
38.990,8.979,179.853,81.827,-8.12785,-6.38175,0.822
39.000,8.979,179.853,81.827,-8.12785,-6.38175,0.822
39.010,8.979,179.853,81.827,-8.12785,-6.38175,0.822
39.020,8.979,179.853,81.827,-8.12785,-6.38175,0.822
39.030,8.979,179.853,81.827,-8.12785,-6.38175,0.822
39.040,8.980,179.854,81.827,-8.12785,-6.38175,0.822
39.050,8.980,179.854,81.826,-8.12785,-6.38175,0.822
39.060,8.980,179.854,81.826,-8.12785,-6.38175,0.822
39.070,8.980,179.854,81.826,-8.12785,-6.38175,0.822
39.080,8.980,179.854,81.826,-8.12785,-6.38175,0.822
39.090,8.980,179.854,81.826,-8.12785,-6.38175,0.822
