Time,M1_PWM,M2_PWM,M3_PWM,M4_PWM,Roll,Pitch,Yaw,PosX,PosY,Altitude
0,0,0,0,0,0,0,0,0.32507,-0.27613,0.011
0.01,0,0,0,0,0,0,0,0.32507,-0.27613,0.005
0.02,0,0,0,0,0,0,0,0.32507,-0.27613,0.005
0.03,0,0,0,0,0,0,0.021,0.32507,-0.27613,0
0.04,0,0,0,0,0,0,0.021,0.32507,-0.27613,0
0.05,0,0,0,0,0,0,0.021,0.32507,-0.27613,-0.005
0.06,0,0,0,0,0,0,0.021,0.32507,-0.27613,-0.005
0.07,0,0,0,0,0.011,-0.003,0.05,0.32507,-0.27613,-0.005
0.08,0,0,0,0,-0.005,0.002,0.036,0.32507,-0.27613,-0.005
0.09,0,0,0,0,-0.004,0,0.036,0.32507,-0.27613,-0.005
0.1,0,0,0,0,-0.001,-0.001,0.036,0.32507,-0.27613,-0.005
0.11,0,0,0,0,0.001,0,0.036,0.32507,-0.27613,-0.005
0.12,0,0,0,0,0.001,0,0.036,0.32507,-0.27613,-0.005
0.13,0,0,0,0,0,0,0.036,0.32507,-0.27613,-0.005
0.14,0,0,0,0,0,0,0.036,0.32507,-0.27613,-0.005
0.15,0,0,0,0,0,0,0.036,0.32507,-0.27613,-0.005
0.16,0,0,0,0,0,0,0.036,0.32507,-0.27613,-0.005
0.17,0,0,0,0,0,0,0.036,0.32507,-0.27613,-0.005
0.18,0,0,0,0,0,0,0.036,0.32507,-0.27613,-0.005
0.19,0,0,0,0,0,0,0.036,0.32507,-0.27613,-0.005
0.2,0,0,0,0,0,0,0.036,0.32507,-0.27613,-0.005
0.21,0,0,0,0,0,0,0.036,0.32436,-0.27779,-0.005
0.22,0,0,0,0,0,0,0.036,0.32436,-0.27779,-0.005
0.23,0,0,0,0,0,0,0.036,0.32436,-0.27779,-0.005
0.24,0,0,0,0,0,0,0.036,0.32436,-0.27779,-0.005
0.25,0,0,0,0,0,0,0.036,0.32436,-0.27779,-0.005
0.26,0,0,0,0,0,0,0.036,0.32436,-0.27779,-0.005
0.27,0,0,0,0,0,0,0.036,0.32436,-0.27779,-0.005
0.28,0,0,0,0,0,0,0.036,0.32436,-0.27779,-0.005
0.29,0,0,0,0,0,0,0.036,0.32436,-0.27779,-0.005
0.3,0,0,0,0,0,0,0.036,0.32436,-0.27779,-0.005
0.31,0,0,0,0,0,0,0.036,0.32436,-0.27779,-0.005
0.32,0,0,0,0,0,0,0.036,0.32436,-0.27779,-0.005
0.33,0,0,0,0,0,0,0.036,0.32436,-0.27779,-0.005
0.34,0,0,0,0,0,0,0.036,0.32436,-0.27779,-0.005
0.35,0,0,0,0,0,0,0.036,0.32436,-0.27779,-0.005
0.36,0,0,0,0,0,0,0.036,0.32436,-0.27779,-0.005
0.37,0,0,0,0,0,0,0.036,0.32436,-0.27779,-0.005
0.38,0,0,0,0,0,0,0.036,0.32436,-0.27779,-0.005
0.39,0,0,0,0,0,0,0.036,0.32436,-0.27779,-0.005
0.4,0,0,0,0,0,0,0.036,0.32436,-0.27779,-0.005
0.41,0,0,0,0,0,0,0.036,0.32436,-0.27779,-0.005
0.42,0,0,0,0,0,0,0.036,0.32436,-0.27779,-0.005
0.43,0,0,0,0,0,0,0.036,0.32436,-0.27779,-0.005
0.44,0,0,0,0,0,0,0.036,0.32436,-0.27779,-0.005
0.45,0,0,0,0,0,0,0.036,0.32436,-0.27779,-0.005
0.46,0,0,0,0,0,0,0.036,0.32436,-0.27779,-0.005
0.47,0,0,0,0,0,0,0.036,0.32436,-0.27779,-0.005
0.48,0,0,0,0,0,0,0.036,0.32436,-0.27779,-0.005
0.49,0,0,0,0,0,0,0.036,0.32436,-0.27779,-0.005
0.5,0,0,0,0,0,0,0.036,0.32436,-0.27779,-0.005
0.51,0,0,0,0,0,0,0.036,0.32436,-0.27779,-0.005
0.52,0,0,0,0,0,0,0.036,0.32436,-0.27779,-0.005
0.53,0,0,0,0,0,0,0.036,0.32436,-0.27779,-0.005
0.54,0,0,0,0,0,0,0.036,0.32436,-0.27779,-0.005
0.55,0,0,0,0,0,0,0.036,0.32436,-0.27779,-0.005
0.56,0,0,0,0,0,0,0.036,0.32436,-0.27779,-0.005
0.57,0,0,0,0,0,0,0.036,0.32436,-0.27779,-0.005
0.58,0,0,0,0,0,0,0.036,0.32436,-0.27779,-0.005
0.59,0,0,0,0,0,0,0.036,0.32436,-0.27779,-0.005
0.6,0,0,0,0,0,0,0.036,0.32436,-0.27779,-0.005
0.61,0,0,0,0,0,0,0.036,0.32436,-0.27779,-0.005
0.62,0,0,0,0,0,0,0.036,0.32436,-0.27779,-0.005
0.63,0,0,0,0,0,0,0.036,0.32436,-0.27779,-0.005
0.64,0,0,0,0,0,0,0.036,0.32436,-0.27779,-0.005
0.65,0,0,0,0,0,0,0.036,0.32436,-0.27779,-0.005
0.66,0,0,0,0,0,0,0.036,0.32436,-0.27779,-0.005
0.67,0,0,0,0,0,0,0.036,0.32436,-0.27779,-0.005
0.68,0,0,0,0,0,0,0.036,0.32436,-0.27779,-0.005
0.69,0,0,0,0,0,0,0.036,0.32436,-0.27779,-0.005
0.7,0,0,0,0,0,0,0.036,0.32436,-0.27779,-0.005
0.71,0,0,0,0,0,0,0.036,0.32436,-0.27779,-0.005
0.72,0,0,0,0,0,0,0.036,0.32436,-0.27779,-0.005
0.73,0,0,0,0,0,0,0.036,0.32436,-0.27779,-0.005
0.74,0,0,0,0,0,0,0.036,0.32436,-0.27779,-0.005
0.75,0,0,0,0,0,0,0.036,0.32436,-0.27779,-0.005
0.76,0,0,0,0,0,0,0.036,0.32436,-0.27779,-0.005
0.77,0,0,0,0,0,0,0.036,0.32436,-0.27779,-0.005
0.78,0,0,0,0,0,0,0.036,0.32436,-0.27779,-0.005
0.79,0,0,0,0,0,0,0.036,0.32436,-0.27779,-0.005
0.8,0,0,0,0,0,0,0.036,0.32436,-0.27779,-0.005
0.81,0,0,0,0,0,0,0.036,0.32436,-0.27779,-0.005
0.82,0,0,0,0,0,0,0.036,0.32436,-0.27779,-0.005
0.83,0,0,0,0,0,0,0.036,0.32436,-0.27779,-0.005
0.84,0,0,0,0,0,0,0.036,0.32436,-0.27779,-0.005
0.85,0,0,0,0,0,0,0.036,0.32436,-0.27779,-0.005
0.86,0,0,0,0,0,0,0.036,0.32436,-0.27779,-0.005
0.87,0,0,0,0,0,0,0.036,0.32436,-0.27779,-0.005
0.88,0,0,0,0,0,0,0.036,0.32436,-0.27779,-0.005
0.89,0,0,0,0,0,0,0.036,0.32436,-0.27779,-0.005
0.9,0,0,0,0,0,0,0.036,0.32436,-0.27779,-0.005
0.91,0,0,0,0,0,0,0.036,0.32436,-0.27779,-0.005
0.92,0,0,0,0,0,0,0.036,0.32436,-0.27779,-0.005
0.93,0,0,0,0,0,0,0.036,0.32436,-0.27779,-0.005
0.94,0,0,0,0,0,0,0.036,0.32436,-0.27779,-0.005
0.95,0,0,0,0,0,0,0.036,0.32436,-0.27779,-0.005
0.96,0,0,0,0,0,0,0.036,0.32436,-0.27779,-0.005
0.97,0,0,0,0,0,0,0.036,0.32436,-0.27779,-0.005
0.98,0,0,0,0,0,0,0.036,0.32436,-0.27779,-0.005
0.99,0,0,0,0,0,0,0.036,0.32436,-0.27779,-0.005
1,0,0,0,0,0,0,0.036,0.32436,-0.27779,-0.005
1.01,0,0,0,0,0,0,0.036,0.32436,-0.27779,-0.005
1.02,0,0,0,0,0,0,0.036,0.32436,-0.27779,-0.005
1.03,0,0,0,0,0,0,0.036,0.32436,-0.27779,-0.005
1.04,0,0,0,0,0,0,0.036,0.32436,-0.27779,-0.005
1.05,0,0,0,0,0,0,0.036,0.32436,-0.27779,-0.005
1.06,0,0,0,0,0,0,0.036,0.32436,-0.27779,-0.005
1.07,0,0,0,0,0,0,0.036,0.32436,-0.27779,-0.005
1.08,0,0,0,0,0,0,0.036,0.32436,-0.27779,-0.005
1.09,0,0,0,0,0,0,0.036,0.32436,-0.27779,-0.005
1.1,0,0,0,0,0,0,0.036,0.32436,-0.27779,-0.005
1.11,0,0,0,0,0,0,0.036,0.32436,-0.27779,-0.005
1.12,0,0,0,0,0,0,0.036,0.32436,-0.27779,-0.005
1.13,0,0,0,0,0,0,0.036,0.32436,-0.27779,-0.005
1.14,0,0,0,0,0,0,0.036,0.32436,-0.27779,-0.005
1.15,0,0,0,0,0,0,0.036,0.32436,-0.27779,-0.005
1.16,0,0,0,0,0,0,0.036,0.32436,-0.27779,-0.005
1.17,0,0,0,0,0,0,0.036,0.32436,-0.27779,-0.005
1.18,0,0,0,0,0,0,0.036,0.32436,-0.27779,-0.005
1.19,0,0,0,0,0,0,0.036,0.32436,-0.27779,-0.005
1.2,0,0,0,0,0,0,0.036,0.32436,-0.27779,-0.005
1.21,0,0,0,0,0,0,0.036,0.32436,-0.27779,-0.005
1.22,0,0,0,0,0,0,0.036,0.32436,-0.27779,-0.005
1.23,0,0,0,0,0,0,0.036,0.32436,-0.27779,-0.005
1.24,0,0,0,0,0,0,0.036,0.32436,-0.27779,-0.005
1.25,0,0,0,0,0,0,0.036,0.32436,-0.27779,-0.005
1.26,0,0,0,0,0,0,0.036,0.32436,-0.27779,-0.005
1.27,0,0,0,0,0,0,0.036,0.32436,-0.27779,-0.005
1.28,0,0,0,0,0,0,0.036,0.32436,-0.27779,-0.005
1.29,0,0,0,0,0,0,0.036,0.32436,-0.27779,-0.005
1.3,0,0,0,0,0,0,0.036,0.32436,-0.27779,-0.005
1.31,0,0,0,0,0,0,0.036,0.32436,-0.27779,-0.005
1.32,0,0,0,0,0,0,0.036,0.32436,-0.27779,-0.005
1.33,0,0,0,0,0,0,0.036,0.32436,-0.27779,-0.005
1.34,0,0,0,0,0,0,0.036,0.32436,-0.27779,-0.005
1.35,0,0,0,0,0,0,0.036,0.32436,-0.27779,-0.005
1.36,0,0,0,0,0,0,0.036,0.32436,-0.27779,-0.005
1.37,0,0,0,0,0,0,0.036,0.32436,-0.27779,-0.005
1.38,0,0,0,0,0,0,0.036,0.32436,-0.27779,-0.005
1.39,0,0,0,0,0,0,0.036,0.32436,-0.27779,-0.005
1.4,0,0,0,0,0,0,0.036,0.32436,-0.27779,-0.005
1.41,0,0,0,0,0,0,0.036,0.32436,-0.27779,-0.005
1.42,0,0,0,0,0,0,0.036,0.32436,-0.27779,-0.005
1.43,0,0,0,0,0,0,0.036,0.32436,-0.27779,-0.005
1.44,0,0,0,0,0,0,0.036,0.32436,-0.27779,-0.005
1.45,0,0,0,0,0,0,0.036,0.32436,-0.27779,-0.005
1.46,0,0,0,0,0,0,0.036,0.32436,-0.27779,-0.005
1.47,0,0,0,0,0,0,0.036,0.32436,-0.27779,-0.005
1.48,0,0,0,0,0,0,0.036,0.32436,-0.27779,-0.005
1.49,0,0,0,0,0,0,0.036,0.32436,-0.27779,-0.005
1.5,0,0,0,0,0,0,0.036,0.32436,-0.27779,-0.005
1.51,0,0,0,0,0,0,0.036,0.32436,-0.27779,-0.005
1.52,0,0,0,0,0,0,0.036,0.32436,-0.27779,-0.005
1.53,0,0,0,0,0,0,0.036,0.32436,-0.27779,-0.005
1.54,0,0,0,0,0,0,0.036,0.32436,-0.27779,-0.005
1.55,0,0,0,0,0,0,0.036,0.32436,-0.27779,-0.005
1.56,0,0,0,0,0,0,0.036,0.32436,-0.27779,-0.005
1.57,0,0,0,0,0,0,0.036,0.32436,-0.27779,-0.005
1.58,0,0,0,0,0,0,0.036,0.32436,-0.27779,-0.005
1.59,0,0,0,0,0,0,0.036,0.32436,-0.27779,-0.005
1.6,0,0,0,0,0,0,0.036,0.32436,-0.27779,-0.005
1.61,0,0,0,0,0,0,0.036,0.32436,-0.27779,-0.005
1.62,0,0,0,0,0,0,0.036,0.32436,-0.27779,-0.005
1.63,0,0,0,0,0,0,0.036,0.32436,-0.27779,-0.005
1.64,0,0,0,0,0,0,0.036,0.32436,-0.27779,-0.005
1.65,0,0,0,0,0,0,0.036,0.32436,-0.27779,-0.005
1.66,0,0,0,0,0,0,0.036,0.32436,-0.27779,-0.005
1.67,0,0,0,0,0,0,0.036,0.32436,-0.27779,-0.005
1.68,0,0,0,0,0,0,0.036,0.32436,-0.27779,-0.005
1.69,0,0,0,0,0,0,0.036,0.32436,-0.27779,-0.005
1.7,0,0,0,0,0,0,0.036,0.32436,-0.27779,-0.005
1.71,0,0,0,0,0,0,0.036,0.32436,-0.27779,-0.005
1.72,0,0,0,0,0,0,0.036,0.32436,-0.27779,-0.005
1.73,0,0,0,0,0,0,0.036,0.32436,-0.27779,-0.005
1.74,0,0,0,0,0,0,0.036,0.32436,-0.27779,-0.005
1.75,0,0,0,0,0,0,0.036,0.32436,-0.27779,-0.005
1.76,0,0,0,0,0,0,0.036,0.32436,-0.27779,-0.005
1.77,0,0,0,0,0,0,0.036,0.32436,-0.27779,-0.005
1.78,0,0,0,0,0,0,0.036,0.32436,-0.27779,-0.005
1.79,0,0,0,0,0,0,0.036,0.32436,-0.27779,-0.005
1.8,0,0,0,0,0,0,0.036,0.32436,-0.27779,-0.005
1.81,0,0,0,0,0,0,0.036,0.32436,-0.27779,-0.005
1.82,0,0,0,0,0,0,0.036,0.32436,-0.27779,-0.005
1.83,0,0,0,0,0,0,0.036,0.32436,-0.27779,-0.005
1.84,0,0,0,0,0,0,0.036,0.32436,-0.27779,-0.005
1.85,0,0,0,0,0,0,0.036,0.32436,-0.27779,-0.005
1.86,0,0,0,0,0,0,0.036,0.32436,-0.27779,-0.005
1.87,0,0,0,0,0,0,0.036,0.32436,-0.27779,-0.005
1.88,0,0,0,0,0,0,0.036,0.32436,-0.27779,-0.005
1.89,0,0,0,0,0,0,0.036,0.32436,-0.27779,-0.005
1.9,0,0,0,0,0,0,0.036,0.32436,-0.27779,-0.005
1.91,0,0,0,0,0,0,0.036,0.32436,-0.27779,-0.005
1.92,0,0,0,0,0,0,0.036,0.32436,-0.27779,-0.005
1.93,0,0,0,0,0,0,0.036,0.32436,-0.27779,-0.005
1.94,0,0,0,0,0,0,0.036,0.32436,-0.27779,-0.005
1.95,0,0,0,0,0,0,0.036,0.32436,-0.27779,-0.005
1.96,0,0,0,0,0,0,0.036,0.32436,-0.27779,-0.005
1.97,0,0,0,0,0,0,0.036,0.32436,-0.27779,-0.005
1.98,0,0,0,0,0,0,0.036,0.32436,-0.27779,-0.005
1.99,0,0,0,0,0,0,0.036,0.32436,-0.27779,-0.005
2,0,0,0,0,0,0,0.036,0.32436,-0.27779,-0.005
2.01,0,0,0,0,0,0,0.036,0.32436,-0.27779,-0.005
2.02,0,0,0,0,0,0,0.036,0.32436,-0.27779,-0.005
2.03,0,0,0,0,0,0,0.036,0.32436,-0.27779,-0.005
2.04,0,0,0,0,0,0,0.036,0.32436,-0.27779,-0.005
2.05,0,0,0,0,0,0,0.036,0.32436,-0.27779,-0.005
2.06,0,0,0,0,0,0,0.036,0.32436,-0.27779,-0.005
2.07,0,0,0,0,0,0,0.036,0.32436,-0.27779,-0.005
2.08,0,0,0,0,0,0,0.036,0.32436,-0.27779,-0.005
2.09,0,0,0,0,0,0,0.036,0.32436,-0.27779,-0.005
2.1,0,0,0,0,0,0,0.036,0.32436,-0.27779,-0.005
2.11,0,0,0,0,0,0,0.036,0.32436,-0.27779,-0.005
2.12,0,0,0,0,0,0,0.036,0.32436,-0.27779,-0.005
2.13,0,0,0,0,0,0,0.036,0.32436,-0.27779,-0.005
2.14,0,0,0,0,0,0,0.036,0.32436,-0.27779,-0.005
2.15,0,0,0,0,0,0,0.036,0.32436,-0.27779,-0.005
2.16,0,0,0,0,0,0,0.036,0.32436,-0.27779,-0.005
2.17,0,0,0,0,0,0,0.036,0.32436,-0.27779,-0.005
2.18,0,0,0,0,0,0,0.036,0.32436,-0.27779,-0.005
2.19,0,0,0,0,0,0,0.036,0.32436,-0.27779,-0.005
2.2,0,0,0,0,0,0,0.036,0.32436,-0.27779,-0.005
2.21,0,0,0,0,0,0,0.036,0.32436,-0.27779,-0.005
2.22,0,0,0,0,0,0,0.036,0.32436,-0.27779,-0.005
2.23,0,0,0,0,0,0,0.036,0.32436,-0.27779,-0.005
2.24,0,0,0,0,0,0,0.036,0.32436,-0.27779,-0.005
2.25,0,0,0,0,0,0,0.036,0.32436,-0.27779,-0.005
2.26,0,0,0,0,0,0,0.036,0.32436,-0.27779,-0.005
2.27,0,0,0,0,0,0,0.036,0.32436,-0.27779,-0.005
2.28,0,0,0,0,0,0,0.036,0.32436,-0.27779,-0.005
2.29,0,0,0,0,0,0,0.036,0.32436,-0.27779,-0.005
2.3,0,0,0,0,0,0,0.036,0.32436,-0.27779,-0.005
2.31,0,0,0,0,0,0,0.036,0.32436,-0.27779,-0.005
2.32,0,0,0,0,0,0,0.036,0.32436,-0.27779,-0.005
2.33,0,0,0,0,0,0,0.036,0.32436,-0.27779,-0.005
2.34,0,0,0,0,0,0,0.036,0.32436,-0.27779,-0.005
2.35,0,0,0,0,0,0,0.036,0.32436,-0.27779,-0.005
2.36,0,0,0,0,0,0,0.036,0.32436,-0.27779,-0.005
2.37,0,0,0,0,0,0,0.036,0.32436,-0.27779,-0.005
2.38,0,0,0,0,0,0,0.036,0.32436,-0.27779,-0.005
2.39,0,0,0,0,0,0,0.036,0.32436,-0.27779,-0.005
2.4,0,0,0,0,0,0,0.036,0.32436,-0.27779,-0.005
2.41,0,0,0,0,0,0,0.036,0.32436,-0.27779,-0.005
2.42,0,0,0,0,0,0,0.036,0.32436,-0.27779,-0.005
2.43,0,0,0,0,0,0,0.036,0.32436,-0.27779,-0.005
2.44,0,0,0,0,0,0,0.036,0.32436,-0.27779,-0.005
2.45,0,0,0,0,0,0,0.036,0.32436,-0.27779,-0.005
2.46,0,0,0,0,0,0,0.036,0.32436,-0.27779,-0.005
2.47,0,0,0,0,0,0,0.036,0.32436,-0.27779,-0.005
2.48,0,0,0,0,0,0,0.036,0.32436,-0.27779,-0.005
2.49,0,0,0,0,0,0,0.036,0.32436,-0.27779,-0.005
2.5,0,0,0,0,0,0,0.036,0.32436,-0.27779,-0.005
2.51,0,0,0,0,0,0,0.036,0.32436,-0.27779,-0.005
2.52,0,0,0,0,0,0,0.036,0.32436,-0.27779,-0.005
2.53,0,0,0,0,0,0,0.036,0.32436,-0.27779,-0.005
2.54,0,0,0,0,0,0,0.036,0.32436,-0.27779,-0.005
2.55,0,0,0,0,0,0,0.036,0.32436,-0.27779,-0.005
2.56,0,0,0,0,0,0,0.036,0.32436,-0.27779,-0.005
2.57,0,0,0,0,0,0,0.036,0.32436,-0.27779,-0.005
2.58,0,0,0,0,0,0,0.036,0.32436,-0.27779,-0.005
2.59,0,0,0,0,0,0,0.036,0.32436,-0.27779,-0.005
2.6,0,0,0,0,0,0,0.036,0.32436,-0.27779,-0.005
2.61,0,0,0,0,0,0,0.036,0.32436,-0.27779,-0.005
2.62,0,0,0,0,0,0,0.036,0.32436,-0.27779,-0.005
2.63,0,0,0,0,0,0,0.036,0.32436,-0.27779,-0.005
2.64,0,0,0,0,0,0,0.036,0.32436,-0.27779,-0.005
2.65,0,0,0,0,0,0,0.036,0.32436,-0.27779,-0.005
2.66,0,0,0,0,0,0,0.036,0.32436,-0.27779,-0.005
2.67,0,0,0,0,0,0,0.036,0.32436,-0.27779,-0.005
2.68,0,0,0,0,0,0,0.036,0.32436,-0.27779,-0.005
2.69,0,0,0,0,0,0,0.036,0.32436,-0.27779,-0.005
2.7,0,0,0,0,0,0,0.036,0.32436,-0.27779,-0.005
2.71,0,0,0,0,0,0,0.036,0.32436,-0.27779,-0.005
2.72,0,0,0,0,0,0,0.036,0.32436,-0.27779,-0.005
2.73,0,0,0,0,0,0,0.036,0.32436,-0.27779,-0.005
2.74,0,0,0,0,0,0,0.036,0.32436,-0.27779,-0.005
2.75,0,0,0,0,0,0,0.036,0.32436,-0.27779,-0.005
2.76,0,0,0,0,0,0,0.036,0.32436,-0.27779,-0.005
2.77,0,0,0,0,0,0,0.036,0.32436,-0.27779,-0.005
2.78,0,0,0,0,0,0,0.036,0.32436,-0.27779,-0.005
2.79,0,0,0,0,0,0,0.036,0.32436,-0.27779,-0.005
2.8,0,0,0,0,0,0,0.036,0.32436,-0.27779,-0.005
2.81,0,0,0,0,0,0,0.036,0.32436,-0.27779,-0.005
2.82,0,0,0,0,0,0,0.036,0.32436,-0.27779,-0.005
2.83,0,0,0,0,0,0,0.036,0.32436,-0.27779,-0.005
2.84,0,0,0,0,0,0,0.036,0.32436,-0.27779,-0.005
2.85,0,0,0,0,0,0,0.036,0.32436,-0.27779,-0.005
2.86,0,0,0,0,0,0,0.036,0.32436,-0.27779,-0.005
2.87,0,0,0,0,0,0,0.036,0.32436,-0.27779,-0.005
2.88,0,0,0,0,0,0,0.036,0.32436,-0.27779,-0.005
2.89,0,0,0,0,0,0,0.036,0.32436,-0.27779,-0.005
2.9,0,0,0,0,0,0,0.036,0.32436,-0.27779,-0.005
2.91,0,0,0,0,0,0,0.036,0.32436,-0.27779,-0.005
2.92,0,0,0,0,0,0,0.036,0.32436,-0.27779,-0.005
2.93,0,0,0,0,0,0,0.036,0.32436,-0.27779,-0.005
2.94,0,0,0,0,0,0,0.036,0.32436,-0.27779,-0.005
2.95,0,0,0,0,0,0,0.036,0.32436,-0.27779,-0.005
2.96,0,0,0,0,0,0,0.036,0.32436,-0.27779,-0.005
2.97,0,0,0,0,0,0,0.036,0.32436,-0.27779,-0.005
2.98,0,0,0,0,0,0,0.036,0.32436,-0.27779,-0.005
2.99,0,0,0,0,0,0,0.036,0.32436,-0.27779,-0.005
3,0,0,0,0,0,0,0.036,0.32436,-0.27779,-0.005
3.01,0,0,0,0,0,0,0.036,0.32436,-0.27779,-0.005
3.02,0,0,0,0,0,0,0.036,0.32436,-0.27779,-0.005
3.03,0,0,0,0,0,0,0.036,0.32436,-0.27779,-0.005
3.04,0,0,0,0,0,0,0.036,0.32436,-0.27779,-0.005
3.05,0,0,0,0,0,0,0.036,0.32436,-0.27779,-0.005
3.06,0,0,0,0,0,0,0.036,0.32436,-0.27779,-0.005
3.07,0,0,0,0,0,0,0.036,0.32436,-0.27779,-0.005
3.08,0,0,0,0,0,0,0.036,0.32436,-0.27779,-0.005
3.09,0,0,0,0,0,0,0.036,0.32436,-0.27779,-0.005
3.1,0,0,0,0,0,0,0.036,0.32436,-0.27779,-0.005
3.11,0,0,0,0,0,0,0.036,0.32436,-0.27779,-0.005
3.12,0,0,0,0,0,0,0.036,0.32436,-0.27779,-0.005
3.13,0,0,0,0,0,0,0.036,0.32436,-0.27779,-0.005
3.14,0,0,0,0,0,0,0.036,0.32436,-0.27779,-0.005
3.15,0,0,0,0,0,0,0.036,0.32436,-0.27779,-0.005
3.16,0,0,0,0,0,0,0.036,0.32436,-0.27779,-0.005
3.17,0,0,0,0,0,0,0.036,0.32436,-0.27779,-0.005
3.18,0,0,0,0,0,0,0.036,0.32436,-0.27779,-0.005
3.19,0,0,0,0,0,0,0.036,0.32436,-0.27779,-0.005
3.2,0,0,0,0,0,0,0.036,0.32436,-0.27779,-0.005
3.21,0,0,0,0,0,0,0.036,0.32436,-0.27779,-0.005
3.22,0,0,0,0,0,0,0.036,0.32436,-0.27779,-0.005
3.23,0,0,0,0,0,0,0.036,0.32436,-0.27779,-0.005
3.24,0,0,0,0,0,0,0.036,0.32436,-0.27779,-0.005
3.25,0,0,0,0,0,0,0.036,0.32436,-0.27779,-0.005
3.26,0,0,0,0,0,0,0.036,0.32436,-0.27779,-0.005
3.27,0,0,0,0,0,0,0.036,0.32436,-0.27779,-0.005
3.28,0,0,0,0,0,0,0.036,0.32436,-0.27779,-0.005
3.29,0,0,0,0,0,0,0.036,0.32436,-0.27779,-0.005
3.3,0,0,0,0,0,0,0.036,0.32436,-0.27779,-0.005
3.31,0,0,0,0,0,0,0.036,0.32436,-0.27779,-0.005
3.32,0,0,0,0,0,0,0.036,0.32436,-0.27779,-0.005
3.33,0,0,0,0,0,0,0.036,0.32436,-0.27779,-0.005
3.34,0,0,0,0,0,0,0.036,0.32436,-0.27779,-0.005
3.35,0,0,0,0,0,0,0.036,0.32436,-0.27779,-0.005
3.36,0,0,0,0,0,0,0.036,0.32436,-0.27779,-0.005
3.37,0,0,0,0,0,0,0.036,0.32436,-0.27779,-0.005
3.38,0,0,0,0,0,0,0.036,0.32436,-0.27779,-0.005
3.39,0,0,0,0,0,0,0.036,0.32436,-0.27779,-0.005
3.4,0,0,0,0,0,0,0.036,0.32436,-0.27779,-0.005
3.41,0,0,0,0,0,0,0.036,0.32436,-0.27779,-0.005
3.42,0,0,0,0,0,0,0.036,0.32436,-0.27779,-0.005
3.43,0,0,0,0,0,0,0.036,0.32436,-0.27779,-0.005
3.44,0,0,0,0,0,0,0.036,0.32436,-0.27779,-0.005
3.45,0,0,0,0,0,0,0.036,0.32436,-0.27779,-0.005
3.46,0,0,0,0,0,0,0.036,0.32436,-0.27779,-0.005
3.47,0,0,0,0,0,0,0.036,0.32436,-0.27779,-0.005
3.48,0,0,0,0,0,0,0.036,0.32436,-0.27779,-0.005
3.49,0,0,0,0,0,0,0.036,0.32436,-0.27779,-0.005
3.5,0,0,0,0,0,0,0.036,0.32436,-0.27779,-0.005
3.51,0,0,0,0,0,0,0.036,0.32436,-0.27779,-0.005
3.52,0,0,0,0,0,0,0.036,0.32436,-0.27779,-0.005
3.53,0,0,0,0,0,0,0.036,0.32436,-0.27779,-0.005
3.54,0,0,0,0,0,0,0.036,0.32436,-0.27779,-0.005
3.55,0,0,0,0,0,0,0.036,0.32436,-0.27779,-0.005
3.56,0,0,0,0,0,0,0.036,0.32436,-0.27779,-0.005
3.57,0,0,0,0,0,0,0.036,0.32436,-0.27779,-0.005
3.58,0,0,0,0,0,0,0.036,0.32436,-0.27779,-0.005
3.59,0,0,0,0,0,0,0.036,0.32436,-0.27779,-0.005
3.6,0,0,0,0,0,0,0.036,0.32436,-0.27779,-0.005
3.61,0,0,0,0,0,0,0.036,0.32436,-0.27779,-0.005
3.62,0,0,0,0,0,0,0.036,0.32436,-0.27779,-0.005
3.63,0,0,0,0,0,0,0.036,0.32436,-0.27779,-0.005
3.64,0,0,0,0,0,0,0.036,0.32436,-0.27779,-0.005
3.65,0,0,0,0,0,0,0.036,0.32436,-0.27779,-0.005
3.66,0,0,0,0,0,0,0.036,0.32436,-0.27779,-0.005
3.67,0,0,0,0,0,0,0.036,0.32436,-0.27779,-0.005
3.68,0,0,0,0,0,0,0.036,0.32436,-0.27779,-0.005
3.69,0,0,0,0,0,0,0.036,0.32436,-0.27779,-0.005
3.7,0,0,0,0,0,0,0.036,0.32436,-0.27779,-0.005
3.71,0,0,0,0,0,0,0.036,0.32436,-0.27779,-0.005
3.72,0,0,0,0,0,0,0.036,0.32436,-0.27779,-0.005
3.73,0,0,0,0,0,0,0.036,0.32436,-0.27779,-0.005
3.74,0,0,0,0,0,0,0.036,0.32436,-0.27779,-0.005
3.75,0,0,0,0,0,0,0.036,0.32436,-0.27779,-0.005
3.76,0,0,0,0,0,0,0.036,0.32436,-0.27779,-0.005
3.77,0,0,0,0,0,0,0.036,0.32436,-0.27779,-0.005
3.78,0,0,0,0,0,0,0.036,0.32436,-0.27779,-0.005
3.79,0,0,0,0,0,0,0.036,0.32436,-0.27779,-0.005
3.8,0,0,0,0,0,0,0.036,0.32436,-0.27779,-0.005
3.81,0,0,0,0,0,0,0.036,0.32436,-0.27779,-0.005
3.82,0,0,0,0,0,0,0.036,0.32436,-0.27779,-0.005
3.83,0,0,0,0,0,0,0.036,0.32436,-0.27779,-0.005
3.84,0,0,0,0,0,0,0.036,0.32436,-0.27779,-0.005
3.85,0,0,0,0,0,0,0.036,0.32436,-0.27779,-0.005
3.86,0,0,0,0,0,0,0.036,0.32436,-0.27779,-0.005
3.87,0,0,0,0,0,0,0.036,0.32436,-0.27779,-0.005
3.88,0,0,0,0,0,0,0.036,0.32436,-0.27779,-0.005
3.89,0,0,0,0,0,0,0.036,0.32436,-0.27779,-0.005
3.9,0,0,0,0,0,0,0.036,0.32436,-0.27779,-0.005
3.91,0,0,0,0,0,0,0.036,0.32436,-0.27779,-0.005
3.92,0,0,0,0,0,0,0.036,0.32436,-0.27779,-0.005
3.93,0,0,0,0,0,0,0.036,0.32436,-0.27779,-0.005
3.94,0,0,0,0,0,0,0.036,0.32436,-0.27779,-0.005
3.95,0,0,0,0,0,0,0.036,0.32436,-0.27779,-0.005
3.96,0,0,0,0,0,0,0.036,0.32436,-0.27779,-0.005
3.97,0,0,0,0,0,0,0.036,0.32436,-0.27779,-0.005
3.98,0,0,0,0,0,0,0.036,0.32436,-0.27779,-0.005
3.99,0,0,0,0,0,0,0.036,0.32436,-0.27779,-0.005
4,0,0,0,0,0,0,0.036,0.32436,-0.27779,-0.005
4.01,0,0,0,0,0,0,0.036,0.32436,-0.27779,-0.005
4.02,0,0,0,0,0,0,0.036,0.32436,-0.27779,-0.005
4.03,0,0,0,0,0,0,0.036,0.32436,-0.27779,-0.005
4.04,0,0,0,0,0,0,0.036,0.32436,-0.27779,-0.005
4.05,0,0,0,0,0,0,0.036,0.32436,-0.27779,-0.005
4.06,0,0,0,0,0,0,0.036,0.32436,-0.27779,-0.005
4.07,0,0,0,0,0,0,0.036,0.32436,-0.27779,-0.005
4.08,0,0,0,0,0,0,0.036,0.32436,-0.27779,-0.005
4.09,0,0,0,0,0,0,0.036,0.32436,-0.27779,-0.005
4.1,0,0,0,0,0,0,0.036,0.32436,-0.27779,-0.005
4.11,0,0,0,0,0,0,0.036,0.32436,-0.27779,-0.005
4.12,0,0,0,0,0,0,0.036,0.32436,-0.27779,-0.005
4.13,0,0,0,0,0,0,0.036,0.32436,-0.27779,-0.005
4.14,0,0,0,0,0,0,0.036,0.32436,-0.27779,-0.005
4.15,0,0,0,0,0,0,0.036,0.32436,-0.27779,-0.005
4.16,0,0,0,0,0,0,0.036,0.32436,-0.27779,-0.005
4.17,0,0,0,0,0,0,0.036,0.32436,-0.27779,-0.005
4.18,0,0,0,0,0,0,0.036,0.32436,-0.27779,-0.005
4.19,0,0,0,0,0,0,0.036,0.32436,-0.27779,-0.005
4.2,0,0,0,0,0,0,0.036,0.32436,-0.27779,-0.005
4.21,0,0,0,0,0,0,0.036,0.32436,-0.27779,-0.005
4.22,0,0,0,0,0,0,0.036,0.32436,-0.27779,-0.005
4.23,0,0,0,0,0,0,0.036,0.32436,-0.27779,-0.005
4.24,0,0,0,0,0,0,0.036,0.32436,-0.27779,-0.005
4.25,0,0,0,0,0,0,0.036,0.32436,-0.27779,-0.005
4.26,0,0,0,0,0,0,0.036,0.32436,-0.27779,-0.005
4.27,0,0,0,0,0,0,0.036,0.32436,-0.27779,-0.005
4.28,0,0,0,0,0,0,0.036,0.32436,-0.27779,-0.005
4.29,0,0,0,0,0,0,0.036,0.32436,-0.27779,-0.005
4.3,0,0,0,0,0,0,0.036,0.32436,-0.27779,-0.005
4.31,0,0,0,0,0,0,0.036,0.32436,-0.27779,-0.005
4.32,0,0,0,0,0,0,0.036,0.32436,-0.27779,-0.005
4.33,0,0,0,0,0,0,0.036,0.32436,-0.27779,-0.005
4.34,0,0,0,0,0,0,0.036,0.32436,-0.27779,-0.005
4.35,0,0,0,0,0,0,0.036,0.32436,-0.27779,-0.005
4.36,0,0,0,0,0,0,0.036,0.32436,-0.27779,-0.005
4.37,0,0,0,0,0,0,0.036,0.32436,-0.27779,-0.005
4.38,0,0,0,0,0,0,0.036,0.32436,-0.27779,-0.005
4.39,0,0,0,0,0,0,0.036,0.32436,-0.27779,-0.005
4.4,0,0,0,0,0,0,0.036,0.32436,-0.27779,-0.005
4.41,0,0,0,0,0,0,0.036,0.32436,-0.27779,-0.005
4.42,0,0,0,0,0,0,0.036,0.32436,-0.27779,-0.005
4.43,0,0,0,0,0,0,0.036,0.32436,-0.27779,-0.005
4.44,0,0,0,0,0,0,0.036,0.32436,-0.27779,-0.005
4.45,0,0,0,0,0,0,0.036,0.32436,-0.27779,-0.005
4.46,0,0,0,0,0,0,0.036,0.32436,-0.27779,-0.005
4.47,0,0,0,0,0,0,0.036,0.32436,-0.27779,-0.005
4.48,0,0,0,0,0,0,0.036,0.32436,-0.27779,-0.005
4.49,0,0,0,0,0,0,0.036,0.32436,-0.27779,-0.005
4.5,0,0,0,0,0,0,0.036,0.32436,-0.27779,-0.005
4.51,0,0,0,0,0,0,0.036,0.32436,-0.27779,-0.005
4.52,0,0,0,0,0,0,0.036,0.32436,-0.27779,-0.005
4.53,0,0,0,0,0,0,0.036,0.32436,-0.27779,-0.005
4.54,0,0,0,0,0,0,0.036,0.32436,-0.27779,-0.005
4.55,0,0,0,0,0,0,0.036,0.32436,-0.27779,-0.005
4.56,0,0,0,0,0,0,0.036,0.32436,-0.27779,-0.005
4.57,0,0,0,0,0,0,0.036,0.32436,-0.27779,-0.005
4.58,0,0,0,0,0,0,0.036,0.32436,-0.27779,-0.005
4.59,0,0,0,0,0,0,0.036,0.32436,-0.27779,-0.005
4.6,0,0,0,0,0,0,0.036,0.32436,-0.27779,-0.005
4.61,0,0,0,0,0,0,0.036,0.32436,-0.27779,-0.005
4.62,0,0,0,0,0,0,0.036,0.32436,-0.27779,-0.005
4.63,0,0,0,0,0,0,0.036,0.32436,-0.27779,-0.005
4.64,0,0,0,0,0,0,0.036,0.32436,-0.27779,-0.005
4.65,0,0,0,0,0,0,0.036,0.32436,-0.27779,-0.005
4.66,0,0,0,0,0,0,0.036,0.32436,-0.27779,-0.005
4.67,0,0,0,0,0,0,0.036,0.32436,-0.27779,-0.005
4.68,0,0,0,0,0,0,0.036,0.32436,-0.27779,-0.005
4.69,0,0,0,0,0,0,0.036,0.32436,-0.27779,-0.005
4.7,0,0,0,0,0,0,0.036,0.32436,-0.27779,-0.005
4.71,0,0,0,0,0,0,0.036,0.32436,-0.27779,-0.005
4.72,0,0,0,0,0,0,0.036,0.32436,-0.27779,-0.005
4.73,0,0,0,0,0,0,0.036,0.32436,-0.27779,-0.005
4.74,0,0,0,0,0,0,0.036,0.32436,-0.27779,-0.005
4.75,0,0,0,0,0,0,0.036,0.32436,-0.27779,-0.005
4.76,0,0,0,0,0,0,0.036,0.32436,-0.27779,-0.005
4.77,0,0,0,0,0,0,0.036,0.32436,-0.27779,-0.005
4.78,0,0,0,0,0,0,0.036,0.32436,-0.27779,-0.005
4.79,0,0,0,0,0,0,0.036,0.32436,-0.27779,-0.005
4.8,0,0,0,0,0,0,0.036,0.32436,-0.27779,-0.005
4.81,0,0,0,0,0,0,0.036,0.32436,-0.27779,-0.005
4.82,0,0,0,0,0,0,0.036,0.32436,-0.27779,-0.005
4.83,0,0,0,0,0,0,0.036,0.32436,-0.27779,-0.005
4.84,0,0,0,0,0,0,0.036,0.32436,-0.27779,-0.005
4.85,0,0,0,0,0,0,0.036,0.32436,-0.27779,-0.005
4.86,0,0,0,0,0,0,0.036,0.32436,-0.27779,-0.005
4.87,0,0,0,0,0,0,0.036,0.32436,-0.27779,-0.005
4.88,0,0,0,0,0,0,0.036,0.32436,-0.27779,-0.005
4.89,0,0,0,0,0,0,0.036,0.32436,-0.27779,-0.005
4.9,0,0,0,0,0,0,0.036,0.32436,-0.27779,-0.005
4.91,0,0,0,0,0,0,0.036,0.32436,-0.27779,-0.005
4.92,0,0,0,0,0,0,0.036,0.32436,-0.27779,-0.005
4.93,0,0,0,0,0,0,0.036,0.32436,-0.27779,-0.005
4.94,0,0,0,0,0,0,0.036,0.32436,-0.27779,-0.005
4.95,0,0,0,0,0,0,0.036,0.32436,-0.27779,-0.005
4.96,0,0,0,0,0,0,0.036,0.32436,-0.27779,-0.005
4.97,0,0,0,0,0,0,0.036,0.32436,-0.27779,-0.005
4.98,0,0,0,0,0,0,0.036,0.32436,-0.27779,-0.005
4.99,0,0,0,0,0,0,0.036,0.32436,-0.27779,-0.005
5,0,0,0,0,0,0,0.036,0.32436,-0.27779,-0.005
5.01,0,0,0,0,0,0,0.036,0.32436,-0.27779,-0.005
5.02,0,0,0,0,0,0,0.036,0.32436,-0.27779,-0.005
5.03,0,0,0,0,0,0,0.036,0.32436,-0.27779,-0.005
5.04,0,0,0,0,0,0,0.036,0.32436,-0.27779,-0.005
5.05,0,0,0,0,0,0,0.036,0.32436,-0.27779,-0.005
5.06,0,0,0,0,0,0,0.036,0.32436,-0.27779,-0.005
5.07,0,0,0,0,0,0,0.036,0.32436,-0.27779,-0.005
5.08,0,0,0,0,0,0,0.036,0.32436,-0.27779,-0.005
5.09,0,0,0,0,0,0,0.036,0.32436,-0.27779,-0.005
5.1,0,0,0,0,0,0,0.036,0.32436,-0.27779,-0.005
5.11,0,0,0,0,0,0,0.036,0.32436,-0.27779,-0.005
5.12,0,0,0,0,0,0,0.036,0.32436,-0.27779,-0.005
5.13,0,0,0,0,0,0,0.036,0.32436,-0.27779,-0.005
5.14,0,0,0,0,0,0,0.036,0.32436,-0.27779,-0.005
5.15,0,0,0,0,0,0,0.036,0.32436,-0.27779,-0.005
5.16,0,0,0,0,0,0,0.036,0.32436,-0.27779,-0.005
5.17,0,0,0,0,0,0,0.036,0.32436,-0.27779,-0.005
5.18,0,0,0,0,0,0,0.036,0.32436,-0.27779,-0.005
5.19,0,0,0,0,0,0,0.036,0.32436,-0.27779,-0.005
5.2,0,0,0,0,0,0,0.036,0.32436,-0.27779,-0.005
5.21,0,0,0,0,0,0,0.036,0.32436,-0.27779,-0.005
5.22,0,0,0,0,0,0,0.036,0.32436,-0.27779,-0.005
5.23,0,0,0,0,0,0,0.036,0.32436,-0.27779,-0.005
5.24,0,0,0,0,0,0,0.036,0.32436,-0.27779,-0.005
5.25,0,0,0,0,0,0,0.036,0.32436,-0.27779,-0.005
5.26,0,0,0,0,0,0,0.036,0.32436,-0.27779,-0.005
5.27,0,0,0,0,0,0,0.036,0.32436,-0.27779,-0.005
5.28,0,0,0,0,0,0,0.036,0.32436,-0.27779,-0.005
5.29,0,0,0,0,0,0,0.036,0.32436,-0.27779,-0.005
5.3,0,0,0,0,0,0,0.036,0.32436,-0.27779,-0.005
5.31,0,0,0,0,0,0,0.036,0.32436,-0.27779,-0.005
5.32,0,0,0,0,0,0,0.036,0.32436,-0.27779,-0.005
5.33,0,0,0,0,0,0,0.036,0.32436,-0.27779,-0.005
5.34,0,0,0,0,0,0,0.036,0.32436,-0.27779,-0.005
5.35,0,0,0,0,0,0,0.036,0.32436,-0.27779,-0.005
5.36,0,0,0,0,0,0,0.036,0.32436,-0.27779,-0.005
5.37,0,0,0,0,0,0,0.036,0.32436,-0.27779,-0.005
5.38,0,0,0,0,0,0,0.036,0.32436,-0.27779,-0.005
5.39,0,0,0,0,0,0,0.036,0.32436,-0.27779,-0.005
5.4,0,0,0,0,0,0,0.036,0.32436,-0.27779,-0.005
5.41,0,0,0,0,0,0,0.036,0.32436,-0.27779,-0.005
5.42,0,0,0,0,0,0,0.036,0.32436,-0.27779,-0.005
5.43,0,0,0,0,0,0,0.036,0.32436,-0.27779,-0.005
5.44,0,0,0,0,0,0,0.036,0.32436,-0.27779,-0.005
5.45,0,0,0,0,0,0,0.036,0.32436,-0.27779,-0.005
5.46,0,0,0,0,0,0,0.036,0.32436,-0.27779,-0.005
5.47,0,0,0,0,0,0,0.036,0.32436,-0.27779,-0.005
5.48,0,0,0,0,0,0,0.036,0.32436,-0.27779,-0.005
5.49,0,0,0,0,0,0,0.036,0.32436,-0.27779,-0.005
5.5,0,0,0,0,0,0,0.036,0.32436,-0.27779,-0.005
5.51,0,0,0,0,0,0,0.036,0.32436,-0.27779,-0.005
5.52,0,0,0,0,0,0,0.036,0.32436,-0.27779,-0.005
5.53,0,0,0,0,0,0,0.036,0.32436,-0.27779,-0.005
5.54,0,0,0,0,0,0,0.036,0.32436,-0.27779,-0.005
5.55,0,0,0,0,0,0,0.036,0.32436,-0.27779,-0.005
5.56,0,0,0,0,0,0,0.036,0.32436,-0.27779,-0.005
5.57,0,0,0,0,0,0,0.036,0.32436,-0.27779,-0.005
5.58,0,0,0,0,0,0,0.036,0.32436,-0.27779,-0.005
5.59,0,0,0,0,0,0,0.036,0.32436,-0.27779,-0.005
5.6,0,0,0,0,0,0,0.036,0.32436,-0.27779,-0.005
5.61,0,0,0,0,0,0,0.036,0.32436,-0.27779,-0.005
5.62,0,0,0,0,0,0,0.036,0.32436,-0.27779,-0.005
5.63,0,0,0,0,0,0,0.036,0.32436,-0.27779,-0.005
5.64,0,0,0,0,0,0,0.036,0.32436,-0.27779,-0.005
5.65,0,0,0,0,0,0,0.036,0.32436,-0.27779,-0.005
5.66,0,0,0,0,0,0,0.036,0.32436,-0.27779,-0.005
5.67,0,0,0,0,0,0,0.036,0.32436,-0.27779,-0.005
5.68,0,0,0,0,0,0,0.036,0.32436,-0.27779,-0.005
5.69,0,0,0,0,0,0,0.036,0.32436,-0.27779,-0.005
5.7,0,0,0,0,0,0,0.036,0.32436,-0.27779,-0.005
5.71,0,0,0,0,0,0,0.036,0.32436,-0.27779,-0.005
5.72,0,0,0,0,0,0,0.036,0.32436,-0.27779,-0.005
5.73,0,0,0,0,0,0,0.036,0.32436,-0.27779,-0.005
5.74,0,0,0,0,0,0,0.036,0.32436,-0.27779,-0.005
5.75,0,0,0,0,0,0,0.036,0.32436,-0.27779,-0.005
5.76,0,0,0,0,0,0,0.036,0.32436,-0.27779,-0.005
5.77,0,0,0,0,0,0,0.036,0.32436,-0.27779,-0.005
5.78,0,0,0,0,0,0,0.036,0.32436,-0.27779,-0.005
5.79,0,0,0,0,0,0,0.036,0.32436,-0.27779,-0.005
5.8,0,0,0,0,0,0,0.036,0.32436,-0.27779,-0.005
5.81,0,0,0,0,0,0,0.036,0.32436,-0.27779,-0.005
5.82,0,0,0,0,0,0,0.036,0.32436,-0.27779,-0.005
5.83,0,0,0,0,0,0,0.036,0.32436,-0.27779,-0.005
5.84,0,0,0,0,0,0,0.036,0.32436,-0.27779,-0.005
5.85,0,0,0,0,0,0,0.036,0.32436,-0.27779,-0.005
5.86,0,0,0,0,0,0,0.036,0.32436,-0.27779,-0.005
5.87,0,0,0,0,0,0,0.036,0.32436,-0.27779,-0.005
5.88,0,0,0,0,0,0,0.036,0.32436,-0.27779,-0.005
5.89,0,0,0,0,0,0,0.036,0.32436,-0.27779,-0.005
5.9,0,0,0,0,0,0,0.036,0.32436,-0.27779,-0.005
5.91,0,0,0,0,0,0,0.036,0.32436,-0.27779,-0.005
5.92,0,0,0,0,0,0,0.036,0.32436,-0.27779,-0.005
5.93,0,0,0,0,0,0,0.036,0.32436,-0.27779,-0.005
5.94,0,0,0,0,0,0,0.036,0.32436,-0.27779,-0.005
5.95,0,0,0,0,0,0,0.036,0.32436,-0.27779,-0.005
5.96,0,0,0,0,0,0,0.036,0.32436,-0.27779,-0.005
5.97,0,0,0,0,0,0,0.036,0.32436,-0.27779,-0.005
5.98,0,0,0,0,0,0,0.036,0.32436,-0.27779,-0.005
5.99,0,0,0,0,0,0,0.036,0.32436,-0.27779,-0.005
6,0,0,0,0,0,0,0.036,0.32436,-0.27779,-0.005
6.01,0,0,0,0,0,0,0.036,0.32436,-0.27779,-0.005
6.02,0,0,0,0,0,0,0.036,0.32436,-0.27779,-0.005
6.03,0,0,0,0,0,0,0.036,0.32436,-0.27779,-0.005
6.04,0,0,0,0,0,0,0.036,0.32436,-0.27779,-0.005
6.05,0,0,0,0,0,0,0.036,0.32436,-0.27779,-0.005
6.06,0,0,0,0,0,0,0.036,0.32436,-0.27779,-0.005
6.07,0,0,0,0,0,0,0.036,0.32436,-0.27779,-0.005
6.08,0,0,0,0,0,0,0.036,0.32436,-0.27779,-0.005
6.09,0,0,0,0,0,0,0.036,0.32436,-0.27779,-0.005
6.1,0,0,0,0,0,0,0.036,0.32436,-0.27779,-0.005
6.11,0,0,0,0,0,0,0.036,0.32436,-0.27779,-0.005
6.12,0,0,0,0,0,0,0.036,0.32436,-0.27779,-0.005
6.13,0,0,0,0,0,0,0.036,0.32436,-0.27779,-0.005
6.14,0,0,0,0,0,0,0.036,0.32436,-0.27779,-0.005
6.15,0,0,0,0,0,0,0.036,0.32436,-0.27779,-0.005
6.16,0,0,0,0,0,0,0.036,0.32436,-0.27779,-0.005
6.17,0,0,0,0,0,0,0.036,0.32436,-0.27779,-0.005
6.18,0,0,0,0,0,0,0.036,0.32436,-0.27779,-0.005
6.19,0,0,0,0,0,0,0.036,0.32436,-0.27779,-0.005
6.2,0,0,0,0,0,0,0.036,0.32436,-0.27779,-0.005
6.21,0,0,0,0,0,0,0.036,0.32436,-0.27779,-0.005
6.22,0,0,0,0,0,0,0.036,0.32436,-0.27779,-0.005
6.23,0,0,0,0,0,0,0.036,0.32436,-0.27779,-0.005
6.24,0,0,0,0,0,0,0.036,0.32436,-0.27779,-0.005
6.25,0,0,0,0,0,0,0.036,0.32436,-0.27779,-0.005
6.26,0,0,0,0,0,0,0.036,0.32436,-0.27779,-0.005
6.27,0,0,0,0,0,0,0.036,0.32436,-0.27779,-0.005
6.28,0,0,0,0,0,0,0.036,0.32436,-0.27779,-0.005
6.29,0,0,0,0,0,0,0.036,0.32436,-0.27779,-0.005
6.3,0,0,0,0,0,0,0.036,0.32436,-0.27779,-0.005
6.31,0,0,0,0,0,0,0.036,0.32436,-0.27779,-0.005
6.32,0,0,0,0,0,0,0.036,0.32436,-0.27779,-0.005
6.33,0,0,0,0,0,0,0.036,0.32436,-0.27779,-0.005
6.34,0,0,0,0,0,0,0.036,0.32436,-0.27779,-0.005
6.35,0,0,0,0,0,0,0.036,0.32436,-0.27779,-0.005
6.36,0,0,0,0,0,0,0.036,0.32436,-0.27779,-0.005
6.37,0,0,0,0,0,0,0.036,0.32436,-0.27779,-0.005
6.38,0,0,0,0,0,0,0.036,0.32436,-0.27779,-0.005
6.39,0,0,0,0,0,0,0.036,0.32436,-0.27779,-0.005
6.4,0,0,0,0,0,0,0.036,0.32436,-0.27779,-0.005
6.41,0,0,0,0,0,0,0.036,0.32436,-0.27779,-0.005
6.42,0,0,0,0,0,0,0.036,0.32436,-0.27779,-0.005
6.43,0,0,0,0,0,0,0.036,0.32436,-0.27779,-0.005
6.44,0,0,0,0,0,0,0.036,0.32436,-0.27779,-0.005
6.45,0,0,0,0,0,0,0.036,0.32436,-0.27779,-0.005
6.46,0,0,0,0,0,0,0.036,0.32436,-0.27779,-0.005
6.47,0,0,0,0,0,0,0.036,0.32436,-0.27779,-0.005
6.48,0,0,0,0,0,0,0.036,0.32436,-0.27779,-0.005
6.49,0,0,0,0,0,0,0.036,0.32436,-0.27779,-0.005
6.5,0,0,0,0,0,0,0.036,0.32436,-0.27779,-0.005
6.51,0,0,0,0,0,0,0.036,0.32436,-0.27779,-0.005
6.52,0,0,0,0,0,0,0.036,0.32436,-0.27779,-0.005
6.53,0,0,0,0,0,0,0.036,0.32436,-0.27779,-0.005
6.54,0,0,0,0,0,0,0.036,0.32436,-0.27779,-0.005
6.55,0,0,0,0,0,0,0.036,0.32436,-0.27779,-0.005
6.56,0,0,0,0,0,0,0.036,0.32436,-0.27779,-0.005
6.57,0,0,0,0,0,0,0.036,0.32436,-0.27779,-0.005
6.58,0,0,0,0,0,0,0.036,0.32436,-0.27779,-0.005
6.59,0,0,0,0,0,0,0.036,0.32436,-0.27779,-0.005
6.6,0,0,0,0,0,0,0.036,0.32436,-0.27779,-0.005
6.61,0,0,0,0,0,0,0.036,0.32436,-0.27779,-0.005
6.62,0,0,0,0,0,0,0.036,0.32436,-0.27779,-0.005
6.63,0,0,0,0,0,0,0.036,0.32436,-0.27779,-0.005
6.64,0,0,0,0,0,0,0.036,0.32436,-0.27779,-0.005
6.65,0,0,0,0,0,0,0.036,0.32436,-0.27779,-0.005
6.66,0,0,0,0,0,0,0.036,0.32436,-0.27779,-0.005
6.67,0,0,0,0,0,0,0.036,0.32436,-0.27779,-0.005
6.68,0,0,0,0,0,0,0.036,0.32436,-0.27779,-0.005
6.69,0,0,0,0,0,0,0.036,0.32436,-0.27779,-0.005
6.7,0,0,0,0,0,0,0.036,0.32436,-0.27779,-0.005
6.71,0,0,0,0,0,0,0.036,0.32436,-0.27779,-0.005
6.72,0,0,0,0,0,0,0.036,0.32436,-0.27779,-0.005
6.73,0,0,0,0,0,0,0.036,0.32436,-0.27779,-0.005
6.74,0,0,0,0,0,0,0.036,0.32436,-0.27779,-0.005
6.75,0,0,0,0,0,0,0.036,0.32436,-0.27779,-0.005
6.76,0,0,0,0,0,0,0.036,0.32436,-0.27779,-0.005
6.77,0,0,0,0,0,0,0.036,0.32436,-0.27779,-0.005
6.78,0,0,0,0,0,0,0.036,0.32436,-0.27779,-0.005
6.79,0,0,0,0,0,0,0.036,0.32436,-0.27779,-0.005
6.8,0,0,0,0,0,0,0.036,0.32436,-0.27779,-0.005
6.81,0,0,0,0,0,0,0.036,0.32436,-0.27779,-0.005
6.82,0,0,0,0,0,0,0.036,0.32436,-0.27779,-0.005
6.83,0,0,0,0,0,0,0.036,0.32436,-0.27779,-0.005
6.84,0,0,0,0,0,0,0.036,0.32436,-0.27779,-0.005
6.85,0,0,0,0,0,0,0.036,0.32436,-0.27779,-0.005
6.86,0,0,0,0,0,0,0.036,0.32436,-0.27779,-0.005
6.87,0,0,0,0,0,0,0.036,0.32436,-0.27779,-0.005
6.88,0,0,0,0,0,0,0.036,0.32436,-0.27779,-0.005
6.89,0,0,0,0,0,0,0.036,0.32436,-0.27779,-0.005
6.9,0,0,0,0,0,0,0.036,0.32436,-0.27779,-0.005
6.91,0,0,0,0,0,0,0.036,0.32436,-0.27779,-0.005
6.92,0,0,0,0,0,0,0.036,0.32436,-0.27779,-0.005
6.93,0,0,0,0,0,0,0.036,0.32436,-0.27779,-0.005
6.94,0,0,0,0,0,0,0.036,0.32436,-0.27779,-0.005
6.95,0,0,0,0,0,0,0.036,0.32436,-0.27779,-0.005
6.96,0,0,0,0,0,0,0.036,0.32436,-0.27779,-0.005
6.97,0,0,0,0,0,0,0.036,0.32436,-0.27779,-0.005
6.98,0,0,0,0,0,0,0.036,0.32436,-0.27779,-0.005
6.99,0,0,0,0,0,0,0.036,0.32436,-0.27779,-0.005
7,0,0,0,0,0,0,0.036,0.32436,-0.27779,-0.005
7.01,0,0,0,0,0,0,0.036,0.32436,-0.27779,-0.005
7.02,0,0,0,0,0,0,0.036,0.32436,-0.27779,-0.005
7.03,0,0,0,0,0,0,0.036,0.32436,-0.27779,-0.005
7.04,0,0,0,0,0,0,0.036,0.32436,-0.27779,-0.005
7.05,0,0,0,0,0,0,0.036,0.32436,-0.27779,-0.005
7.06,0,0,0,0,0,0,0.036,0.32436,-0.27779,-0.005
7.07,0,0,0,0,0,0,0.036,0.32436,-0.27779,-0.005
7.08,0,0,0,0,0,0,0.036,0.32436,-0.27779,-0.005
7.09,0,0,0,0,0,0,0.036,0.32436,-0.27779,-0.005
7.1,0,0,0,0,0,0,0.036,0.32436,-0.27779,-0.005
7.11,0,0,0,0,0,0,0.036,0.32436,-0.27779,-0.005
7.12,0,0,0,0,0,0,0.036,0.32436,-0.27779,-0.005
7.13,0,0,0,0,0,0,0.036,0.32436,-0.27779,-0.005
7.14,0,0,0,0,0,0,0.036,0.32436,-0.27779,-0.005
7.15,0,0,0,0,0,0,0.036,0.32436,-0.27779,-0.005
7.16,0,0,0,0,0,0,0.036,0.32436,-0.27779,-0.005
7.17,0,0,0,0,0,0,0.036,0.32436,-0.27779,-0.005
7.18,0,0,0,0,0,0,0.036,0.32436,-0.27779,-0.005
7.19,0,0,0,0,0,0,0.036,0.32436,-0.27779,-0.005
7.2,0,0,0,0,0,0,0.036,0.32436,-0.27779,-0.005
7.21,0,0,0,0,0,0,0.036,0.32436,-0.27779,-0.005
7.22,0,0,0,0,0,0,0.036,0.32436,-0.27779,-0.005
7.23,0,0,0,0,0,0,0.036,0.32436,-0.27779,-0.005
7.24,0,0,0,0,0,0,0.036,0.32436,-0.27779,-0.005
7.25,0,0,0,0,0,0,0.036,0.32436,-0.27779,-0.005
7.26,0,0,0,0,0,0,0.036,0.32436,-0.27779,-0.005
7.27,0,0,0,0,0,0,0.036,0.32436,-0.27779,-0.005
7.28,0,0,0,0,0,0,0.036,0.32436,-0.27779,-0.005
7.29,0,0,0,0,0,0,0.036,0.32436,-0.27779,-0.005
7.3,0,0,0,0,0,0,0.036,0.32436,-0.27779,-0.005
7.31,0,0,0,0,0,0,0.036,0.32436,-0.27779,-0.005
7.32,0,0,0,0,0,0,0.036,0.32436,-0.27779,-0.005
7.33,0,0,0,0,0,0,0.036,0.32436,-0.27779,-0.005
7.34,0,0,0,0,0,0,0.036,0.32436,-0.27779,-0.005
7.35,0,0,0,0,0,0,0.036,0.32436,-0.27779,-0.005
7.36,0,0,0,0,0,0,0.036,0.32436,-0.27779,-0.005
7.37,0,0,0,0,0,0,0.036,0.32436,-0.27779,-0.005
7.38,0,0,0,0,0,0,0.036,0.32436,-0.27779,-0.005
7.39,0,0,0,0,0,0,0.036,0.32436,-0.27779,-0.005
7.4,0,0,0,0,0,0,0.036,0.32436,-0.27779,0
7.41,0,0,0,0,0,0,0.036,0.32436,-0.27779,0
7.42,0,0,0,0,0,0,0.036,0.32436,-0.27779,0
7.43,0,0,0,0,0,0,0.036,0.32436,-0.27779,0
7.44,0,0,0,0,0,0,0.036,0.32436,-0.27779,0.005
7.45,0,0,0,0,0,0,0.036,0.32436,-0.27779,0.005
7.46,0,0,0,0,0,0,0.036,0.32436,-0.27779,0.011
7.47,0,0,0,0,0,0,0.036,0.32436,-0.27779,0.011
7.48,0,0,0,0,0,0,0.036,0.32436,-0.27779,0.013
7.49,0,0,0,0,0,0,0.036,0.32436,-0.27779,0.013
7.5,0,0,0,0,0,0,0.036,0.32436,-0.27779,0.018
7.51,0,0,0,0,0,0,0.036,0.32436,-0.27779,0.018
7.52,0,0,0,0,0,0,0.036,0.32436,-0.27779,0.024
7.53,0,0,0,0,0,0,0.036,0.32436,-0.27779,0.029
7.54,0,0,0,0,0,0,0.036,0.32436,-0.27779,0.029
7.55,0,0,0,0,0,0,0.036,0.32436,-0.27779,0.032
7.56,0,0,0,0,0,0,0.036,0.32436,-0.27779,0.037
7.57,0,0,0,0,0,0,0.036,0.32436,-0.27779,0.042
7.58,0,0,0,0,0,0,0.036,0.32436,-0.27779,0.048
7.59,0,0,0,0,0,0,0.036,0.32436,-0.27779,0.053
7.6,0,0,0,0,0,0,0.036,0.32436,-0.27779,0.055
7.61,0,0,0,0,0,0,0.036,0.32436,-0.27779,0.061
7.62,0,0,0,0,0,0,0.036,0.32436,-0.27779,0.066
7.63,0,0,0,0,0,0,0.036,0.32436,-0.27779,0.071
7.64,0,0,0,0,0,0,0.036,0.32436,-0.27779,0.074
7.65,0,0,0,0,0,0,0.036,0.32436,-0.27779,0.079
7.66,0,0,0,0,0,0,0.036,0.32436,-0.27779,0.085
7.67,0,0,0,0,0,0,0.036,0.32436,-0.27779,0.09
7.68,0,0,0,0,0,0,0.036,0.32436,-0.27779,0.098
7.69,0,0,0,0,0,0,0.036,0.32436,-0.27779,0.103
7.7,0,0,0,0,0,0,0.036,0.32436,-0.27779,0.108
7.71,0,0,0,0,0,0,0.036,0.32436,-0.27779,0.116
7.72,0,0,0,0,0,0,0.036,0.32436,-0.27779,0.122
7.73,0,0,0,0,0,0,0.036,0.32436,-0.27779,0.132
7.74,0,0,0,0,0,0,0.036,0.32436,-0.27779,0.137
7.75,0,0,0,0,0,0,0.036,0.32436,-0.27779,0.14
7.76,0,0,0,0,0,0,0.036,0.32436,-0.27779,0.151
7.77,0,0,0,0,0,0,0.036,0.32436,-0.27779,0.159
7.78,0,0,0,0,0,0,0.036,0.32436,-0.27779,0.164
7.79,0,0,0,0,0,0,0.036,0.32436,-0.27779,0.174
7.8,0,0,0,0,0,0,0.036,0.32436,-0.27779,0.18
7.81,0,0,0,0,0,0,0.036,0.32436,-0.27779,0.188
7.82,0,0,0,0,0,0,0.036,0.32436,-0.27779,0.198
7.83,0,0,0,0,0,0,0.036,0.32436,-0.27779,0.201
7.84,0,0,0,0,0,0,0.036,0.32436,-0.27779,0.211
7.85,0,0,0,0,0,0,0.036,0.32436,-0.27779,0.222
7.86,0,0,0,0,0,0,0.036,0.32436,-0.27779,0.23
7.87,0,0,0,0,0,0,0.036,0.32436,-0.27779,0.235
7.88,0,0,0,0,0,0,0.036,0.32436,-0.27779,0.243
7.89,0,0,0,0,0,0,0.036,0.32436,-0.27779,0.254
7.9,0,0,0,0,0,0,0.036,0.32436,-0.27779,0.264
7.91,0,0,0,0,0,0,0.036,0.32436,-0.27779,0.272
7.92,0,0,0,0,0,0,0.036,0.32436,-0.27779,0.277
7.93,0,0,0,0,0,0,0.036,0.32436,-0.27779,0.285
7.94,0,0,0,0,0,0,0.036,0.32436,-0.27779,0.296
7.95,0,0,0,0,0,0,0.036,0.32436,-0.27779,0.304
7.96,0,0,0,0,0,0,0.036,0.32436,-0.27779,0.314
7.97,0,0,0,0,0,0,0.036,0.32436,-0.27779,0.325
7.98,0,0,0,0,0,0,0.036,0.32436,-0.27779,0.333
7.99,0,0,0,0,0,0,0.036,0.32436,-0.27779,0.344
8,0,0,0,0,0,0,0.036,0.32436,-0.27779,0.351
8.01,0,0,0,0,0,0,0.036,0.32436,-0.27779,0.362
8.02,0,0,0,0,0,0,0.036,0.32436,-0.27779,0.37
8.03,0,0,0,0,0,0,0.036,0.32436,-0.27779,0.38
8.04,0,0,0,0,0,0,0.036,0.32436,-0.27779,0.388
8.05,0,0,0,0,0,0,0.036,0.32436,-0.27779,0.399
8.06,0,0,0,0,0,0,0.036,0.32436,-0.27779,0.41
8.07,0,0,0,0,0,0,0.036,0.32436,-0.27779,0.423
8.08,0,0,0,0,0,0,0.036,0.32436,-0.27779,0.431
8.09,0,0,0,0,0,0,0.036,0.32436,-0.27779,0.441
8.1,0,0,0,0,0,0,0.036,0.32436,-0.27779,0.452
8.11,0,0,0,0,0,0,0.036,0.32436,-0.27779,0.46
8.12,0,0,0,0,0,0,0.036,0.32436,-0.27779,0.47
8.13,0,0,0,0,0,0,0.036,0.32436,-0.27779,0.478
8.14,0,0,0,0,0,0,0.036,0.32436,-0.27779,0.489
8.15,0,0,0,0,0,0,0.036,0.32436,-0.27779,0.502
8.16,0,0,0,0,0,0,0.036,0.32436,-0.27779,0.513
8.17,0,0,0,0,0,0,0.036,0.32436,-0.27779,0.521
8.18,0,0,0,0,0,0,0.036,0.32436,-0.27779,0.531
8.19,0,0,0,0,0,0,0.036,0.32436,-0.27779,0.544
8.2,0,0,0,0,0,0,0.036,0.32436,-0.27779,0.555
8.21,0,0,0,0,0,0,0.036,0.32436,-0.27779,0.563
8.22,0,0,0,0,0,0,0.036,0.32436,-0.27779,0.573
8.23,0,0,0,0,0,0,0.036,0.32436,-0.27779,0.587
8.24,0,0,0,0,0,0,0.036,0.32436,-0.27779,0.597
8.25,0,0,0,0,0,0,0.036,0.32436,-0.27779,0.605
8.26,0,0,0,0,0,0,0.036,0.32436,-0.27779,0.621
8.27,0,0,0,0,0,0,0.036,0.32436,-0.27779,0.629
8.28,0,0,0,0,0,0,0.036,0.32436,-0.27779,0.639
8.29,0,0,0,0,0,0,0.036,0.32436,-0.27779,0.647
8.3,0,0,0,0,0,0,0.036,0.32436,-0.27779,0.663
8.31,0,0,0,0,0,0,0.036,0.32436,-0.27779,0.671
8.32,0,0,0,0,0,0,0.036,0.32436,-0.27779,0.682
8.33,0,0,0,0,0,0,0.036,0.32436,-0.27779,0.69
8.34,0,0,0,0,0,0,0.036,0.32436,-0.27779,0.705
8.35,0,0,0,0,0,0,0.036,0.32436,-0.27779,0.713
8.36,0,0,0,0,0,0,0.036,0.32436,-0.27779,0.724
8.37,0,0,0,0,0,0,0.036,0.32436,-0.27779,0.737
8.38,0,0,0,0,0,0,0.036,0.32436,-0.27779,0.748
8.39,0,0,0,0,0,0,0.036,0.32436,-0.27779,0.756
8.4,0,0,0,0,0,0,0.036,0.32436,-0.27779,0.769
8.41,0,0,0,0,0,0,0.036,0.32436,-0.27779,0.779
8.42,0,0,0,0,0,0,0.036,0.32436,-0.27779,0.79
8.43,0,0,0,0,0,0,0.036,0.32436,-0.27779,0.803
8.44,0,0,0,0,0,0,0.036,0.32436,-0.27779,0.811
8.45,0,0,0,0,0,0,0.036,0.32436,-0.27779,0.822
8.46,0,0,0,0,0,0,0.036,0.32436,-0.27779,0.835
8.47,0,0,0,0,0,0,0.036,0.32436,-0.27779,0.846
8.48,0,0,0,0,0,0,0.036,0.32436,-0.27779,0.853
8.49,0,0,0,0,0,0,0.036,0.32436,-0.27779,0.869
8.5,0,0,0,0,0,0,0.036,0.32436,-0.27779,0.877
8.51,0,0,0,0,0,0,0.036,0.32436,-0.27779,0.888
8.52,0,0,0,0,0,0,0.036,0.32436,-0.27779,0.896
8.53,0,0,0,0,0,0,0.036,0.32436,-0.27779,0.912
8.54,0,0,0,0,0,0,0.036,0.32436,-0.27779,0.92
8.55,0,0,0,0,0,0,0.036,0.32436,-0.27779,0.93
8.56,0,0,0,0,0,0,0.036,0.32436,-0.27779,0.938
8.57,0,0,0,0,0,0,0.036,0.32436,-0.27779,0.954
8.58,0,0,0,0,0,0,0.036,0.32436,-0.27779,0.962
8.59,0,0,0,0,0,0,0.036,0.32436,-0.27779,0.972
8.6,0,0,0,0,0,0,0.036,0.32436,-0.27779,0.98
8.61,0,0,0,0,0,0,0.036,0.32436,-0.27779,0.996
8.62,0,0,0,0,0,0,0.036,0.32436,-0.27779,1.004
8.63,0,0,0,0,0,0,0.036,0.32436,-0.27779,1.015
8.64,0,0,0,0,0,0,0.036,0.32436,-0.27779,1.023
8.65,0,0,0,0,0,0,0.036,0.32436,-0.27779,1.033
8.66,0,0,0,0,0,0,0.036,0.32436,-0.27779,1.046
8.67,0,0,0,0,0,0,0.036,0.32436,-0.27779,1.057
8.68,0,0,0,0,0,0,0.036,0.32436,-0.27779,1.065
8.69,0,0,0,0,0,0,0.036,0.32436,-0.27779,1.075
8.7,0,0,0,0,0,0,0.036,0.32436,-0.27779,1.083
8.71,0,0,0,0,0,0,0.036,0.32436,-0.27779,1.094
8.72,0,0,0,0,0,0,0.036,0.32436,-0.27779,1.104
8.73,0,0,0,0,0,0,0.036,0.32436,-0.27779,1.112
8.74,0,0,0,0,0,0,0.036,0.32436,-0.27779,1.123
8.75,0,0,0,0,0,0,0.036,0.32436,-0.27779,1.131
8.76,0,0,0,0,0,0,0.036,0.32436,-0.27779,1.141
8.77,0,0,0,0,0,0,0.036,0.32437,-0.27779,1.155
8.78,0,0,0,0,0,0,0.036,0.32437,-0.27779,1.165
8.79,0,0,0,0,0,0,0.036,0.32437,-0.27779,1.173
8.8,0,0,0,0,0,0,0.036,0.32437,-0.27779,1.184
8.81,0,0,0,0,0,0,0.036,0.32437,-0.27779,1.192
8.82,0,0,0,0,0,0,0.036,0.32437,-0.27779,1.202
8.83,0,0,0,0,0,0,0.036,0.32437,-0.27779,1.21
8.84,0,0,0,0,0,0,0.036,0.32437,-0.27779,1.221
8.85,0,0,0,0,0,0,0.036,0.32437,-0.27779,1.231
8.86,0,0,0,0,0,0,0.036,0.32437,-0.27779,1.239
8.87,0,0,0,0,0,0,0.036,0.32437,-0.27779,1.25
8.88,0,0,0,0,0,0,0.036,0.32437,-0.27779,1.258
8.89,0,0,0,0,0,0,0.036,0.32437,-0.27779,1.263
8.9,0,0,0,0,0,0,0.036,0.32437,-0.27779,1.274
8.91,0,0,0,0,0,0,0.036,0.32437,-0.27779,1.282
8.92,0,0,0,0,0,0,0.036,0.32437,-0.27779,1.292
8.93,0,0,0,0,0,0,0.036,0.32437,-0.27779,1.3
8.94,0,0,0,0,0,0,0.036,0.32437,-0.27779,1.311
8.95,0,0,0,0,0,0,0.036,0.32437,-0.27779,1.319
8.96,0,0,0,0,0,0,0.036,0.32437,-0.27779,1.324
8.97,0,0,0,0,0,0,0.036,0.32438,-0.2778,1.334
8.98,0,0,0,0,0,0,0.036,0.32438,-0.2778,1.342
8.99,0,0,0,0,0.001,0.001,0.036,0.32438,-0.2778,1.353
9,0,0,0,0,0.001,0.001,0.036,0.32438,-0.2778,1.358
9.01,0,0,0,0,0.001,0.001,0.036,0.32438,-0.2778,1.366
9.02,0,0,0,0,0.001,0.001,0.036,0.32438,-0.2778,1.377
9.03,0,0,0,0,0.001,0.001,0.036,0.32438,-0.2778,1.379
9.04,0,0,0,0,0.001,0.001,0.036,0.32438,-0.2778,1.39
9.05,0,0,0,0,0.001,0.001,0.036,0.32438,-0.2778,1.4
9.06,0,0,0,0,0.001,0.001,0.036,0.32438,-0.2778,1.403
9.07,0,0,0,0,0.001,0.001,0.036,0.32438,-0.2778,1.414
9.08,0,0,0,0,0.001,0.001,0.036,0.32438,-0.2778,1.422
9.09,0,0,0,0,0.001,0.001,0.036,0.32438,-0.2778,1.427
9.1,0,0,0,0,0.001,0.001,0.036,0.32438,-0.2778,1.437
9.11,0,0,0,0,0.001,0.001,0.036,0.32438,-0.2778,1.44
9.12,0,0,0,0,0.001,0.001,0.036,0.32438,-0.2778,1.451
9.13,0,0,0,0,0.001,0.001,0.036,0.32438,-0.2778,1.456
9.14,0,0,0,0,0.001,0.001,0.036,0.32438,-0.2778,1.464
9.15,0,0,0,0,0.001,0.001,0.036,0.32438,-0.2778,1.469
9.16,0,0,0,0,0.001,0.001,0.036,0.32438,-0.2778,1.48
9.17,0,0,0,0,0.001,0.001,0.036,0.32439,-0.2778,1.482
9.18,0,0,0,0,0.001,0.001,0.036,0.32439,-0.2778,1.488
9.19,0,0,0,0,0.001,0.001,0.036,0.32439,-0.2778,1.498
9.2,0,0,0,0,0.001,0.001,0.036,0.32439,-0.2778,1.503
9.21,0,0,0,0,0.001,0.001,0.036,0.32439,-0.2778,1.506
9.22,0,0,0,0,0.001,0.001,0.036,0.32439,-0.2778,1.517
9.23,0,0,0,0,0.001,0.001,0.036,0.32439,-0.2778,1.522
9.24,0,0,0,0,0.001,0.001,0.036,0.32439,-0.2778,1.525
9.25,0,0,0,0,0.001,0.001,0.036,0.32439,-0.2778,1.53
9.26,0,0,0,0,0.001,0.001,0.036,0.32439,-0.2778,1.54
9.27,0,0,0,0,0.001,0.001,0.036,0.32439,-0.2778,1.546
9.28,0,0,0,0,0.001,0.001,0.036,0.32439,-0.2778,1.548
9.29,0,0,0,0,0.001,0.001,0.036,0.32439,-0.2778,1.554
9.3,0,0,0,0,0.001,0.001,0.036,0.32439,-0.2778,1.559
9.31,0,0,0,0,0.001,0.001,0.036,0.32439,-0.2778,1.564
9.32,0,0,0,0,0.001,0.001,0.036,0.32439,-0.2778,1.567
9.33,0,0,0,0,0.001,0.001,0.036,0.32439,-0.2778,1.572
9.34,0,0,0,0,0.001,0.001,0.036,0.32439,-0.2778,1.577
9.35,0,0,0,0,0.001,0.001,0.036,0.32439,-0.2778,1.583
9.36,0,0,0,0,0.001,0.001,0.036,0.32439,-0.2778,1.588
9.37,0,0,0,0,0.001,0.001,0.036,0.3244,-0.27781,1.591
9.38,0,0,0,0,0.001,0.001,0.036,0.3244,-0.27781,1.596
9.39,0,0,0,0,0.001,0.001,0.036,0.3244,-0.27781,1.601
9.4,0,0,0,0,0.001,0.001,0.036,0.3244,-0.27781,1.607
9.41,0,0,0,0,0.001,0.001,0.036,0.3244,-0.27781,1.609
9.42,0,0,0,0,0.001,0.001,0.036,0.3244,-0.27781,1.614
9.43,0,0,0,0,0.001,0.001,0.036,0.3244,-0.27781,1.62
9.44,0,0,0,0,0.001,0.001,0.036,0.3244,-0.27781,1.625
9.45,0,0,0,0,0.001,0.001,0.036,0.3244,-0.27781,1.625
9.46,0,0,0,0,0.001,0.001,0.036,0.3244,-0.27781,1.63
9.47,0,0,0,0,0.001,0.001,0.036,0.3244,-0.27781,1.633
9.48,0,0,0,0,0.001,0.001,0.036,0.3244,-0.27781,1.633
9.49,0,0,0,0,0.002,0.001,0.036,0.3244,-0.27781,1.638
9.5,0,0,0,0,0.002,0.001,0.036,0.3244,-0.27781,1.644
9.51,0,0,0,0,0.002,0.001,0.036,0.3244,-0.27781,1.644
9.52,0,0,0,0,0.002,0.001,0.036,0.3244,-0.27781,1.649
9.53,0,0,0,0,0.002,0.001,0.036,0.3244,-0.27781,1.649
9.54,0,0,0,0,0.002,0.001,0.036,0.3244,-0.27781,1.651
9.55,0,0,0,0,0.002,0.001,0.036,0.3244,-0.27781,1.651
9.56,0,0,0,0,0.002,0.001,0.036,0.3244,-0.27781,1.657
9.57,0,0,0,0,0.002,0.001,0.036,0.32442,-0.27783,1.657
9.58,0,0,0,0,0.002,0.001,0.036,0.32442,-0.27783,1.657
9.59,0,0,0,0,0.002,0.001,0.036,0.32442,-0.27783,1.662
9.6,0,0,0,0,0.002,0.001,0.036,0.32442,-0.27783,1.662
9.61,0,0,0,0,0.002,0.001,0.036,0.32442,-0.27783,1.662
9.62,0,0,0,0,0.002,0.001,0.036,0.32442,-0.27783,1.667
9.63,0,0,0,0,0.002,0.001,0.036,0.32442,-0.27783,1.667
9.64,0,0,0,0,0.002,0.001,0.036,0.32442,-0.27783,1.667
9.65,0,0,0,0,0.002,0.001,0.036,0.32442,-0.27783,1.673
9.66,0,0,0,0,0.002,0.001,0.036,0.32442,-0.27783,1.673
9.67,0,0,0,0,0.002,0.001,0.036,0.32442,-0.27783,1.673
9.68,0,0,0,0,0.002,0.001,0.036,0.32442,-0.27783,1.673
9.69,0,0,0,0,0.002,0.001,0.036,0.32442,-0.27783,1.673
9.7,0,0,0,0,0.002,0.001,0.036,0.32442,-0.27783,1.673
9.71,0,0,0,0,0.002,0.001,0.036,0.32442,-0.27783,1.673
9.72,0,0,0,0,0.002,0.001,0.036,0.32442,-0.27783,1.673
9.73,0,0,0,0,0.002,0.001,0.036,0.32442,-0.27783,1.673
9.74,0,0,0,0,0.002,0.001,0.036,0.32442,-0.27783,1.673
9.75,0,0,0,0,0.001,0,0.036,0.32442,-0.27783,1.667
9.76,0,0,0,0,0.001,0,0.036,0.32442,-0.27783,1.667
9.77,0,0,0,0,0,0,0.036,0.32445,-0.27787,1.667
9.78,0,0,0,0,0,0,0.036,0.32445,-0.27787,1.667
9.79,0,0,0,0,-0.001,-0.001,0.036,0.32445,-0.27787,1.662
9.8,0,0,0,0,-0.001,-0.001,0.036,0.32445,-0.27787,1.662
9.81,0,0,0,0,-0.002,-0.001,0.036,0.32445,-0.27787,1.662
9.82,0,0,0,0,-0.002,-0.001,0.036,0.32445,-0.27787,1.657
9.83,0,0,0,0,-0.002,-0.001,0.036,0.32445,-0.27787,1.657
9.84,0,0,0,0,-0.003,-0.002,0.036,0.32445,-0.27787,1.651
9.85,0,0,0,0,-0.003,-0.002,0.036,0.32445,-0.27787,1.651
9.86,0,0,0,0,-0.004,-0.002,0.036,0.32445,-0.27787,1.649
9.87,0,0,0,0,-0.004,-0.002,0.036,0.32445,-0.27787,1.649
9.88,0,0,0,0,-0.005,-0.003,0.036,0.32445,-0.27787,1.644
9.89,0,0,0,0,-0.005,-0.003,0.036,0.32445,-0.27787,1.644
9.9,0,0,0,0,-0.006,-0.003,0.036,0.32445,-0.27787,1.638
9.91,0,0,0,0,-0.006,-0.003,0.036,0.32445,-0.27787,1.633
9.92,0,0,0,0,-0.007,-0.004,0.036,0.32445,-0.27787,1.63
9.93,0,0,0,0,-0.008,-0.004,0.036,0.32445,-0.27787,1.63
9.94,0,0,0,0,-0.009,-0.005,0.036,0.32445,-0.27787,1.625
9.95,0,0,0,0,-0.01,-0.005,0.036,0.32445,-0.27787,1.62
9.96,0,0,0,0,-0.01,-0.006,0.036,0.32445,-0.27787,1.614
9.97,0,0,0,0,-0.011,-0.006,0.036,0.32449,-0.27794,1.609
9.98,0,0,0,0,-0.012,-0.006,0.036,0.32449,-0.27794,1.607
9.99,0,0,0,0,-0.013,-0.007,0.036,0.32449,-0.27794,1.601
10,0,0,0,0,-0.014,-0.007,0.036,0.32449,-0.27794,1.596
10.01,0,0,0,0,-0.015,-0.008,0.036,0.32449,-0.27794,1.591
10.02,0,0,0,0,-0.016,-0.008,0.036,0.32449,-0.27794,1.588
10.03,0,0,0,0,-0.017,-0.009,0.036,0.32449,-0.27794,1.583
10.04,0,0,0,0,-0.017,-0.009,0.036,0.32449,-0.27794,1.577
10.05,0,0,0,0,-0.018,-0.01,0.036,0.32449,-0.27794,1.567
10.06,0,0,0,0,-0.019,-0.01,0.036,0.32449,-0.27794,1.564
10.07,0,0,0,0,-0.02,-0.01,0.036,0.32449,-0.27794,1.559
10.08,0,0,0,0,-0.021,-0.011,0.036,0.32449,-0.27794,1.554
10.09,0,0,0,0,-0.022,-0.011,0.036,0.32449,-0.27794,1.546
10.1,0,0,0,0,-0.022,-0.012,0.036,0.32449,-0.27794,1.54
10.11,0,0,0,0,-0.023,-0.012,0.036,0.32449,-0.27794,1.535
10.12,0,0,0,0,-0.024,-0.013,0.036,0.32449,-0.27794,1.525
10.13,0,0,0,0,-0.025,-0.013,0.036,0.32449,-0.27794,1.522
10.14,0,0,0,0,-0.026,-0.013,0.036,0.32449,-0.27794,1.511
10.15,0,0,0,0,-0.027,-0.014,0.036,0.32449,-0.27794,1.506
10.16,0,0,0,0,-0.028,-0.014,0.036,0.32449,-0.27794,1.498
10.17,0,0,0,0,-0.028,-0.015,0.036,0.3245,-0.27796,1.488
10.18,0,0,0,0,-0.029,-0.015,0.036,0.3245,-0.27796,1.482
10.19,0,0,0,0,-0.03,-0.016,0.036,0.3245,-0.27796,1.474
10.2,0,0,0,0,-0.031,-0.016,0.036,0.3245,-0.27796,1.464
10.21,0,0,0,0,-0.032,-0.016,0.036,0.3245,-0.27796,1.456
10.22,0,0,0,0,-0.032,-0.017,0.036,0.3245,-0.27796,1.451
10.23,0,0,0,0,-0.033,-0.017,0.036,0.3245,-0.27796,1.44
10.24,0,0,0,0,-0.034,-0.018,0.036,0.3245,-0.27796,1.432
10.25,0,0,0,0,-0.035,-0.018,0.036,0.3245,-0.27796,1.422
10.26,0,0,0,0,-0.036,-0.018,0.036,0.3245,-0.27796,1.414
10.27,0,0,0,0,-0.036,-0.019,0.036,0.3245,-0.27796,1.403
10.28,0,0,0,0,-0.037,-0.019,0.036,0.3245,-0.27796,1.395
10.29,0,0,0,0,-0.038,-0.02,0.036,0.3245,-0.27796,1.385
10.3,0,0,0,0,-0.039,-0.02,0.036,0.3245,-0.27796,1.377
10.31,0,0,0,0,-0.04,-0.02,0.036,0.3245,-0.27796,1.361
10.32,0,0,0,0,-0.04,-0.021,0.036,0.3245,-0.27796,1.353
10.33,0,0,0,0,-0.041,-0.021,0.036,0.3245,-0.27796,1.342
10.34,0,0,0,0,-0.042,-0.022,0.036,0.3245,-0.27796,1.334
10.35,0,0,0,0,-0.043,-0.022,0.036,0.3245,-0.27796,1.319
10.36,0,0,0,0,-0.044,-0.022,0.036,0.3245,-0.27796,1.311
10.37,0,0,0,0,-0.044,-0.023,0.036,0.32443,-0.27781,1.3
10.38,0,0,0,0,-0.045,-0.023,0.036,0.32443,-0.27781,1.287
10.39,0,0,0,0,-0.046,-0.024,0.036,0.32443,-0.27781,1.276
10.4,0,0,0,0,-0.047,-0.024,0.036,0.32443,-0.27781,1.263
10.41,0,0,0,0,-0.047,-0.024,0.036,0.32443,-0.27781,1.25
10.42,0,0,0,0,-0.048,-0.025,0.036,0.32443,-0.27781,1.239
10.43,0,0,0,0,-0.049,-0.025,0.036,0.32443,-0.27781,1.226
10.44,0,0,0,0,-0.05,-0.026,0.036,0.32443,-0.27781,1.21
10.45,0,0,0,0,-0.05,-0.026,0.036,0.32443,-0.27781,1.202
10.46,0,0,0,0,-0.051,-0.026,0.036,0.32443,-0.27781,1.189
10.47,0,0,0,0,-0.052,-0.027,0.036,0.32443,-0.27781,1.173
10.48,0,0,0,0,-0.053,-0.027,0.036,0.32443,-0.27781,1.16
10.49,0,0,0,0,-0.053,-0.028,0.036,0.32443,-0.27781,1.147
10.5,0,0,0,0,-0.054,-0.028,0.036,0.32443,-0.27781,1.131
10.51,0,0,0,0,-0.055,-0.028,0.036,0.32443,-0.27781,1.118
10.52,0,0,0,0,-0.056,-0.029,0.036,0.32443,-0.27781,1.104
10.53,0,0,0,0,-0.056,-0.029,0.036,0.32443,-0.27781,1.089
10.54,0,0,0,0,-0.057,-0.029,0.036,0.32443,-0.27781,1.075
10.55,0,0,0,0,-0.058,-0.03,0.036,0.32443,-0.27781,1.062
10.56,0,0,0,0,-0.059,-0.03,0.036,0.32443,-0.27781,1.046
10.57,0,0,0,0,-0.059,-0.031,0.036,0.32424,-0.27743,1.028
10.58,0,0,0,0,-0.06,-0.031,0.036,0.32424,-0.27743,1.015
10.59,0,0,0,0,-0.061,-0.031,0.036,0.32424,-0.27743,0.999
10.6,0,0,0,0,-0.061,-0.032,0.036,0.32424,-0.27743,0.98
10.61,0,0,0,0,-0.062,-0.032,0.036,0.32424,-0.27743,0.967
10.62,0,0,0,0,-0.063,-0.032,0.036,0.32424,-0.27743,0.954
10.63,0,0,0,0,-0.064,-0.033,0.036,0.32424,-0.27743,0.935
10.64,0,0,0,0,-0.064,-0.033,0.036,0.32424,-0.27743,0.92
10.65,0,0,0,0,-0.065,-0.033,0.036,0.32424,-0.27743,0.901
10.66,0,0,0,0,-0.066,-0.034,0.036,0.32424,-0.27743,0.883
10.67,0,0,0,0,-0.066,-0.034,0.036,0.32424,-0.27743,0.869
10.68,0,0,0,0,-0.067,-0.035,0.036,0.32424,-0.27743,0.851
10.69,0,0,0,0,-0.068,-0.035,0.036,0.32424,-0.27743,0.832
10.7,0,0,0,0,-0.068,-0.035,0.036,0.32424,-0.27743,0.816
10.71,0,0,0,0,-0.069,-0.036,0.036,0.32424,-0.27743,0.798
10.72,0,0,0,0,-0.07,-0.036,0.036,0.32424,-0.27743,0.779
10.73,0,0,0,0,-0.071,-0.036,0.036,0.32424,-0.27743,0.761
10.74,0,0,0,0,-0.071,-0.037,0.036,0.32424,-0.27743,0.742
10.75,0,0,0,0,-0.072,-0.037,0.036,0.32424,-0.27743,0.724
10.76,0,0,0,0,-0.073,-0.037,0.036,0.32424,-0.27743,0.705
10.77,0,0,0,0,-0.073,-0.038,0.036,0.32388,-0.27673,0.684
10.78,0,0,0,0,-0.074,-0.038,0.036,0.32388,-0.27673,0.666
10.79,0,0,0,0,-0.075,-0.038,0.036,0.32388,-0.27673,0.647
10.8,0,0,0,0,-0.075,-0.039,0.036,0.32388,-0.27673,0.629
10.81,0,0,0,0,-0.076,-0.039,0.036,0.32388,-0.27673,0.61
10.82,0,0,0,0,-0.077,-0.04,0.036,0.32388,-0.27673,0.592
10.83,0,0,0,0,-0.077,-0.04,0.036,0.32388,-0.27673,0.573
10.84,0,0,0,0,-0.078,-0.04,0.036,0.32388,-0.27673,0.555
10.85,0,0,0,0,-0.079,-0.041,0.036,0.32388,-0.27673,0.531
10.86,0,0,0,0,-0.079,-0.041,0.036,0.32388,-0.27673,0.513
10.87,0,0,0,0,-0.08,-0.041,0.036,0.32388,-0.27673,0.494
10.88,0,0,0,0,-0.081,-0.042,0.036,0.32388,-0.27673,0.47
10.89,0,0,0,0,-0.081,-0.042,0.036,0.32388,-0.27673,0.452
10.9,0,0,0,0,-0.082,-0.042,0.036,0.32388,-0.27673,0.428
10.91,0,0,0,0,-0.083,-0.043,0.036,0.32388,-0.27673,0.41
10.92,0,0,0,0,-0.083,-0.043,0.036,0.32388,-0.27673,0.386
10.93,0,0,0,0,-0.084,-0.043,0.036,0.32388,-0.27673,0.362
10.94,0,0,0,0,-0.084,-0.044,0.036,0.32388,-0.27673,0.344
10.95,0,0,0,0,-0.085,-0.044,0.036,0.32388,-0.27673,0.32
10.96,0,0,0,0,-0.086,-0.044,0.036,0.32388,-0.27673,0.296
10.97,0,0,0,0,-0.086,-0.045,0.036,0.32333,-0.27565,0.277
10.98,0,0,0,0,-0.087,-0.045,0.036,0.32333,-0.27565,0.254
10.99,0,0,0,0,-0.088,-0.045,0.036,0.32333,-0.27565,0.23
11,0,0,0,0,-0.088,-0.046,0.036,0.32333,-0.27565,0.206
11.01,0,0,0,0,-0.089,-0.046,0.036,0.32333,-0.27565,0.182
11.02,0,0,0,0,-0.09,-0.046,0.036,0.32333,-0.27565,0.164
11.03,0,0,0,0,-0.09,-0.047,0.036,0.32333,-0.27565,0.14
11.04,0,0,0,0,-0.091,-0.047,0.036,0.32333,-0.27565,0.116
11.05,0,0,0,0,-0.091,-0.047,0.036,0.32333,-0.27565,0.095
11.06,0,0,0,0,-0.092,-0.047,0.036,0.32333,-0.27565,0.071
11.07,0,0,0,0,-0.093,-0.048,0.036,0.32333,-0.27565,0.048
11.08,0,0,0,0,-0.093,-0.048,0.036,0.32333,-0.27565,0.018
11.09,0,0,0,0,-0.094,-0.048,0.036,0.32333,-0.27565,-0.005
11.1,0,0,0,0,-0.094,-0.049,0.036,0.32333,-0.27565,-0.005
11.11,0,0,0,0,-0.095,-0.049,0.036,0.32333,-0.27565,-0.005
11.12,0,0,0,0,-0.041,-0.023,0.037,0.32333,-0.27565,-0.005
11.13,0,0,0,0,-0.001,-0.003,0.035,0.32333,-0.27565,-0.005
11.14,0,0,0,0,0.011,0.006,0.035,0.32333,-0.27565,-0.005
11.15,0,0,0,0,0.008,0.006,0.036,0.32333,-0.27565,-0.005
11.16,0,0,0,0,0.001,0.002,0.036,0.32333,-0.27565,-0.005
11.17,0,0,0,0,-0.001,-0.001,0.036,0.32288,-0.27477,-0.005
11.18,0,0,0,0,-0.001,-0.001,0.036,0.32288,-0.27477,-0.005
11.19,0,0,0,0,0,0,0.036,0.32288,-0.27477,-0.005
11.2,0,0,0,0,0,0,0.036,0.32288,-0.27477,-0.005
11.21,0,0,0,0,0,0,0.036,0.32288,-0.27477,-0.005
11.22,0,0,0,0,0,0,0.036,0.32288,-0.27477,-0.005
11.23,0,0,0,0,0,0,0.036,0.32288,-0.27477,-0.005
11.24,0,0,0,0,0,0,0.036,0.32288,-0.27477,-0.005
11.25,0,0,0,0,0,0,0.036,0.32288,-0.27477,-0.005
11.26,0,0,0,0,0,0,0.036,0.32288,-0.27477,-0.005
11.27,0,0,0,0,0,0,0.036,0.32288,-0.27477,-0.005
11.28,0,0,0,0,0,0,0.036,0.32288,-0.27477,-0.005
11.29,0,0,0,0,0,0,0.036,0.32288,-0.27477,-0.005
11.3,0,0,0,0,0,0,0.036,0.32288,-0.27477,-0.005
11.31,0,0,0,0,0,0,0.036,0.32288,-0.27477,-0.005
11.32,0,0,0,0,0,0,0.036,0.32288,-0.27477,-0.005
11.33,0,0,0,0,0,0,0.036,0.32288,-0.27477,-0.005
11.34,0,0,0,0,0,0,0.036,0.32288,-0.27477,-0.005
11.35,0,0,0,0,0,0,0.036,0.32288,-0.27477,-0.005
11.36,0,0,0,0,0,0,0.036,0.32288,-0.27477,-0.005
11.37,0,0,0,0,0,0,0.036,0.32288,-0.27477,-0.005
11.38,0,0,0,0,0,0,0.036,0.32288,-0.27477,-0.005
11.39,0,0,0,0,0,0,0.036,0.32288,-0.27477,-0.005
11.4,0,0,0,0,0,0,0.036,0.32288,-0.27477,-0.005
11.41,0,0,0,0,0,0,0.036,0.32288,-0.27477,-0.005
11.42,0,0,0,0,0,0,0.036,0.32288,-0.27477,-0.005
11.43,0,0,0,0,0,0,0.036,0.32288,-0.27477,-0.005
11.44,0,0,0,0,0,0,0.036,0.32288,-0.27477,-0.005
11.45,0,0,0,0,0,0,0.036,0.32288,-0.27477,-0.005
11.46,0,0,0,0,0,0,0.036,0.32288,-0.27477,-0.005
11.47,0,0,0,0,0,0,0.036,0.32288,-0.27477,-0.005
11.48,0,0,0,0,0,0,0.036,0.32288,-0.27477,-0.005
11.49,0,0,0,0,0,0,0.036,0.32288,-0.27477,-0.005
11.5,0,0,0,0,0,0,0.036,0.32288,-0.27477,-0.005
11.51,0,0,0,0,0,0,0.036,0.32288,-0.27477,-0.005
11.52,0,0,0,0,0,0,0.036,0.32288,-0.27477,-0.005
11.53,0,0,0,0,0,0,0.036,0.32288,-0.27477,-0.005
11.54,0,0,0,0,0,0,0.036,0.32288,-0.27477,-0.005
11.55,0,0,0,0,0,0,0.036,0.32288,-0.27477,-0.005
11.56,0,0,0,0,0,0,0.036,0.32288,-0.27477,-0.005
11.57,0,0,0,0,0,0,0.036,0.32288,-0.27477,-0.005
11.58,0,0,0,0,0,0,0.036,0.32288,-0.27477,-0.005
11.59,0,0,0,0,0,0,0.036,0.32288,-0.27477,-0.005
11.6,0,0,0,0,0,0,0.036,0.32288,-0.27477,-0.005
11.61,0,0,0,0,0,0,0.036,0.32288,-0.27477,-0.005
11.62,0,0,0,0,0,0,0.036,0.32288,-0.27477,-0.005
11.63,0,0,0,0,0,0,0.036,0.32288,-0.27477,-0.005
11.64,0,0,0,0,0,0,0.036,0.32288,-0.27477,-0.005
11.65,0,0,0,0,0,0,0.036,0.32288,-0.27477,-0.005
11.66,0,0,0,0,0,0,0.036,0.32288,-0.27477,-0.005
11.67,0,0,0,0,0,0,0.036,0.32288,-0.27477,-0.005
11.68,0,0,0,0,0,0,0.036,0.32288,-0.27477,-0.005
11.69,0,0,0,0,0,0,0.036,0.32288,-0.27477,-0.005
11.7,0,0,0,0,0,0,0.036,0.32288,-0.27477,-0.005
11.71,0,0,0,0,0,0,0.036,0.32288,-0.27477,-0.005
11.72,0,0,0,0,0,0,0.036,0.32288,-0.27477,-0.005
11.73,0,0,0,0,0,0,0.036,0.32288,-0.27477,-0.005
11.74,0,0,0,0,0,0,0.036,0.32288,-0.27477,-0.005
11.75,0,0,0,0,0,0,0.036,0.32288,-0.27477,-0.005
11.76,0,0,0,0,0,0,0.036,0.32288,-0.27477,-0.005
11.77,0,0,0,0,0,0,0.036,0.32288,-0.27477,-0.005
11.78,0,0,0,0,0,0,0.036,0.32288,-0.27477,-0.005
11.79,0,0,0,0,0,0,0.036,0.32288,-0.27477,-0.005
11.8,0,0,0,0,0,0,0.036,0.32288,-0.27477,-0.005
11.81,0,0,0,0,0,0,0.036,0.32288,-0.27477,-0.005
11.82,0,0,0,0,0,0,0.036,0.32288,-0.27477,-0.005
11.83,0,0,0,0,0,0,0.036,0.32288,-0.27477,-0.005
11.84,0,0,0,0,0,0,0.036,0.32288,-0.27477,-0.005
11.85,0,0,0,0,0,0,0.036,0.32288,-0.27477,-0.005
11.86,0,0,0,0,0,0,0.036,0.32288,-0.27477,-0.005
11.87,0,0,0,0,0,0,0.036,0.32288,-0.27477,-0.005
11.88,0,0,0,0,0,0,0.036,0.32288,-0.27477,-0.005
11.89,0,0,0,0,0,0,0.036,0.32288,-0.27477,-0.005
11.9,0,0,0,0,0,0,0.036,0.32288,-0.27477,-0.005
11.91,0,0,0,0,0,0,0.036,0.32288,-0.27477,-0.005
11.92,0,0,0,0,0,0,0.036,0.32288,-0.27477,-0.005
11.93,0,0,0,0,0,0,0.036,0.32288,-0.27477,-0.005
11.94,0,0,0,0,0,0,0.036,0.32288,-0.27477,-0.005
11.95,0,0,0,0,0,0,0.036,0.32288,-0.27477,-0.005
11.96,0,0,0,0,0,0,0.036,0.32288,-0.27477,-0.005
11.97,0,0,0,0,0,0,0.036,0.32288,-0.27477,-0.005
11.98,0,0,0,0,0,0,0.036,0.32288,-0.27477,-0.005
11.99,0,0,0,0,0,0,0.036,0.32288,-0.27477,-0.005
12,0,0,0,0,0,0,0.036,0.32288,-0.27477,-0.005
12.01,0,0,0,0,0,0,0.036,0.32288,-0.27477,-0.005
12.02,0,0,0,0,0,0,0.036,0.32288,-0.27477,-0.005
12.03,0,0,0,0,0,0,0.036,0.32288,-0.27477,-0.005
12.04,0,0,0,0,0,0,0.036,0.32288,-0.27477,-0.005
12.05,0,0,0,0,0,0,0.036,0.32288,-0.27477,-0.005
12.06,0,0,0,0,0,0,0.036,0.32288,-0.27477,-0.005
12.07,0,0,0,0,0,0,0.036,0.32288,-0.27477,-0.005
12.08,0,0,0,0,0,0,0.036,0.32288,-0.27477,-0.005
12.09,0,0,0,0,0,0,0.036,0.32288,-0.27477,-0.005
12.1,0,0,0,0,0,0,0.036,0.32288,-0.27477,-0.005
12.11,0,0,0,0,0,0,0.036,0.32288,-0.27477,-0.005
12.12,0,0,0,0,0,0,0.036,0.32288,-0.27477,-0.005
12.13,0,0,0,0,0,0,0.036,0.32288,-0.27477,-0.005
12.14,0,0,0,0,0,0,0.036,0.32288,-0.27477,-0.005
12.15,0,0,0,0,0,0,0.036,0.32288,-0.27477,-0.005
12.16,0,0,0,0,0,0,0.036,0.32288,-0.27477,-0.005
12.17,0,0,0,0,0,0,0.036,0.32288,-0.27477,-0.005
12.18,0,0,0,0,0,0,0.036,0.32288,-0.27477,-0.005
12.19,0,0,0,0,0,0,0.036,0.32288,-0.27477,-0.005
12.2,0,0,0,0,0,0,0.036,0.32288,-0.27477,-0.005
12.21,0,0,0,0,0,0,0.036,0.32288,-0.27477,-0.005
12.22,0,0,0,0,0,0,0.036,0.32288,-0.27477,-0.005
12.23,0,0,0,0,0,0,0.036,0.32288,-0.27477,-0.005
12.24,0,0,0,0,0,0,0.036,0.32288,-0.27477,-0.005
12.25,0,0,0,0,0,0,0.036,0.32288,-0.27477,-0.005
12.26,0,0,0,0,0,0,0.036,0.32288,-0.27477,-0.005
12.27,0,0,0,0,0,0,0.036,0.32288,-0.27477,-0.005
12.28,0,0,0,0,0,0,0.036,0.32288,-0.27477,-0.005
12.29,0,0,0,0,0,0,0.036,0.32288,-0.27477,-0.005
12.3,0,0,0,0,0,0,0.036,0.32288,-0.27477,-0.005
12.31,0,0,0,0,0,0.001,0.036,0.32288,-0.27477,-0.005
12.32,0,0,0,0,0,0,0.036,0.32288,-0.27477,-0.005
12.33,0,0,0,0,0,0,0.036,0.32288,-0.27477,-0.005
12.34,0,0,0,0,0,0,0.036,0.32288,-0.27477,-0.005
12.35,0,0,0,0,0,0,0.036,0.32288,-0.27477,-0.005
12.36,0,0,0,0,0,0,0.036,0.32288,-0.27477,-0.005
12.37,0,0,0,0,0,0,0.036,0.32287,-0.27478,-0.005
12.38,0,0,0,0,-0.002,0,0.036,0.32287,-0.27478,-0.005
12.39,0,0,0,0,-0.001,0,0.036,0.32287,-0.27478,-0.005
12.4,0,0,0,0,0,0,0.036,0.32287,-0.27478,-0.005
12.41,0,0,0,0,0,0,0.036,0.32287,-0.27478,-0.005
12.42,0,0,0,0,0,0,0.036,0.32287,-0.27478,-0.005
12.43,0,0,0,0,0,0,0.036,0.32287,-0.27478,-0.005
12.44,0,0,0,0,0,0,0.036,0.32287,-0.27478,-0.005
12.45,0,0,0,0,0,0,0.036,0.32287,-0.27478,-0.005
12.46,0,0,0,0,0,0,0.036,0.32287,-0.27478,-0.005
12.47,0,0,0,0,-0.002,0,0.036,0.32287,-0.27478,-0.005
12.48,0,0,0,0,-0.001,0,0.036,0.32287,-0.27478,-0.005
12.49,0,0,0,0,0,0,0.036,0.32287,-0.27478,-0.005
12.5,0,0,0,0,0,0,0.036,0.32287,-0.27478,-0.005
12.51,0,0,0,0,0,0,0.036,0.32287,-0.27478,-0.005
12.52,0,0,0,0,0,0,0.036,0.32287,-0.27478,-0.005
12.53,0,0,0,0,0.001,0,0.036,0.32287,-0.27478,-0.005
12.54,0,0,0,0,0,0,0.036,0.32287,-0.27478,-0.005
12.55,0,0,0,0,0,0,0.036,0.32287,-0.27478,-0.005
12.56,0,0,0,0,0,0,0.036,0.32287,-0.27478,-0.005
12.57,0,0,0,0,0,0,0.036,0.32287,-0.27477,-0.005
12.58,0,0,0,0,0,0,0.036,0.32287,-0.27477,-0.005
12.59,0,0,0,0,0.002,0,0.036,0.32287,-0.27477,-0.005
12.6,0,0,0,0,0.004,0,0.036,0.32287,-0.27477,-0.005
12.61,0,0,0,0,0.006,0.001,0.036,0.32287,-0.27477,-0.005
12.62,0,0,0,0,0.007,0.002,0.036,0.32287,-0.27477,-0.005
12.63,0,0,0,0,0.009,0.004,0.036,0.32287,-0.27477,-0.005
12.64,0,0,0,0,0.011,0.005,0.036,0.32287,-0.27477,-0.005
12.65,0,0,0,0,0.013,0.007,0.036,0.32287,-0.27477,-0.005
12.66,0,0,0,0,0.015,0.009,0.036,0.32287,-0.27477,-0.005
12.67,0,0,0,0,0.016,0.01,0.036,0.32287,-0.27477,0
12.68,0,0,0,0,0.02,0.012,0.036,0.32287,-0.27477,0
12.69,0,0,0,0,0.024,0.013,0.036,0.32287,-0.27477,0
12.7,0,0,0,0,0.027,0.015,0.036,0.32287,-0.27477,0
12.71,0,0,0,0,0.032,0.016,0.036,0.32287,-0.27477,0
12.72,0,0,0,0,0.037,0.018,0.036,0.32287,-0.27477,0
12.73,0,0,0,0,0.043,0.019,0.036,0.32287,-0.27477,0
12.74,0,0,0,0,0.049,0.02,0.036,0.32287,-0.27477,0
12.75,0,0,0,0,0.055,0.021,0.036,0.32287,-0.27477,0
12.76,0,0,0,0,0.061,0.022,0.036,0.32287,-0.27477,0
12.77,0,0,0,0,0.067,0.023,0.036,0.3228,-0.2745,0
12.78,0,0,0,0,0.073,0.024,0.036,0.3228,-0.2745,0
12.79,0,0,0,0,0.082,0.025,0.036,0.3228,-0.2745,0
12.8,0,0,0,0,0.09,0.025,0.036,0.3228,-0.2745,0.005
12.81,0,0,0,0,0.098,0.026,0.036,0.3228,-0.2745,0.005
12.82,0,0,0,0,0.107,0.026,0.036,0.3228,-0.2745,0.005
12.83,0,0,0,0,0.116,0.027,0.036,0.3228,-0.2745,0.005
12.84,0,0,0,0,0.126,0.027,0.036,0.3228,-0.2745,0.005
12.85,0,0,0,0,0.136,0.026,0.036,0.3228,-0.2745,0.005
12.86,0,0,0,0,0.145,0.026,0.036,0.3228,-0.2745,0.005
12.87,0,0,0,0,0.155,0.026,0.036,0.3228,-0.2745,0.005
12.88,0,0,0,0,0.165,0.026,0.036,0.3228,-0.2745,0.011
12.89,0,0,0,0,0.177,0.025,0.036,0.3228,-0.2745,0.011
12.9,0,0,0,0,0.191,0.025,0.036,0.3228,-0.2745,0.011
12.91,0,0,0,0,0.205,0.024,0.036,0.3228,-0.2745,0.011
12.92,0,0,0,0,0.219,0.023,0.036,0.3228,-0.2745,0.011
12.93,0,0,0,0,0.233,0.022,0.036,0.3228,-0.2745,0.013
12.94,0,0,0,0,0.247,0.021,0.036,0.3228,-0.2745,0.013
12.95,0,0,0,0,0.261,0.02,0.036,0.3228,-0.2745,0.013
12.96,0,0,0,0,0.275,0.019,0.036,0.3228,-0.2745,0.013
12.97,0,0,0,0,0.289,0.018,0.036,0.32301,-0.27424,0.013
12.98,0,0,0,0,0.302,0.017,0.036,0.32301,-0.27424,0.018
12.99,0,0,0,0,0.316,0.015,0.036,0.32301,-0.27424,0.018
13,0,0,0,0,0.329,0.014,0.036,0.32301,-0.27424,0.018
13.01,0,0,0,0,0.341,0.012,0.036,0.32301,-0.27424,0.018
13.02,0,0,0,0,0.353,0.01,0.036,0.32301,-0.27424,0.018
13.03,0,0,0,0,0.364,0.008,0.036,0.32301,-0.27424,0.024
13.04,0,0,0,0,0.375,0.006,0.036,0.32301,-0.27424,0.024
13.05,0,0,0,0,0.386,0.004,0.036,0.32301,-0.27424,0.024
13.06,0,0,0,0,0.397,0.002,0.036,0.32301,-0.27424,0.024
13.07,0,0,0,0,0.409,0,0.036,0.32301,-0.27424,0.029
13.08,0,0,0,0,0.42,-0.003,0.036,0.32301,-0.27424,0.029
13.09,0,0,0,0,0.431,-0.005,0.036,0.32301,-0.27424,0.029
13.1,0,0,0,0,0.442,-0.007,0.036,0.32301,-0.27424,0.029
13.11,0,0,0,0,0.453,-0.009,0.036,0.32301,-0.27424,0.032
13.12,0,0,0,0,0.464,-0.011,0.036,0.32301,-0.27424,0.032
13.13,0,0,0,0,0.474,-0.013,0.036,0.32301,-0.27424,0.032
13.14,0,0,0,0,0.485,-0.015,0.036,0.32301,-0.27424,0.032
13.15,0,0,0,0,0.496,-0.017,0.036,0.32301,-0.27424,0.037
13.16,0,0,0,0,0.507,-0.019,0.036,0.32301,-0.27424,0.037
13.17,0,0,0,0,0.518,-0.022,0.036,0.32344,-0.2762,0.037
13.18,0,0,0,0,0.527,-0.024,0.036,0.32344,-0.2762,0.042
13.19,0,0,0,0,0.537,-0.027,0.036,0.32344,-0.2762,0.042
13.2,0,0,0,0,0.547,-0.029,0.036,0.32344,-0.2762,0.042
13.21,0,0,0,0,0.556,-0.032,0.036,0.32344,-0.2762,0.048
13.22,0,0,0,0,0.564,-0.035,0.036,0.32344,-0.2762,0.048
13.23,0,0,0,0,0.572,-0.039,0.036,0.32344,-0.2762,0.048
13.24,0,0,0,0,0.579,-0.042,0.036,0.32344,-0.2762,0.053
13.25,0,0,0,0,0.586,-0.046,0.036,0.32344,-0.2762,0.053
13.26,0,0,0,0,0.593,-0.05,0.036,0.32344,-0.2762,0.053
13.27,0,0,0,0,0.6,-0.053,0.036,0.32344,-0.2762,0.055
13.28,0,0,0,0,0.608,-0.058,0.036,0.32344,-0.2762,0.055
13.29,0,0,0,0,0.616,-0.062,0.036,0.32344,-0.2762,0.061
13.3,0,0,0,0,0.624,-0.066,0.036,0.32344,-0.2762,0.061
13.31,0,0,0,0,0.631,-0.07,0.036,0.32344,-0.2762,0.066
13.32,0,0,0,0,0.639,-0.074,0.036,0.32344,-0.2762,0.066
13.33,0,0,0,0,0.647,-0.078,0.036,0.32344,-0.2762,0.071
13.34,0,0,0,0,0.655,-0.082,0.036,0.32344,-0.2762,0.071
13.35,0,0,0,0,0.662,-0.086,0.036,0.32344,-0.2762,0.074
13.36,0,0,0,0,0.669,-0.089,0.036,0.32344,-0.2762,0.074
13.37,0,0,0,0,0.676,-0.093,0.036,0.32378,-0.28212,0.074
13.38,0,0,0,0,0.682,-0.096,0.036,0.32378,-0.28212,0.079
13.39,0,0,0,0,0.689,-0.1,0.036,0.32378,-0.28212,0.079
13.4,0,0,0,0,0.696,-0.103,0.036,0.32378,-0.28212,0.085
13.41,0,0,0,0,0.702,-0.106,0.036,0.32378,-0.28212,0.085
13.42,0,0,0,0,0.707,-0.109,0.036,0.32378,-0.28212,0.09
13.43,0,0,0,0,0.713,-0.112,0.036,0.32378,-0.28212,0.09
13.44,0,0,0,0,0.719,-0.115,0.036,0.32378,-0.28212,0.095
13.45,0,0,0,0,0.724,-0.119,0.036,0.32378,-0.28212,0.098
13.46,0,0,0,0,0.731,-0.123,0.036,0.32378,-0.28212,0.098
13.47,0,0,0,0,0.737,-0.127,0.036,0.32378,-0.28212,0.103
13.48,0,0,0,0,0.742,-0.131,0.036,0.32378,-0.28212,0.103
13.49,0,0,0,0,0.748,-0.134,0.036,0.32378,-0.28212,0.108
13.5,0,0,0,0,0.753,-0.138,0.036,0.32378,-0.28212,0.108
13.51,0,0,0,0,0.759,-0.141,0.036,0.32378,-0.28212,0.114
13.52,0,0,0,0,0.764,-0.145,0.036,0.32378,-0.28212,0.116
13.53,0,0,0,0,0.768,-0.149,0.036,0.32378,-0.28212,0.116
13.54,0,0,0,0,0.771,-0.152,0.036,0.32378,-0.28212,0.122
13.55,0,0,0,0,0.775,-0.156,0.036,0.32378,-0.28212,0.122
13.56,0,0,0,0,0.777,-0.16,0.036,0.32378,-0.28212,0.127
13.57,0,0,0,0,0.779,-0.163,0.036,0.3234,-0.29293,0.132
13.58,0,0,0,0,0.779,-0.167,0.036,0.3234,-0.29293,0.132
13.59,0,0,0,0,0.779,-0.17,0.036,0.3234,-0.29293,0.137
13.6,0,0,0,0,0.776,-0.173,0.036,0.3234,-0.29293,0.14
13.61,0,0,0,0,0.773,-0.176,0.036,0.3234,-0.29293,0.14
13.62,0,0,0,0,0.768,-0.179,0.036,0.3234,-0.29293,0.145
13.63,0,0,0,0,0.764,-0.181,0.036,0.3234,-0.29293,0.151
13.64,0,0,0,0,0.759,-0.184,0.036,0.3234,-0.29293,0.156
13.65,0,0,0,0,0.755,-0.186,0.036,0.3234,-0.29293,0.156
13.66,0,0,0,0,0.753,-0.188,0.036,0.3234,-0.29293,0.159
13.67,0,0,0,0,0.748,-0.19,0.036,0.3234,-0.29293,0.164
13.68,0,0,0,0,0.744,-0.193,0.036,0.3234,-0.29293,0.169
13.69,0,0,0,0,0.741,-0.196,0.036,0.3234,-0.29293,0.169
13.7,0,0,0,0,0.739,-0.198,0.036,0.3234,-0.29293,0.174
13.71,0,0,0,0,0.736,-0.201,0.036,0.3234,-0.29293,0.18
13.72,0,0,0,0,0.735,-0.203,0.036,0.3234,-0.29293,0.182
13.73,0,0,0,0,0.736,-0.206,0.036,0.3234,-0.29293,0.188
13.74,0,0,0,0,0.737,-0.207,0.036,0.3234,-0.29293,0.193
13.75,0,0,0,0,0.74,-0.209,0.036,0.3234,-0.29293,0.198
13.76,0,0,0,0,0.744,-0.21,0.036,0.3234,-0.29293,0.201
13.77,0,0,0,0,0.747,-0.211,0.036,0.32174,-0.30932,0.206
13.78,0,0,0,0,0.751,-0.212,0.036,0.32174,-0.30932,0.211
13.79,0,0,0,0,0.758,-0.213,0.036,0.32174,-0.30932,0.217
13.8,0,0,0,0,0.765,-0.213,0.036,0.32174,-0.30932,0.222
13.81,0,0,0,0,0.772,-0.214,0.036,0.32174,-0.30932,0.225
13.82,0,0,0,0,0.781,-0.214,0.036,0.32174,-0.30932,0.23
13.83,0,0,0,0,0.791,-0.213,0.036,0.32174,-0.30932,0.235
13.84,0,0,0,0,0.8,-0.213,0.036,0.32174,-0.30932,0.243
13.85,0,0,0,0,0.814,-0.213,0.036,0.32174,-0.30932,0.248
13.86,0,0,0,0,0.83,-0.212,0.036,0.32174,-0.30932,0.254
13.87,0,0,0,0,0.847,-0.212,0.036,0.32174,-0.30932,0.259
13.88,0,0,0,0,0.865,-0.211,0.036,0.32174,-0.30932,0.267
13.89,0,0,0,0,0.884,-0.211,0.036,0.32174,-0.30932,0.272
13.9,0,0,0,0,0.903,-0.21,0.036,0.32174,-0.30932,0.277
13.91,0,0,0,0,0.923,-0.21,0.036,0.32174,-0.30932,0.285
13.92,0,0,0,0,0.943,-0.21,0.036,0.32174,-0.30932,0.291
13.93,0,0,0,0,0.964,-0.209,0.037,0.32174,-0.30932,0.301
13.94,0,0,0,0,0.984,-0.209,0.037,0.32174,-0.30932,0.304
13.95,0,0,0,0,1.005,-0.208,0.037,0.32174,-0.30932,0.309
13.96,0,0,0,0,1.026,-0.207,0.037,0.32174,-0.30932,0.32
13.97,0,0,0,0,1.046,-0.206,0.037,0.31833,-0.32972,0.325
13.98,0,0,0,0,1.068,-0.205,0.037,0.31833,-0.32972,0.333
13.99,0,0,0,0,1.091,-0.203,0.037,0.31833,-0.32972,0.344
14,0,0,0,0,1.115,-0.202,0.037,0.31833,-0.32972,0.346
14.01,0,0,0,0,1.139,-0.2,0.037,0.31833,-0.32972,0.357
14.02,0,0,0,0,1.163,-0.198,0.037,0.31833,-0.32972,0.362
14.03,0,0,0,0,1.188,-0.196,0.037,0.31833,-0.32972,0.37
14.04,0,0,0,0,1.212,-0.193,0.037,0.31833,-0.32972,0.38
14.05,0,0,0,0,1.235,-0.19,0.038,0.31833,-0.32972,0.386
14.06,0,0,0,0,1.258,-0.188,0.038,0.31833,-0.32972,0.394
14.07,0,0,0,0,1.28,-0.185,0.038,0.31833,-0.32972,0.404
14.08,0,0,0,0,1.302,-0.183,0.038,0.31833,-0.32972,0.41
14.09,0,0,0,0,1.323,-0.18,0.038,0.31833,-0.32972,0.417
14.1,0,0,0,0,1.344,-0.177,0.038,0.31833,-0.32972,0.428
14.11,0,0,0,0,1.366,-0.174,0.038,0.31833,-0.32972,0.436
14.12,0,0,0,0,1.388,-0.171,0.038,0.31833,-0.32972,0.441
14.13,0,0,0,0,1.411,-0.168,0.038,0.31833,-0.32972,0.452
14.14,0,0,0,0,1.435,-0.166,0.038,0.31833,-0.32972,0.46
14.15,0,0,0,0,1.456,-0.163,0.038,0.31833,-0.32972,0.47
14.16,0,0,0,0,1.478,-0.16,0.038,0.31833,-0.32972,0.478
14.17,0,0,0,0,1.5,-0.157,0.038,0.31338,-0.35736,0.484
14.18,0,0,0,0,1.519,-0.154,0.038,0.31338,-0.35736,0.494
14.19,0,0,0,0,1.539,-0.151,0.038,0.31338,-0.35736,0.502
14.2,0,0,0,0,1.558,-0.148,0.038,0.31338,-0.35736,0.513
14.21,0,0,0,0,1.575,-0.145,0.039,0.31338,-0.35736,0.521
14.22,0,0,0,0,1.592,-0.142,0.039,0.31338,-0.35736,0.531
14.23,0,0,0,0,1.608,-0.138,0.039,0.31338,-0.35736,0.536
14.24,0,0,0,0,1.622,-0.135,0.039,0.31338,-0.35736,0.544
14.25,0,0,0,0,1.636,-0.131,0.039,0.31338,-0.35736,0.555
14.26,0,0,0,0,1.65,-0.127,0.039,0.31338,-0.35736,0.563
14.27,0,0,0,0,1.665,-0.124,0.039,0.31338,-0.35736,0.573
14.28,0,0,0,0,1.679,-0.12,0.039,0.31338,-0.35736,0.581
14.29,0,0,0,0,1.691,-0.116,0.039,0.31338,-0.35736,0.592
14.3,0,0,0,0,1.703,-0.112,0.039,0.31338,-0.35736,0.6
14.31,0,0,0,0,1.716,-0.107,0.039,0.31338,-0.35736,0.61
14.32,0,0,0,0,1.728,-0.101,0.039,0.31338,-0.35736,0.621
14.33,0,0,0,0,1.737,-0.095,0.039,0.31338,-0.35736,0.629
14.34,0,0,0,0,1.746,-0.089,0.039,0.31338,-0.35736,0.639
14.35,0,0,0,0,1.754,-0.082,0.039,0.31338,-0.35736,0.647
14.36,0,0,0,0,1.761,-0.076,0.039,0.31338,-0.35736,0.658
14.37,0,0,0,0,1.769,-0.07,0.039,0.30734,-0.39604,0.666
14.38,0,0,0,0,1.776,-0.064,0.039,0.30734,-0.39604,0.676
14.39,0,0,0,0,1.781,-0.058,0.039,0.30734,-0.39604,0.684
14.4,0,0,0,0,1.786,-0.052,0.039,0.30734,-0.39604,0.695
14.41,0,0,0,0,1.791,-0.046,0.039,0.30734,-0.39604,0.705
14.42,0,0,0,0,1.793,-0.041,0.039,0.30734,-0.39604,0.713
14.43,0,0,0,0,1.796,-0.036,0.039,0.30734,-0.39604,0.724
14.44,0,0,0,0,1.795,-0.031,0.039,0.30734,-0.39604,0.732
14.45,0,0,0,0,1.795,-0.026,0.039,0.30734,-0.39604,0.742
14.46,0,0,0,0,1.793,-0.021,0.039,0.30734,-0.39604,0.75
14.47,0,0,0,0,1.791,-0.016,0.039,0.30734,-0.39604,0.761
14.48,0,0,0,0,1.789,-0.012,0.039,0.30734,-0.39604,0.774
14.49,0,0,0,0,1.784,-0.008,0.039,0.30734,-0.39604,0.785
14.5,0,0,0,0,1.779,-0.004,0.039,0.30734,-0.39604,0.793
14.51,0,0,0,0,1.774,-0.001,0.039,0.30734,-0.39604,0.803
14.52,0,0,0,0,1.768,0.003,0.039,0.30734,-0.39604,0.811
14.53,0,0,0,0,1.762,0.006,0.039,0.30734,-0.39604,0.822
14.54,0,0,0,0,1.754,0.01,0.039,0.30734,-0.39604,0.832
14.55,0,0,0,0,1.744,0.013,0.039,0.30734,-0.39604,0.846
14.56,0,0,0,0,1.733,0.017,0.039,0.30734,-0.39604,0.853
14.57,0,0,0,0,1.722,0.02,0.039,0.3011,-0.44749,0.864
14.58,0,0,0,0,1.711,0.024,0.039,0.3011,-0.44749,0.872
14.59,0,0,0,0,1.698,0.026,0.039,0.3011,-0.44749,0.883
14.6,0,0,0,0,1.685,0.029,0.039,0.3011,-0.44749,0.896
14.61,0,0,0,0,1.671,0.03,0.039,0.3011,-0.44749,0.906
14.62,0,0,0,0,1.655,0.032,0.039,0.3011,-0.44749,0.914
14.63,0,0,0,0,1.639,0.034,0.039,0.3011,-0.44749,0.925
14.64,0,0,0,0,1.621,0.035,0.039,0.3011,-0.44749,0.938
14.65,0,0,0,0,1.603,0.037,0.039,0.3011,-0.44749,0.949
14.66,0,0,0,0,1.584,0.038,0.039,0.3011,-0.44749,0.957
14.67,0,0,0,0,1.564,0.038,0.039,0.3011,-0.44749,0.967
14.68,0,0,0,0,1.542,0.038,0.039,0.3011,-0.44749,0.98
14.69,0,0,0,0,1.521,0.039,0.039,0.3011,-0.44749,0.991
14.7,0,0,0,0,1.499,0.039,0.039,0.3011,-0.44749,0.999
14.71,0,0,0,0,1.478,0.039,0.039,0.3011,-0.44749,1.015
14.72,0,0,0,0,1.457,0.038,0.039,0.3011,-0.44749,1.023
14.73,0,0,0,0,1.436,0.038,0.039,0.3011,-0.44749,1.038
14.74,0,0,0,0,1.415,0.037,0.039,0.3011,-0.44749,1.046
14.75,0,0,0,0,1.395,0.036,0.039,0.3011,-0.44749,1.057
14.76,0,0,0,0,1.375,0.035,0.039,0.3011,-0.44749,1.07
14.77,0,0,0,0,1.355,0.034,0.039,0.29551,-0.51075,1.081
14.78,0,0,0,0,1.336,0.033,0.039,0.29551,-0.51075,1.094
14.79,0,0,0,0,1.317,0.032,0.039,0.29551,-0.51075,1.104
14.8,0,0,0,0,1.298,0.031,0.039,0.29551,-0.51075,1.118
14.81,0,0,0,0,1.279,0.029,0.039,0.29551,-0.51075,1.126
14.82,0,0,0,0,1.26,0.028,0.039,0.29551,-0.51075,1.141
14.83,0,0,0,0,1.241,0.027,0.039,0.29551,-0.51075,1.155
14.84,0,0,0,0,1.221,0.026,0.039,0.29551,-0.51075,1.165
14.85,0,0,0,0,1.199,0.024,0.039,0.29551,-0.51075,1.178
14.86,0,0,0,0,1.178,0.023,0.039,0.29551,-0.51075,1.189
14.87,0,0,0,0,1.157,0.021,0.039,0.29551,-0.51075,1.202
14.88,0,0,0,0,1.136,0.019,0.039,0.29551,-0.51075,1.215
14.89,0,0,0,0,1.115,0.018,0.039,0.29551,-0.51075,1.226
14.9,0,0,0,0,1.094,0.016,0.039,0.29551,-0.51075,1.239
14.91,0,0,0,0,1.075,0.014,0.039,0.29551,-0.51075,1.252
14.92,0,0,0,0,1.056,0.013,0.039,0.29551,-0.51075,1.263
14.93,0,0,0,0,1.037,0.011,0.039,0.29551,-0.51075,1.276
14.94,0,0,0,0,1.02,0.009,0.039,0.29551,-0.51075,1.292
14.95,0,0,0,0,1.003,0.008,0.039,0.29551,-0.51075,1.3
14.96,0,0,0,0,0.986,0.006,0.039,0.29551,-0.51075,1.316
14.97,0,0,0,0,0.972,0.004,0.039,0.29047,-0.58198,1.329
14.98,0,0,0,0,0.957,0.001,0.039,0.29047,-0.58198,1.342
14.99,0,0,0,0,0.943,-0.001,0.039,0.29047,-0.58198,1.358
15,0,0,0,0,0.93,-0.003,0.039,0.29047,-0.58198,1.371
15.01,0,0,0,0,0.917,-0.005,0.039,0.29047,-0.58198,1.379
15.02,0,0,0,0,0.905,-0.007,0.039,0.29047,-0.58198,1.395
15.03,0,0,0,0,0.893,-0.009,0.039,0.29047,-0.58198,1.408
15.04,0,0,0,0,0.881,-0.011,0.039,0.29047,-0.58198,1.422
15.05,0,0,0,0,0.871,-0.014,0.039,0.29047,-0.58198,1.437
15.06,0,0,0,0,0.861,-0.016,0.039,0.29047,-0.58198,1.451
15.07,0,0,0,0,0.852,-0.019,0.039,0.29047,-0.58198,1.464
15.08,0,0,0,0,0.843,-0.021,0.039,0.29047,-0.58198,1.48
15.09,0,0,0,0,0.834,-0.024,0.039,0.29047,-0.58198,1.493
15.1,0,0,0,0,0.826,-0.027,0.039,0.29047,-0.58198,1.506
15.11,0,0,0,0,0.818,-0.031,0.039,0.29047,-0.58198,1.522
15.12,0,0,0,0,0.81,-0.035,0.039,0.29047,-0.58198,1.535
15.13,0,0,0,0,0.802,-0.039,0.039,0.29047,-0.58198,1.548
15.14,0,0,0,0,0.794,-0.044,0.039,0.29047,-0.58198,1.564
15.15,0,0,0,0,0.786,-0.049,0.039,0.29047,-0.58198,1.577
15.16,0,0,0,0,0.777,-0.053,0.039,0.29047,-0.58198,1.591
15.17,0,0,0,0,0.769,-0.058,0.039,0.28573,-0.65753,1.607
15.18,0,0,0,0,0.763,-0.063,0.039,0.28573,-0.65753,1.62
15.19,0,0,0,0,0.756,-0.067,0.039,0.28573,-0.65753,1.633
15.2,0,0,0,0,0.75,-0.072,0.039,0.28573,-0.65753,1.649
15.21,0,0,0,0,0.745,-0.077,0.039,0.28573,-0.65753,1.662
15.22,0,0,0,0,0.74,-0.081,0.039,0.28573,-0.65753,1.681
15.23,0,0,0,0,0.736,-0.085,0.039,0.28573,-0.65753,1.694
15.24,0,0,0,0,0.732,-0.09,0.039,0.28573,-0.65753,1.71
15.25,0,0,0,0,0.728,-0.093,0.039,0.28573,-0.65753,1.723
15.26,0,0,0,0,0.725,-0.097,0.039,0.28573,-0.65753,1.736
15.27,0,0,0,0,0.722,-0.101,0.039,0.28573,-0.65753,1.752
15.28,0,0,0,0,0.72,-0.104,0.039,0.28573,-0.65753,1.765
15.29,0,0,0,0,0.717,-0.108,0.039,0.28573,-0.65753,1.784
15.3,0,0,0,0,0.715,-0.111,0.039,0.28573,-0.65753,1.799
15.31,0,0,0,0,0.713,-0.114,0.039,0.28573,-0.65753,1.813
15.32,0,0,0,0,0.71,-0.118,0.039,0.28573,-0.65753,1.826
15.33,0,0,0,0,0.709,-0.121,0.039,0.28573,-0.65753,1.842
15.34,0,0,0,0,0.707,-0.123,0.039,0.28573,-0.65753,1.86
15.35,0,0,0,0,0.705,-0.126,0.039,0.28573,-0.65753,1.873
15.36,0,0,0,0,0.704,-0.129,0.039,0.28573,-0.65753,1.887
15.37,0,0,0,0,0.703,-0.132,0.039,0.28067,-0.73587,1.902
15.38,0,0,0,0,0.702,-0.134,0.039,0.28067,-0.73587,1.921
15.39,0,0,0,0,0.702,-0.137,0.039,0.28067,-0.73587,1.934
15.4,0,0,0,0,0.703,-0.139,0.039,0.28067,-0.73587,1.947
15.41,0,0,0,0,0.703,-0.141,0.039,0.28067,-0.73587,1.963
15.42,0,0,0,0,0.704,-0.144,0.039,0.28067,-0.73587,1.982
15.43,0,0,0,0,0.706,-0.146,0.039,0.28067,-0.73587,1.995
15.44,0,0,0,0,0.707,-0.148,0.039,0.28067,-0.73587,2.008
15.45,0,0,0,0,0.709,-0.15,0.039,0.28067,-0.73587,2.029
15.46,0,0,0,0,0.711,-0.152,0.039,0.28067,-0.73587,2.043
15.47,0,0,0,0,0.712,-0.154,0.039,0.28067,-0.73587,2.056
15.48,0,0,0,0,0.714,-0.156,0.039,0.28067,-0.73587,2.072
15.49,0,0,0,0,0.715,-0.158,0.039,0.28067,-0.73587,2.09
15.5,0,0,0,0,0.718,-0.16,0.039,0.28067,-0.73587,2.103
15.51,0,0,0,0,0.72,-0.161,0.039,0.28067,-0.73587,2.116
15.52,0,0,0,0,0.723,-0.163,0.039,0.28067,-0.73587,2.135
15.53,0,0,0,0,0.726,-0.164,0.039,0.28067,-0.73587,2.151
15.54,0,0,0,0,0.729,-0.165,0.039,0.28067,-0.73587,2.164
15.55,0,0,0,0,0.733,-0.166,0.039,0.28067,-0.73587,2.183
15.56,0,0,0,0,0.737,-0.167,0.039,0.28067,-0.73587,2.198
15.57,0,0,0,0,0.741,-0.167,0.039,0.27467,-0.81652,2.212
15.58,0,0,0,0,0.746,-0.168,0.039,0.27467,-0.81652,2.23
15.59,0,0,0,0,0.75,-0.168,0.039,0.27467,-0.81652,2.243
15.6,0,0,0,0,0.755,-0.169,0.039,0.27467,-0.81652,2.259
15.61,0,0,0,0,0.76,-0.169,0.039,0.27467,-0.81652,2.278
15.62,0,0,0,0,0.766,-0.169,0.039,0.27467,-0.81652,2.291
15.63,0,0,0,0,0.772,-0.168,0.039,0.27467,-0.81652,2.304
15.64,0,0,0,0,0.778,-0.168,0.039,0.27467,-0.81652,2.32
15.65,0,0,0,0,0.785,-0.167,0.039,0.27467,-0.81652,2.338
15.66,0,0,0,0,0.791,-0.167,0.039,0.27467,-0.81652,2.352
15.67,0,0,0,0,0.798,-0.166,0.039,0.27467,-0.81652,2.368
15.68,0,0,0,0,0.806,-0.165,0.039,0.27467,-0.81652,2.386
15.69,0,0,0,0,0.813,-0.164,0.039,0.27467,-0.81652,2.399
15.7,0,0,0,0,0.821,-0.162,0.039,0.27467,-0.81652,2.412
15.71,0,0,0,0,0.828,-0.161,0.039,0.27467,-0.81652,2.431
15.72,0,0,0,0,0.836,-0.16,0.039,0.27467,-0.81652,2.447
15.73,0,0,0,0,0.843,-0.159,0.04,0.27467,-0.81652,2.46
15.74,0,0,0,0,0.85,-0.158,0.04,0.27467,-0.81652,2.478
15.75,0,0,0,0,0.858,-0.157,0.04,0.27467,-0.81652,2.494
15.76,0,0,0,0,0.865,-0.156,0.04,0.27467,-0.81652,2.508
15.77,0,0,0,0,0.873,-0.155,0.04,0.26751,-0.89968,2.526
15.78,0,0,0,0,0.88,-0.154,0.04,0.26751,-0.89968,2.539
15.79,0,0,0,0,0.887,-0.153,0.04,0.26751,-0.89968,2.555
15.8,0,0,0,0,0.894,-0.152,0.04,0.26751,-0.89968,2.574
15.81,0,0,0,0,0.902,-0.15,0.04,0.26751,-0.89968,2.587
15.82,0,0,0,0,0.909,-0.149,0.04,0.26751,-0.89968,2.6
15.83,0,0,0,0,0.916,-0.148,0.04,0.26751,-0.89968,2.616
15.84,0,0,0,0,0.923,-0.146,0.04,0.26751,-0.89968,2.634
15.85,0,0,0,0,0.931,-0.145,0.04,0.26751,-0.89968,2.648
15.86,0,0,0,0,0.938,-0.143,0.04,0.26751,-0.89968,2.661
15.87,0,0,0,0,0.945,-0.141,0.04,0.26751,-0.89968,2.677
15.88,0,0,0,0,0.952,-0.139,0.04,0.26751,-0.89968,2.695
15.89,0,0,0,0,0.959,-0.137,0.04,0.26751,-0.89968,2.708
15.9,0,0,0,0,0.966,-0.136,0.04,0.26751,-0.89968,2.724
15.91,0,0,0,0,0.973,-0.134,0.04,0.26751,-0.89968,2.737
15.92,0,0,0,0,0.98,-0.132,0.04,0.26751,-0.89968,2.756
15.93,0,0,0,0,0.987,-0.13,0.04,0.26751,-0.89968,2.769
15.94,0,0,0,0,0.995,-0.128,0.04,0.26751,-0.89968,2.785
15.95,0,0,0,0,1.003,-0.126,0.04,0.26751,-0.89968,2.798
15.96,0,0,0,0,1.01,-0.124,0.04,0.26751,-0.89968,2.817
15.97,0,0,0,0,1.019,-0.121,0.04,0.25944,-0.98636,2.83
15.98,0,0,0,0,1.028,-0.118,0.04,0.25944,-0.98636,2.846
15.99,0,0,0,0,1.037,-0.116,0.04,0.25944,-0.98636,2.859
16,0,0,0,0,1.045,-0.113,0.04,0.25944,-0.98636,2.877
16.01,0,0,0,0,1.054,-0.111,0.04,0.25944,-0.98636,2.893
16.02,0,0,0,0,1.064,-0.108,0.04,0.25944,-0.98636,2.907
16.03,0,0,0,0,1.073,-0.105,0.04,0.25944,-0.98636,2.92
16.04,0,0,0,0,1.082,-0.103,0.04,0.25944,-0.98636,2.936
16.05,0,0,0,0,1.091,-0.101,0.04,0.25944,-0.98636,2.954
16.06,0,0,0,0,1.099,-0.1,0.04,0.25944,-0.98636,2.967
16.07,0,0,0,0,1.107,-0.098,0.04,0.25944,-0.98636,2.981
16.08,0,0,0,0,1.115,-0.097,0.04,0.25944,-0.98636,2.996
16.09,0,0,0,0,1.12,-0.096,0.04,0.25944,-0.98636,3.01
16.1,0,0,0,0,1.126,-0.095,0.04,0.25944,-0.98636,3.023
16.11,0,0,0,0,1.131,-0.094,0.04,0.25944,-0.98636,3.039
16.12,0,0,0,0,1.135,-0.093,0.04,0.25944,-0.98636,3.052
16.13,0,0,0,0,1.139,-0.092,0.04,0.25944,-0.98636,3.07
16.14,0,0,0,0,1.142,-0.091,0.04,0.25944,-0.98636,3.084
16.15,0,0,0,0,1.143,-0.09,0.04,0.25944,-0.98636,3.099
16.16,0,0,0,0,1.143,-0.089,0.04,0.25944,-0.98636,3.113
16.17,0,0,0,0,1.144,-0.088,0.04,0.25087,-1.07759,3.126
16.18,0,0,0,0,1.144,-0.087,0.04,0.25087,-1.07759,3.142
16.19,0,0,0,0,1.142,-0.087,0.04,0.25087,-1.07759,3.155
16.2,0,0,0,0,1.141,-0.086,0.04,0.25087,-1.07759,3.168
16.21,0,0,0,0,1.14,-0.086,0.04,0.25087,-1.07759,3.184
16.22,0,0,0,0,1.137,-0.085,0.04,0.25087,-1.07759,3.192
16.23,0,0,0,0,1.134,-0.084,0.04,0.25087,-1.07759,3.208
16.24,0,0,0,0,1.131,-0.084,0.04,0.25087,-1.07759,3.221
16.25,0,0,0,0,1.127,-0.083,0.04,0.25087,-1.07759,3.234
16.26,0,0,0,0,1.121,-0.082,0.04,0.25087,-1.07759,3.25
16.27,0,0,0,0,1.115,-0.082,0.04,0.25087,-1.07759,3.263
16.28,0,0,0,0,1.109,-0.081,0.04,0.25087,-1.07759,3.276
16.29,0,0,0,0,1.104,-0.081,0.04,0.25087,-1.07759,3.292
16.3,0,0,0,0,1.098,-0.08,0.04,0.25087,-1.07759,3.306
16.31,0,0,0,0,1.092,-0.079,0.04,0.25087,-1.07759,3.313
16.32,0,0,0,0,1.085,-0.079,0.04,0.25087,-1.07759,3.329
16.33,0,0,0,0,1.078,-0.078,0.04,0.25087,-1.07759,3.343
16.34,0,0,0,0,1.071,-0.077,0.04,0.25087,-1.07759,3.356
16.35,0,0,0,0,1.064,-0.077,0.04,0.25087,-1.07759,3.372
16.36,0,0,0,0,1.057,-0.077,0.04,0.25087,-1.07759,3.385
16.37,0,0,0,0,1.048,-0.077,0.04,0.25087,-1.07759,3.395
16.38,0,0,0,0,1.039,-0.077,0.04,0.24164,-1.17933,3.409
16.39,0,0,0,0,1.029,-0.078,0.04,0.24164,-1.17933,3.422
16.4,0,0,0,0,1.018,-0.079,0.04,0.24164,-1.17933,3.432
16.41,0,0,0,0,1.006,-0.081,0.04,0.24164,-1.17933,3.446
16.42,0,0,0,0,0.994,-0.083,0.04,0.24164,-1.17933,3.461
16.43,0,0,0,0,0.984,-0.085,0.04,0.24164,-1.17933,3.475
16.44,0,0,0,0,0.973,-0.087,0.04,0.24164,-1.17933,3.483
16.45,0,0,0,0,0.964,-0.089,0.04,0.24164,-1.17933,3.498
16.46,0,0,0,0,0.954,-0.091,0.04,0.24164,-1.17933,3.512
16.47,0,0,0,0,0.945,-0.093,0.04,0.24164,-1.17933,3.522
16.48,0,0,0,0,0.939,-0.095,0.04,0.24164,-1.17933,3.535
16.49,0,0,0,0,0.932,-0.097,0.04,0.24164,-1.17933,3.549
16.5,0,0,0,0,0.926,-0.099,0.04,0.24164,-1.17933,3.559
16.51,0,0,0,0,0.921,-0.101,0.04,0.24164,-1.17933,3.572
16.52,0,0,0,0,0.916,-0.103,0.04,0.24164,-1.17933,3.588
16.53,0,0,0,0,0.911,-0.105,0.04,0.24164,-1.17933,3.596
16.54,0,0,0,0,0.906,-0.107,0.04,0.24164,-1.17933,3.609
16.55,0,0,0,0,0.903,-0.108,0.04,0.24164,-1.17933,3.625
16.56,0,0,0,0,0.9,-0.11,0.04,0.24164,-1.17933,3.633
16.57,0,0,0,0,0.896,-0.112,0.04,0.24164,-1.17933,3.649
16.58,0,0,0,0,0.893,-0.114,0.04,0.23274,-1.28019,3.662
16.59,0,0,0,0,0.89,-0.116,0.04,0.23274,-1.28019,3.67
16.6,0,0,0,0,0.886,-0.118,0.04,0.23274,-1.28019,3.686
16.61,0,0,0,0,0.883,-0.119,0.04,0.23274,-1.28019,3.694
16.62,0,0,0,0,0.881,-0.121,0.04,0.23274,-1.28019,3.71
16.63,0,0,0,0,0.88,-0.122,0.04,0.23274,-1.28019,3.718
16.64,0,0,0,0,0.879,-0.124,0.04,0.23274,-1.28019,3.734
16.65,0,0,0,0,0.878,-0.125,0.04,0.23274,-1.28019,3.742
16.66,0,0,0,0,0.877,-0.127,0.04,0.23274,-1.28019,3.755
16.67,0,0,0,0,0.876,-0.128,0.04,0.23274,-1.28019,3.765
16.68,0,0,0,0,0.875,-0.13,0.04,0.23274,-1.28019,3.779
16.69,0,0,0,0,0.874,-0.131,0.04,0.23274,-1.28019,3.789
16.7,0,0,0,0,0.873,-0.133,0.04,0.23274,-1.28019,3.802
16.71,0,0,0,0,0.873,-0.135,0.04,0.23274,-1.28019,3.813
16.72,0,0,0,0,0.873,-0.137,0.04,0.23274,-1.28019,3.826
16.73,0,0,0,0,0.873,-0.138,0.04,0.23274,-1.28019,3.837
16.74,0,0,0,0,0.874,-0.14,0.04,0.23274,-1.28019,3.85
16.75,0,0,0,0,0.875,-0.142,0.04,0.23274,-1.28019,3.86
16.76,0,0,0,0,0.876,-0.144,0.04,0.23274,-1.28019,3.868
16.77,0,0,0,0,0.877,-0.146,0.04,0.23274,-1.28019,3.882
16.78,0,0,0,0,0.879,-0.148,0.04,0.23274,-1.28019,3.892
16.79,0,0,0,0,0.882,-0.151,0.04,0.22285,-1.38863,3.905
16.8,0,0,0,0,0.884,-0.153,0.04,0.22285,-1.38863,3.916
16.81,0,0,0,0,0.887,-0.156,0.04,0.22285,-1.38863,3.924
16.82,0,0,0,0,0.89,-0.158,0.04,0.22285,-1.38863,3.94
16.83,0,0,0,0,0.893,-0.161,0.04,0.22285,-1.38863,3.948
16.84,0,0,0,0,0.896,-0.164,0.04,0.22285,-1.38863,3.958
16.85,0,0,0,0,0.899,-0.167,0.04,0.22285,-1.38863,3.966
16.86,0,0,0,0,0.903,-0.17,0.04,0.22285,-1.38863,3.982
16.87,0,0,0,0,0.906,-0.173,0.04,0.22285,-1.38863,3.99
16.88,0,0,0,0,0.91,-0.176,0.04,0.22285,-1.38863,4
16.89,0,0,0,0,0.914,-0.179,0.04,0.22285,-1.38863,4.008
16.9,0,0,0,0,0.919,-0.183,0.04,0.22285,-1.38863,4.024
16.91,0,0,0,0,0.924,-0.187,0.04,0.22285,-1.38863,4.032
16.92,0,0,0,0,0.93,-0.191,0.04,0.22285,-1.38863,4.043
16.93,0,0,0,0,0.935,-0.195,0.04,0.22285,-1.38863,4.051
16.94,0,0,0,0,0.94,-0.199,0.04,0.22285,-1.38863,4.061
16.95,0,0,0,0,0.946,-0.202,0.04,0.22285,-1.38863,4.072
16.96,0,0,0,0,0.951,-0.206,0.04,0.22285,-1.38863,4.085
16.97,0,0,0,0,0.955,-0.21,0.04,0.22285,-1.38863,4.093
16.98,0,0,0,0,0.959,-0.214,0.04,0.22285,-1.38863,4.104
16.99,0,0,0,0,0.963,-0.218,0.04,0.21283,-1.49433,4.114
17,0,0,0,0,0.967,-0.222,0.04,0.21283,-1.49433,4.122
17.01,0,0,0,0,0.97,-0.225,0.04,0.21283,-1.49433,4.133
17.02,0,0,0,0,0.974,-0.229,0.04,0.21283,-1.49433,4.141
17.03,0,0,0,0,0.978,-0.233,0.04,0.21283,-1.49433,4.151
17.04,0,0,0,0,0.982,-0.237,0.04,0.21283,-1.49433,4.159
17.05,0,0,0,0,0.986,-0.241,0.04,0.21283,-1.49433,4.17
17.06,0,0,0,0,0.99,-0.244,0.04,0.21283,-1.49433,4.178
17.07,0,0,0,0,0.993,-0.248,0.04,0.21283,-1.49433,4.188
17.08,0,0,0,0,0.997,-0.252,0.04,0.21283,-1.49433,4.199
17.09,0,0,0,0,1.001,-0.256,0.04,0.21283,-1.49433,4.207
17.1,0,0,0,0,1.005,-0.259,0.04,0.21283,-1.49433,4.217
17.11,0,0,0,0,1.008,-0.263,0.04,0.21283,-1.49433,4.225
17.12,0,0,0,0,1.013,-0.267,0.04,0.21283,-1.49433,4.236
17.13,0,0,0,0,1.017,-0.271,0.04,0.21283,-1.49433,4.238
17.14,0,0,0,0,1.022,-0.275,0.04,0.21283,-1.49433,4.249
17.15,0,0,0,0,1.026,-0.279,0.04,0.21283,-1.49433,4.259
17.16,0,0,0,0,1.029,-0.283,0.04,0.21283,-1.49433,4.267
17.17,0,0,0,0,1.033,-0.286,0.04,0.21283,-1.49433,4.278
17.18,0,0,0,0,1.036,-0.29,0.04,0.21283,-1.49433,4.281
17.19,0,0,0,0,1.039,-0.293,0.04,0.21283,-1.49433,4.291
17.2,0,0,0,0,1.041,-0.296,0.04,0.20109,-1.60863,4.302
17.21,0,0,0,0,1.044,-0.299,0.04,0.20109,-1.60863,4.31
17.22,0,0,0,0,1.046,-0.302,0.04,0.20109,-1.60863,4.315
17.23,0,0,0,0,1.048,-0.305,0.04,0.20109,-1.60863,4.323
17.24,0,0,0,0,1.05,-0.308,0.04,0.20109,-1.60863,4.333
17.25,0,0,0,0,1.053,-0.31,0.04,0.20109,-1.60863,4.344
17.26,0,0,0,0,1.055,-0.313,0.04,0.20109,-1.60863,4.347
17.27,0,0,0,0,1.057,-0.316,0.04,0.20109,-1.60863,4.357
17.28,0,0,0,0,1.059,-0.319,0.04,0.20109,-1.60863,4.365
17.29,0,0,0,0,1.062,-0.322,0.04,0.20109,-1.60863,4.37
17.3,0,0,0,0,1.064,-0.325,0.041,0.20109,-1.60863,4.381
17.31,0,0,0,0,1.065,-0.328,0.041,0.20109,-1.60863,4.386
17.32,0,0,0,0,1.065,-0.33,0.041,0.20109,-1.60863,4.394
17.33,0,0,0,0,1.066,-0.333,0.041,0.20109,-1.60863,4.399
17.34,0,0,0,0,1.067,-0.336,0.041,0.20109,-1.60863,4.407
17.35,0,0,0,0,1.067,-0.338,0.041,0.20109,-1.60863,4.413
17.36,0,0,0,0,1.067,-0.341,0.041,0.20109,-1.60863,4.423
17.37,0,0,0,0,1.065,-0.343,0.041,0.20109,-1.60863,4.429
17.38,0,0,0,0,1.065,-0.346,0.041,0.20109,-1.60863,4.436
17.39,0,0,0,0,1.064,-0.349,0.04,0.20109,-1.60863,4.442
17.4,0,0,0,0,1.063,-0.352,0.04,0.18825,-1.72117,4.45
17.41,0,0,0,0,1.063,-0.354,0.04,0.18825,-1.72117,4.455
17.42,0,0,0,0,1.062,-0.357,0.04,0.18825,-1.72117,4.466
17.43,0,0,0,0,1.062,-0.359,0.04,0.18825,-1.72117,4.471
17.44,0,0,0,0,1.062,-0.362,0.04,0.18825,-1.72117,4.473
17.45,0,0,0,0,1.062,-0.364,0.04,0.18825,-1.72117,4.484
17.46,0,0,0,0,1.062,-0.366,0.04,0.18825,-1.72117,4.489
17.47,0,0,0,0,1.062,-0.369,0.04,0.18825,-1.72117,4.492
17.48,0,0,0,0,1.062,-0.371,0.04,0.18825,-1.72117,4.503
17.49,0,0,0,0,1.062,-0.373,0.04,0.18825,-1.72117,4.508
17.5,0,0,0,0,1.062,-0.376,0.04,0.18825,-1.72117,4.513
17.51,0,0,0,0,1.063,-0.378,0.04,0.18825,-1.72117,4.521
17.52,0,0,0,0,1.064,-0.38,0.04,0.18825,-1.72117,4.526
17.53,0,0,0,0,1.065,-0.382,0.041,0.18825,-1.72117,4.532
17.54,0,0,0,0,1.066,-0.383,0.041,0.18825,-1.72117,4.54
17.55,0,0,0,0,1.066,-0.385,0.041,0.18825,-1.72117,4.545
17.56,0,0,0,0,1.068,-0.388,0.041,0.18825,-1.72117,4.55
17.57,0,0,0,0,1.071,-0.39,0.041,0.18825,-1.72117,4.555
17.58,0,0,0,0,1.074,-0.392,0.041,0.18825,-1.72117,4.563
17.59,0,0,0,0,1.077,-0.395,0.041,0.18825,-1.72117,4.569
17.6,0,0,0,0,1.08,-0.397,0.041,0.18825,-1.72117,4.574
17.61,0,0,0,0,1.083,-0.399,0.041,0.1727,-1.843,4.576
17.62,0,0,0,0,1.086,-0.401,0.041,0.1727,-1.843,4.582
17.63,0,0,0,0,1.089,-0.404,0.041,0.1727,-1.843,4.592
17.64,0,0,0,0,1.092,-0.406,0.041,0.1727,-1.843,4.598
17.65,0,0,0,0,1.095,-0.408,0.041,0.1727,-1.843,4.6
17.66,0,0,0,0,1.097,-0.41,0.041,0.1727,-1.843,4.606
17.67,0,0,0,0,1.099,-0.412,0.041,0.1727,-1.843,4.611
17.68,0,0,0,0,1.101,-0.414,0.041,0.1727,-1.843,4.616
17.69,0,0,0,0,1.104,-0.416,0.041,0.1727,-1.843,4.619
17.7,0,0,0,0,1.106,-0.418,0.041,0.1727,-1.843,4.624
17.71,0,0,0,0,1.108,-0.419,0.041,0.1727,-1.843,4.629
17.72,0,0,0,0,1.11,-0.421,0.041,0.1727,-1.843,4.635
17.73,0,0,0,0,1.112,-0.423,0.041,0.1727,-1.843,4.64
17.74,0,0,0,0,1.115,-0.425,0.041,0.1727,-1.843,4.643
17.75,0,0,0,0,1.116,-0.427,0.041,0.1727,-1.843,4.648
17.76,0,0,0,0,1.117,-0.428,0.041,0.1727,-1.843,4.653
17.77,0,0,0,0,1.119,-0.429,0.041,0.1727,-1.843,4.658
17.78,0,0,0,0,1.12,-0.431,0.041,0.1727,-1.843,4.661
17.79,0,0,0,0,1.12,-0.432,0.041,0.1727,-1.843,4.666
17.8,0,0,0,0,1.121,-0.433,0.041,0.1727,-1.843,4.672
17.81,0,0,0,0,1.122,-0.434,0.041,0.15567,-1.96257,4.677
17.82,0,0,0,0,1.122,-0.435,0.041,0.15567,-1.96257,4.682
17.83,0,0,0,0,1.123,-0.436,0.041,0.15567,-1.96257,4.682
17.84,0,0,0,0,1.124,-0.437,0.041,0.15567,-1.96257,4.685
17.85,0,0,0,0,1.124,-0.437,0.041,0.15567,-1.96257,4.69
17.86,0,0,0,0,1.126,-0.437,0.041,0.15567,-1.96257,4.695
17.87,0,0,0,0,1.127,-0.436,0.041,0.15567,-1.96257,4.701
17.88,0,0,0,0,1.129,-0.435,0.041,0.15567,-1.96257,4.703
17.89,0,0,0,0,1.13,-0.433,0.041,0.15567,-1.96257,4.703
17.9,0,0,0,0,1.132,-0.431,0.041,0.15567,-1.96257,4.709
17.91,0,0,0,0,1.133,-0.43,0.041,0.15567,-1.96257,4.714
17.92,0,0,0,0,1.134,-0.428,0.041,0.15567,-1.96257,4.719
17.93,0,0,0,0,1.136,-0.427,0.041,0.15567,-1.96257,4.724
17.94,0,0,0,0,1.137,-0.425,0.041,0.15567,-1.96257,4.724
17.95,0,0,0,0,1.139,-0.423,0.041,0.15567,-1.96257,4.727
17.96,0,0,0,0,1.139,-0.422,0.041,0.15567,-1.96257,4.732
17.97,0,0,0,0,1.14,-0.421,0.041,0.15567,-1.96257,4.732
17.98,0,0,0,0,1.141,-0.42,0.041,0.15567,-1.96257,4.738
17.99,0,0,0,0,1.142,-0.419,0.041,0.15567,-1.96257,4.743
18,0,0,0,0,1.141,-0.418,0.041,0.15567,-1.96257,4.743
18.01,0,0,0,0,1.141,-0.417,0.041,0.15567,-1.96257,4.746
18.02,0,0,0,0,1.141,-0.416,0.041,0.13517,-2.09207,4.751
18.03,0,0,0,0,1.141,-0.415,0.041,0.13517,-2.09207,4.751
18.04,0,0,0,0,1.141,-0.414,0.041,0.13517,-2.09207,4.756
18.05,0,0,0,0,1.141,-0.414,0.041,0.13517,-2.09207,4.761
18.06,0,0,0,0,1.141,-0.414,0.041,0.13517,-2.09207,4.761
18.07,0,0,0,0,1.141,-0.414,0.041,0.13517,-2.09207,4.767
18.08,0,0,0,0,1.141,-0.414,0.041,0.13517,-2.09207,4.767
18.09,0,0,0,0,1.141,-0.414,0.041,0.13517,-2.09207,4.769
18.1,0,0,0,0,1.141,-0.414,0.041,0.13517,-2.09207,4.769
18.11,0,0,0,0,1.141,-0.414,0.041,0.13517,-2.09207,4.775
18.12,0,0,0,0,1.141,-0.413,0.041,0.13517,-2.09207,4.775
18.13,0,0,0,0,1.14,-0.413,0.041,0.13517,-2.09207,4.78
18.14,0,0,0,0,1.14,-0.413,0.041,0.13517,-2.09207,4.78
18.15,0,0,0,0,1.14,-0.413,0.041,0.13517,-2.09207,4.785
18.16,0,0,0,0,1.139,-0.413,0.041,0.13517,-2.09207,4.785
18.17,0,0,0,0,1.139,-0.413,0.041,0.13517,-2.09207,4.788
18.18,0,0,0,0,1.139,-0.412,0.041,0.13517,-2.09207,4.788
18.19,0,0,0,0,1.139,-0.412,0.041,0.13517,-2.09207,4.793
18.2,0,0,0,0,1.138,-0.412,0.041,0.13517,-2.09207,4.793
18.21,0,0,0,0,1.137,-0.411,0.041,0.13517,-2.09207,4.798
18.22,0,0,0,0,1.135,-0.41,0.041,0.11357,-2.21922,4.798
18.23,0,0,0,0,1.135,-0.409,0.041,0.11357,-2.21922,4.798
18.24,0,0,0,0,1.135,-0.409,0.041,0.11357,-2.21922,4.804
18.25,0,0,0,0,1.136,-0.408,0.041,0.11357,-2.21922,4.804
18.26,0,0,0,0,1.137,-0.408,0.041,0.11357,-2.21922,4.806
18.27,0,0,0,0,1.138,-0.407,0.041,0.11357,-2.21922,4.806
18.28,0,0,0,0,1.139,-0.407,0.041,0.11357,-2.21922,4.806
18.29,0,0,0,0,1.141,-0.407,0.041,0.11357,-2.21922,4.812
18.3,0,0,0,0,1.143,-0.407,0.041,0.11357,-2.21922,4.812
18.31,0,0,0,0,1.145,-0.408,0.041,0.11357,-2.21922,4.812
18.32,0,0,0,0,1.147,-0.408,0.041,0.11357,-2.21922,4.817
18.33,0,0,0,0,1.149,-0.408,0.041,0.11357,-2.21922,4.817
18.34,0,0,0,0,1.152,-0.409,0.041,0.11357,-2.21922,4.817
18.35,0,0,0,0,1.155,-0.409,0.041,0.11357,-2.21922,4.822
18.36,0,0,0,0,1.158,-0.41,0.041,0.11357,-2.21922,4.822
18.37,0,0,0,0,1.16,-0.411,0.041,0.11357,-2.21922,4.822
18.38,0,0,0,0,1.163,-0.411,0.041,0.11357,-2.21922,4.828
18.39,0,0,0,0,1.166,-0.412,0.041,0.11357,-2.21922,4.828
18.4,0,0,0,0,1.169,-0.413,0.041,0.11357,-2.21922,4.828
18.41,0,0,0,0,1.172,-0.413,0.041,0.11357,-2.21922,4.828
18.42,0,0,0,0,1.174,-0.414,0.041,0.11357,-2.21922,4.83
18.43,0,0,0,0,1.177,-0.414,0.041,0.08878,-2.35642,4.83
18.44,0,0,0,0,1.18,-0.415,0.041,0.08878,-2.35642,4.83
18.45,0,0,0,0,1.183,-0.416,0.041,0.08878,-2.35642,4.83
18.46,0,0,0,0,1.185,-0.416,0.041,0.08878,-2.35642,4.835
18.47,0,0,0,0,1.188,-0.417,0.041,0.08878,-2.35642,4.835
18.48,0,0,0,0,1.191,-0.417,0.041,0.08878,-2.35642,4.835
18.49,0,0,0,0,1.195,-0.419,0.041,0.08878,-2.35642,4.835
18.5,0,0,0,0,1.199,-0.42,0.041,0.08878,-2.35642,4.835
18.51,0,0,0,0,1.204,-0.422,0.042,0.08878,-2.35642,4.841
18.52,0,0,0,0,1.208,-0.423,0.042,0.08878,-2.35642,4.841
18.53,0,0,0,0,1.212,-0.424,0.042,0.08878,-2.35642,4.841
18.54,0,0,0,0,1.217,-0.426,0.042,0.08878,-2.35642,4.841
18.55,0,0,0,0,1.222,-0.428,0.042,0.08878,-2.35642,4.841
18.56,0,0,0,0,1.227,-0.43,0.042,0.08878,-2.35642,4.846
18.57,0,0,0,0,1.233,-0.432,0.042,0.08878,-2.35642,4.846
18.58,0,0,0,0,1.239,-0.434,0.042,0.08878,-2.35642,4.846
18.59,0,0,0,0,1.245,-0.436,0.042,0.08878,-2.35642,4.846
18.6,0,0,0,0,1.252,-0.439,0.042,0.08878,-2.35642,4.846
18.61,0,0,0,0,1.258,-0.441,0.042,0.08878,-2.35642,4.849
18.62,0,0,0,0,1.265,-0.444,0.042,0.08878,-2.35642,4.849
18.63,0,0,0,0,1.273,-0.447,0.042,0.06322,-2.49082,4.849
18.64,0,0,0,0,1.281,-0.451,0.042,0.06322,-2.49082,4.849
18.65,0,0,0,0,1.289,-0.454,0.042,0.06322,-2.49082,4.849
18.66,0,0,0,0,1.298,-0.457,0.042,0.06322,-2.49082,4.849
18.67,0,0,0,0,1.308,-0.461,0.042,0.06322,-2.49082,4.854
18.68,0,0,0,0,1.32,-0.464,0.042,0.06322,-2.49082,4.854
18.69,0,0,0,0,1.332,-0.468,0.042,0.06322,-2.49082,4.854
18.7,0,0,0,0,1.346,-0.472,0.043,0.06322,-2.49082,4.854
18.71,0,0,0,0,1.361,-0.476,0.043,0.06322,-2.49082,4.854
18.72,0,0,0,0,1.375,-0.48,0.043,0.06322,-2.49082,4.854
18.73,0,0,0,0,1.39,-0.484,0.043,0.06322,-2.49082,4.859
18.74,0,0,0,0,1.404,-0.488,0.043,0.06322,-2.49082,4.859
18.75,0,0,0,0,1.416,-0.492,0.043,0.06322,-2.49082,4.859
18.76,0,0,0,0,1.429,-0.496,0.043,0.06322,-2.49082,4.859
18.77,0,0,0,0,1.44,-0.5,0.043,0.06322,-2.49082,4.859
18.78,0,0,0,0,1.452,-0.505,0.043,0.06322,-2.49082,4.859
18.79,0,0,0,0,1.462,-0.509,0.044,0.06322,-2.49082,4.859
18.8,0,0,0,0,1.471,-0.514,0.044,0.06322,-2.49082,4.859
18.81,0,0,0,0,1.48,-0.518,0.044,0.06322,-2.49082,4.859
18.82,0,0,0,0,1.486,-0.523,0.044,0.06322,-2.49082,4.859
18.83,0,0,0,0,1.491,-0.528,0.044,0.06322,-2.49082,4.859
18.84,0,0,0,0,1.496,-0.533,0.044,0.03415,-2.63654,4.859
18.85,0,0,0,0,1.501,-0.538,0.044,0.03415,-2.63654,4.859
18.86,0,0,0,0,1.504,-0.543,0.044,0.03415,-2.63654,4.859
18.87,0,0,0,0,1.507,-0.548,0.044,0.03415,-2.63654,4.859
18.88,0,0,0,0,1.508,-0.553,0.044,0.03415,-2.63654,4.859
18.89,0,0,0,0,1.508,-0.557,0.044,0.03415,-2.63654,4.859
18.9,0,0,0,0,1.508,-0.562,0.044,0.03415,-2.63654,4.859
18.91,0,0,0,0,1.508,-0.567,0.044,0.03415,-2.63654,4.854
18.92,0,0,0,0,1.504,-0.572,0.044,0.03415,-2.63654,4.854
18.93,0,0,0,0,1.499,-0.577,0.044,0.03415,-2.63654,4.854
18.94,0,0,0,0,1.493,-0.581,0.044,0.03415,-2.63654,4.854
18.95,0,0,0,0,1.487,-0.586,0.044,0.03415,-2.63654,4.854
18.96,0,0,0,0,1.48,-0.591,0.044,0.03415,-2.63654,4.849
18.97,0,0,0,0,1.472,-0.596,0.044,0.03415,-2.63654,4.849
18.98,0,0,0,0,1.464,-0.601,0.044,0.03415,-2.63654,4.849
18.99,0,0,0,0,1.454,-0.606,0.043,0.03415,-2.63654,4.849
19,0,0,0,0,1.444,-0.612,0.043,0.03415,-2.63654,4.849
19.01,0,0,0,0,1.433,-0.616,0.043,0.03415,-2.63654,4.846
19.02,0,0,0,0,1.423,-0.621,0.043,0.03415,-2.63654,4.846
19.03,0,0,0,0,1.411,-0.625,0.043,0.03415,-2.63654,4.846
19.04,0,0,0,0,1.4,-0.629,0.043,0.03415,-2.63654,4.846
19.05,0,0,0,0,1.389,-0.633,0.043,0.00227,-2.78944,4.841
19.06,0,0,0,0,1.378,-0.638,0.043,0.00227,-2.78944,4.841
19.07,0,0,0,0,1.367,-0.642,0.042,0.00227,-2.78944,4.841
19.08,0,0,0,0,1.355,-0.646,0.042,0.00227,-2.78944,4.835
19.09,0,0,0,0,1.343,-0.65,0.042,0.00227,-2.78944,4.835
19.1,0,0,0,0,1.33,-0.654,0.042,0.00227,-2.78944,4.835
19.11,0,0,0,0,1.318,-0.658,0.042,0.00227,-2.78944,4.835
19.12,0,0,0,0,1.305,-0.662,0.042,0.00227,-2.78944,4.83
19.13,0,0,0,0,1.292,-0.667,0.042,0.00227,-2.78944,4.83
19.14,0,0,0,0,1.28,-0.671,0.042,0.00227,-2.78944,4.83
19.15,0,0,0,0,1.267,-0.675,0.041,0.00227,-2.78944,4.828
19.16,0,0,0,0,1.255,-0.679,0.041,0.00227,-2.78944,4.828
19.17,0,0,0,0,1.243,-0.683,0.041,0.00227,-2.78944,4.828
19.18,0,0,0,0,1.23,-0.687,0.041,0.00227,-2.78944,4.822
19.19,0,0,0,0,1.218,-0.691,0.041,0.00227,-2.78944,4.822
19.2,0,0,0,0,1.206,-0.695,0.041,0.00227,-2.78944,4.822
19.21,0,0,0,0,1.193,-0.699,0.04,0.00227,-2.78944,4.817
19.22,0,0,0,0,1.181,-0.703,0.04,0.00227,-2.78944,4.817
19.23,0,0,0,0,1.169,-0.707,0.04,0.00227,-2.78944,4.817
19.24,0,0,0,0,1.157,-0.711,0.04,0.00227,-2.78944,4.812
19.25,0,0,0,0,1.145,-0.715,0.04,-0.03148,-2.94031,4.812
19.26,0,0,0,0,1.133,-0.719,0.04,-0.03148,-2.94031,4.812
19.27,0,0,0,0,1.121,-0.723,0.04,-0.03148,-2.94031,4.812
19.28,0,0,0,0,1.109,-0.727,0.039,-0.03148,-2.94031,4.806
19.29,0,0,0,0,1.097,-0.73,0.039,-0.03148,-2.94031,4.806
19.3,0,0,0,0,1.085,-0.734,0.039,-0.03148,-2.94031,4.806
19.31,0,0,0,0,1.073,-0.738,0.039,-0.03148,-2.94031,4.804
19.32,0,0,0,0,1.061,-0.742,0.039,-0.03148,-2.94031,4.804
19.33,0,0,0,0,1.049,-0.746,0.039,-0.03148,-2.94031,4.804
19.34,0,0,0,0,1.038,-0.75,0.038,-0.03148,-2.94031,4.798
19.35,0,0,0,0,1.026,-0.754,0.038,-0.03148,-2.94031,4.798
19.36,0,0,0,0,1.014,-0.757,0.038,-0.03148,-2.94031,4.798
19.37,0,0,0,0,1.003,-0.761,0.038,-0.03148,-2.94031,4.793
19.38,0,0,0,0,0.991,-0.765,0.038,-0.03148,-2.94031,4.793
19.39,0,0,0,0,0.979,-0.769,0.038,-0.03148,-2.94031,4.793
19.4,0,0,0,0,0.966,-0.773,0.038,-0.03148,-2.94031,4.788
19.41,0,0,0,0,0.954,-0.778,0.037,-0.03148,-2.94031,4.788
19.42,0,0,0,0,0.942,-0.782,0.037,-0.03148,-2.94031,4.788
19.43,0,0,0,0,0.929,-0.786,0.037,-0.03148,-2.94031,4.788
19.44,0,0,0,0,0.917,-0.79,0.037,-0.03148,-2.94031,4.785
19.45,0,0,0,0,0.905,-0.794,0.037,-0.03148,-2.94031,4.785
19.46,0,0,0,0,0.893,-0.798,0.036,-0.07105,-3.10204,4.785
19.47,0,0,0,0,0.881,-0.802,0.036,-0.07105,-3.10204,4.78
19.48,0,0,0,0,0.869,-0.806,0.036,-0.07105,-3.10204,4.78
19.49,0,0,0,0,0.857,-0.81,0.036,-0.07105,-3.10204,4.78
19.5,0,0,0,0,0.845,-0.814,0.036,-0.07105,-3.10204,4.775
19.51,0,0,0,0,0.833,-0.818,0.036,-0.07105,-3.10204,4.775
19.52,0,0,0,0,0.821,-0.822,0.036,-0.07105,-3.10204,4.775
19.53,0,0,0,0,0.809,-0.826,0.035,-0.07105,-3.10204,4.769
19.54,0,0,0,0,0.797,-0.83,0.035,-0.07105,-3.10204,4.769
19.55,0,0,0,0,0.785,-0.834,0.035,-0.07105,-3.10204,4.769
19.56,0,0,0,0,0.773,-0.839,0.035,-0.07105,-3.10204,4.767
19.57,0,0,0,0,0.76,-0.843,0.035,-0.07105,-3.10204,4.767
19.58,0,0,0,0,0.746,-0.848,0.034,-0.07105,-3.10204,4.767
19.59,0,0,0,0,0.73,-0.852,0.034,-0.07105,-3.10204,4.761
19.6,0,0,0,0,0.713,-0.856,0.034,-0.07105,-3.10204,4.761
19.61,0,0,0,0,0.696,-0.861,0.034,-0.07105,-3.10204,4.761
19.62,0,0,0,0,0.677,-0.865,0.033,-0.07105,-3.10204,4.756
19.63,0,0,0,0,0.659,-0.869,0.033,-0.07105,-3.10204,4.756
19.64,0,0,0,0,0.639,-0.874,0.033,-0.07105,-3.10204,4.751
19.65,0,0,0,0,0.617,-0.878,0.032,-0.07105,-3.10204,4.751
19.66,0,0,0,0,0.598,-0.882,0.032,-0.11306,-3.25776,4.751
19.67,0,0,0,0,0.578,-0.886,0.032,-0.11306,-3.25776,4.746
19.68,0,0,0,0,0.558,-0.891,0.032,-0.11306,-3.25776,4.746
19.69,0,0,0,0,0.536,-0.896,0.031,-0.11306,-3.25776,4.746
19.7,0,0,0,0,0.515,-0.901,0.031,-0.11306,-3.25776,4.743
19.71,0,0,0,0,0.498,-0.907,0.031,-0.11306,-3.25776,4.743
19.72,0,0,0,0,0.481,-0.912,0.03,-0.11306,-3.25776,4.743
19.73,0,0,0,0,0.464,-0.917,0.03,-0.11306,-3.25776,4.743
19.74,0,0,0,0,0.449,-0.923,0.03,-0.11306,-3.25776,4.738
19.75,0,0,0,0,0.435,-0.928,0.03,-0.11306,-3.25776,4.738
19.76,0,0,0,0,0.42,-0.933,0.029,-0.11306,-3.25776,4.738
19.77,0,0,0,0,0.411,-0.938,0.029,-0.11306,-3.25776,4.738
19.78,0,0,0,0,0.402,-0.943,0.029,-0.11306,-3.25776,4.738
19.79,0,0,0,0,0.395,-0.948,0.029,-0.11306,-3.25776,4.732
19.8,0,0,0,0,0.388,-0.952,0.029,-0.11306,-3.25776,4.732
19.81,0,0,0,0,0.382,-0.957,0.029,-0.11306,-3.25776,4.732
19.82,0,0,0,0,0.378,-0.962,0.029,-0.11306,-3.25776,4.732
19.83,0,0,0,0,0.374,-0.967,0.029,-0.11306,-3.25776,4.732
19.84,0,0,0,0,0.37,-0.971,0.029,-0.11306,-3.25776,4.732
19.85,0,0,0,0,0.371,-0.976,0.029,-0.11306,-3.25776,4.732
19.86,0,0,0,0,0.374,-0.981,0.029,-0.11306,-3.25776,4.732
19.87,0,0,0,0,0.376,-0.986,0.029,-0.16246,-3.41996,4.732
19.88,0,0,0,0,0.379,-0.99,0.029,-0.16246,-3.41996,4.732
19.89,0,0,0,0,0.385,-0.995,0.029,-0.16246,-3.41996,4.732
19.9,0,0,0,0,0.391,-1,0.029,-0.16246,-3.41996,4.732
19.91,0,0,0,0,0.397,-1.004,0.029,-0.16246,-3.41996,4.732
19.92,0,0,0,0,0.406,-1.009,0.029,-0.16246,-3.41996,4.732
19.93,0,0,0,0,0.415,-1.013,0.029,-0.16246,-3.41996,4.732
19.94,0,0,0,0,0.426,-1.018,0.03,-0.16246,-3.41996,4.732
19.95,0,0,0,0,0.436,-1.023,0.03,-0.16246,-3.41996,4.732
19.96,0,0,0,0,0.449,-1.027,0.03,-0.16246,-3.41996,4.732
19.97,0,0,0,0,0.461,-1.032,0.03,-0.16246,-3.41996,4.738
19.98,0,0,0,0,0.473,-1.036,0.03,-0.16246,-3.41996,4.738
19.99,0,0,0,0,0.487,-1.041,0.031,-0.16246,-3.41996,4.738
20,0,0,0,0,0.501,-1.045,0.031,-0.16246,-3.41996,4.738
20.01,0,0,0,0,0.514,-1.05,0.031,-0.16246,-3.41996,4.738
20.02,0,0,0,0,0.528,-1.055,0.031,-0.16246,-3.41996,4.738
20.03,0,0,0,0,0.542,-1.059,0.032,-0.16246,-3.41996,4.738
20.04,0,0,0,0,0.555,-1.063,0.032,-0.16246,-3.41996,4.738
20.05,0,0,0,0,0.569,-1.068,0.032,-0.16246,-3.41996,4.743
20.06,0,0,0,0,0.583,-1.072,0.032,-0.16246,-3.41996,4.743
20.07,0,0,0,0,0.597,-1.076,0.033,-0.21543,-3.57115,4.743
20.08,0,0,0,0,0.611,-1.08,0.033,-0.21543,-3.57115,4.743
20.09,0,0,0,0,0.626,-1.084,0.033,-0.21543,-3.57115,4.743
20.1,0,0,0,0,0.642,-1.088,0.034,-0.21543,-3.57115,4.743
20.11,0,0,0,0,0.658,-1.092,0.034,-0.21543,-3.57115,4.746
20.12,0,0,0,0,0.674,-1.096,0.034,-0.21543,-3.57115,4.746
20.13,0,0,0,0,0.691,-1.101,0.034,-0.21543,-3.57115,4.746
20.14,0,0,0,0,0.708,-1.105,0.035,-0.21543,-3.57115,4.746
20.15,0,0,0,0,0.727,-1.11,0.035,-0.21543,-3.57115,4.746
20.16,0,0,0,0,0.747,-1.115,0.036,-0.21543,-3.57115,4.751
20.17,0,0,0,0,0.767,-1.12,0.036,-0.21543,-3.57115,4.751
20.18,0,0,0,0,0.787,-1.124,0.036,-0.21543,-3.57115,4.751
20.19,0,0,0,0,0.808,-1.129,0.037,-0.21543,-3.57115,4.756
20.2,0,0,0,0,0.831,-1.134,0.037,-0.21543,-3.57115,4.756
20.21,0,0,0,0,0.853,-1.137,0.038,-0.21543,-3.57115,4.756
20.22,0,0,0,0,0.875,-1.141,0.038,-0.21543,-3.57115,4.756
20.23,0,0,0,0,0.9,-1.145,0.039,-0.21543,-3.57115,4.761
20.24,0,0,0,0,0.921,-1.148,0.039,-0.21543,-3.57115,4.761
20.25,0,0,0,0,0.945,-1.152,0.039,-0.21543,-3.57115,4.761
20.26,0,0,0,0,0.969,-1.155,0.04,-0.21543,-3.57115,4.767
20.27,0,0,0,0,0.989,-1.158,0.04,-0.21543,-3.57115,4.767
20.28,0,0,0,0,1.008,-1.161,0.041,-0.27759,-3.72933,4.767
20.29,0,0,0,0,1.025,-1.162,0.041,-0.27759,-3.72933,4.767
20.3,0,0,0,0,1.042,-1.164,0.041,-0.27759,-3.72933,4.769
20.31,0,0,0,0,1.06,-1.165,0.042,-0.27759,-3.72933,4.769
20.32,0,0,0,0,1.079,-1.165,0.042,-0.27759,-3.72933,4.769
20.33,0,0,0,0,1.09,-1.165,0.042,-0.27759,-3.72933,4.769
20.34,0,0,0,0,1.102,-1.166,0.043,-0.27759,-3.72933,4.769
20.35,0,0,0,0,1.113,-1.166,0.043,-0.27759,-3.72933,4.769
20.36,0,0,0,0,1.118,-1.166,0.043,-0.27759,-3.72933,4.775
20.37,0,0,0,0,1.119,-1.166,0.043,-0.27759,-3.72933,4.775
20.38,0,0,0,0,1.12,-1.165,0.043,-0.27759,-3.72933,4.775
20.39,0,0,0,0,1.12,-1.165,0.043,-0.27759,-3.72933,4.775
20.4,0,0,0,0,1.121,-1.165,0.043,-0.27759,-3.72933,4.775
20.41,0,0,0,0,1.117,-1.165,0.043,-0.27759,-3.72933,4.775
20.42,0,0,0,0,1.112,-1.164,0.043,-0.27759,-3.72933,4.775
20.43,0,0,0,0,1.106,-1.164,0.043,-0.27759,-3.72933,4.775
20.44,0,0,0,0,1.1,-1.164,0.043,-0.27759,-3.72933,4.775
20.45,0,0,0,0,1.09,-1.163,0.042,-0.27759,-3.72933,4.775
20.46,0,0,0,0,1.08,-1.163,0.042,-0.27759,-3.72933,4.775
20.47,0,0,0,0,1.071,-1.162,0.042,-0.27759,-3.72933,4.775
20.48,0,0,0,0,1.061,-1.161,0.042,-0.34306,-3.88381,4.775
20.49,0,0,0,0,1.048,-1.161,0.042,-0.34306,-3.88381,4.775
20.5,0,0,0,0,1.036,-1.16,0.041,-0.34306,-3.88381,4.775
20.51,0,0,0,0,1.021,-1.159,0.041,-0.34306,-3.88381,4.775
20.52,0,0,0,0,1.004,-1.158,0.041,-0.34306,-3.88381,4.775
20.53,0,0,0,0,0.987,-1.157,0.04,-0.34306,-3.88381,4.775
20.54,0,0,0,0,0.969,-1.156,0.04,-0.34306,-3.88381,4.775
20.55,0,0,0,0,0.951,-1.155,0.04,-0.34306,-3.88381,4.775
20.56,0,0,0,0,0.933,-1.154,0.039,-0.34306,-3.88381,4.775
20.57,0,0,0,0,0.914,-1.152,0.039,-0.34306,-3.88381,4.775
20.58,0,0,0,0,0.893,-1.151,0.038,-0.34306,-3.88381,4.775
20.59,0,0,0,0,0.873,-1.15,0.038,-0.34306,-3.88381,4.775
20.6,0,0,0,0,0.853,-1.148,0.038,-0.34306,-3.88381,4.775
20.61,0,0,0,0,0.832,-1.147,0.037,-0.34306,-3.88381,4.775
20.62,0,0,0,0,0.812,-1.145,0.037,-0.34306,-3.88381,4.78
20.63,0,0,0,0,0.792,-1.144,0.036,-0.34306,-3.88381,4.78
20.64,0,0,0,0,0.771,-1.143,0.036,-0.34306,-3.88381,4.78
20.65,0,0,0,0,0.75,-1.142,0.036,-0.34306,-3.88381,4.78
20.66,0,0,0,0,0.73,-1.141,0.035,-0.34306,-3.88381,4.78
20.67,0,0,0,0,0.709,-1.14,0.035,-0.34306,-3.88381,4.78
20.68,0,0,0,0,0.688,-1.139,0.034,-0.34306,-3.88381,4.78
20.69,0,0,0,0,0.668,-1.138,0.034,-0.41802,-4.04997,4.78
20.7,0,0,0,0,0.647,-1.137,0.033,-0.41802,-4.04997,4.78
20.71,0,0,0,0,0.627,-1.136,0.033,-0.41802,-4.04997,4.78
20.72,0,0,0,0,0.607,-1.135,0.033,-0.41802,-4.04997,4.78
20.73,0,0,0,0,0.586,-1.134,0.032,-0.41802,-4.04997,4.78
20.74,0,0,0,0,0.566,-1.133,0.032,-0.41802,-4.04997,4.78
20.75,0,0,0,0,0.546,-1.132,0.031,-0.41802,-4.04997,4.78
20.76,0,0,0,0,0.526,-1.131,0.031,-0.41802,-4.04997,4.78
20.77,0,0,0,0,0.505,-1.13,0.031,-0.41802,-4.04997,4.785
20.78,0,0,0,0,0.485,-1.129,0.03,-0.41802,-4.04997,4.785
20.79,0,0,0,0,0.466,-1.128,0.03,-0.41802,-4.04997,4.785
20.8,0,0,0,0,0.446,-1.127,0.03,-0.41802,-4.04997,4.785
20.81,0,0,0,0,0.426,-1.126,0.029,-0.41802,-4.04997,4.785
20.82,0,0,0,0,0.405,-1.125,0.029,-0.41802,-4.04997,4.785
20.83,0,0,0,0,0.384,-1.123,0.028,-0.41802,-4.04997,4.785
20.84,0,0,0,0,0.363,-1.122,0.028,-0.41802,-4.04997,4.785
20.85,0,0,0,0,0.341,-1.12,0.027,-0.41802,-4.04997,4.785
20.86,0,0,0,0,0.318,-1.117,0.027,-0.41802,-4.04997,4.788
20.87,0,0,0,0,0.296,-1.115,0.027,-0.41802,-4.04997,4.788
20.88,0,0,0,0,0.272,-1.112,0.026,-0.41802,-4.04997,4.788
20.89,0,0,0,0,0.248,-1.108,0.026,-0.49532,-4.20822,4.788
20.9,0,0,0,0,0.224,-1.105,0.025,-0.49532,-4.20822,4.788
20.91,0,0,0,0,0.2,-1.101,0.025,-0.49532,-4.20822,4.788
20.92,0,0,0,0,0.175,-1.096,0.024,-0.49532,-4.20822,4.788
20.93,0,0,0,0,0.15,-1.092,0.024,-0.49532,-4.20822,4.788
20.94,0,0,0,0,0.127,-1.087,0.023,-0.49532,-4.20822,4.793
20.95,0,0,0,0,0.104,-1.083,0.023,-0.49532,-4.20822,4.793
20.96,0,0,0,0,0.08,-1.079,0.022,-0.49532,-4.20822,4.793
20.97,0,0,0,0,0.058,-1.074,0.022,-0.49532,-4.20822,4.793
20.98,0,0,0,0,0.034,-1.07,0.022,-0.49532,-4.20822,4.793
20.99,0,0,0,0,0.014,-1.066,0.021,-0.49532,-4.20822,4.798
21,0,0,0,0,-0.007,-1.062,0.021,-0.49532,-4.20822,4.798
21.01,0,0,0,0,-0.028,-1.057,0.02,-0.49532,-4.20822,4.798
21.02,0,0,0,0,-0.044,-1.052,0.02,-0.49532,-4.20822,4.798
21.03,0,0,0,0,-0.062,-1.048,0.02,-0.49532,-4.20822,4.804
21.04,0,0,0,0,-0.08,-1.043,0.019,-0.49532,-4.20822,4.804
21.05,0,0,0,0,-0.094,-1.039,0.019,-0.49532,-4.20822,4.804
21.06,0,0,0,0,-0.108,-1.036,0.019,-0.49532,-4.20822,4.806
21.07,0,0,0,0,-0.121,-1.032,0.019,-0.49532,-4.20822,4.806
21.08,0,0,0,0,-0.131,-1.029,0.019,-0.49532,-4.20822,4.806
21.09,0,0,0,0,-0.14,-1.026,0.018,-0.49532,-4.20822,4.812
21.1,0,0,0,0,-0.145,-1.023,0.018,-0.58247,-4.37057,4.812
21.11,0,0,0,0,-0.15,-1.021,0.018,-0.58247,-4.37057,4.817
21.12,0,0,0,0,-0.152,-1.019,0.018,-0.58247,-4.37057,4.817
21.13,0,0,0,0,-0.153,-1.016,0.018,-0.58247,-4.37057,4.822
21.14,0,0,0,0,-0.153,-1.014,0.018,-0.58247,-4.37057,4.822
21.15,0,0,0,0,-0.15,-1.011,0.018,-0.58247,-4.37057,4.828
21.16,0,0,0,0,-0.148,-1.009,0.018,-0.58247,-4.37057,4.83
21.17,0,0,0,0,-0.145,-1.006,0.018,-0.58247,-4.37057,4.83
21.18,0,0,0,0,-0.14,-1.004,0.018,-0.58247,-4.37057,4.835
21.19,0,0,0,0,-0.135,-1.002,0.018,-0.58247,-4.37057,4.835
21.2,0,0,0,0,-0.129,-1,0.019,-0.58247,-4.37057,4.841
21.21,0,0,0,0,-0.121,-0.999,0.019,-0.58247,-4.37057,4.846
21.22,0,0,0,0,-0.113,-0.998,0.019,-0.58247,-4.37057,4.846
21.23,0,0,0,0,-0.102,-0.997,0.019,-0.58247,-4.37057,4.849
21.24,0,0,0,0,-0.091,-0.996,0.019,-0.58247,-4.37057,4.854
21.25,0,0,0,0,-0.08,-0.996,0.019,-0.58247,-4.37057,4.854
21.26,0,0,0,0,-0.069,-0.995,0.02,-0.58247,-4.37057,4.859
21.27,0,0,0,0,-0.059,-0.994,0.02,-0.58247,-4.37057,4.865
21.28,0,0,0,0,-0.046,-0.993,0.02,-0.58247,-4.37057,4.865
21.29,0,0,0,0,-0.034,-0.993,0.02,-0.58247,-4.37057,4.87
21.3,0,0,0,0,-0.022,-0.992,0.02,-0.58247,-4.37057,4.872
21.31,0,0,0,0,-0.009,-0.992,0.021,-0.67495,-4.5249,4.872
21.32,0,0,0,0,0.005,-0.992,0.021,-0.67495,-4.5249,4.878
21.33,0,0,0,0,0.019,-0.992,0.021,-0.67495,-4.5249,4.883
21.34,0,0,0,0,0.035,-0.993,0.021,-0.67495,-4.5249,4.888
21.35,0,0,0,0,0.05,-0.994,0.022,-0.67495,-4.5249,4.888
21.36,0,0,0,0,0.066,-0.995,0.022,-0.67495,-4.5249,4.891
21.37,0,0,0,0,0.082,-0.996,0.022,-0.67495,-4.5249,4.896
21.38,0,0,0,0,0.097,-0.997,0.022,-0.67495,-4.5249,4.902
21.39,0,0,0,0,0.114,-0.999,0.023,-0.67495,-4.5249,4.902
21.4,0,0,0,0,0.131,-1.001,0.023,-0.67495,-4.5249,4.907
21.41,0,0,0,0,0.149,-1.003,0.023,-0.67495,-4.5249,4.912
21.42,0,0,0,0,0.167,-1.006,0.024,-0.67495,-4.5249,4.915
21.43,0,0,0,0,0.185,-1.008,0.024,-0.67495,-4.5249,4.92
21.44,0,0,0,0,0.203,-1.011,0.024,-0.67495,-4.5249,4.92
21.45,0,0,0,0,0.222,-1.014,0.025,-0.67495,-4.5249,4.925
21.46,0,0,0,0,0.241,-1.016,0.025,-0.67495,-4.5249,4.931
21.47,0,0,0,0,0.26,-1.02,0.025,-0.67495,-4.5249,4.933
21.48,0,0,0,0,0.279,-1.023,0.026,-0.67495,-4.5249,4.938
21.49,0,0,0,0,0.299,-1.026,0.026,-0.67495,-4.5249,4.944
21.5,0,0,0,0,0.32,-1.03,0.026,-0.67495,-4.5249,4.944
21.51,0,0,0,0,0.341,-1.034,0.027,-0.76725,-4.66682,4.949
21.52,0,0,0,0,0.364,-1.039,0.027,-0.76725,-4.66682,4.954
21.53,0,0,0,0,0.387,-1.044,0.028,-0.76725,-4.66682,4.957
21.54,0,0,0,0,0.41,-1.05,0.028,-0.76725,-4.66682,4.962
21.55,0,0,0,0,0.435,-1.056,0.029,-0.76725,-4.66682,4.968
21.56,0,0,0,0,0.46,-1.062,0.029,-0.76725,-4.66682,4.973
21.57,0,0,0,0,0.485,-1.068,0.029,-0.76725,-4.66682,4.975
21.58,0,0,0,0,0.511,-1.075,0.03,-0.76725,-4.66682,4.981
21.59,0,0,0,0,0.537,-1.081,0.03,-0.76725,-4.66682,4.981
21.6,0,0,0,0,0.562,-1.088,0.031,-0.76725,-4.66682,4.986
21.61,0,0,0,0,0.589,-1.095,0.031,-0.76725,-4.66682,4.991
21.62,0,0,0,0,0.616,-1.102,0.032,-0.76725,-4.66682,4.997
21.63,0,0,0,0,0.641,-1.109,0.032,-0.76725,-4.66682,4.999
21.64,0,0,0,0,0.667,-1.117,0.033,-0.76725,-4.66682,5.005
21.65,0,0,0,0,0.691,-1.125,0.033,-0.76725,-4.66682,5.01
21.66,0,0,0,0,0.717,-1.133,0.034,-0.76725,-4.66682,5.015
21.67,0,0,0,0,0.742,-1.141,0.034,-0.76725,-4.66682,5.018
21.68,0,0,0,0,0.765,-1.149,0.035,-0.76725,-4.66682,5.023
21.69,0,0,0,0,0.789,-1.157,0.035,-0.76725,-4.66682,5.023
21.7,0,0,0,0,0.811,-1.165,0.036,-0.76725,-4.66682,5.028
21.71,0,0,0,0,0.835,-1.174,0.036,-0.76725,-4.66682,5.034
21.72,0,0,0,0,0.859,-1.183,0.037,-0.8687,-4.81393,5.039
21.73,0,0,0,0,0.88,-1.191,0.037,-0.8687,-4.81393,5.042
21.74,0,0,0,0,0.902,-1.2,0.038,-0.8687,-4.81393,5.047
21.75,0,0,0,0,0.923,-1.209,0.038,-0.8687,-4.81393,5.052
21.76,0,0,0,0,0.942,-1.218,0.039,-0.8687,-4.81393,5.052
21.77,0,0,0,0,0.962,-1.226,0.039,-0.8687,-4.81393,5.057
21.78,0,0,0,0,0.981,-1.235,0.039,-0.8687,-4.81393,5.06
21.79,0,0,0,0,0.998,-1.242,0.04,-0.8687,-4.81393,5.065
21.8,0,0,0,0,1.016,-1.25,0.04,-0.8687,-4.81393,5.071
21.81,0,0,0,0,1.033,-1.257,0.04,-0.8687,-4.81393,5.076
21.82,0,0,0,0,1.049,-1.264,0.041,-0.8687,-4.81393,5.076
21.83,0,0,0,0,1.065,-1.271,0.041,-0.8687,-4.81393,5.081
21.84,0,0,0,0,1.08,-1.277,0.042,-0.8687,-4.81393,5.084
21.85,0,0,0,0,1.094,-1.284,0.042,-0.8687,-4.81393,5.089
21.86,0,0,0,0,1.108,-1.29,0.042,-0.8687,-4.81393,5.094
21.87,0,0,0,0,1.121,-1.296,0.042,-0.8687,-4.81393,5.094
21.88,0,0,0,0,1.131,-1.302,0.043,-0.8687,-4.81393,5.1
21.89,0,0,0,0,1.142,-1.307,0.043,-0.8687,-4.81393,5.102
21.9,0,0,0,0,1.152,-1.313,0.043,-0.8687,-4.81393,5.108
21.91,0,0,0,0,1.159,-1.317,0.043,-0.8687,-4.81393,5.108
21.92,0,0,0,0,1.166,-1.322,0.043,-0.97062,-4.95675,5.113
21.93,0,0,0,0,1.172,-1.326,0.044,-0.97062,-4.95675,5.118
21.94,0,0,0,0,1.176,-1.331,0.044,-0.97062,-4.95675,5.118
21.95,0,0,0,0,1.18,-1.336,0.044,-0.97062,-4.95675,5.123
21.96,0,0,0,0,1.184,-1.34,0.044,-0.97062,-4.95675,5.126
21.97,0,0,0,0,1.186,-1.345,0.044,-0.97062,-4.95675,5.131
21.98,0,0,0,0,1.19,-1.349,0.044,-0.97062,-4.95675,5.131
21.99,0,0,0,0,1.194,-1.354,0.044,-0.97062,-4.95675,5.137
22,0,0,0,0,1.197,-1.358,0.044,-0.97062,-4.95675,5.142
22.01,0,0,0,0,1.199,-1.362,0.044,-0.97062,-4.95675,5.142
22.02,0,0,0,0,1.201,-1.365,0.044,-0.97062,-4.95675,5.145
22.03,0,0,0,0,1.204,-1.368,0.044,-0.97062,-4.95675,5.15
22.04,0,0,0,0,1.206,-1.371,0.044,-0.97062,-4.95675,5.15
22.05,0,0,0,0,1.207,-1.374,0.044,-0.97062,-4.95675,5.155
22.06,0,0,0,0,1.209,-1.376,0.044,-0.97062,-4.95675,5.16
22.07,0,0,0,0,1.21,-1.378,0.044,-0.97062,-4.95675,5.16
22.08,0,0,0,0,1.211,-1.379,0.045,-0.97062,-4.95675,5.166
22.09,0,0,0,0,1.211,-1.38,0.045,-0.97062,-4.95675,5.168
22.1,0,0,0,0,1.211,-1.381,0.045,-0.97062,-4.95675,5.174
22.11,0,0,0,0,1.211,-1.382,0.045,-0.97062,-4.95675,5.174
22.12,0,0,0,0,1.211,-1.383,0.045,-0.97062,-4.95675,5.179
22.13,0,0,0,0,1.21,-1.383,0.044,-1.08418,-5.11147,5.184
22.14,0,0,0,0,1.209,-1.384,0.044,-1.08418,-5.11147,5.184
22.15,0,0,0,0,1.208,-1.384,0.044,-1.08418,-5.11147,5.187
22.16,0,0,0,0,1.207,-1.385,0.044,-1.08418,-5.11147,5.192
22.17,0,0,0,0,1.208,-1.385,0.044,-1.08418,-5.11147,5.192
22.18,0,0,0,0,1.208,-1.385,0.044,-1.08418,-5.11147,5.197
22.19,0,0,0,0,1.209,-1.385,0.044,-1.08418,-5.11147,5.203
22.2,0,0,0,0,1.212,-1.385,0.045,-1.08418,-5.11147,5.203
22.21,0,0,0,0,1.215,-1.385,0.045,-1.08418,-5.11147,5.208
22.22,0,0,0,0,1.216,-1.384,0.045,-1.08418,-5.11147,5.211
22.23,0,0,0,0,1.219,-1.384,0.045,-1.08418,-5.11147,5.216
22.24,0,0,0,0,1.221,-1.383,0.045,-1.08418,-5.11147,5.216
22.25,0,0,0,0,1.224,-1.382,0.045,-1.08418,-5.11147,5.221
22.26,0,0,0,0,1.228,-1.382,0.045,-1.08418,-5.11147,5.227
22.27,0,0,0,0,1.231,-1.381,0.045,-1.08418,-5.11147,5.227
22.28,0,0,0,0,1.235,-1.381,0.045,-1.08418,-5.11147,5.229
22.29,0,0,0,0,1.238,-1.38,0.045,-1.08418,-5.11147,5.234
22.3,0,0,0,0,1.241,-1.38,0.045,-1.08418,-5.11147,5.24
22.31,0,0,0,0,1.246,-1.38,0.045,-1.08418,-5.11147,5.24
22.32,0,0,0,0,1.25,-1.38,0.045,-1.08418,-5.11147,5.245
22.33,0,0,0,0,1.255,-1.38,0.046,-1.19894,-5.26273,5.25
22.34,0,0,0,0,1.259,-1.38,0.046,-1.19894,-5.26273,5.253
22.35,0,0,0,0,1.266,-1.38,0.046,-1.19894,-5.26273,5.258
22.36,0,0,0,0,1.275,-1.381,0.046,-1.19894,-5.26273,5.258
22.37,0,0,0,0,1.285,-1.381,0.046,-1.19894,-5.26273,5.264
22.38,0,0,0,0,1.295,-1.382,0.047,-1.19894,-5.26273,5.269
22.39,0,0,0,0,1.306,-1.382,0.047,-1.19894,-5.26273,5.271
22.4,0,0,0,0,1.319,-1.383,0.047,-1.19894,-5.26273,5.277
22.41,0,0,0,0,1.332,-1.383,0.047,-1.19894,-5.26273,5.282
22.42,0,0,0,0,1.345,-1.385,0.048,-1.19894,-5.26273,5.282
22.43,0,0,0,0,1.358,-1.386,0.048,-1.19894,-5.26273,5.287
22.44,0,0,0,0,1.371,-1.387,0.048,-1.19894,-5.26273,5.293
22.45,0,0,0,0,1.383,-1.389,0.049,-1.19894,-5.26273,5.295
22.46,0,0,0,0,1.397,-1.392,0.049,-1.19894,-5.26273,5.3
22.47,0,0,0,0,1.411,-1.394,0.049,-1.19894,-5.26273,5.306
22.48,0,0,0,0,1.424,-1.397,0.05,-1.19894,-5.26273,5.311
22.49,0,0,0,0,1.437,-1.401,0.05,-1.19894,-5.26273,5.311
22.5,0,0,0,0,1.452,-1.404,0.05,-1.19894,-5.26273,5.314
22.51,0,0,0,0,1.466,-1.408,0.051,-1.19894,-5.26273,5.319
22.52,0,0,0,0,1.48,-1.411,0.051,-1.19894,-5.26273,5.324
22.53,0,0,0,0,1.495,-1.415,0.051,-1.19894,-5.26273,5.33
22.54,0,0,0,0,1.51,-1.419,0.052,-1.32597,-5.42558,5.335
22.55,0,0,0,0,1.525,-1.424,0.052,-1.32597,-5.42558,5.337
22.56,0,0,0,0,1.54,-1.428,0.052,-1.32597,-5.42558,5.343
22.57,0,0,0,0,1.556,-1.433,0.053,-1.32597,-5.42558,5.348
22.58,0,0,0,0,1.572,-1.438,0.053,-1.32597,-5.42558,5.348
22.59,0,0,0,0,1.589,-1.443,0.054,-1.32597,-5.42558,5.353
22.6,0,0,0,0,1.606,-1.449,0.054,-1.32597,-5.42558,5.356
22.61,0,0,0,0,1.624,-1.455,0.055,-1.32597,-5.42558,5.361
22.62,0,0,0,0,1.641,-1.462,0.055,-1.32597,-5.42558,5.367
22.63,0,0,0,0,1.659,-1.469,0.056,-1.32597,-5.42558,5.372
22.64,0,0,0,0,1.678,-1.477,0.056,-1.32597,-5.42558,5.374
22.65,0,0,0,0,1.696,-1.486,0.057,-1.32597,-5.42558,5.38
22.66,0,0,0,0,1.715,-1.495,0.057,-1.32597,-5.42558,5.385
22.67,0,0,0,0,1.732,-1.505,0.057,-1.32597,-5.42558,5.39
22.68,0,0,0,0,1.747,-1.514,0.058,-1.32597,-5.42558,5.39
22.69,0,0,0,0,1.762,-1.523,0.058,-1.32597,-5.42558,5.396
22.7,0,0,0,0,1.774,-1.532,0.059,-1.32597,-5.42558,5.398
22.71,0,0,0,0,1.787,-1.542,0.059,-1.32597,-5.42558,5.404
22.72,0,0,0,0,1.799,-1.551,0.059,-1.32597,-5.42558,5.409
22.73,0,0,0,0,1.809,-1.56,0.059,-1.32597,-5.42558,5.409
22.74,0,0,0,0,1.819,-1.57,0.06,-1.45282,-5.58662,5.414
22.75,0,0,0,0,1.831,-1.58,0.06,-1.45282,-5.58662,5.417
22.76,0,0,0,0,1.841,-1.591,0.06,-1.45282,-5.58662,5.422
22.77,0,0,0,0,1.852,-1.601,0.061,-1.45282,-5.58662,5.427
22.78,0,0,0,0,1.864,-1.611,0.061,-1.45282,-5.58662,5.433
22.79,0,0,0,0,1.875,-1.622,0.061,-1.45282,-5.58662,5.433
22.8,0,0,0,0,1.885,-1.632,0.062,-1.45282,-5.58662,5.438
22.81,0,0,0,0,1.894,-1.642,0.062,-1.45282,-5.58662,5.441
22.82,0,0,0,0,1.902,-1.652,0.062,-1.45282,-5.58662,5.446
22.83,0,0,0,0,1.909,-1.661,0.062,-1.45282,-5.58662,5.446
22.84,0,0,0,0,1.916,-1.671,0.063,-1.45282,-5.58662,5.451
22.85,0,0,0,0,1.922,-1.68,0.063,-1.45282,-5.58662,5.456
22.86,0,0,0,0,1.925,-1.688,0.063,-1.45282,-5.58662,5.459
22.87,0,0,0,0,1.929,-1.696,0.063,-1.45282,-5.58662,5.459
22.88,0,0,0,0,1.932,-1.704,0.063,-1.45282,-5.58662,5.464
22.89,0,0,0,0,1.935,-1.713,0.063,-1.45282,-5.58662,5.47
22.9,0,0,0,0,1.937,-1.721,0.063,-1.45282,-5.58662,5.47
22.91,0,0,0,0,1.937,-1.729,0.063,-1.45282,-5.58662,5.475
22.92,0,0,0,0,1.938,-1.737,0.063,-1.45282,-5.58662,5.48
22.93,0,0,0,0,1.938,-1.745,0.063,-1.45282,-5.58662,5.48
22.94,0,0,0,0,1.935,-1.752,0.063,-1.45282,-5.58662,5.483
22.95,0,0,0,0,1.932,-1.759,0.063,-1.59319,-5.76452,5.488
22.96,0,0,0,0,1.928,-1.765,0.063,-1.59319,-5.76452,5.488
22.97,0,0,0,0,1.924,-1.771,0.063,-1.59319,-5.76452,5.493
22.98,0,0,0,0,1.919,-1.776,0.063,-1.59319,-5.76452,5.499
22.99,0,0,0,0,1.914,-1.781,0.062,-1.59319,-5.76452,5.499
23,0,0,0,0,1.908,-1.786,0.062,-1.59319,-5.76452,5.501
23.01,0,0,0,0,1.902,-1.791,0.062,-1.59319,-5.76452,5.501
23.02,0,0,0,0,1.895,-1.795,0.062,-1.59319,-5.76452,5.507
23.03,0,0,0,0,1.887,-1.799,0.062,-1.59319,-5.76452,5.507
23.04,0,0,0,0,1.879,-1.803,0.061,-1.59319,-5.76452,5.512
23.05,0,0,0,0,1.87,-1.806,0.061,-1.59319,-5.76452,5.517
23.06,0,0,0,0,1.86,-1.809,0.061,-1.59319,-5.76452,5.517
23.07,0,0,0,0,1.85,-1.811,0.06,-1.59319,-5.76452,5.522
23.08,0,0,0,0,1.839,-1.814,0.06,-1.59319,-5.76452,5.522
23.09,0,0,0,0,1.828,-1.816,0.06,-1.59319,-5.76452,5.525
23.1,0,0,0,0,1.816,-1.817,0.059,-1.59319,-5.76452,5.525
23.11,0,0,0,0,1.804,-1.819,0.059,-1.59319,-5.76452,5.53
23.12,0,0,0,0,1.792,-1.82,0.059,-1.59319,-5.76452,5.53
23.13,0,0,0,0,1.779,-1.822,0.058,-1.59319,-5.76452,5.536
23.14,0,0,0,0,1.766,-1.823,0.058,-1.59319,-5.76452,5.536
23.15,0,0,0,0,1.754,-1.824,0.057,-1.73501,-5.94267,5.541
23.16,0,0,0,0,1.741,-1.825,0.057,-1.73501,-5.94267,5.541
23.17,0,0,0,0,1.728,-1.826,0.057,-1.73501,-5.94267,5.544
23.18,0,0,0,0,1.716,-1.827,0.056,-1.73501,-5.94267,5.544
23.19,0,0,0,0,1.703,-1.828,0.056,-1.73501,-5.94267,5.549
23.2,0,0,0,0,1.691,-1.829,0.055,-1.73501,-5.94267,5.549
23.21,0,0,0,0,1.678,-1.831,0.055,-1.73501,-5.94267,5.554
23.22,0,0,0,0,1.666,-1.832,0.055,-1.73501,-5.94267,5.559
23.23,0,0,0,0,1.654,-1.833,0.054,-1.73501,-5.94267,5.559
23.24,0,0,0,0,1.641,-1.834,0.054,-1.73501,-5.94267,5.565
23.25,0,0,0,0,1.629,-1.835,0.053,-1.73501,-5.94267,5.565
23.26,0,0,0,0,1.617,-1.836,0.053,-1.73501,-5.94267,5.567
23.27,0,0,0,0,1.605,-1.837,0.053,-1.73501,-5.94267,5.567
23.28,0,0,0,0,1.592,-1.838,0.052,-1.73501,-5.94267,5.573
23.29,0,0,0,0,1.58,-1.839,0.052,-1.73501,-5.94267,5.573
23.3,0,0,0,0,1.568,-1.841,0.051,-1.73501,-5.94267,5.578
23.31,0,0,0,0,1.555,-1.841,0.051,-1.73501,-5.94267,5.578
23.32,0,0,0,0,1.543,-1.842,0.051,-1.73501,-5.94267,5.583
23.33,0,0,0,0,1.53,-1.843,0.05,-1.73501,-5.94267,5.583
23.34,0,0,0,0,1.517,-1.843,0.05,-1.73501,-5.94267,5.586
23.35,0,0,0,0,1.504,-1.844,0.049,-1.73501,-5.94267,5.586
23.36,0,0,0,0,1.492,-1.845,0.049,-1.89269,-6.13679,5.591
23.37,0,0,0,0,1.479,-1.845,0.049,-1.89269,-6.13679,5.591
23.38,0,0,0,0,1.467,-1.846,0.048,-1.89269,-6.13679,5.596
23.39,0,0,0,0,1.454,-1.847,0.048,-1.89269,-6.13679,5.596
23.4,0,0,0,0,1.442,-1.848,0.047,-1.89269,-6.13679,5.602
23.41,0,0,0,0,1.429,-1.848,0.047,-1.89269,-6.13679,5.602
23.42,0,0,0,0,1.417,-1.849,0.047,-1.89269,-6.13679,5.607
23.43,0,0,0,0,1.404,-1.85,0.046,-1.89269,-6.13679,5.607
23.44,0,0,0,0,1.392,-1.85,0.046,-1.89269,-6.13679,5.61
23.45,0,0,0,0,1.38,-1.851,0.045,-1.89269,-6.13679,5.61
23.46,0,0,0,0,1.367,-1.852,0.045,-1.89269,-6.13679,5.61
23.47,0,0,0,0,1.355,-1.852,0.045,-1.89269,-6.13679,5.615
23.48,0,0,0,0,1.343,-1.853,0.044,-1.89269,-6.13679,5.615
23.49,0,0,0,0,1.331,-1.854,0.044,-1.89269,-6.13679,5.62
23.5,0,0,0,0,1.319,-1.854,0.043,-1.89269,-6.13679,5.62
23.51,0,0,0,0,1.306,-1.855,0.043,-1.89269,-6.13679,5.625
23.52,0,0,0,0,1.293,-1.855,0.042,-1.89269,-6.13679,5.625
23.53,0,0,0,0,1.28,-1.855,0.042,-1.89269,-6.13679,5.628
23.54,0,0,0,0,1.268,-1.855,0.042,-1.89269,-6.13679,5.628
23.55,0,0,0,0,1.255,-1.856,0.041,-1.89269,-6.13679,5.633
23.56,0,0,0,0,1.242,-1.856,0.041,-2.05105,-6.32628,5.633
23.57,0,0,0,0,1.229,-1.856,0.04,-2.05105,-6.32628,5.639
23.58,0,0,0,0,1.218,-1.856,0.04,-2.05105,-6.32628,5.639
23.59,0,0,0,0,1.206,-1.856,0.04,-2.05105,-6.32628,5.644
23.6,0,0,0,0,1.194,-1.856,0.039,-2.05105,-6.32628,5.644
23.61,0,0,0,0,1.182,-1.856,0.039,-2.05105,-6.32628,5.649
23.62,0,0,0,0,1.171,-1.856,0.039,-2.05105,-6.32628,5.649
23.63,0,0,0,0,1.159,-1.856,0.038,-2.05105,-6.32628,5.649
23.64,0,0,0,0,1.147,-1.855,0.038,-2.05105,-6.32628,5.652
23.65,0,0,0,0,1.136,-1.855,0.037,-2.05105,-6.32628,5.652
23.66,0,0,0,0,1.124,-1.855,0.037,-2.05105,-6.32628,5.657
23.67,0,0,0,0,1.113,-1.855,0.037,-2.05105,-6.32628,5.657
23.68,0,0,0,0,1.101,-1.855,0.036,-2.05105,-6.32628,5.662
23.69,0,0,0,0,1.09,-1.855,0.036,-2.05105,-6.32628,5.662
23.7,0,0,0,0,1.078,-1.855,0.036,-2.05105,-6.32628,5.668
23.71,0,0,0,0,1.068,-1.854,0.035,-2.05105,-6.32628,5.668
23.72,0,0,0,0,1.057,-1.854,0.035,-2.05105,-6.32628,5.67
23.73,0,0,0,0,1.047,-1.853,0.035,-2.05105,-6.32628,5.67
23.74,0,0,0,0,1.036,-1.853,0.034,-2.05105,-6.32628,5.67
23.75,0,0,0,0,1.026,-1.852,0.034,-2.05105,-6.32628,5.676
23.76,0,0,0,0,1.015,-1.852,0.034,-2.05105,-6.32628,5.676
23.77,0,0,0,0,1.005,-1.851,0.033,-2.2258,-6.52799,5.681
23.78,0,0,0,0,0.994,-1.851,0.033,-2.2258,-6.52799,5.681
23.79,0,0,0,0,0.984,-1.85,0.032,-2.2258,-6.52799,5.686
23.8,0,0,0,0,0.974,-1.85,0.032,-2.2258,-6.52799,5.686
23.81,0,0,0,0,0.963,-1.849,0.032,-2.2258,-6.52799,5.692
23.82,0,0,0,0,0.953,-1.849,0.031,-2.2258,-6.52799,5.692
23.83,0,0,0,0,0.943,-1.848,0.031,-2.2258,-6.52799,5.694
23.84,0,0,0,0,0.933,-1.848,0.031,-2.2258,-6.52799,5.694
23.85,0,0,0,0,0.922,-1.848,0.031,-2.2258,-6.52799,5.694
23.86,0,0,0,0,0.912,-1.847,0.03,-2.2258,-6.52799,5.699
23.87,0,0,0,0,0.902,-1.847,0.03,-2.2258,-6.52799,5.699
23.88,0,0,0,0,0.892,-1.846,0.03,-2.2258,-6.52799,5.705
23.89,0,0,0,0,0.882,-1.846,0.029,-2.2258,-6.52799,5.705
23.9,0,0,0,0,0.872,-1.845,0.029,-2.2258,-6.52799,5.71
23.91,0,0,0,0,0.862,-1.845,0.029,-2.2258,-6.52799,5.71
23.92,0,0,0,0,0.854,-1.843,0.028,-2.2258,-6.52799,5.713
23.93,0,0,0,0,0.845,-1.842,0.028,-2.2258,-6.52799,5.713
23.94,0,0,0,0,0.837,-1.841,0.028,-2.2258,-6.52799,5.713
23.95,0,0,0,0,0.829,-1.84,0.027,-2.2258,-6.52799,5.718
23.96,0,0,0,0,0.82,-1.838,0.027,-2.2258,-6.52799,5.718
23.97,0,0,0,0,0.812,-1.837,0.027,-2.2258,-6.52799,5.723
23.98,0,0,0,0,0.804,-1.836,0.027,-2.40891,-6.73068,5.723
23.99,0,0,0,0,0.796,-1.835,0.026,-2.40891,-6.73068,5.729
24,0,0,0,0,0.788,-1.834,0.026,-2.40891,-6.73068,5.729
24.01,0,0,0,0,0.779,-1.832,0.026,-2.40891,-6.73068,5.734
24.02,0,0,0,0,0.771,-1.831,0.026,-2.40891,-6.73068,5.734
24.03,0,0,0,0,0.763,-1.83,0.025,-2.40891,-6.73068,5.734
24.04,0,0,0,0,0.755,-1.829,0.025,-2.40891,-6.73068,5.736
24.05,0,0,0,0,0.747,-1.828,0.025,-2.40891,-6.73068,5.736
24.06,0,0,0,0,0.739,-1.826,0.025,-2.40891,-6.73068,5.742
24.07,0,0,0,0,0.731,-1.825,0.024,-2.40891,-6.73068,5.742
24.08,0,0,0,0,0.723,-1.824,0.024,-2.40891,-6.73068,5.747
24.09,0,0,0,0,0.715,-1.823,0.024,-2.40891,-6.73068,5.747
24.1,0,0,0,0,0.709,-1.821,0.024,-2.40891,-6.73068,5.747
24.11,0,0,0,0,0.701,-1.819,0.023,-2.40891,-6.73068,5.752
24.12,0,0,0,0,0.694,-1.818,0.023,-2.40891,-6.73068,5.752
24.13,0,0,0,0,0.687,-1.816,0.023,-2.40891,-6.73068,5.755
24.14,0,0,0,0,0.68,-1.815,0.023,-2.40891,-6.73068,5.755
24.15,0,0,0,0,0.673,-1.813,0.023,-2.40891,-6.73068,5.76
24.16,0,0,0,0,0.666,-1.812,0.022,-2.40891,-6.73068,5.76
24.17,0,0,0,0,0.659,-1.81,0.022,-2.40891,-6.73068,5.76
24.18,0,0,0,0,0.652,-1.809,0.022,-2.59074,-6.92323,5.766
24.19,0,0,0,0,0.645,-1.807,0.022,-2.59074,-6.92323,5.766
24.2,0,0,0,0,0.638,-1.806,0.021,-2.59074,-6.92323,5.771
24.21,0,0,0,0,0.631,-1.804,0.021,-2.59074,-6.92323,5.771
24.22,0,0,0,0,0.624,-1.803,0.021,-2.59074,-6.92323,5.776
24.23,0,0,0,0,0.618,-1.802,0.021,-2.59074,-6.92323,5.776
24.24,0,0,0,0,0.612,-1.801,0.021,-2.59074,-6.92323,5.776
24.25,0,0,0,0,0.606,-1.8,0.02,-2.59074,-6.92323,5.779
24.26,0,0,0,0,0.6,-1.799,0.02,-2.59074,-6.92323,5.779
24.27,0,0,0,0,0.594,-1.797,0.02,-2.59074,-6.92323,5.784
24.28,0,0,0,0,0.589,-1.795,0.02,-2.59074,-6.92323,5.784
24.29,0,0,0,0,0.582,-1.793,0.02,-2.59074,-6.92323,5.789
24.3,0,0,0,0,0.576,-1.791,0.02,-2.59074,-6.92323,5.789
24.31,0,0,0,0,0.57,-1.79,0.019,-2.59074,-6.92323,5.789
24.32,0,0,0,0,0.564,-1.788,0.019,-2.59074,-6.92323,5.795
24.33,0,0,0,0,0.558,-1.786,0.019,-2.59074,-6.92323,5.795
24.34,0,0,0,0,0.552,-1.784,0.019,-2.59074,-6.92323,5.797
24.35,0,0,0,0,0.547,-1.782,0.019,-2.59074,-6.92323,5.797
24.36,0,0,0,0,0.541,-1.78,0.018,-2.59074,-6.92323,5.797
24.37,0,0,0,0,0.535,-1.779,0.018,-2.59074,-6.92323,5.803
24.38,0,0,0,0,0.529,-1.777,0.018,-2.59074,-6.92323,5.803
24.39,0,0,0,0,0.523,-1.775,0.018,-2.78901,-7.12382,5.808
24.4,0,0,0,0,0.517,-1.773,0.018,-2.78901,-7.12382,5.808
24.41,0,0,0,0,0.511,-1.771,0.017,-2.78901,-7.12382,5.808
24.42,0,0,0,0,0.505,-1.77,0.017,-2.78901,-7.12382,5.813
24.43,0,0,0,0,0.5,-1.768,0.017,-2.78901,-7.12382,5.813
24.44,0,0,0,0,0.494,-1.766,0.017,-2.78901,-7.12382,5.818
24.45,0,0,0,0,0.488,-1.764,0.017,-2.78901,-7.12382,5.818
24.46,0,0,0,0,0.482,-1.762,0.017,-2.78901,-7.12382,5.818
24.47,0,0,0,0,0.477,-1.761,0.016,-2.78901,-7.12382,5.821
24.48,0,0,0,0,0.471,-1.759,0.016,-2.78901,-7.12382,5.821
24.49,0,0,0,0,0.465,-1.757,0.016,-2.78901,-7.12382,5.826
24.5,0,0,0,0,0.459,-1.755,0.016,-2.78901,-7.12382,5.826
24.51,0,0,0,0,0.453,-1.753,0.016,-2.78901,-7.12382,5.826
24.52,0,0,0,0,0.447,-1.752,0.016,-2.78901,-7.12382,5.832
24.53,0,0,0,0,0.44,-1.751,0.015,-2.78901,-7.12382,5.832
24.54,0,0,0,0,0.434,-1.749,0.015,-2.78901,-7.12382,5.832
24.55,0,0,0,0,0.427,-1.748,0.015,-2.78901,-7.12382,5.837
24.56,0,0,0,0,0.421,-1.747,0.015,-2.78901,-7.12382,5.837
24.57,0,0,0,0,0.414,-1.746,0.014,-2.78901,-7.12382,5.84
24.58,0,0,0,0,0.407,-1.745,0.014,-2.78901,-7.12382,5.84
24.59,0,0,0,0,0.4,-1.744,0.014,-2.98428,-7.31265,5.84
24.6,0,0,0,0,0.392,-1.744,0.014,-2.98428,-7.31265,5.845
24.61,0,0,0,0,0.385,-1.744,0.014,-2.98428,-7.31265,5.845
24.62,0,0,0,0,0.377,-1.744,0.013,-2.98428,-7.31265,5.845
24.63,0,0,0,0,0.369,-1.744,0.013,-2.98428,-7.31265,5.85
24.64,0,0,0,0,0.361,-1.745,0.013,-2.98428,-7.31265,5.85
24.65,0,0,0,0,0.354,-1.745,0.013,-2.98428,-7.31265,5.85
24.66,0,0,0,0,0.346,-1.744,0.012,-2.98428,-7.31265,5.855
24.67,0,0,0,0,0.338,-1.745,0.012,-2.98428,-7.31265,5.855
24.68,0,0,0,0,0.33,-1.745,0.012,-2.98428,-7.31265,5.855
24.69,0,0,0,0,0.323,-1.745,0.012,-2.98428,-7.31265,5.861
24.7,0,0,0,0,0.315,-1.745,0.011,-2.98428,-7.31265,5.861
24.71,0,0,0,0,0.307,-1.746,0.011,-2.98428,-7.31265,5.861
24.72,0,0,0,0,0.3,-1.746,0.011,-2.98428,-7.31265,5.863
24.73,0,0,0,0,0.292,-1.747,0.011,-2.98428,-7.31265,5.863
24.74,0,0,0,0,0.285,-1.748,0.011,-2.98428,-7.31265,5.869
24.75,0,0,0,0,0.277,-1.749,0.01,-2.98428,-7.31265,5.869
24.76,0,0,0,0,0.27,-1.75,0.01,-2.98428,-7.31265,5.869
24.77,0,0,0,0,0.262,-1.751,0.01,-2.98428,-7.31265,5.874
24.78,0,0,0,0,0.255,-1.752,0.01,-2.98428,-7.31265,5.874
24.79,0,0,0,0,0.247,-1.753,0.009,-2.98428,-7.31265,5.874
24.8,0,0,0,0,0.239,-1.755,0.009,-3.1955,-7.5078,5.879
24.81,0,0,0,0,0.231,-1.756,0.009,-3.1955,-7.5078,5.879
24.82,0,0,0,0,0.223,-1.758,0.009,-3.1955,-7.5078,5.879
24.83,0,0,0,0,0.215,-1.759,0.008,-3.1955,-7.5078,5.879
24.84,0,0,0,0,0.207,-1.76,0.008,-3.1955,-7.5078,5.882
24.85,0,0,0,0,0.198,-1.762,0.008,-3.1955,-7.5078,5.882
24.86,0,0,0,0,0.189,-1.764,0.008,-3.1955,-7.5078,5.882
24.87,0,0,0,0,0.18,-1.766,0.007,-3.1955,-7.5078,5.887
24.88,0,0,0,0,0.172,-1.767,0.007,-3.1955,-7.5078,5.887
24.89,0,0,0,0,0.163,-1.769,0.007,-3.1955,-7.5078,5.887
24.9,0,0,0,0,0.154,-1.77,0.007,-3.1955,-7.5078,5.892
24.91,0,0,0,0,0.145,-1.773,0.006,-3.1955,-7.5078,5.892
24.92,0,0,0,0,0.137,-1.775,0.006,-3.1955,-7.5078,5.892
24.93,0,0,0,0,0.128,-1.778,0.006,-3.1955,-7.5078,5.898
24.94,0,0,0,0,0.12,-1.78,0.005,-3.1955,-7.5078,5.898
24.95,0,0,0,0,0.111,-1.783,0.005,-3.1955,-7.5078,5.898
24.96,0,0,0,0,0.102,-1.786,0.005,-3.1955,-7.5078,5.898
24.97,0,0,0,0,0.094,-1.79,0.005,-3.1955,-7.5078,5.903
24.98,0,0,0,0,0.085,-1.795,0.004,-3.1955,-7.5078,5.903
24.99,0,0,0,0,0.077,-1.801,0.004,-3.1955,-7.5078,5.903
25,0,0,0,0,0.068,-1.807,0.004,-3.40245,-7.68967,5.906
25.01,0,0,0,0,0.06,-1.814,0.004,-3.40245,-7.68967,5.906
25.02,0,0,0,0,0.053,-1.821,0.003,-3.40245,-7.68967,5.906
25.03,0,0,0,0,0.046,-1.829,0.003,-3.40245,-7.68967,5.911
25.04,0,0,0,0,0.04,-1.838,0.003,-3.40245,-7.68967,5.911
25.05,0,0,0,0,0.033,-1.845,0.003,-3.40245,-7.68967,5.911
25.06,0,0,0,0,0.026,-1.854,0.003,-3.40245,-7.68967,5.916
25.07,0,0,0,0,0.019,-1.862,0.002,-3.40245,-7.68967,5.916
25.08,0,0,0,0,0.013,-1.869,0.002,-3.40245,-7.68967,5.916
25.09,0,0,0,0,0.006,-1.876,0.002,-3.40245,-7.68967,5.916
25.1,0,0,0,0,-0.001,-1.881,0.002,-3.40245,-7.68967,5.921
25.11,0,0,0,0,-0.007,-1.887,0.001,-3.40245,-7.68967,5.921
25.12,0,0,0,0,-0.014,-1.89,0.001,-3.40245,-7.68967,5.921
25.13,0,0,0,0,-0.021,-1.894,0.001,-3.40245,-7.68967,5.924
25.14,0,0,0,0,-0.026,-1.897,0.001,-3.40245,-7.68967,5.924
25.15,0,0,0,0,-0.032,-1.901,0.001,-3.40245,-7.68967,5.924
25.16,0,0,0,0,-0.038,-1.904,0,-3.40245,-7.68967,5.924
25.17,0,0,0,0,-0.044,-1.906,0,-3.40245,-7.68967,5.929
25.18,0,0,0,0,-0.05,-1.908,0,-3.40245,-7.68967,5.929
25.19,0,0,0,0,-0.055,-1.908,0,-3.40245,-7.68967,5.929
25.2,0,0,0,0,-0.061,-1.906,0,-3.40245,-7.68967,5.935
25.21,0,0,0,0,-0.067,-1.905,-0.001,-3.62633,-7.87509,5.935
25.22,0,0,0,0,-0.072,-1.903,-0.001,-3.62633,-7.87509,5.935
25.23,0,0,0,0,-0.078,-1.902,-0.001,-3.62633,-7.87509,5.935
25.24,0,0,0,0,-0.084,-1.9,-0.001,-3.62633,-7.87509,5.94
25.25,0,0,0,0,-0.089,-1.898,-0.001,-3.62633,-7.87509,5.94
25.26,0,0,0,0,-0.095,-1.896,-0.001,-3.62633,-7.87509,5.94
25.27,0,0,0,0,-0.1,-1.893,-0.002,-3.62633,-7.87509,5.94
25.28,0,0,0,0,-0.104,-1.89,-0.002,-3.62633,-7.87509,5.943
25.29,0,0,0,0,-0.108,-1.887,-0.002,-3.62633,-7.87509,5.943
25.3,0,0,0,0,-0.113,-1.884,-0.002,-3.62633,-7.87509,5.943
25.31,0,0,0,0,-0.117,-1.88,-0.002,-3.62633,-7.87509,5.948
25.32,0,0,0,0,-0.119,-1.876,-0.002,-3.62633,-7.87509,5.948
25.33,0,0,0,0,-0.12,-1.871,-0.002,-3.62633,-7.87509,5.948
25.34,0,0,0,0,-0.12,-1.865,-0.002,-3.62633,-7.87509,5.953
25.35,0,0,0,0,-0.12,-1.86,-0.002,-3.62633,-7.87509,5.953
25.36,0,0,0,0,-0.12,-1.854,-0.002,-3.62633,-7.87509,5.953
25.37,0,0,0,0,-0.12,-1.848,-0.002,-3.62633,-7.87509,5.953
25.38,0,0,0,0,-0.119,-1.841,-0.002,-3.62633,-7.87509,5.958
25.39,0,0,0,0,-0.119,-1.834,-0.002,-3.62633,-7.87509,5.958
25.4,0,0,0,0,-0.118,-1.828,-0.002,-3.62633,-7.87509,5.958
25.41,0,0,0,0,-0.117,-1.821,-0.002,-3.84687,-8.04549,5.964
25.42,0,0,0,0,-0.116,-1.815,-0.002,-3.84687,-8.04549,5.964
25.43,0,0,0,0,-0.116,-1.808,-0.002,-3.84687,-8.04549,5.964
25.44,0,0,0,0,-0.115,-1.801,-0.002,-3.84687,-8.04549,5.964
25.45,0,0,0,0,-0.114,-1.794,-0.002,-3.84687,-8.04549,5.966
25.46,0,0,0,0,-0.114,-1.788,-0.002,-3.84687,-8.04549,5.966
25.47,0,0,0,0,-0.113,-1.781,-0.002,-3.84687,-8.04549,5.966
25.48,0,0,0,0,-0.112,-1.775,-0.002,-3.84687,-8.04549,5.972
25.49,0,0,0,0,-0.112,-1.768,-0.002,-3.84687,-8.04549,5.972
25.5,0,0,0,0,-0.111,-1.762,-0.002,-3.84687,-8.04549,5.972
25.51,0,0,0,0,-0.11,-1.755,-0.002,-3.84687,-8.04549,5.972
25.52,0,0,0,0,-0.11,-1.749,-0.002,-3.84687,-8.04549,5.977
25.53,0,0,0,0,-0.109,-1.743,-0.002,-3.84687,-8.04549,5.977
25.54,0,0,0,0,-0.108,-1.736,-0.002,-3.84687,-8.04549,5.977
25.55,0,0,0,0,-0.107,-1.73,-0.002,-3.84687,-8.04549,5.977
25.56,0,0,0,0,-0.107,-1.724,-0.002,-3.84687,-8.04549,5.982
25.57,0,0,0,0,-0.106,-1.717,-0.002,-3.84687,-8.04549,5.982
25.58,0,0,0,0,-0.105,-1.711,-0.002,-3.84687,-8.04549,5.982
25.59,0,0,0,0,-0.105,-1.705,-0.002,-3.84687,-8.04549,5.985
25.6,0,0,0,0,-0.104,-1.699,-0.002,-3.84687,-8.04549,5.985
25.61,0,0,0,0,-0.103,-1.692,-0.002,-3.84687,-8.04549,5.985
25.62,0,0,0,0,-0.103,-1.686,-0.002,-4.08467,-8.21793,5.985
25.63,0,0,0,0,-0.102,-1.679,-0.002,-4.08467,-8.21793,5.99
25.64,0,0,0,0,-0.101,-1.672,-0.002,-4.08467,-8.21793,5.99
25.65,0,0,0,0,-0.101,-1.665,-0.002,-4.08467,-8.21793,5.99
25.66,0,0,0,0,-0.1,-1.658,-0.002,-4.08467,-8.21793,5.99
25.67,0,0,0,0,-0.1,-1.651,-0.002,-4.08467,-8.21793,5.995
25.68,0,0,0,0,-0.099,-1.644,-0.002,-4.08467,-8.21793,5.995
25.69,0,0,0,0,-0.098,-1.637,-0.002,-4.08467,-8.21793,5.995
25.7,0,0,0,0,-0.098,-1.63,-0.002,-4.08467,-8.21793,5.995
25.71,0,0,0,0,-0.097,-1.624,-0.002,-4.08467,-8.21793,6.001
25.72,0,0,0,0,-0.096,-1.617,-0.002,-4.08467,-8.21793,6.001
25.73,0,0,0,0,-0.096,-1.61,-0.002,-4.08467,-8.21793,6.001
25.74,0,0,0,0,-0.095,-1.603,-0.002,-4.08467,-8.21793,6.001
25.75,0,0,0,0,-0.094,-1.597,-0.002,-4.08467,-8.21793,6.006
25.76,0,0,0,0,-0.094,-1.59,-0.002,-4.08467,-8.21793,6.006
25.77,0,0,0,0,-0.093,-1.583,-0.002,-4.08467,-8.21793,6.006
25.78,0,0,0,0,-0.092,-1.577,-0.001,-4.08467,-8.21793,6.006
25.79,0,0,0,0,-0.093,-1.57,-0.001,-4.08467,-8.21793,6.009
25.8,0,0,0,0,-0.093,-1.564,-0.001,-4.08467,-8.21793,6.009
25.81,0,0,0,0,-0.093,-1.558,-0.001,-4.08467,-8.21793,6.009
25.82,0,0,0,0,-0.093,-1.552,-0.001,-4.31584,-8.37651,6.009
25.83,0,0,0,0,-0.094,-1.544,-0.002,-4.31584,-8.37651,6.014
25.84,0,0,0,0,-0.095,-1.539,-0.002,-4.31584,-8.37651,6.014
25.85,0,0,0,0,-0.096,-1.533,-0.002,-4.31584,-8.37651,6.014
25.86,0,0,0,0,-0.097,-1.527,-0.002,-4.31584,-8.37651,6.014
25.87,0,0,0,0,-0.098,-1.521,-0.002,-4.31584,-8.37651,6.019
25.88,0,0,0,0,-0.099,-1.516,-0.002,-4.31584,-8.37651,6.019
25.89,0,0,0,0,-0.099,-1.51,-0.002,-4.31584,-8.37651,6.019
25.9,0,0,0,0,-0.1,-1.504,-0.002,-4.31584,-8.37651,6.019
25.91,0,0,0,0,-0.101,-1.499,-0.002,-4.31584,-8.37651,6.024
25.92,0,0,0,0,-0.102,-1.493,-0.002,-4.31584,-8.37651,6.024
25.93,0,0,0,0,-0.103,-1.487,-0.002,-4.31584,-8.37651,6.024
25.94,0,0,0,0,-0.104,-1.482,-0.002,-4.31584,-8.37651,6.024
25.95,0,0,0,0,-0.105,-1.476,-0.002,-4.31584,-8.37651,6.027
25.96,0,0,0,0,-0.106,-1.471,-0.002,-4.31584,-8.37651,6.027
25.97,0,0,0,0,-0.107,-1.465,-0.002,-4.31584,-8.37651,6.027
25.98,0,0,0,0,-0.107,-1.46,-0.002,-4.31584,-8.37651,6.027
25.99,0,0,0,0,-0.108,-1.454,-0.002,-4.31584,-8.37651,6.027
26,0,0,0,0,-0.109,-1.449,-0.002,-4.31584,-8.37651,6.032
26.01,0,0,0,0,-0.11,-1.443,-0.002,-4.31584,-8.37651,6.032
26.02,0,0,0,0,-0.111,-1.438,-0.002,-4.31584,-8.37651,6.032
26.03,0,0,0,0,-0.112,-1.431,-0.002,-4.56229,-8.53739,6.032
26.04,0,0,0,0,-0.113,-1.425,-0.002,-4.56229,-8.53739,6.038
26.05,0,0,0,0,-0.114,-1.42,-0.002,-4.56229,-8.53739,6.038
26.06,0,0,0,0,-0.115,-1.414,-0.002,-4.56229,-8.53739,6.038
26.07,0,0,0,0,-0.115,-1.409,-0.002,-4.56229,-8.53739,6.038
26.08,0,0,0,0,-0.116,-1.404,-0.002,-4.56229,-8.53739,6.038
26.09,0,0,0,0,-0.117,-1.398,-0.002,-4.56229,-8.53739,6.043
26.1,0,0,0,0,-0.118,-1.393,-0.002,-4.56229,-8.53739,6.043
26.11,0,0,0,0,-0.119,-1.388,-0.002,-4.56229,-8.53739,6.043
26.12,0,0,0,0,-0.12,-1.382,-0.002,-4.56229,-8.53739,6.043
26.13,0,0,0,0,-0.121,-1.377,-0.002,-4.56229,-8.53739,6.048
26.14,0,0,0,0,-0.121,-1.372,-0.002,-4.56229,-8.53739,6.048
26.15,0,0,0,0,-0.122,-1.367,-0.002,-4.56229,-8.53739,6.048
26.16,0,0,0,0,-0.123,-1.361,-0.002,-4.56229,-8.53739,6.048
26.17,0,0,0,0,-0.124,-1.356,-0.002,-4.56229,-8.53739,6.051
26.18,0,0,0,0,-0.125,-1.351,-0.002,-4.56229,-8.53739,6.051
26.19,0,0,0,0,-0.126,-1.346,-0.002,-4.56229,-8.53739,6.051
26.2,0,0,0,0,-0.126,-1.341,-0.002,-4.56229,-8.53739,6.051
26.21,0,0,0,0,-0.127,-1.335,-0.002,-4.56229,-8.53739,6.051
26.22,0,0,0,0,-0.128,-1.329,-0.002,-4.56229,-8.53739,6.056
26.23,0,0,0,0,-0.128,-1.323,-0.002,-4.56229,-8.53739,6.056
26.24,0,0,0,0,-0.128,-1.318,-0.002,-4.81163,-8.6924,6.056
26.25,0,0,0,0,-0.128,-1.312,-0.002,-4.81163,-8.6924,6.056
26.26,0,0,0,0,-0.128,-1.307,-0.002,-4.81163,-8.6924,6.061
26.27,0,0,0,0,-0.128,-1.301,-0.002,-4.81163,-8.6924,6.061
26.28,0,0,0,0,-0.128,-1.296,-0.002,-4.81163,-8.6924,6.061
26.29,0,0,0,0,-0.128,-1.291,-0.002,-4.81163,-8.6924,6.061
26.3,0,0,0,0,-0.128,-1.285,-0.002,-4.81163,-8.6924,6.067
26.31,0,0,0,0,-0.128,-1.28,-0.002,-4.81163,-8.6924,6.067
26.32,0,0,0,0,-0.128,-1.274,-0.002,-4.81163,-8.6924,6.067
26.33,0,0,0,0,-0.128,-1.269,-0.002,-4.81163,-8.6924,6.067
26.34,0,0,0,0,-0.129,-1.264,-0.002,-4.81163,-8.6924,6.067
26.35,0,0,0,0,-0.129,-1.258,-0.002,-4.81163,-8.6924,6.069
26.36,0,0,0,0,-0.129,-1.253,-0.002,-4.81163,-8.6924,6.069
26.37,0,0,0,0,-0.129,-1.248,-0.002,-4.81163,-8.6924,6.069
26.38,0,0,0,0,-0.129,-1.243,-0.002,-4.81163,-8.6924,6.069
26.39,0,0,0,0,-0.129,-1.237,-0.002,-4.81163,-8.6924,6.075
26.4,0,0,0,0,-0.129,-1.23,-0.002,-4.81163,-8.6924,6.075
26.41,0,0,0,0,-0.129,-1.225,-0.002,-4.81163,-8.6924,6.075
26.42,0,0,0,0,-0.129,-1.22,-0.002,-4.81163,-8.6924,6.075
26.43,0,0,0,0,-0.129,-1.215,-0.002,-4.81163,-8.6924,6.08
26.44,0,0,0,0,-0.129,-1.21,-0.002,-5.05098,-8.83463,6.08
26.45,0,0,0,0,-0.129,-1.205,-0.002,-5.05098,-8.83463,6.08
26.46,0,0,0,0,-0.129,-1.199,-0.002,-5.05098,-8.83463,6.08
26.47,0,0,0,0,-0.129,-1.194,-0.002,-5.05098,-8.83463,6.085
26.48,0,0,0,0,-0.129,-1.189,-0.002,-5.05098,-8.83463,6.085
26.49,0,0,0,0,-0.129,-1.184,-0.002,-5.05098,-8.83463,6.085
26.5,0,0,0,0,-0.129,-1.179,-0.002,-5.05098,-8.83463,6.085
26.51,0,0,0,0,-0.129,-1.174,-0.002,-5.05098,-8.83463,6.085
26.52,0,0,0,0,-0.129,-1.169,-0.002,-5.05098,-8.83463,6.091
26.53,0,0,0,0,-0.129,-1.164,-0.002,-5.05098,-8.83463,6.091
26.54,0,0,0,0,-0.129,-1.159,-0.002,-5.05098,-8.83463,6.091
26.55,0,0,0,0,-0.129,-1.154,-0.002,-5.05098,-8.83463,6.091
26.56,0,0,0,0,-0.129,-1.149,-0.002,-5.05098,-8.83463,6.093
26.57,0,0,0,0,-0.129,-1.144,-0.002,-5.05098,-8.83463,6.093
26.58,0,0,0,0,-0.129,-1.139,-0.002,-5.05098,-8.83463,6.093
26.59,0,0,0,0,-0.129,-1.132,-0.002,-5.05098,-8.83463,6.093
26.6,0,0,0,0,-0.129,-1.127,-0.002,-5.05098,-8.83463,6.098
26.61,0,0,0,0,-0.13,-1.123,-0.002,-5.05098,-8.83463,6.098
26.62,0,0,0,0,-0.13,-1.118,-0.002,-5.05098,-8.83463,6.098
26.63,0,0,0,0,-0.13,-1.113,-0.002,-5.05098,-8.83463,6.098
26.64,0,0,0,0,-0.129,-1.108,-0.002,-5.05098,-8.83463,6.104
26.65,0,0,0,0,-0.128,-1.104,-0.002,-5.30338,-8.97849,6.104
26.66,0,0,0,0,-0.127,-1.099,-0.002,-5.30338,-8.97849,6.104
26.67,0,0,0,0,-0.127,-1.095,-0.002,-5.30338,-8.97849,6.104
26.68,0,0,0,0,-0.126,-1.091,-0.002,-5.30338,-8.97849,6.109
26.69,0,0,0,0,-0.125,-1.086,-0.002,-5.30338,-8.97849,6.109
26.7,0,0,0,0,-0.124,-1.082,-0.002,-5.30338,-8.97849,6.109
26.71,0,0,0,0,-0.124,-1.077,-0.002,-5.30338,-8.97849,6.109
26.72,0,0,0,0,-0.123,-1.073,-0.002,-5.30338,-8.97849,6.109
26.73,0,0,0,0,-0.122,-1.069,-0.002,-5.30338,-8.97849,6.112
26.74,0,0,0,0,-0.121,-1.064,-0.002,-5.30338,-8.97849,6.112
26.75,0,0,0,0,-0.121,-1.06,-0.002,-5.30338,-8.97849,6.112
26.76,0,0,0,0,-0.12,-1.056,-0.002,-5.30338,-8.97849,6.112
26.77,0,0,0,0,-0.119,-1.051,-0.002,-5.30338,-8.97849,6.117
26.78,0,0,0,0,-0.119,-1.046,-0.002,-5.30338,-8.97849,6.117
26.79,0,0,0,0,-0.119,-1.042,-0.002,-5.30338,-8.97849,6.117
26.8,0,0,0,0,-0.118,-1.037,-0.002,-5.30338,-8.97849,6.117
26.81,0,0,0,0,-0.117,-1.033,-0.002,-5.30338,-8.97849,6.122
26.82,0,0,0,0,-0.117,-1.029,-0.002,-5.30338,-8.97849,6.122
26.83,0,0,0,0,-0.116,-1.025,-0.002,-5.30338,-8.97849,6.122
26.84,0,0,0,0,-0.115,-1.021,-0.002,-5.30338,-8.97849,6.122
26.85,0,0,0,0,-0.114,-1.016,-0.002,-5.54402,-9.11043,6.128
26.86,0,0,0,0,-0.114,-1.012,-0.002,-5.54402,-9.11043,6.128
26.87,0,0,0,0,-0.113,-1.008,-0.002,-5.54402,-9.11043,6.128
26.88,0,0,0,0,-0.111,-1.004,-0.002,-5.54402,-9.11043,6.128
26.89,0,0,0,0,-0.11,-1,-0.002,-5.54402,-9.11043,6.128
26.9,0,0,0,0,-0.109,-0.997,-0.002,-5.54402,-9.11043,6.133
26.91,0,0,0,0,-0.107,-0.993,-0.002,-5.54402,-9.11043,6.133
26.92,0,0,0,0,-0.106,-0.989,-0.002,-5.54402,-9.11043,6.133
26.93,0,0,0,0,-0.104,-0.986,-0.002,-5.54402,-9.11043,6.133
26.94,0,0,0,0,-0.103,-0.983,-0.002,-5.54402,-9.11043,6.135
26.95,0,0,0,0,-0.101,-0.98,-0.002,-5.54402,-9.11043,6.135
26.96,0,0,0,0,-0.1,-0.977,-0.002,-5.54402,-9.11043,6.135
26.97,0,0,0,0,-0.099,-0.973,-0.002,-5.54402,-9.11043,6.135
26.98,0,0,0,0,-0.098,-0.97,-0.002,-5.54402,-9.11043,6.141
26.99,0,0,0,0,-0.096,-0.967,-0.002,-5.54402,-9.11043,6.141
27,0,0,0,0,-0.095,-0.965,-0.002,-5.54402,-9.11043,6.141
27.01,0,0,0,0,-0.093,-0.964,-0.002,-5.54402,-9.11043,6.141
27.02,0,0,0,0,-0.092,-0.963,-0.002,-5.54402,-9.11043,6.141
27.03,0,0,0,0,-0.09,-0.962,-0.002,-5.54402,-9.11043,6.146
27.04,0,0,0,0,-0.089,-0.962,-0.002,-5.54402,-9.11043,6.146
27.05,0,0,0,0,-0.088,-0.962,-0.002,-5.54402,-9.11043,6.146
27.06,0,0,0,0,-0.087,-0.963,-0.002,-5.79617,-9.24392,6.146
27.07,0,0,0,0,-0.086,-0.964,-0.002,-5.79617,-9.24392,6.151
27.08,0,0,0,0,-0.086,-0.965,-0.002,-5.79617,-9.24392,6.151
27.09,0,0,0,0,-0.086,-0.966,-0.002,-5.79617,-9.24392,6.151
27.1,0,0,0,0,-0.084,-0.968,-0.002,-5.79617,-9.24392,6.151
27.11,0,0,0,0,-0.082,-0.97,-0.002,-5.79617,-9.24392,6.151
27.12,0,0,0,0,-0.08,-0.973,-0.002,-5.79617,-9.24392,6.154
27.13,0,0,0,0,-0.078,-0.975,-0.002,-5.79617,-9.24392,6.154
27.14,0,0,0,0,-0.076,-0.977,-0.001,-5.79617,-9.24392,6.154
27.15,0,0,0,0,-0.074,-0.979,-0.001,-5.79617,-9.24392,6.154
27.16,0,0,0,0,-0.073,-0.981,-0.001,-5.79617,-9.24392,6.154
27.17,0,0,0,0,-0.072,-0.983,-0.001,-5.79617,-9.24392,6.154
27.18,0,0,0,0,-0.072,-0.983,-0.001,-5.79617,-9.24392,6.159
27.19,0,0,0,0,-0.072,-0.984,-0.001,-5.79617,-9.24392,6.159
27.2,0,0,0,0,-0.072,-0.985,-0.001,-5.79617,-9.24392,6.159
27.21,0,0,0,0,-0.073,-0.986,-0.001,-5.79617,-9.24392,6.159
27.22,0,0,0,0,-0.074,-0.987,-0.001,-5.79617,-9.24392,6.159
27.23,0,0,0,0,-0.075,-0.987,-0.001,-5.79617,-9.24392,6.159
27.24,0,0,0,0,-0.077,-0.987,-0.001,-5.79617,-9.24392,6.165
27.25,0,0,0,0,-0.079,-0.988,-0.002,-5.79617,-9.24392,6.165
27.26,0,0,0,0,-0.081,-0.988,-0.002,-6.03541,-9.36672,6.165
27.27,0,0,0,0,-0.083,-0.988,-0.002,-6.03541,-9.36672,6.165
27.28,0,0,0,0,-0.086,-0.988,-0.002,-6.03541,-9.36672,6.165
27.29,0,0,0,0,-0.088,-0.988,-0.002,-6.03541,-9.36672,6.165
27.3,0,0,0,0,-0.091,-0.987,-0.002,-6.03541,-9.36672,6.165
27.31,0,0,0,0,-0.095,-0.987,-0.002,-6.03541,-9.36672,6.165
27.32,0,0,0,0,-0.098,-0.986,-0.002,-6.03541,-9.36672,6.165
27.33,0,0,0,0,-0.101,-0.986,-0.002,-6.03541,-9.36672,6.17
27.34,0,0,0,0,-0.105,-0.985,-0.002,-6.03541,-9.36672,6.17
27.35,0,0,0,0,-0.109,-0.983,-0.002,-6.03541,-9.36672,6.17
27.36,0,0,0,0,-0.112,-0.983,-0.002,-6.03541,-9.36672,6.17
27.37,0,0,0,0,-0.115,-0.982,-0.002,-6.03541,-9.36672,6.17
27.38,0,0,0,0,-0.118,-0.982,-0.002,-6.03541,-9.36672,6.17
27.39,0,0,0,0,-0.121,-0.981,-0.002,-6.03541,-9.36672,6.17
27.4,0,0,0,0,-0.125,-0.981,-0.002,-6.03541,-9.36672,6.17
27.41,0,0,0,0,-0.128,-0.98,-0.002,-6.03541,-9.36672,6.17
27.42,0,0,0,0,-0.132,-0.979,-0.002,-6.03541,-9.36672,6.17
27.43,0,0,0,0,-0.136,-0.979,-0.003,-6.03541,-9.36672,6.175
27.44,0,0,0,0,-0.14,-0.978,-0.003,-6.03541,-9.36672,6.175
27.45,0,0,0,0,-0.144,-0.976,-0.003,-6.03541,-9.36672,6.175
27.46,0,0,0,0,-0.149,-0.975,-0.003,-6.03541,-9.36672,6.175
27.47,0,0,0,0,-0.154,-0.974,-0.003,-6.28619,-9.49142,6.175
27.48,0,0,0,0,-0.159,-0.972,-0.003,-6.28619,-9.49142,6.175
27.49,0,0,0,0,-0.164,-0.971,-0.003,-6.28619,-9.49142,6.175
27.5,0,0,0,0,-0.17,-0.969,-0.003,-6.28619,-9.49142,6.175
27.51,0,0,0,0,-0.176,-0.967,-0.003,-6.28619,-9.49142,6.175
27.52,0,0,0,0,-0.182,-0.965,-0.003,-6.28619,-9.49142,6.175
27.53,0,0,0,0,-0.188,-0.963,-0.003,-6.28619,-9.49142,6.175
27.54,0,0,0,0,-0.195,-0.961,-0.004,-6.28619,-9.49142,6.175
27.55,0,0,0,0,-0.202,-0.957,-0.004,-6.28619,-9.49142,6.175
27.56,0,0,0,0,-0.208,-0.954,-0.004,-6.28619,-9.49142,6.175
27.57,0,0,0,0,-0.214,-0.951,-0.004,-6.28619,-9.49142,6.175
27.58,0,0,0,0,-0.22,-0.948,-0.004,-6.28619,-9.49142,6.175
27.59,0,0,0,0,-0.227,-0.945,-0.004,-6.28619,-9.49142,6.175
27.6,0,0,0,0,-0.234,-0.942,-0.004,-6.28619,-9.49142,6.175
27.61,0,0,0,0,-0.24,-0.939,-0.004,-6.28619,-9.49142,6.175
27.62,0,0,0,0,-0.247,-0.936,-0.004,-6.28619,-9.49142,6.175
27.63,0,0,0,0,-0.254,-0.933,-0.004,-6.28619,-9.49142,6.175
27.64,0,0,0,0,-0.261,-0.93,-0.005,-6.28619,-9.49142,6.175
27.65,0,0,0,0,-0.267,-0.927,-0.005,-6.28619,-9.49142,6.175
27.66,0,0,0,0,-0.274,-0.924,-0.005,-6.28619,-9.49142,6.175
27.67,0,0,0,0,-0.28,-0.92,-0.005,-6.52455,-9.60569,6.175
27.68,0,0,0,0,-0.287,-0.917,-0.005,-6.52455,-9.60569,6.178
27.69,0,0,0,0,-0.294,-0.914,-0.005,-6.52455,-9.60569,6.178
27.7,0,0,0,0,-0.3,-0.911,-0.005,-6.52455,-9.60569,6.178
27.71,0,0,0,0,-0.307,-0.908,-0.005,-6.52455,-9.60569,6.178
27.72,0,0,0,0,-0.313,-0.905,-0.005,-6.52455,-9.60569,6.178
27.73,0,0,0,0,-0.32,-0.902,-0.006,-6.52455,-9.60569,6.178
27.74,0,0,0,0,-0.326,-0.899,-0.006,-6.52455,-9.60569,6.178
27.75,0,0,0,0,-0.333,-0.895,-0.006,-6.52455,-9.60569,6.178
27.76,0,0,0,0,-0.339,-0.892,-0.006,-6.52455,-9.60569,6.178
27.77,0,0,0,0,-0.346,-0.889,-0.006,-6.52455,-9.60569,6.178
27.78,0,0,0,0,-0.352,-0.886,-0.006,-6.52455,-9.60569,6.178
27.79,0,0,0,0,-0.359,-0.883,-0.006,-6.52455,-9.60569,6.178
27.8,0,0,0,0,-0.365,-0.88,-0.006,-6.52455,-9.60569,6.178
27.81,0,0,0,0,-0.371,-0.877,-0.006,-6.52455,-9.60569,6.178
27.82,0,0,0,0,-0.378,-0.874,-0.006,-6.52455,-9.60569,6.178
27.83,0,0,0,0,-0.384,-0.871,-0.007,-6.52455,-9.60569,6.178
27.84,0,0,0,0,-0.39,-0.868,-0.007,-6.52455,-9.60569,6.178
27.85,0,0,0,0,-0.397,-0.865,-0.007,-6.52455,-9.60569,6.178
27.86,0,0,0,0,-0.403,-0.862,-0.007,-6.52455,-9.60569,6.178
27.87,0,0,0,0,-0.409,-0.86,-0.007,-6.52455,-9.60569,6.178
27.88,0,0,0,0,-0.415,-0.857,-0.007,-6.77386,-9.71992,6.178
27.89,0,0,0,0,-0.422,-0.854,-0.007,-6.77386,-9.71992,6.178
27.9,0,0,0,0,-0.428,-0.851,-0.007,-6.77386,-9.71992,6.178
27.91,0,0,0,0,-0.434,-0.848,-0.007,-6.77386,-9.71992,6.178
27.92,0,0,0,0,-0.44,-0.844,-0.007,-6.77386,-9.71992,6.178
27.93,0,0,0,0,-0.446,-0.841,-0.007,-6.77386,-9.71992,6.178
27.94,0,0,0,0,-0.452,-0.838,-0.008,-6.77386,-9.71992,6.178
27.95,0,0,0,0,-0.458,-0.835,-0.008,-6.77386,-9.71992,6.178
27.96,0,0,0,0,-0.464,-0.832,-0.008,-6.77386,-9.71992,6.178
27.97,0,0,0,0,-0.471,-0.83,-0.008,-6.77386,-9.71992,6.178
27.98,0,0,0,0,-0.477,-0.827,-0.008,-6.77386,-9.71992,6.178
27.99,0,0,0,0,-0.483,-0.824,-0.008,-6.77386,-9.71992,6.178
28,0,0,0,0,-0.489,-0.821,-0.008,-6.77386,-9.71992,6.178
28.01,0,0,0,0,-0.495,-0.819,-0.008,-6.77386,-9.71992,6.178
28.02,0,0,0,0,-0.501,-0.816,-0.008,-6.77386,-9.71992,6.178
28.03,0,0,0,0,-0.507,-0.813,-0.008,-6.77386,-9.71992,6.178
28.04,0,0,0,0,-0.512,-0.81,-0.008,-6.77386,-9.71992,6.178
28.05,0,0,0,0,-0.518,-0.808,-0.008,-6.77386,-9.71992,6.178
28.06,0,0,0,0,-0.524,-0.805,-0.009,-6.77386,-9.71992,6.178
28.07,0,0,0,0,-0.53,-0.802,-0.009,-6.77386,-9.71992,6.178
28.08,0,0,0,0,-0.536,-0.8,-0.009,-7.00996,-9.82249,6.178
28.09,0,0,0,0,-0.542,-0.797,-0.009,-7.00996,-9.82249,6.178
28.1,0,0,0,0,-0.548,-0.794,-0.009,-7.00996,-9.82249,6.178
28.11,0,0,0,0,-0.554,-0.792,-0.009,-7.00996,-9.82249,6.178
28.12,0,0,0,0,-0.559,-0.787,-0.009,-7.00996,-9.82249,6.178
28.13,0,0,0,0,-0.565,-0.785,-0.009,-7.00996,-9.82249,6.178
28.14,0,0,0,0,-0.571,-0.782,-0.009,-7.00996,-9.82249,6.178
28.15,0,0,0,0,-0.577,-0.779,-0.009,-7.00996,-9.82249,6.178
28.16,0,0,0,0,-0.582,-0.777,-0.009,-7.00996,-9.82249,6.178
28.17,0,0,0,0,-0.588,-0.774,-0.009,-7.00996,-9.82249,6.178
28.18,0,0,0,0,-0.594,-0.771,-0.01,-7.00996,-9.82249,6.178
28.19,0,0,0,0,-0.599,-0.769,-0.01,-7.00996,-9.82249,6.178
28.2,0,0,0,0,-0.605,-0.766,-0.01,-7.00996,-9.82249,6.178
28.21,0,0,0,0,-0.611,-0.764,-0.01,-7.00996,-9.82249,6.175
28.22,0,0,0,0,-0.616,-0.761,-0.01,-7.00996,-9.82249,6.175
28.23,0,0,0,0,-0.622,-0.758,-0.01,-7.00996,-9.82249,6.175
28.24,0,0,0,0,-0.628,-0.756,-0.01,-7.00996,-9.82249,6.175
28.25,0,0,0,0,-0.633,-0.753,-0.01,-7.00996,-9.82249,6.175
28.26,0,0,0,0,-0.639,-0.751,-0.01,-7.00996,-9.82249,6.175
28.27,0,0,0,0,-0.644,-0.748,-0.01,-7.00996,-9.82249,6.175
28.28,0,0,0,0,-0.65,-0.746,-0.01,-7.00996,-9.82249,6.175
28.29,0,0,0,0,-0.655,-0.743,-0.01,-7.2561,-9.92293,6.175
28.3,0,0,0,0,-0.661,-0.741,-0.01,-7.2561,-9.92293,6.175
28.31,0,0,0,0,-0.666,-0.737,-0.01,-7.2561,-9.92293,6.175
28.32,0,0,0,0,-0.672,-0.734,-0.011,-7.2561,-9.92293,6.175
28.33,0,0,0,0,-0.677,-0.732,-0.011,-7.2561,-9.92293,6.175
28.34,0,0,0,0,-0.683,-0.729,-0.011,-7.2561,-9.92293,6.175
28.35,0,0,0,0,-0.688,-0.727,-0.011,-7.2561,-9.92293,6.175
28.36,0,0,0,0,-0.693,-0.724,-0.011,-7.2561,-9.92293,6.175
28.37,0,0,0,0,-0.699,-0.722,-0.011,-7.2561,-9.92293,6.175
28.38,0,0,0,0,-0.704,-0.719,-0.011,-7.2561,-9.92293,6.175
28.39,0,0,0,0,-0.71,-0.717,-0.011,-7.2561,-9.92293,6.175
28.4,0,0,0,0,-0.715,-0.714,-0.011,-7.2561,-9.92293,6.175
28.41,0,0,0,0,-0.72,-0.712,-0.011,-7.2561,-9.92293,6.175
28.42,0,0,0,0,-0.725,-0.709,-0.011,-7.2561,-9.92293,6.175
28.43,0,0,0,0,-0.731,-0.707,-0.011,-7.2561,-9.92293,6.175
28.44,0,0,0,0,-0.736,-0.705,-0.011,-7.2561,-9.92293,6.175
28.45,0,0,0,0,-0.741,-0.702,-0.011,-7.2561,-9.92293,6.175
28.46,0,0,0,0,-0.747,-0.7,-0.012,-7.2561,-9.92293,6.175
28.47,0,0,0,0,-0.752,-0.697,-0.012,-7.2561,-9.92293,6.175
28.48,0,0,0,0,-0.757,-0.695,-0.012,-7.2561,-9.92293,6.175
28.49,0,0,0,0,-0.762,-0.693,-0.012,-7.4885,-10.01111,6.175
28.5,0,0,0,0,-0.767,-0.69,-0.012,-7.4885,-10.01111,6.175
28.51,0,0,0,0,-0.773,-0.686,-0.012,-7.4885,-10.01111,6.175
28.52,0,0,0,0,-0.778,-0.684,-0.012,-7.4885,-10.01111,6.175
28.53,0,0,0,0,-0.783,-0.682,-0.012,-7.4885,-10.01111,6.175
28.54,0,0,0,0,-0.79,-0.68,-0.012,-7.4885,-10.01111,6.175
28.55,0,0,0,0,-0.796,-0.679,-0.012,-7.4885,-10.01111,6.175
28.56,0,0,0,0,-0.803,-0.677,-0.012,-7.4885,-10.01111,6.175
28.57,0,0,0,0,-0.81,-0.676,-0.012,-7.4885,-10.01111,6.175
28.58,0,0,0,0,-0.816,-0.674,-0.012,-7.4885,-10.01111,6.175
28.59,0,0,0,0,-0.823,-0.673,-0.012,-7.4885,-10.01111,6.175
28.6,0,0,0,0,-0.83,-0.671,-0.012,-7.4885,-10.01111,6.175
28.61,0,0,0,0,-0.836,-0.67,-0.013,-7.4885,-10.01111,6.175
28.62,0,0,0,0,-0.843,-0.668,-0.013,-7.4885,-10.01111,6.175
28.63,0,0,0,0,-0.849,-0.667,-0.013,-7.4885,-10.01111,6.175
28.64,0,0,0,0,-0.856,-0.665,-0.013,-7.4885,-10.01111,6.175
28.65,0,0,0,0,-0.862,-0.664,-0.013,-7.4885,-10.01111,6.175
28.66,0,0,0,0,-0.869,-0.662,-0.013,-7.4885,-10.01111,6.175
28.67,0,0,0,0,-0.876,-0.661,-0.013,-7.4885,-10.01111,6.175
28.68,0,0,0,0,-0.882,-0.659,-0.013,-7.4885,-10.01111,6.175
28.69,0,0,0,0,-0.888,-0.658,-0.013,-7.4885,-10.01111,6.175
28.7,0,0,0,0,-0.895,-0.656,-0.013,-7.73005,-10.09538,6.175
28.71,0,0,0,0,-0.901,-0.653,-0.013,-7.73005,-10.09538,6.175
28.72,0,0,0,0,-0.908,-0.651,-0.013,-7.73005,-10.09538,6.17
28.73,0,0,0,0,-0.916,-0.65,-0.013,-7.73005,-10.09538,6.17
28.74,0,0,0,0,-0.923,-0.648,-0.014,-7.73005,-10.09538,6.17
28.75,0,0,0,0,-0.93,-0.646,-0.014,-7.73005,-10.09538,6.17
28.76,0,0,0,0,-0.937,-0.644,-0.014,-7.73005,-10.09538,6.17
28.77,0,0,0,0,-0.944,-0.642,-0.014,-7.73005,-10.09538,6.17
28.78,0,0,0,0,-0.951,-0.641,-0.014,-7.73005,-10.09538,6.17
28.79,0,0,0,0,-0.958,-0.639,-0.014,-7.73005,-10.09538,6.17
28.8,0,0,0,0,-0.965,-0.637,-0.014,-7.73005,-10.09538,6.17
28.81,0,0,0,0,-0.972,-0.635,-0.014,-7.73005,-10.09538,6.17
28.82,0,0,0,0,-0.979,-0.633,-0.014,-7.73005,-10.09538,6.17
28.83,0,0,0,0,-0.986,-0.632,-0.014,-7.73005,-10.09538,6.17
28.84,0,0,0,0,-0.994,-0.629,-0.014,-7.73005,-10.09538,6.17
28.85,0,0,0,0,-1.001,-0.627,-0.014,-7.73005,-10.09538,6.17
28.86,0,0,0,0,-1.009,-0.625,-0.015,-7.73005,-10.09538,6.17
28.87,0,0,0,0,-1.017,-0.623,-0.015,-7.73005,-10.09538,6.17
28.88,0,0,0,0,-1.024,-0.621,-0.015,-7.73005,-10.09538,6.17
28.89,0,0,0,0,-1.031,-0.618,-0.015,-7.73005,-10.09538,6.17
28.9,0,0,0,0,-1.04,-0.615,-0.015,-7.73005,-10.09538,6.17
28.91,0,0,0,0,-1.048,-0.613,-0.015,-7.96896,-10.17042,6.17
28.92,0,0,0,0,-1.056,-0.61,-0.015,-7.96896,-10.17042,6.17
28.93,0,0,0,0,-1.064,-0.608,-0.015,-7.96896,-10.17042,6.17
28.94,0,0,0,0,-1.073,-0.605,-0.015,-7.96896,-10.17042,6.17
28.95,0,0,0,0,-1.081,-0.603,-0.015,-7.96896,-10.17042,6.17
28.96,0,0,0,0,-1.089,-0.6,-0.015,-7.96896,-10.17042,6.17
28.97,0,0,0,0,-1.097,-0.598,-0.015,-7.96896,-10.17042,6.165
28.98,0,0,0,0,-1.106,-0.595,-0.016,-7.96896,-10.17042,6.165
28.99,0,0,0,0,-1.114,-0.593,-0.016,-7.96896,-10.17042,6.165
29,0,0,0,0,-1.122,-0.59,-0.016,-7.96896,-10.17042,6.165
29.01,0,0,0,0,-1.13,-0.588,-0.016,-7.96896,-10.17042,6.165
29.02,0,0,0,0,-1.138,-0.585,-0.016,-7.96896,-10.17042,6.165
29.03,0,0,0,0,-1.146,-0.583,-0.016,-7.96896,-10.17042,6.165
29.04,0,0,0,0,-1.154,-0.581,-0.016,-7.96896,-10.17042,6.165
29.05,0,0,0,0,-1.162,-0.578,-0.016,-7.96896,-10.17042,6.165
29.06,0,0,0,0,-1.17,-0.576,-0.016,-7.96896,-10.17042,6.165
29.07,0,0,0,0,-1.178,-0.573,-0.016,-7.96896,-10.17042,6.165
29.08,0,0,0,0,-1.184,-0.57,-0.016,-7.96896,-10.17042,6.165
29.09,0,0,0,0,-1.192,-0.568,-0.016,-7.96896,-10.17042,6.165
29.1,0,0,0,0,-1.2,-0.565,-0.017,-7.96896,-10.17042,6.165
29.11,0,0,0,0,-1.208,-0.563,-0.017,-8.19384,-10.23245,6.165
29.12,0,0,0,0,-1.216,-0.561,-0.017,-8.19384,-10.23245,6.165
29.13,0,0,0,0,-1.224,-0.558,-0.017,-8.19384,-10.23245,6.165
29.14,0,0,0,0,-1.232,-0.556,-0.017,-8.19384,-10.23245,6.165
29.15,0,0,0,0,-1.239,-0.554,-0.017,-8.19384,-10.23245,6.165
29.16,0,0,0,0,-1.247,-0.551,-0.017,-8.19384,-10.23245,6.165
29.17,0,0,0,0,-1.255,-0.549,-0.017,-8.19384,-10.23245,6.165
29.18,0,0,0,0,-1.263,-0.547,-0.017,-8.19384,-10.23245,6.165
29.19,0,0,0,0,-1.27,-0.544,-0.017,-8.19384,-10.23245,6.165
29.2,0,0,0,0,-1.278,-0.542,-0.017,-8.19384,-10.23245,6.165
29.21,0,0,0,0,-1.286,-0.54,-0.017,-8.19384,-10.23245,6.165
29.22,0,0,0,0,-1.293,-0.538,-0.017,-8.19384,-10.23245,6.165
29.23,0,0,0,0,-1.301,-0.535,-0.017,-8.19384,-10.23245,6.165
29.24,0,0,0,0,-1.308,-0.533,-0.018,-8.19384,-10.23245,6.165
29.25,0,0,0,0,-1.316,-0.531,-0.018,-8.19384,-10.23245,6.165
29.26,0,0,0,0,-1.323,-0.528,-0.018,-8.19384,-10.23245,6.165
29.27,0,0,0,0,-1.331,-0.526,-0.018,-8.19384,-10.23245,6.165
29.28,0,0,0,0,-1.335,-0.522,-0.018,-8.19384,-10.23245,6.165
29.29,0,0,0,0,-1.341,-0.519,-0.018,-8.19384,-10.23245,6.165
29.3,0,0,0,0,-1.347,-0.516,-0.018,-8.19384,-10.23245,6.159
29.31,0,0,0,0,-1.353,-0.513,-0.018,-8.19384,-10.23245,6.159
29.32,0,0,0,0,-1.359,-0.51,-0.018,-8.42689,-10.28665,6.159
29.33,0,0,0,0,-1.365,-0.507,-0.018,-8.42689,-10.28665,6.159
29.34,0,0,0,0,-1.37,-0.504,-0.018,-8.42689,-10.28665,6.159
29.35,0,0,0,0,-1.376,-0.501,-0.018,-8.42689,-10.28665,6.159
29.36,0,0,0,0,-1.382,-0.499,-0.018,-8.42689,-10.28665,6.159
29.37,0,0,0,0,-1.388,-0.496,-0.018,-8.42689,-10.28665,6.159
29.38,0,0,0,0,-1.393,-0.493,-0.018,-8.42689,-10.28665,6.159
29.39,0,0,0,0,-1.399,-0.49,-0.018,-8.42689,-10.28665,6.159
29.4,0,0,0,0,-1.403,-0.487,-0.018,-8.42689,-10.28665,6.159
29.41,0,0,0,0,-1.407,-0.484,-0.018,-8.42689,-10.28665,6.159
29.42,0,0,0,0,-1.411,-0.481,-0.018,-8.42689,-10.28665,6.159
29.43,0,0,0,0,-1.416,-0.478,-0.018,-8.42689,-10.28665,6.159
29.44,0,0,0,0,-1.42,-0.475,-0.019,-8.42689,-10.28665,6.159
29.45,0,0,0,0,-1.424,-0.472,-0.019,-8.42689,-10.28665,6.159
29.46,0,0,0,0,-1.428,-0.469,-0.019,-8.42689,-10.28665,6.159
29.47,0,0,0,0,-1.432,-0.467,-0.019,-8.42689,-10.28665,6.159
29.48,0,0,0,0,-1.434,-0.463,-0.019,-8.42689,-10.28665,6.159
29.49,0,0,0,0,-1.438,-0.46,-0.019,-8.42689,-10.28665,6.159
29.5,0,0,0,0,-1.442,-0.457,-0.019,-8.42689,-10.28665,6.159
29.51,0,0,0,0,-1.446,-0.454,-0.019,-8.42689,-10.28665,6.159
29.52,0,0,0,0,-1.45,-0.452,-0.019,-8.64565,-10.32705,6.159
29.53,0,0,0,0,-1.454,-0.449,-0.019,-8.64565,-10.32705,6.159
29.54,0,0,0,0,-1.458,-0.446,-0.019,-8.64565,-10.32705,6.159
29.55,0,0,0,0,-1.462,-0.443,-0.019,-8.64565,-10.32705,6.159
29.56,0,0,0,0,-1.466,-0.44,-0.019,-8.64565,-10.32705,6.159
29.57,0,0,0,0,-1.47,-0.438,-0.019,-8.64565,-10.32705,6.159
29.58,0,0,0,0,-1.474,-0.435,-0.019,-8.64565,-10.32705,6.159
29.59,0,0,0,0,-1.478,-0.432,-0.019,-8.64565,-10.32705,6.159
29.6,0,0,0,0,-1.481,-0.429,-0.019,-8.64565,-10.32705,6.159
29.61,0,0,0,0,-1.485,-0.427,-0.019,-8.64565,-10.32705,6.159
29.62,0,0,0,0,-1.489,-0.424,-0.019,-8.64565,-10.32705,6.159
29.63,0,0,0,0,-1.493,-0.421,-0.019,-8.64565,-10.32705,6.159
29.64,0,0,0,0,-1.497,-0.418,-0.019,-8.64565,-10.32705,6.159
29.65,0,0,0,0,-1.501,-0.416,-0.019,-8.64565,-10.32705,6.159
29.66,0,0,0,0,-1.503,-0.412,-0.019,-8.64565,-10.32705,6.159
29.67,0,0,0,0,-1.507,-0.41,-0.019,-8.64565,-10.32705,6.159
29.68,0,0,0,0,-1.51,-0.407,-0.019,-8.64565,-10.32705,6.159
29.69,0,0,0,0,-1.514,-0.404,-0.019,-8.64565,-10.32705,6.159
29.7,0,0,0,0,-1.518,-0.402,-0.019,-8.64565,-10.32705,6.159
29.71,0,0,0,0,-1.522,-0.399,-0.019,-8.64565,-10.32705,6.159
29.72,0,0,0,0,-1.525,-0.396,-0.019,-8.64565,-10.32705,6.159
29.73,0,0,0,0,-1.529,-0.394,-0.019,-8.87162,-10.35753,6.159
29.74,0,0,0,0,-1.533,-0.391,-0.019,-8.87162,-10.35753,6.159
29.75,0,0,0,0,-1.537,-0.388,-0.019,-8.87162,-10.35753,6.159
29.76,0,0,0,0,-1.54,-0.386,-0.019,-8.87162,-10.35753,6.159
29.77,0,0,0,0,-1.544,-0.383,-0.019,-8.87162,-10.35753,6.159
29.78,0,0,0,0,-1.548,-0.381,-0.019,-8.87162,-10.35753,6.159
29.79,0,0,0,0,-1.551,-0.378,-0.02,-8.87162,-10.35753,6.159
29.8,0,0,0,0,-1.555,-0.375,-0.02,-8.87162,-10.35753,6.159
29.81,0,0,0,0,-1.559,-0.373,-0.02,-8.87162,-10.35753,6.159
29.82,0,0,0,0,-1.562,-0.37,-0.02,-8.87162,-10.35753,6.159
29.83,0,0,0,0,-1.566,-0.368,-0.02,-8.87162,-10.35753,6.159
29.84,0,0,0,0,-1.57,-0.365,-0.02,-8.87162,-10.35753,6.159
29.85,0,0,0,0,-1.573,-0.363,-0.02,-8.87162,-10.35753,6.159
29.86,0,0,0,0,-1.577,-0.36,-0.02,-8.87162,-10.35753,6.159
29.87,0,0,0,0,-1.579,-0.357,-0.02,-8.87162,-10.35753,6.159
29.88,0,0,0,0,-1.582,-0.355,-0.02,-8.87162,-10.35753,6.159
29.89,0,0,0,0,-1.584,-0.352,-0.02,-8.87162,-10.35753,6.159
29.9,0,0,0,0,-1.587,-0.35,-0.02,-8.87162,-10.35753,6.159
29.91,0,0,0,0,-1.59,-0.348,-0.02,-8.87162,-10.35753,6.159
29.92,0,0,0,0,-1.593,-0.346,-0.02,-8.87162,-10.35753,6.159
29.93,0,0,0,0,-1.595,-0.344,-0.02,-9.08299,-10.37502,6.159
29.94,0,0,0,0,-1.598,-0.342,-0.02,-9.08299,-10.37502,6.159
29.95,0,0,0,0,-1.599,-0.339,-0.02,-9.08299,-10.37502,6.159
29.96,0,0,0,0,-1.6,-0.336,-0.02,-9.08299,-10.37502,6.159
29.97,0,0,0,0,-1.602,-0.333,-0.02,-9.08299,-10.37502,6.159
29.98,0,0,0,0,-1.602,-0.33,-0.02,-9.08299,-10.37502,6.159
29.99,0,0,0,0,-1.602,-0.327,-0.02,-9.08299,-10.37502,6.159
30,0,0,0,0,-1.602,-0.323,-0.02,-9.08299,-10.37502,6.159
30.01,0,0,0,0,-1.601,-0.32,-0.02,-9.08299,-10.37502,6.159
30.02,0,0,0,0,-1.601,-0.316,-0.02,-9.08299,-10.37502,6.165
30.03,0,0,0,0,-1.6,-0.312,-0.02,-9.08299,-10.37502,6.165
30.04,0,0,0,0,-1.6,-0.309,-0.02,-9.08299,-10.37502,6.165
30.05,0,0,0,0,-1.597,-0.303,-0.02,-9.08299,-10.37502,6.165
30.06,0,0,0,0,-1.595,-0.299,-0.02,-9.08299,-10.37502,6.165
30.07,0,0,0,0,-1.593,-0.295,-0.02,-9.08299,-10.37502,6.165
30.08,0,0,0,0,-1.591,-0.29,-0.02,-9.08299,-10.37502,6.165
30.09,0,0,0,0,-1.588,-0.286,-0.02,-9.08299,-10.37502,6.165
30.1,0,0,0,0,-1.585,-0.281,-0.02,-9.08299,-10.37502,6.165
30.11,0,0,0,0,-1.581,-0.275,-0.02,-9.08299,-10.37502,6.165
30.12,0,0,0,0,-1.578,-0.27,-0.02,-9.08299,-10.37502,6.165
30.13,0,0,0,0,-1.574,-0.265,-0.02,-9.08299,-10.37502,6.165
30.14,0,0,0,0,-1.57,-0.26,-0.02,-9.30081,-10.38073,6.165
30.15,0,0,0,0,-1.566,-0.255,-0.02,-9.30081,-10.38073,6.165
30.16,0,0,0,0,-1.562,-0.25,-0.02,-9.30081,-10.38073,6.165
30.17,0,0,0,0,-1.558,-0.244,-0.02,-9.30081,-10.38073,6.165
30.18,0,0,0,0,-1.553,-0.239,-0.02,-9.30081,-10.38073,6.17
30.19,0,0,0,0,-1.549,-0.234,-0.02,-9.30081,-10.38073,6.17
30.2,0,0,0,0,-1.545,-0.228,-0.02,-9.30081,-10.38073,6.17
30.21,0,0,0,0,-1.541,-0.223,-0.02,-9.30081,-10.38073,6.17
30.22,0,0,0,0,-1.536,-0.218,-0.02,-9.30081,-10.38073,6.17
30.23,0,0,0,0,-1.532,-0.212,-0.02,-9.30081,-10.38073,6.17
30.24,0,0,0,0,-1.528,-0.207,-0.02,-9.30081,-10.38073,6.17
30.25,0,0,0,0,-1.524,-0.2,-0.019,-9.30081,-10.38073,6.17
30.26,0,0,0,0,-1.52,-0.195,-0.019,-9.30081,-10.38073,6.17
30.27,0,0,0,0,-1.517,-0.189,-0.019,-9.30081,-10.38073,6.17
30.28,0,0,0,0,-1.514,-0.183,-0.019,-9.30081,-10.38073,6.17
30.29,0,0,0,0,-1.51,-0.178,-0.019,-9.30081,-10.38073,6.17
30.3,0,0,0,0,-1.507,-0.172,-0.019,-9.30081,-10.38073,6.17
30.31,0,0,0,0,-1.503,-0.166,-0.019,-9.30081,-10.38073,6.17
30.32,0,0,0,0,-1.499,-0.16,-0.019,-9.30081,-10.38073,6.175
30.33,0,0,0,0,-1.495,-0.154,-0.019,-9.30081,-10.38073,6.175
30.34,0,0,0,0,-1.49,-0.148,-0.019,-9.50383,-10.37496,6.175
30.35,0,0,0,0,-1.485,-0.142,-0.019,-9.50383,-10.37496,6.175
30.36,0,0,0,0,-1.478,-0.135,-0.019,-9.50383,-10.37496,6.175
30.37,0,0,0,0,-1.472,-0.128,-0.019,-9.50383,-10.37496,6.175
30.38,0,0,0,0,-1.466,-0.12,-0.019,-9.50383,-10.37496,6.175
30.39,0,0,0,0,-1.458,-0.113,-0.019,-9.50383,-10.37496,6.175
30.4,0,0,0,0,-1.45,-0.105,-0.019,-9.50383,-10.37496,6.175
30.41,0,0,0,0,-1.442,-0.097,-0.019,-9.50383,-10.37496,6.175
30.42,0,0,0,0,-1.432,-0.089,-0.019,-9.50383,-10.37496,6.178
30.43,0,0,0,0,-1.423,-0.08,-0.019,-9.50383,-10.37496,6.178
30.44,0,0,0,0,-1.413,-0.072,-0.019,-9.50383,-10.37496,6.178
30.45,0,0,0,0,-1.404,-0.063,-0.019,-9.50383,-10.37496,6.178
30.46,0,0,0,0,-1.394,-0.053,-0.019,-9.50383,-10.37496,6.178
30.47,0,0,0,0,-1.383,-0.044,-0.019,-9.50383,-10.37496,6.178
30.48,0,0,0,0,-1.373,-0.035,-0.019,-9.50383,-10.37496,6.178
30.49,0,0,0,0,-1.363,-0.027,-0.019,-9.50383,-10.37496,6.183
30.5,0,0,0,0,-1.353,-0.018,-0.019,-9.50383,-10.37496,6.183
30.51,0,0,0,0,-1.344,-0.009,-0.019,-9.50383,-10.37496,6.183
30.52,0,0,0,0,-1.335,0,-0.019,-9.50383,-10.37496,6.183
30.53,0,0,0,0,-1.326,0.009,-0.019,-9.50383,-10.37496,6.183
30.54,0,0,0,0,-1.316,0.018,-0.019,-9.50383,-10.37496,6.183
30.55,0,0,0,0,-1.307,0.027,-0.019,-9.71172,-10.3579,6.183
30.56,0,0,0,0,-1.298,0.036,-0.019,-9.71172,-10.3579,6.183
30.57,0,0,0,0,-1.289,0.045,-0.019,-9.71172,-10.3579,6.188
30.58,0,0,0,0,-1.28,0.054,-0.019,-9.71172,-10.3579,6.188
30.59,0,0,0,0,-1.271,0.063,-0.019,-9.71172,-10.3579,6.188
30.6,0,0,0,0,-1.262,0.072,-0.019,-9.71172,-10.3579,6.188
30.61,0,0,0,0,-1.253,0.082,-0.019,-9.71172,-10.3579,6.188
30.62,0,0,0,0,-1.244,0.091,-0.019,-9.71172,-10.3579,6.188
30.63,0,0,0,0,-1.235,0.1,-0.019,-9.71172,-10.3579,6.188
30.64,0,0,0,0,-1.226,0.108,-0.019,-9.71172,-10.3579,6.188
30.65,0,0,0,0,-1.218,0.117,-0.019,-9.71172,-10.3579,6.194
30.66,0,0,0,0,-1.209,0.126,-0.019,-9.71172,-10.3579,6.194
30.67,0,0,0,0,-1.2,0.135,-0.019,-9.71172,-10.3579,6.194
30.68,0,0,0,0,-1.191,0.143,-0.019,-9.71172,-10.3579,6.194
30.69,0,0,0,0,-1.182,0.152,-0.019,-9.71172,-10.3579,6.194
30.7,0,0,0,0,-1.174,0.16,-0.019,-9.71172,-10.3579,6.194
30.71,0,0,0,0,-1.165,0.169,-0.019,-9.71172,-10.3579,6.194
30.72,0,0,0,0,-1.156,0.178,-0.019,-9.71172,-10.3579,6.194
30.73,0,0,0,0,-1.148,0.186,-0.02,-9.71172,-10.3579,6.196
30.74,0,0,0,0,-1.139,0.195,-0.02,-9.71172,-10.3579,6.196
30.75,0,0,0,0,-1.13,0.203,-0.02,-9.90342,-10.33322,6.196
30.76,0,0,0,0,-1.122,0.211,-0.02,-9.90342,-10.33322,6.196
30.77,0,0,0,0,-1.113,0.22,-0.02,-9.90342,-10.33322,6.196
30.78,0,0,0,0,-1.105,0.228,-0.02,-9.90342,-10.33322,6.196
30.79,0,0,0,0,-1.096,0.237,-0.02,-9.90342,-10.33322,6.196
30.8,0,0,0,0,-1.088,0.245,-0.02,-9.90342,-10.33322,6.196
30.81,0,0,0,0,-1.079,0.253,-0.02,-9.90342,-10.33322,6.196
30.82,0,0,0,0,-1.072,0.264,-0.02,-9.90342,-10.33322,6.202
30.83,0,0,0,0,-1.064,0.272,-0.02,-9.90342,-10.33322,6.202
30.84,0,0,0,0,-1.057,0.281,-0.02,-9.90342,-10.33322,6.202
30.85,0,0,0,0,-1.049,0.289,-0.02,-9.90342,-10.33322,6.202
30.86,0,0,0,0,-1.042,0.298,-0.02,-9.90342,-10.33322,6.202
30.87,0,0,0,0,-1.034,0.307,-0.02,-9.90342,-10.33322,6.202
30.88,0,0,0,0,-1.027,0.315,-0.02,-9.90342,-10.33322,6.202
30.89,0,0,0,0,-1.019,0.324,-0.02,-9.90342,-10.33322,6.202
30.9,0,0,0,0,-1.012,0.332,-0.02,-9.90342,-10.33322,6.207
30.91,0,0,0,0,-1.004,0.341,-0.02,-9.90342,-10.33322,6.207
30.92,0,0,0,0,-0.998,0.349,-0.02,-9.90342,-10.33322,6.207
30.93,0,0,0,0,-0.991,0.358,-0.02,-9.90342,-10.33322,6.207
30.94,0,0,0,0,-0.984,0.367,-0.02,-9.90342,-10.33322,6.207
30.95,0,0,0,0,-0.978,0.376,-0.02,-9.90342,-10.33322,6.207
30.96,0,0,0,0,-0.971,0.384,-0.02,-10.09699,-10.30016,6.207
30.97,0,0,0,0,-0.965,0.393,-0.02,-10.09699,-10.30016,6.207
30.98,0,0,0,0,-0.958,0.402,-0.02,-10.09699,-10.30016,6.207
30.99,0,0,0,0,-0.952,0.41,-0.02,-10.09699,-10.30016,6.207
31,0,0,0,0,-0.946,0.421,-0.021,-10.09699,-10.30016,6.212
31.01,0,0,0,0,-0.94,0.43,-0.021,-10.09699,-10.30016,6.212
31.02,0,0,0,0,-0.933,0.438,-0.021,-10.09699,-10.30016,6.212
31.03,0,0,0,0,-0.927,0.447,-0.021,-10.09699,-10.30016,6.212
31.04,0,0,0,0,-0.921,0.455,-0.021,-10.09699,-10.30016,6.212
31.05,0,0,0,0,-0.915,0.463,-0.021,-10.09699,-10.30016,6.212
31.06,0,0,0,0,-0.909,0.471,-0.021,-10.09699,-10.30016,6.212
31.07,0,0,0,0,-0.905,0.48,-0.021,-10.09699,-10.30016,6.212
31.08,0,0,0,0,-0.9,0.488,-0.021,-10.09699,-10.30016,6.212
31.09,0,0,0,0,-0.896,0.497,-0.021,-10.09699,-10.30016,6.212
31.1,0,0,0,0,-0.893,0.506,-0.021,-10.09699,-10.30016,6.217
31.11,0,0,0,0,-0.891,0.516,-0.021,-10.09699,-10.30016,6.217
31.12,0,0,0,0,-0.888,0.525,-0.021,-10.09699,-10.30016,6.217
31.13,0,0,0,0,-0.887,0.535,-0.021,-10.09699,-10.30016,6.217
31.14,0,0,0,0,-0.885,0.545,-0.021,-10.09699,-10.30016,6.217
31.15,0,0,0,0,-0.884,0.554,-0.021,-10.09699,-10.30016,6.217
31.16,0,0,0,0,-0.883,0.565,-0.021,-10.27305,-10.26329,6.217
31.17,0,0,0,0,-0.882,0.575,-0.021,-10.27305,-10.26329,6.217
31.18,0,0,0,0,-0.881,0.585,-0.021,-10.27305,-10.26329,6.217
31.19,0,0,0,0,-0.881,0.595,-0.021,-10.27305,-10.26329,6.217
31.2,0,0,0,0,-0.882,0.606,-0.021,-10.27305,-10.26329,6.217
31.21,0,0,0,0,-0.884,0.619,-0.021,-10.27305,-10.26329,6.217
31.22,0,0,0,0,-0.885,0.63,-0.021,-10.27305,-10.26329,6.217
31.23,0,0,0,0,-0.885,0.64,-0.021,-10.27305,-10.26329,6.217
31.24,0,0,0,0,-0.886,0.652,-0.021,-10.27305,-10.26329,6.217
31.25,0,0,0,0,-0.886,0.663,-0.021,-10.27305,-10.26329,6.217
31.26,0,0,0,0,-0.887,0.674,-0.021,-10.27305,-10.26329,6.217
31.27,0,0,0,0,-0.889,0.686,-0.021,-10.27305,-10.26329,6.22
31.28,0,0,0,0,-0.889,0.696,-0.021,-10.27305,-10.26329,6.22
31.29,0,0,0,0,-0.889,0.706,-0.021,-10.27305,-10.26329,6.22
31.3,0,0,0,0,-0.887,0.716,-0.021,-10.27305,-10.26329,6.22
31.31,0,0,0,0,-0.885,0.724,-0.021,-10.27305,-10.26329,6.22
31.32,0,0,0,0,-0.883,0.733,-0.021,-10.27305,-10.26329,6.22
31.33,0,0,0,0,-0.88,0.742,-0.021,-10.27305,-10.26329,6.22
31.34,0,0,0,0,-0.876,0.752,-0.021,-10.27305,-10.26329,6.22
31.35,0,0,0,0,-0.87,0.759,-0.021,-10.27305,-10.26329,6.225
31.36,0,0,0,0,-0.862,0.767,-0.021,-10.27305,-10.26329,6.225
31.37,0,0,0,0,-0.854,0.775,-0.021,-10.44806,-10.21943,6.225
31.38,0,0,0,0,-0.845,0.783,-0.022,-10.44806,-10.21943,6.225
31.39,0,0,0,0,-0.836,0.789,-0.022,-10.44806,-10.21943,6.225
31.4,0,0,0,0,-0.825,0.795,-0.022,-10.44806,-10.21943,6.231
31.41,0,0,0,0,-0.813,0.799,-0.022,-10.44806,-10.21943,6.231
31.42,0,0,0,0,-0.801,0.802,-0.022,-10.44806,-10.21943,6.231
31.43,0,0,0,0,-0.789,0.804,-0.022,-10.44806,-10.21943,6.231
31.44,0,0,0,0,-0.775,0.806,-0.023,-10.44806,-10.21943,6.236
31.45,0,0,0,0,-0.762,0.806,-0.023,-10.44806,-10.21943,6.236
31.46,0,0,0,0,-0.748,0.805,-0.023,-10.44806,-10.21943,6.236
31.47,0,0,0,0,-0.734,0.804,-0.023,-10.44806,-10.21943,6.236
31.48,0,0,0,0,-0.72,0.802,-0.023,-10.44806,-10.21943,6.239
31.49,0,0,0,0,-0.708,0.798,-0.023,-10.44806,-10.21943,6.239
31.5,0,0,0,0,-0.695,0.794,-0.024,-10.44806,-10.21943,6.239
31.51,0,0,0,0,-0.683,0.789,-0.024,-10.44806,-10.21943,6.239
31.52,0,0,0,0,-0.673,0.782,-0.024,-10.44806,-10.21943,6.239
31.53,0,0,0,0,-0.662,0.774,-0.024,-10.44806,-10.21943,6.244
31.54,0,0,0,0,-0.654,0.765,-0.024,-10.44806,-10.21943,6.244
31.55,0,0,0,0,-0.646,0.756,-0.024,-10.44806,-10.21943,6.244
31.56,0,0,0,0,-0.638,0.746,-0.024,-10.44806,-10.21943,6.244
31.57,0,0,0,0,-0.632,0.734,-0.025,-10.44806,-10.21943,6.244
31.58,0,0,0,0,-0.628,0.722,-0.025,-10.61057,-10.17002,6.249
31.59,0,0,0,0,-0.623,0.71,-0.025,-10.61057,-10.17002,6.249
31.6,0,0,0,0,-0.62,0.698,-0.025,-10.61057,-10.17002,6.249
31.61,0,0,0,0,-0.618,0.685,-0.025,-10.61057,-10.17002,6.249
31.62,0,0,0,0,-0.617,0.671,-0.025,-10.61057,-10.17002,6.249
31.63,0,0,0,0,-0.616,0.657,-0.025,-10.61057,-10.17002,6.249
31.64,0,0,0,0,-0.617,0.643,-0.025,-10.61057,-10.17002,6.249
31.65,0,0,0,0,-0.618,0.628,-0.025,-10.61057,-10.17002,6.249
31.66,0,0,0,0,-0.618,0.612,-0.025,-10.61057,-10.17002,6.254
31.67,0,0,0,0,-0.621,0.596,-0.025,-10.61057,-10.17002,6.254
31.68,0,0,0,0,-0.623,0.58,-0.025,-10.61057,-10.17002,6.254
31.69,0,0,0,0,-0.625,0.562,-0.025,-10.61057,-10.17002,6.254
31.7,0,0,0,0,-0.629,0.545,-0.025,-10.61057,-10.17002,6.254
31.71,0,0,0,0,-0.635,0.528,-0.025,-10.61057,-10.17002,6.254
31.72,0,0,0,0,-0.641,0.511,-0.024,-10.61057,-10.17002,6.254
31.73,0,0,0,0,-0.648,0.493,-0.024,-10.61057,-10.17002,6.254
31.74,0,0,0,0,-0.656,0.475,-0.024,-10.61057,-10.17002,6.254
31.75,0,0,0,0,-0.666,0.457,-0.024,-10.61057,-10.17002,6.254
31.76,0,0,0,0,-0.677,0.439,-0.024,-10.61057,-10.17002,6.254
31.77,0,0,0,0,-0.688,0.422,-0.024,-10.61057,-10.17002,6.254
31.78,0,0,0,0,-0.699,0.405,-0.024,-10.75505,-10.12136,6.254
31.79,0,0,0,0,-0.712,0.387,-0.024,-10.75505,-10.12136,6.254
31.8,0,0,0,0,-0.726,0.372,-0.024,-10.75505,-10.12136,6.254
31.81,0,0,0,0,-0.739,0.357,-0.024,-10.75505,-10.12136,6.254
31.82,0,0,0,0,-0.753,0.342,-0.024,-10.75505,-10.12136,6.254
31.83,0,0,0,0,-0.768,0.328,-0.024,-10.75505,-10.12136,6.254
31.84,0,0,0,0,-0.783,0.312,-0.023,-10.75505,-10.12136,6.254
31.85,0,0,0,0,-0.797,0.298,-0.023,-10.75505,-10.12136,6.254
31.86,0,0,0,0,-0.813,0.284,-0.023,-10.75505,-10.12136,6.254
31.87,0,0,0,0,-0.827,0.27,-0.023,-10.75505,-10.12136,6.254
31.88,0,0,0,0,-0.84,0.257,-0.023,-10.75505,-10.12136,6.254
31.89,0,0,0,0,-0.855,0.243,-0.023,-10.75505,-10.12136,6.254
31.9,0,0,0,0,-0.867,0.229,-0.023,-10.75505,-10.12136,6.254
31.91,0,0,0,0,-0.88,0.215,-0.023,-10.75505,-10.12136,6.254
31.92,0,0,0,0,-0.889,0.203,-0.023,-10.75505,-10.12136,6.26
31.93,0,0,0,0,-0.898,0.19,-0.023,-10.75505,-10.12136,6.26
31.94,0,0,0,0,-0.907,0.177,-0.023,-10.75505,-10.12136,6.26
31.95,0,0,0,0,-0.915,0.165,-0.023,-10.75505,-10.12136,6.26
31.96,0,0,0,0,-0.923,0.153,-0.023,-10.75505,-10.12136,6.26
31.97,0,0,0,0,-0.928,0.143,-0.023,-10.75505,-10.12136,6.26
31.98,0,0,0,0,-0.933,0.132,-0.023,-10.75505,-10.12136,6.26
31.99,0,0,0,0,-0.937,0.121,-0.023,-10.89968,-10.06691,6.26
32,0,0,0,0,-0.938,0.111,-0.023,-10.89968,-10.06691,6.262
32.01,0,0,0,0,-0.939,0.1,-0.023,-10.89968,-10.06691,6.262
32.02,0,0,0,0,-0.94,0.09,-0.023,-10.89968,-10.06691,6.262
32.03,0,0,0,0,-0.94,0.081,-0.023,-10.89968,-10.06691,6.262
32.04,0,0,0,0,-0.939,0.072,-0.023,-10.89968,-10.06691,6.262
32.05,0,0,0,0,-0.937,0.063,-0.023,-10.89968,-10.06691,6.268
32.06,0,0,0,0,-0.935,0.055,-0.023,-10.89968,-10.06691,6.268
32.07,0,0,0,0,-0.933,0.046,-0.023,-10.89968,-10.06691,6.268
32.08,0,0,0,0,-0.929,0.039,-0.023,-10.89968,-10.06691,6.268
32.09,0,0,0,0,-0.925,0.032,-0.023,-10.89968,-10.06691,6.273
32.1,0,0,0,0,-0.921,0.024,-0.023,-10.89968,-10.06691,6.273
32.11,0,0,0,0,-0.915,0.018,-0.023,-10.89968,-10.06691,6.273
32.12,0,0,0,0,-0.909,0.011,-0.023,-10.89968,-10.06691,6.273
32.13,0,0,0,0,-0.903,0.005,-0.023,-10.89968,-10.06691,6.278
32.14,0,0,0,0,-0.897,-0.001,-0.023,-10.89968,-10.06691,6.278
32.15,0,0,0,0,-0.892,-0.006,-0.023,-10.89968,-10.06691,6.278
32.16,0,0,0,0,-0.886,-0.011,-0.023,-10.89968,-10.06691,6.278
32.17,0,0,0,0,-0.879,-0.015,-0.023,-10.89968,-10.06691,6.281
32.18,0,0,0,0,-0.872,-0.02,-0.023,-10.89968,-10.06691,6.281
32.19,0,0,0,0,-0.863,-0.024,-0.023,-11.03292,-10.00882,6.281
32.2,0,0,0,0,-0.854,-0.028,-0.023,-11.03292,-10.00882,6.286
32.21,0,0,0,0,-0.845,-0.031,-0.023,-11.03292,-10.00882,6.286
32.22,0,0,0,0,-0.836,-0.035,-0.023,-11.03292,-10.00882,6.286
32.23,0,0,0,0,-0.826,-0.038,-0.023,-11.03292,-10.00882,6.291
32.24,0,0,0,0,-0.816,-0.041,-0.023,-11.03292,-10.00882,6.291
32.25,0,0,0,0,-0.805,-0.044,-0.023,-11.03292,-10.00882,6.291
32.26,0,0,0,0,-0.795,-0.047,-0.023,-11.03292,-10.00882,6.297
32.27,0,0,0,0,-0.784,-0.05,-0.023,-11.03292,-10.00882,6.297
32.28,0,0,0,0,-0.773,-0.052,-0.023,-11.03292,-10.00882,6.297
32.29,0,0,0,0,-0.761,-0.055,-0.023,-11.03292,-10.00882,6.297
32.3,0,0,0,0,-0.75,-0.058,-0.023,-11.03292,-10.00882,6.302
32.31,0,0,0,0,-0.739,-0.06,-0.023,-11.03292,-10.00882,6.302
32.32,0,0,0,0,-0.728,-0.062,-0.023,-11.03292,-10.00882,6.302
32.33,0,0,0,0,-0.716,-0.064,-0.023,-11.03292,-10.00882,6.305
32.34,0,0,0,0,-0.704,-0.065,-0.023,-11.03292,-10.00882,6.305
32.35,0,0,0,0,-0.691,-0.066,-0.023,-11.03292,-10.00882,6.305
32.36,0,0,0,0,-0.678,-0.068,-0.023,-11.03292,-10.00882,6.31
32.37,0,0,0,0,-0.665,-0.069,-0.023,-11.03292,-10.00882,6.31
32.38,0,0,0,0,-0.652,-0.07,-0.023,-11.03292,-10.00882,6.315
32.39,0,0,0,0,-0.639,-0.072,-0.023,-11.16276,-9.94613,6.315
32.4,0,0,0,0,-0.626,-0.073,-0.023,-11.16276,-9.94613,6.315
32.41,0,0,0,0,-0.614,-0.074,-0.023,-11.16276,-9.94613,6.315
32.42,0,0,0,0,-0.602,-0.074,-0.023,-11.16276,-9.94613,6.32
32.43,0,0,0,0,-0.591,-0.075,-0.023,-11.16276,-9.94613,6.32
32.44,0,0,0,0,-0.58,-0.075,-0.023,-11.16276,-9.94613,6.32
32.45,0,0,0,0,-0.57,-0.075,-0.023,-11.16276,-9.94613,6.323
32.46,0,0,0,0,-0.559,-0.075,-0.023,-11.16276,-9.94613,6.323
32.47,0,0,0,0,-0.549,-0.076,-0.023,-11.16276,-9.94613,6.323
32.48,0,0,0,0,-0.538,-0.076,-0.023,-11.16276,-9.94613,6.328
32.49,0,0,0,0,-0.529,-0.075,-0.023,-11.16276,-9.94613,6.328
32.5,0,0,0,0,-0.521,-0.074,-0.023,-11.16276,-9.94613,6.328
32.51,0,0,0,0,-0.512,-0.074,-0.022,-11.16276,-9.94613,6.334
32.52,0,0,0,0,-0.503,-0.073,-0.022,-11.16276,-9.94613,6.334
32.53,0,0,0,0,-0.495,-0.072,-0.022,-11.16276,-9.94613,6.334
32.54,0,0,0,0,-0.486,-0.072,-0.022,-11.16276,-9.94613,6.334
32.55,0,0,0,0,-0.477,-0.071,-0.022,-11.16276,-9.94613,6.339
32.56,0,0,0,0,-0.47,-0.069,-0.022,-11.16276,-9.94613,6.339
32.57,0,0,0,0,-0.462,-0.068,-0.022,-11.16276,-9.94613,6.339
32.58,0,0,0,0,-0.453,-0.066,-0.022,-11.16276,-9.94613,6.344
32.59,0,0,0,0,-0.445,-0.065,-0.022,-11.28946,-9.88133,6.344
32.6,0,0,0,0,-0.436,-0.063,-0.022,-11.28946,-9.88133,6.344
32.61,0,0,0,0,-0.428,-0.062,-0.022,-11.28946,-9.88133,6.344
32.62,0,0,0,0,-0.419,-0.061,-0.022,-11.28946,-9.88133,6.347
32.63,0,0,0,0,-0.411,-0.059,-0.022,-11.28946,-9.88133,6.347
32.64,0,0,0,0,-0.402,-0.058,-0.022,-11.28946,-9.88133,6.347
32.65,0,0,0,0,-0.394,-0.056,-0.022,-11.28946,-9.88133,6.352
32.66,0,0,0,0,-0.385,-0.055,-0.022,-11.28946,-9.88133,6.352
32.67,0,0,0,0,-0.377,-0.054,-0.022,-11.28946,-9.88133,6.352
32.68,0,0,0,0,-0.369,-0.052,-0.022,-11.28946,-9.88133,6.352
32.69,0,0,0,0,-0.361,-0.051,-0.022,-11.28946,-9.88133,6.357
32.7,0,0,0,0,-0.352,-0.05,-0.022,-11.28946,-9.88133,6.357
32.71,0,0,0,0,-0.344,-0.048,-0.022,-11.28946,-9.88133,6.357
32.72,0,0,0,0,-0.336,-0.047,-0.022,-11.28946,-9.88133,6.363
32.73,0,0,0,0,-0.328,-0.044,-0.022,-11.28946,-9.88133,6.363
32.74,0,0,0,0,-0.32,-0.043,-0.022,-11.28946,-9.88133,6.363
32.75,0,0,0,0,-0.311,-0.041,-0.022,-11.28946,-9.88133,6.365
32.76,0,0,0,0,-0.302,-0.039,-0.022,-11.28946,-9.88133,6.365
32.77,0,0,0,0,-0.293,-0.037,-0.022,-11.28946,-9.88133,6.365
32.78,0,0,0,0,-0.284,-0.036,-0.022,-11.28946,-9.88133,6.365
32.79,0,0,0,0,-0.275,-0.034,-0.022,-11.4129,-9.81563,6.371
32.8,0,0,0,0,-0.266,-0.032,-0.022,-11.4129,-9.81563,6.371
32.81,0,0,0,0,-0.258,-0.031,-0.022,-11.4129,-9.81563,6.371
32.82,0,0,0,0,-0.25,-0.029,-0.022,-11.4129,-9.81563,6.376
32.83,0,0,0,0,-0.242,-0.027,-0.022,-11.4129,-9.81563,6.376
32.84,0,0,0,0,-0.234,-0.024,-0.022,-11.4129,-9.81563,6.376
32.85,0,0,0,0,-0.226,-0.022,-0.022,-11.4129,-9.81563,6.376
32.86,0,0,0,0,-0.219,-0.02,-0.022,-11.4129,-9.81563,6.381
32.87,0,0,0,0,-0.212,-0.018,-0.022,-11.4129,-9.81563,6.381
32.88,0,0,0,0,-0.205,-0.015,-0.022,-11.4129,-9.81563,6.381
32.89,0,0,0,0,-0.198,-0.013,-0.022,-11.4129,-9.81563,6.381
32.9,0,0,0,0,-0.191,-0.01,-0.022,-11.4129,-9.81563,6.386
32.91,0,0,0,0,-0.184,-0.008,-0.022,-11.4129,-9.81563,6.386
32.92,0,0,0,0,-0.177,-0.005,-0.022,-11.4129,-9.81563,6.386
32.93,0,0,0,0,-0.17,-0.003,-0.022,-11.4129,-9.81563,6.389
32.94,0,0,0,0,-0.164,0.001,-0.022,-11.4129,-9.81563,6.389
32.95,0,0,0,0,-0.157,0.004,-0.022,-11.4129,-9.81563,6.389
32.96,0,0,0,0,-0.15,0.007,-0.022,-11.4129,-9.81563,6.389
32.97,0,0,0,0,-0.144,0.01,-0.022,-11.4129,-9.81563,6.394
32.98,0,0,0,0,-0.138,0.014,-0.022,-11.4129,-9.81563,6.394
32.99,0,0,0,0,-0.132,0.018,-0.022,-11.4129,-9.81563,6.394
33,0,0,0,0,-0.127,0.022,-0.022,-11.5389,-9.74703,6.394
33.01,0,0,0,0,-0.122,0.026,-0.022,-11.5389,-9.74703,6.394
33.02,0,0,0,0,-0.118,0.03,-0.022,-11.5389,-9.74703,6.4
33.03,0,0,0,0,-0.114,0.034,-0.022,-11.5389,-9.74703,6.4
33.04,0,0,0,0,-0.109,0.038,-0.022,-11.5389,-9.74703,6.4
33.05,0,0,0,0,-0.105,0.043,-0.022,-11.5389,-9.74703,6.4
33.06,0,0,0,0,-0.1,0.047,-0.022,-11.5389,-9.74703,6.405
33.07,0,0,0,0,-0.096,0.051,-0.022,-11.5389,-9.74703,6.405
33.08,0,0,0,0,-0.092,0.055,-0.022,-11.5389,-9.74703,6.405
33.09,0,0,0,0,-0.087,0.059,-0.022,-11.5389,-9.74703,6.405
33.1,0,0,0,0,-0.083,0.064,-0.022,-11.5389,-9.74703,6.408
33.11,0,0,0,0,-0.078,0.068,-0.022,-11.5389,-9.74703,6.408
33.12,0,0,0,0,-0.074,0.072,-0.022,-11.5389,-9.74703,6.408
33.13,0,0,0,0,-0.07,0.076,-0.022,-11.5389,-9.74703,6.408
33.14,0,0,0,0,-0.067,0.081,-0.022,-11.5389,-9.74703,6.408
33.15,0,0,0,0,-0.063,0.086,-0.022,-11.5389,-9.74703,6.413
33.16,0,0,0,0,-0.058,0.089,-0.022,-11.5389,-9.74703,6.413
33.17,0,0,0,0,-0.053,0.094,-0.022,-11.5389,-9.74703,6.413
33.18,0,0,0,0,-0.048,0.098,-0.022,-11.5389,-9.74703,6.413
33.19,0,0,0,0,-0.042,0.103,-0.022,-11.5389,-9.74703,6.418
33.2,0,0,0,0,-0.036,0.108,-0.022,-11.65518,-9.68297,6.418
33.21,0,0,0,0,-0.028,0.114,-0.022,-11.65518,-9.68297,6.418
33.22,0,0,0,0,-0.022,0.12,-0.022,-11.65518,-9.68297,6.418
33.23,0,0,0,0,-0.017,0.127,-0.022,-11.65518,-9.68297,6.423
33.24,0,0,0,0,-0.012,0.134,-0.022,-11.65518,-9.68297,6.423
33.25,0,0,0,0,-0.005,0.141,-0.022,-11.65518,-9.68297,6.423
33.26,0,0,0,0,-0.001,0.149,-0.022,-11.65518,-9.68297,6.423
33.27,0,0,0,0,0.004,0.157,-0.022,-11.65518,-9.68297,6.423
33.28,0,0,0,0,0.01,0.165,-0.022,-11.65518,-9.68297,6.429
33.29,0,0,0,0,0.016,0.174,-0.022,-11.65518,-9.68297,6.429
33.3,0,0,0,0,0.017,0.185,-0.022,-11.65518,-9.68297,6.429
33.31,0,0,0,0,0.019,0.195,-0.022,-11.65518,-9.68297,6.429
33.32,0,0,0,0,0.019,0.204,-0.022,-11.65518,-9.68297,6.429
33.33,0,0,0,0,0.017,0.214,-0.022,-11.65518,-9.68297,6.429
33.34,0,0,0,0,0.015,0.224,-0.022,-11.65518,-9.68297,6.429
33.35,0,0,0,0,0.011,0.235,-0.022,-11.65518,-9.68297,6.431
33.36,0,0,0,0,0.007,0.246,-0.022,-11.65518,-9.68297,6.431
33.37,0,0,0,0,0,0.256,-0.022,-11.65518,-9.68297,6.431
33.38,0,0,0,0,-0.007,0.267,-0.022,-11.65518,-9.68297,6.431
33.39,0,0,0,0,-0.015,0.279,-0.022,-11.65518,-9.68297,6.431
33.4,0,0,0,0,-0.023,0.29,-0.022,-11.65518,-9.68297,6.431
33.41,0,0,0,0,-0.032,0.303,-0.022,-11.77314,-9.61809,6.431
33.42,0,0,0,0,-0.041,0.316,-0.022,-11.77314,-9.61809,6.431
33.43,0,0,0,0,-0.05,0.33,-0.022,-11.77314,-9.61809,6.431
33.44,0,0,0,0,-0.061,0.342,-0.022,-11.77314,-9.61809,6.431
33.45,0,0,0,0,-0.072,0.355,-0.022,-11.77314,-9.61809,6.431
33.46,0,0,0,0,-0.085,0.369,-0.022,-11.77314,-9.61809,6.431
33.47,0,0,0,0,-0.099,0.38,-0.022,-11.77314,-9.61809,6.431
33.48,0,0,0,0,-0.114,0.393,-0.022,-11.77314,-9.61809,6.431
33.49,0,0,0,0,-0.131,0.406,-0.022,-11.77314,-9.61809,6.431
33.5,0,0,0,0,-0.146,0.417,-0.021,-11.77314,-9.61809,6.431
33.51,0,0,0,0,-0.163,0.429,-0.021,-11.77314,-9.61809,6.431
33.52,0,0,0,0,-0.18,0.442,-0.021,-11.77314,-9.61809,6.431
33.53,0,0,0,0,-0.197,0.452,-0.021,-11.77314,-9.61809,6.431
33.54,0,0,0,0,-0.215,0.462,-0.021,-11.77314,-9.61809,6.431
33.55,0,0,0,0,-0.234,0.471,-0.021,-11.77314,-9.61809,6.431
33.56,0,0,0,0,-0.253,0.48,-0.021,-11.77314,-9.61809,6.431
33.57,0,0,0,0,-0.274,0.489,-0.02,-11.77314,-9.61809,6.429
33.58,0,0,0,0,-0.296,0.497,-0.02,-11.77314,-9.61809,6.429
33.59,0,0,0,0,-0.317,0.504,-0.02,-11.77314,-9.61809,6.429
33.6,0,0,0,0,-0.339,0.511,-0.02,-11.77314,-9.61809,6.429
33.61,0,0,0,0,-0.362,0.518,-0.02,-11.87997,-9.55913,6.429
33.62,0,0,0,0,-0.383,0.524,-0.02,-11.87997,-9.55913,6.429
33.63,0,0,0,0,-0.405,0.531,-0.019,-11.87997,-9.55913,6.429
33.64,0,0,0,0,-0.423,0.536,-0.019,-11.87997,-9.55913,6.429
33.65,0,0,0,0,-0.44,0.541,-0.019,-11.87997,-9.55913,6.429
33.66,0,0,0,0,-0.458,0.546,-0.019,-11.87997,-9.55913,6.429
33.67,0,0,0,0,-0.476,0.551,-0.019,-11.87997,-9.55913,6.429
33.68,0,0,0,0,-0.492,0.555,-0.018,-11.87997,-9.55913,6.429
33.69,0,0,0,0,-0.505,0.56,-0.018,-11.87997,-9.55913,6.429
33.7,0,0,0,0,-0.518,0.563,-0.018,-11.87997,-9.55913,6.429
33.71,0,0,0,0,-0.53,0.566,-0.018,-11.87997,-9.55913,6.429
33.72,0,0,0,0,-0.543,0.57,-0.018,-11.87997,-9.55913,6.429
33.73,0,0,0,0,-0.554,0.573,-0.018,-11.87997,-9.55913,6.429
33.74,0,0,0,0,-0.563,0.576,-0.018,-11.87997,-9.55913,6.429
33.75,0,0,0,0,-0.571,0.579,-0.018,-11.87997,-9.55913,6.431
33.76,0,0,0,0,-0.58,0.581,-0.018,-11.87997,-9.55913,6.431
33.77,0,0,0,0,-0.588,0.584,-0.018,-11.87997,-9.55913,6.431
33.78,0,0,0,0,-0.594,0.586,-0.017,-11.87997,-9.55913,6.431
33.79,0,0,0,0,-0.6,0.589,-0.017,-11.87997,-9.55913,6.431
33.8,0,0,0,0,-0.605,0.591,-0.017,-11.87997,-9.55913,6.431
33.81,0,0,0,0,-0.608,0.594,-0.017,-11.87997,-9.55913,6.431
33.82,0,0,0,0,-0.609,0.596,-0.017,-11.98433,-9.4956,6.431
33.83,0,0,0,0,-0.61,0.598,-0.017,-11.98433,-9.4956,6.431
33.84,0,0,0,0,-0.61,0.599,-0.017,-11.98433,-9.4956,6.437
33.85,0,0,0,0,-0.608,0.601,-0.017,-11.98433,-9.4956,6.437
33.86,0,0,0,0,-0.606,0.602,-0.017,-11.98433,-9.4956,6.437
33.87,0,0,0,0,-0.603,0.603,-0.017,-11.98433,-9.4956,6.437
33.88,0,0,0,0,-0.6,0.603,-0.017,-11.98433,-9.4956,6.437
33.89,0,0,0,0,-0.596,0.602,-0.017,-11.98433,-9.4956,6.437
33.9,0,0,0,0,-0.593,0.603,-0.017,-11.98433,-9.4956,6.442
33.91,0,0,0,0,-0.591,0.602,-0.018,-11.98433,-9.4956,6.442
33.92,0,0,0,0,-0.588,0.601,-0.018,-11.98433,-9.4956,6.442
33.93,0,0,0,0,-0.584,0.599,-0.018,-11.98433,-9.4956,6.442
33.94,0,0,0,0,-0.581,0.597,-0.018,-11.98433,-9.4956,6.442
33.95,0,0,0,0,-0.581,0.595,-0.018,-11.98433,-9.4956,6.442
33.96,0,0,0,0,-0.579,0.593,-0.018,-11.98433,-9.4956,6.442
33.97,0,0,0,0,-0.577,0.59,-0.018,-11.98433,-9.4956,6.447
33.98,0,0,0,0,-0.577,0.588,-0.018,-11.98433,-9.4956,6.447
33.99,0,0,0,0,-0.577,0.585,-0.018,-11.98433,-9.4956,6.447
34,0,0,0,0,-0.576,0.581,-0.018,-11.98433,-9.4956,6.447
34.01,0,0,0,0,-0.579,0.579,-0.018,-11.98433,-9.4956,6.447
34.02,0,0,0,0,-0.584,0.577,-0.018,-12.07618,-9.43196,6.447
34.03,0,0,0,0,-0.589,0.575,-0.018,-12.07618,-9.43196,6.447
34.04,0,0,0,0,-0.596,0.573,-0.017,-12.07618,-9.43196,6.447
34.05,0,0,0,0,-0.603,0.572,-0.017,-12.07618,-9.43196,6.447
34.06,0,0,0,0,-0.61,0.57,-0.017,-12.07618,-9.43196,6.447
34.07,0,0,0,0,-0.622,0.57,-0.017,-12.07618,-9.43196,6.447
34.08,0,0,0,0,-0.632,0.568,-0.017,-12.07618,-9.43196,6.447
34.09,0,0,0,0,-0.645,0.567,-0.017,-12.07618,-9.43196,6.447
34.1,0,0,0,0,-0.658,0.566,-0.017,-12.07618,-9.43196,6.447
34.11,0,0,0,0,-0.67,0.565,-0.017,-12.07618,-9.43196,6.447
34.12,0,0,0,0,-0.686,0.565,-0.017,-12.07618,-9.43196,6.442
34.13,0,0,0,0,-0.702,0.565,-0.016,-12.07618,-9.43196,6.442
34.14,0,0,0,0,-0.718,0.564,-0.016,-12.07618,-9.43196,6.442
34.15,0,0,0,0,-0.737,0.565,-0.016,-12.07618,-9.43196,6.442
34.16,0,0,0,0,-0.755,0.565,-0.016,-12.07618,-9.43196,6.442
34.17,0,0,0,0,-0.774,0.566,-0.016,-12.07618,-9.43196,6.442
34.18,0,0,0,0,-0.795,0.567,-0.015,-12.07618,-9.43196,6.442
34.19,0,0,0,0,-0.818,0.569,-0.015,-12.07618,-9.43196,6.437
34.2,0,0,0,0,-0.841,0.571,-0.015,-12.07618,-9.43196,6.437
34.21,0,0,0,0,-0.867,0.573,-0.015,-12.07618,-9.43196,6.437
34.22,0,0,0,0,-0.893,0.576,-0.015,-12.07618,-9.43196,6.437
34.23,0,0,0,0,-0.919,0.579,-0.014,-12.16591,-9.36455,6.431
34.24,0,0,0,0,-0.947,0.583,-0.014,-12.16591,-9.36455,6.431
34.25,0,0,0,0,-0.976,0.587,-0.014,-12.16591,-9.36455,6.431
34.26,0,0,0,0,-1.008,0.594,-0.013,-12.16591,-9.36455,6.431
34.27,0,0,0,0,-1.04,0.599,-0.013,-12.16591,-9.36455,6.429
34.28,0,0,0,0,-1.073,0.605,-0.013,-12.16591,-9.36455,6.429
34.29,0,0,0,0,-1.107,0.611,-0.012,-12.16591,-9.36455,6.429
34.3,0,0,0,0,-1.142,0.618,-0.012,-12.16591,-9.36455,6.423
34.31,0,0,0,0,-1.178,0.625,-0.012,-12.16591,-9.36455,6.423
34.32,0,0,0,0,-1.215,0.633,-0.011,-12.16591,-9.36455,6.423
34.33,0,0,0,0,-1.253,0.641,-0.011,-12.16591,-9.36455,6.418
34.34,0,0,0,0,-1.291,0.65,-0.01,-12.16591,-9.36455,6.418
34.35,0,0,0,0,-1.331,0.659,-0.01,-12.16591,-9.36455,6.413
34.36,0,0,0,0,-1.371,0.669,-0.009,-12.16591,-9.36455,6.413
34.37,0,0,0,0,-1.412,0.68,-0.009,-12.16591,-9.36455,6.413
34.38,0,0,0,0,-1.454,0.691,-0.008,-12.16591,-9.36455,6.408
34.39,0,0,0,0,-1.496,0.702,-0.008,-12.16591,-9.36455,6.408
34.4,0,0,0,0,-1.539,0.715,-0.007,-12.16591,-9.36455,6.405
34.41,0,0,0,0,-1.583,0.728,-0.007,-12.16591,-9.36455,6.405
34.42,0,0,0,0,-1.627,0.741,-0.006,-12.16591,-9.36455,6.405
34.43,0,0,0,0,-1.671,0.755,-0.006,-12.2457,-9.2979,6.4
34.44,0,0,0,0,-1.716,0.77,-0.005,-12.2457,-9.2979,6.4
34.45,0,0,0,0,-1.761,0.784,-0.004,-12.2457,-9.2979,6.394
34.46,0,0,0,0,-1.807,0.802,-0.004,-12.2457,-9.2979,6.394
34.47,0,0,0,0,-1.852,0.818,-0.003,-12.2457,-9.2979,6.389
34.48,0,0,0,0,-1.898,0.833,-0.002,-12.2457,-9.2979,6.389
34.49,0,0,0,0,-1.943,0.85,-0.002,-12.2457,-9.2979,6.389
34.5,0,0,0,0,-1.988,0.866,-0.001,-12.2457,-9.2979,6.386
34.51,0,0,0,0,-2.033,0.882,0,-12.2457,-9.2979,6.386
34.52,0,0,0,0,-2.079,0.899,0,-12.2457,-9.2979,6.381
34.53,0,0,0,0,-2.123,0.916,0.001,-12.2457,-9.2979,6.381
34.54,0,0,0,0,-2.167,0.934,0.002,-12.2457,-9.2979,6.381
34.55,0,0,0,0,-2.212,0.952,0.002,-12.2457,-9.2979,6.376
34.56,0,0,0,0,-2.251,0.97,0.003,-12.2457,-9.2979,6.376
34.57,0,0,0,0,-2.292,0.989,0.004,-12.2457,-9.2979,6.371
34.58,0,0,0,0,-2.333,1.009,0.004,-12.2457,-9.2979,6.371
34.59,0,0,0,0,-2.372,1.028,0.005,-12.2457,-9.2979,6.371
34.6,0,0,0,0,-2.408,1.048,0.006,-12.2457,-9.2979,6.365
34.61,0,0,0,0,-2.442,1.069,0.006,-12.2457,-9.2979,6.365
34.62,0,0,0,0,-2.477,1.09,0.007,-12.2457,-9.2979,6.365
34.63,0,0,0,0,-2.513,1.112,0.008,-12.2457,-9.2979,6.365
34.64,0,0,0,0,-2.545,1.133,0.008,-12.32214,-9.21785,6.363
34.65,0,0,0,0,-2.575,1.157,0.009,-12.32214,-9.21785,6.363
34.66,0,0,0,0,-2.606,1.18,0.01,-12.32214,-9.21785,6.363
34.67,0,0,0,0,-2.637,1.203,0.01,-12.32214,-9.21785,6.363
34.68,0,0,0,0,-2.665,1.226,0.011,-12.32214,-9.21785,6.357
34.69,0,0,0,0,-2.694,1.25,0.012,-12.32214,-9.21785,6.357
34.7,0,0,0,0,-2.724,1.273,0.012,-12.32214,-9.21785,6.357
34.71,0,0,0,0,-2.75,1.297,0.013,-12.32214,-9.21785,6.357
34.72,0,0,0,0,-2.776,1.321,0.013,-12.32214,-9.21785,6.357
34.73,0,0,0,0,-2.798,1.345,0.014,-12.32214,-9.21785,6.352
34.74,0,0,0,0,-2.82,1.37,0.014,-12.32214,-9.21785,6.352
34.75,0,0,0,0,-2.839,1.394,0.015,-12.32214,-9.21785,6.352
34.76,0,0,0,0,-2.858,1.419,0.015,-12.32214,-9.21785,6.352
34.77,0,0,0,0,-2.874,1.444,0.016,-12.32214,-9.21785,6.352
34.78,0,0,0,0,-2.889,1.469,0.016,-12.32214,-9.21785,6.352
34.79,0,0,0,0,-2.902,1.493,0.016,-12.32214,-9.21785,6.352
34.8,0,0,0,0,-2.914,1.518,0.017,-12.32214,-9.21785,6.352
34.81,0,0,0,0,-2.925,1.543,0.017,-12.32214,-9.21785,6.352
34.82,0,0,0,0,-2.934,1.568,0.017,-12.32214,-9.21785,6.352
34.83,0,0,0,0,-2.941,1.592,0.017,-12.32214,-9.21785,6.352
34.84,0,0,0,0,-2.948,1.617,0.018,-12.32214,-9.21785,6.352
34.85,0,0,0,0,-2.951,1.643,0.018,-12.38759,-9.11844,6.352
34.86,0,0,0,0,-2.955,1.667,0.018,-12.38759,-9.11844,6.352
34.87,0,0,0,0,-2.957,1.689,0.018,-12.38759,-9.11844,6.352
34.88,0,0,0,0,-2.958,1.711,0.018,-12.38759,-9.11844,6.352
34.89,0,0,0,0,-2.958,1.733,0.018,-12.38759,-9.11844,6.352
34.9,0,0,0,0,-2.958,1.756,0.018,-12.38759,-9.11844,6.352
34.91,0,0,0,0,-2.955,1.778,0.018,-12.38759,-9.11844,6.352
34.92,0,0,0,0,-2.952,1.801,0.018,-12.38759,-9.11844,6.352
34.93,0,0,0,0,-2.947,1.823,0.018,-12.38759,-9.11844,6.352
34.94,0,0,0,0,-2.941,1.846,0.017,-12.38759,-9.11844,6.357
34.95,0,0,0,0,-2.933,1.869,0.017,-12.38759,-9.11844,6.357
34.96,0,0,0,0,-2.924,1.891,0.017,-12.38759,-9.11844,6.357
34.97,0,0,0,0,-2.914,1.914,0.017,-12.38759,-9.11844,6.357
34.98,0,0,0,0,-2.903,1.935,0.016,-12.38759,-9.11844,6.357
34.99,0,0,0,0,-2.891,1.957,0.016,-12.38759,-9.11844,6.357
35,0,0,0,0,-2.877,1.979,0.015,-12.38759,-9.11844,6.357
35.01,0,0,0,0,-2.863,1.999,0.015,-12.38759,-9.11844,6.363
35.02,0,0,0,0,-2.848,2.02,0.014,-12.38759,-9.11844,6.363
35.03,0,0,0,0,-2.833,2.039,0.014,-12.38759,-9.11844,6.363
35.04,0,0,0,0,-2.819,2.061,0.013,-12.38759,-9.11844,6.363
35.05,0,0,0,0,-2.806,2.079,0.013,-12.43567,-9.00325,6.363
35.06,0,0,0,0,-2.794,2.098,0.012,-12.43567,-9.00325,6.363
35.07,0,0,0,0,-2.782,2.116,0.012,-12.43567,-9.00325,6.365
35.08,0,0,0,0,-2.768,2.134,0.011,-12.43567,-9.00325,6.365
35.09,0,0,0,0,-2.758,2.152,0.011,-12.43567,-9.00325,6.365
35.1,0,0,0,0,-2.749,2.169,0.011,-12.43567,-9.00325,6.365
35.11,0,0,0,0,-2.739,2.187,0.01,-12.43567,-9.00325,6.365
35.12,0,0,0,0,-2.732,2.203,0.01,-12.43567,-9.00325,6.365
35.13,0,0,0,0,-2.727,2.22,0.01,-12.43567,-9.00325,6.365
35.14,0,0,0,0,-2.721,2.237,0.01,-12.43567,-9.00325,6.365
35.15,0,0,0,0,-2.716,2.254,0.009,-12.43567,-9.00325,6.365
35.16,0,0,0,0,-2.715,2.271,0.009,-12.43567,-9.00325,6.365
35.17,0,0,0,0,-2.716,2.287,0.009,-12.43567,-9.00325,6.365
35.18,0,0,0,0,-2.716,2.304,0.009,-12.43567,-9.00325,6.365
35.19,0,0,0,0,-2.717,2.32,0.009,-12.43567,-9.00325,6.365
35.2,0,0,0,0,-2.727,2.337,0.01,-12.43567,-9.00325,6.365
35.21,0,0,0,0,-2.736,2.353,0.01,-12.43567,-9.00325,6.365
35.22,0,0,0,0,-2.747,2.369,0.011,-12.43567,-9.00325,6.365
35.23,0,0,0,0,-2.76,2.387,0.011,-12.43567,-9.00325,6.363
35.24,0,0,0,0,-2.772,2.403,0.012,-12.43567,-9.00325,6.363
35.25,0,0,0,0,-2.786,2.418,0.012,-12.43567,-9.00325,6.363
35.26,0,0,0,0,-2.804,2.434,0.013,-12.46944,-8.86734,6.363
35.27,0,0,0,0,-2.822,2.449,0.014,-12.46944,-8.86734,6.363
35.28,0,0,0,0,-2.839,2.464,0.015,-12.46944,-8.86734,6.357
35.29,0,0,0,0,-2.86,2.48,0.016,-12.46944,-8.86734,6.357
35.3,0,0,0,0,-2.881,2.495,0.016,-12.46944,-8.86734,6.357
35.31,0,0,0,0,-2.901,2.51,0.017,-12.46944,-8.86734,6.357
35.32,0,0,0,0,-2.924,2.525,0.018,-12.46944,-8.86734,6.352
35.33,0,0,0,0,-2.946,2.54,0.019,-12.46944,-8.86734,6.352
35.34,0,0,0,0,-2.968,2.556,0.02,-12.46944,-8.86734,6.352
35.35,0,0,0,0,-2.991,2.571,0.021,-12.46944,-8.86734,6.352
35.36,0,0,0,0,-3.015,2.586,0.022,-12.46944,-8.86734,6.347
35.37,0,0,0,0,-3.039,2.6,0.023,-12.46944,-8.86734,6.347
35.38,0,0,0,0,-3.065,2.616,0.025,-12.46944,-8.86734,6.347
35.39,0,0,0,0,-3.091,2.631,0.026,-12.46944,-8.86734,6.347
35.4,0,0,0,0,-3.116,2.646,0.027,-12.46944,-8.86734,6.344
35.41,0,0,0,0,-3.143,2.661,0.028,-12.46944,-8.86734,6.344
35.42,0,0,0,0,-3.171,2.678,0.03,-12.46944,-8.86734,6.344
35.43,0,0,0,0,-3.199,2.694,0.031,-12.46944,-8.86734,6.339
35.44,0,0,0,0,-3.228,2.709,0.032,-12.46944,-8.86734,6.339
35.45,0,0,0,0,-3.256,2.724,0.034,-12.46944,-8.86734,6.339
35.46,0,0,0,0,-3.285,2.739,0.035,-12.48462,-8.72515,6.334
35.47,0,0,0,0,-3.314,2.754,0.036,-12.48462,-8.72515,6.334
35.48,0,0,0,0,-3.342,2.769,0.038,-12.48462,-8.72515,6.334
35.49,0,0,0,0,-3.371,2.785,0.039,-12.48462,-8.72515,6.328
35.5,0,0,0,0,-3.4,2.8,0.04,-12.48462,-8.72515,6.328
35.51,0,0,0,0,-3.427,2.815,0.042,-12.48462,-8.72515,6.328
35.52,0,0,0,0,-3.455,2.831,0.043,-12.48462,-8.72515,6.328
35.53,0,0,0,0,-3.482,2.846,0.045,-12.48462,-8.72515,6.323
35.54,0,0,0,0,-3.51,2.862,0.046,-12.48462,-8.72515,6.323
35.55,0,0,0,0,-3.537,2.877,0.047,-12.48462,-8.72515,6.323
35.56,0,0,0,0,-3.565,2.892,0.049,-12.48462,-8.72515,6.32
35.57,0,0,0,0,-3.592,2.907,0.05,-12.48462,-8.72515,6.32
35.58,0,0,0,0,-3.619,2.923,0.051,-12.48462,-8.72515,6.32
35.59,0,0,0,0,-3.646,2.938,0.053,-12.48462,-8.72515,6.32
35.6,0,0,0,0,-3.673,2.953,0.054,-12.48462,-8.72515,6.315
35.61,0,0,0,0,-3.7,2.97,0.056,-12.48462,-8.72515,6.315
35.62,0,0,0,0,-3.728,2.986,0.057,-12.48462,-8.72515,6.315
35.63,0,0,0,0,-3.757,3.002,0.059,-12.48462,-8.72515,6.31
35.64,0,0,0,0,-3.787,3.019,0.06,-12.48462,-8.72515,6.31
35.65,0,0,0,0,-3.817,3.036,0.062,-12.48462,-8.72515,6.31
35.66,0,0,0,0,-3.849,3.053,0.063,-12.48462,-8.72515,6.305
35.67,0,0,0,0,-3.879,3.07,0.065,-12.48035,-8.55687,6.305
35.68,0,0,0,0,-3.91,3.088,0.067,-12.48035,-8.55687,6.305
35.69,0,0,0,0,-3.941,3.106,0.068,-12.48035,-8.55687,6.302
35.7,0,0,0,0,-3.971,3.125,0.07,-12.48035,-8.55687,6.302
35.71,0,0,0,0,-4.002,3.145,0.072,-12.48035,-8.55687,6.302
35.72,0,0,0,0,-4.034,3.164,0.073,-12.48035,-8.55687,6.297
35.73,0,0,0,0,-4.062,3.184,0.075,-12.48035,-8.55687,6.297
35.74,0,0,0,0,-4.09,3.205,0.077,-12.48035,-8.55687,6.297
35.75,0,0,0,0,-4.117,3.225,0.078,-12.48035,-8.55687,6.291
35.76,0,0,0,0,-4.144,3.245,0.08,-12.48035,-8.55687,6.291
35.77,0,0,0,0,-4.172,3.266,0.081,-12.48035,-8.55687,6.291
35.78,0,0,0,0,-4.2,3.287,0.083,-12.48035,-8.55687,6.291
35.79,0,0,0,0,-4.225,3.309,0.084,-12.48035,-8.55687,6.286
35.8,0,0,0,0,-4.251,3.33,0.086,-12.48035,-8.55687,6.286
35.81,0,0,0,0,-4.277,3.352,0.087,-12.48035,-8.55687,6.286
35.82,0,0,0,0,-4.298,3.376,0.089,-12.48035,-8.55687,6.286
35.83,0,0,0,0,-4.321,3.398,0.09,-12.48035,-8.55687,6.281
35.84,0,0,0,0,-4.34,3.42,0.091,-12.48035,-8.55687,6.281
35.85,0,0,0,0,-4.36,3.442,0.092,-12.48035,-8.55687,6.281
35.86,0,0,0,0,-4.376,3.464,0.093,-12.48035,-8.55687,6.281
35.87,0,0,0,0,-4.393,3.485,0.094,-12.45527,-8.37388,6.281
35.88,0,0,0,0,-4.406,3.506,0.095,-12.45527,-8.37388,6.281
35.89,0,0,0,0,-4.419,3.528,0.096,-12.45527,-8.37388,6.281
35.9,0,0,0,0,-4.43,3.55,0.097,-12.45527,-8.37388,6.281
35.91,0,0,0,0,-4.437,3.572,0.097,-12.45527,-8.37388,6.281
35.92,0,0,0,0,-4.442,3.593,0.097,-12.45527,-8.37388,6.281
35.93,0,0,0,0,-4.446,3.615,0.098,-12.45527,-8.37388,6.281
35.94,0,0,0,0,-4.445,3.637,0.098,-12.45527,-8.37388,6.281
35.95,0,0,0,0,-4.442,3.658,0.097,-12.45527,-8.37388,6.281
35.96,0,0,0,0,-4.437,3.681,0.097,-12.45527,-8.37388,6.281
35.97,0,0,0,0,-4.429,3.703,0.097,-12.45527,-8.37388,6.281
35.98,0,0,0,0,-4.42,3.725,0.096,-12.45527,-8.37388,6.281
35.99,0,0,0,0,-4.41,3.747,0.095,-12.45527,-8.37388,6.281
36,0,0,0,0,-4.398,3.77,0.094,-12.45527,-8.37388,6.281
36.01,0,0,0,0,-4.388,3.792,0.094,-12.45527,-8.37388,6.281
36.02,0,0,0,0,-4.376,3.814,0.093,-12.45527,-8.37388,6.281
36.03,0,0,0,0,-4.363,3.836,0.092,-12.45527,-8.37388,6.281
36.04,0,0,0,0,-4.349,3.858,0.091,-12.45527,-8.37388,6.281
36.05,0,0,0,0,-4.337,3.88,0.09,-12.45527,-8.37388,6.286
36.06,0,0,0,0,-4.322,3.902,0.089,-12.45527,-8.37388,6.286
36.07,0,0,0,0,-4.307,3.924,0.088,-12.45527,-8.37388,6.286
36.08,0,0,0,0,-4.293,3.946,0.087,-12.40241,-8.15092,6.286
36.09,0,0,0,0,-4.277,3.968,0.086,-12.40241,-8.15092,6.286
36.1,0,0,0,0,-4.26,3.989,0.085,-12.40241,-8.15092,6.286
36.11,0,0,0,0,-4.246,4.01,0.084,-12.40241,-8.15092,6.286
36.12,0,0,0,0,-4.234,4.031,0.083,-12.40241,-8.15092,6.286
36.13,0,0,0,0,-4.223,4.052,0.083,-12.40241,-8.15092,6.286
36.14,0,0,0,0,-4.214,4.072,0.082,-12.40241,-8.15092,6.286
36.15,0,0,0,0,-4.207,4.093,0.081,-12.40241,-8.15092,6.286
36.16,0,0,0,0,-4.198,4.114,0.081,-12.40241,-8.15092,6.286
36.17,0,0,0,0,-4.196,4.135,0.081,-12.40241,-8.15092,6.286
36.18,0,0,0,0,-4.195,4.156,0.081,-12.40241,-8.15092,6.286
36.19,0,0,0,0,-4.195,4.178,0.08,-12.40241,-8.15092,6.286
36.2,0,0,0,0,-4.2,4.202,0.081,-12.40241,-8.15092,6.286
36.21,0,0,0,0,-4.207,4.223,0.081,-12.40241,-8.15092,6.286
36.22,0,0,0,0,-4.215,4.245,0.082,-12.40241,-8.15092,6.281
36.23,0,0,0,0,-4.225,4.266,0.083,-12.40241,-8.15092,6.281
36.24,0,0,0,0,-4.236,4.288,0.084,-12.40241,-8.15092,6.281
36.25,0,0,0,0,-4.25,4.309,0.085,-12.40241,-8.15092,6.281
36.26,0,0,0,0,-4.264,4.331,0.086,-12.40241,-8.15092,6.278
36.27,0,0,0,0,-4.278,4.353,0.087,-12.40241,-8.15092,6.278
36.28,0,0,0,0,-4.296,4.375,0.088,-12.3271,-7.91732,6.278
36.29,0,0,0,0,-4.315,4.398,0.09,-12.3271,-7.91732,6.278
36.3,0,0,0,0,-4.334,4.422,0.091,-12.3271,-7.91732,6.273
36.31,0,0,0,0,-4.356,4.445,0.093,-12.3271,-7.91732,6.273
36.32,0,0,0,0,-4.379,4.469,0.094,-12.3271,-7.91732,6.273
36.33,0,0,0,0,-4.403,4.492,0.096,-12.3271,-7.91732,6.268
36.34,0,0,0,0,-4.429,4.516,0.099,-12.3271,-7.91732,6.268
36.35,0,0,0,0,-4.456,4.539,0.101,-12.3271,-7.91732,6.262
36.36,0,0,0,0,-4.484,4.563,0.103,-12.3271,-7.91732,6.262
36.37,0,0,0,0,-4.513,4.587,0.105,-12.3271,-7.91732,6.262
36.38,0,0,0,0,-4.542,4.612,0.108,-12.3271,-7.91732,6.26
36.39,0,0,0,0,-4.572,4.638,0.11,-12.3271,-7.91732,6.26
36.4,0,0,0,0,-4.603,4.661,0.112,-12.3271,-7.91732,6.254
36.41,0,0,0,0,-4.634,4.685,0.115,-12.3271,-7.91732,6.254
36.42,0,0,0,0,-4.664,4.707,0.117,-12.3271,-7.91732,6.254
36.43,0,0,0,0,-4.694,4.73,0.12,-12.3271,-7.91732,6.249
36.44,0,0,0,0,-4.724,4.754,0.123,-12.3271,-7.91732,6.249
36.45,0,0,0,0,-4.756,4.777,0.125,-12.3271,-7.91732,6.249
36.46,0,0,0,0,-4.784,4.801,0.128,-12.3271,-7.91732,6.244
36.47,0,0,0,0,-4.813,4.824,0.13,-12.3271,-7.91732,6.244
36.48,0,0,0,0,-4.842,4.848,0.132,-12.3271,-7.91732,6.239
36.49,0,0,0,0,-4.87,4.873,0.135,-12.22056,-7.65191,6.239
36.5,0,0,0,0,-4.899,4.898,0.137,-12.22056,-7.65191,6.239
36.51,0,0,0,0,-4.924,4.924,0.139,-12.22056,-7.65191,6.239
36.52,0,0,0,0,-4.946,4.948,0.141,-12.22056,-7.65191,6.236
36.53,0,0,0,0,-4.965,4.973,0.143,-12.22056,-7.65191,6.236
36.54,0,0,0,0,-4.981,4.999,0.144,-12.22056,-7.65191,6.236
36.55,0,0,0,0,-4.998,5.024,0.146,-12.22056,-7.65191,6.236
36.56,0,0,0,0,-5.012,5.05,0.147,-12.22056,-7.65191,6.231
36.57,0,0,0,0,-5.024,5.077,0.148,-12.22056,-7.65191,6.231
36.58,0,0,0,0,-5.038,5.102,0.149,-12.22056,-7.65191,6.231
36.59,0,0,0,0,-5.052,5.129,0.151,-12.22056,-7.65191,6.231
36.6,0,0,0,0,-5.062,5.156,0.152,-12.22056,-7.65191,6.231
36.61,0,0,0,0,-5.073,5.184,0.153,-12.22056,-7.65191,6.225
36.62,0,0,0,0,-5.083,5.214,0.154,-12.22056,-7.65191,6.225
36.63,0,0,0,0,-5.094,5.243,0.155,-12.22056,-7.65191,6.225
36.64,0,0,0,0,-5.104,5.274,0.156,-12.22056,-7.65191,6.225
36.65,0,0,0,0,-5.111,5.305,0.156,-12.22056,-7.65191,6.225
36.66,0,0,0,0,-5.119,5.334,0.157,-12.22056,-7.65191,6.225
36.67,0,0,0,0,-5.125,5.364,0.157,-12.22056,-7.65191,6.22
36.68,0,0,0,0,-5.131,5.393,0.158,-12.22056,-7.65191,6.22
36.69,0,0,0,0,-5.137,5.42,0.159,-12.08723,-7.37041,6.22
36.7,0,0,0,0,-5.142,5.448,0.159,-12.08723,-7.37041,6.22
36.71,0,0,0,0,-5.146,5.476,0.159,-12.08723,-7.37041,6.22
36.72,0,0,0,0,-5.147,5.502,0.16,-12.08723,-7.37041,6.22
36.73,0,0,0,0,-5.148,5.528,0.16,-12.08723,-7.37041,6.22
36.74,0,0,0,0,-5.148,5.554,0.16,-12.08723,-7.37041,6.22
36.75,0,0,0,0,-5.146,5.579,0.159,-12.08723,-7.37041,6.22
36.76,0,0,0,0,-5.142,5.603,0.159,-12.08723,-7.37041,6.22
36.77,0,0,0,0,-5.137,5.628,0.159,-12.08723,-7.37041,6.22
36.78,0,0,0,0,-5.132,5.65,0.158,-12.08723,-7.37041,6.22
36.79,0,0,0,0,-5.127,5.671,0.158,-12.08723,-7.37041,6.22
36.8,0,0,0,0,-5.123,5.692,0.157,-12.08723,-7.37041,6.22
36.81,0,0,0,0,-5.118,5.711,0.157,-12.08723,-7.37041,6.22
36.82,0,0,0,0,-5.116,5.729,0.156,-12.08723,-7.37041,6.217
36.83,0,0,0,0,-5.114,5.746,0.156,-12.08723,-7.37041,6.217
36.84,0,0,0,0,-5.112,5.762,0.156,-12.08723,-7.37041,6.217
36.85,0,0,0,0,-5.112,5.776,0.156,-12.08723,-7.37041,6.217
36.86,0,0,0,0,-5.112,5.789,0.156,-12.08723,-7.37041,6.217
36.87,0,0,0,0,-5.112,5.802,0.156,-12.08723,-7.37041,6.217
36.88,0,0,0,0,-5.112,5.813,0.156,-12.08723,-7.37041,6.217
36.89,0,0,0,0,-5.113,5.824,0.156,-12.08723,-7.37041,6.217
36.9,0,0,0,0,-5.113,5.834,0.156,-11.90978,-7.04431,6.217
36.91,0,0,0,0,-5.114,5.843,0.156,-11.90978,-7.04431,6.217
36.92,0,0,0,0,-5.116,5.852,0.156,-11.90978,-7.04431,6.217
36.93,0,0,0,0,-5.117,5.861,0.157,-11.90978,-7.04431,6.212
36.94,0,0,0,0,-5.119,5.869,0.157,-11.90978,-7.04431,6.212
36.95,0,0,0,0,-5.121,5.876,0.157,-11.90978,-7.04431,6.212
36.96,0,0,0,0,-5.123,5.883,0.157,-11.90978,-7.04431,6.212
36.97,0,0,0,0,-5.127,5.891,0.158,-11.90978,-7.04431,6.212
36.98,0,0,0,0,-5.133,5.898,0.158,-11.90978,-7.04431,6.212
36.99,0,0,0,0,-5.14,5.904,0.159,-11.90978,-7.04431,6.212
37,0,0,0,0,-5.146,5.91,0.16,-11.90978,-7.04431,6.212
37.01,0,0,0,0,-5.152,5.916,0.16,-11.90978,-7.04431,6.207
37.02,0,0,0,0,-5.159,5.921,0.161,-11.90978,-7.04431,6.207
37.03,0,0,0,0,-5.165,5.927,0.162,-11.90978,-7.04431,6.207
37.04,0,0,0,0,-5.171,5.933,0.162,-11.90978,-7.04431,6.207
37.05,0,0,0,0,-5.178,5.94,0.163,-11.90978,-7.04431,6.207
37.06,0,0,0,0,-5.184,5.948,0.164,-11.90978,-7.04431,6.207
37.07,0,0,0,0,-5.19,5.956,0.164,-11.90978,-7.04431,6.207
37.08,0,0,0,0,-5.196,5.962,0.165,-11.90978,-7.04431,6.202
37.09,0,0,0,0,-5.201,5.97,0.165,-11.90978,-7.04431,6.202
37.1,0,0,0,0,-5.206,5.977,0.166,-11.70515,-6.70861,6.202
37.11,0,0,0,0,-5.21,5.984,0.166,-11.70515,-6.70861,6.202
37.12,0,0,0,0,-5.213,5.991,0.167,-11.70515,-6.70861,6.202
37.13,0,0,0,0,-5.217,5.999,0.167,-11.70515,-6.70861,6.202
37.14,0,0,0,0,-5.221,6.007,0.167,-11.70515,-6.70861,6.202
37.15,0,0,0,0,-5.225,6.016,0.168,-11.70515,-6.70861,6.202
37.16,0,0,0,0,-5.227,6.026,0.168,-11.70515,-6.70861,6.196
37.17,0,0,0,0,-5.229,6.036,0.168,-11.70515,-6.70861,6.196
37.18,0,0,0,0,-5.231,6.048,0.169,-11.70515,-6.70861,6.196
37.19,0,0,0,0,-5.234,6.061,0.169,-11.70515,-6.70861,6.196
37.2,0,0,0,0,-5.238,6.073,0.169,-11.70515,-6.70861,6.196
37.21,0,0,0,0,-5.243,6.086,0.17,-11.70515,-6.70861,6.196
37.22,0,0,0,0,-5.245,6.103,0.17,-11.70515,-6.70861,6.196
37.23,0,0,0,0,-5.247,6.12,0.17,-11.70515,-6.70861,6.194
37.24,0,0,0,0,-5.249,6.138,0.17,-11.70515,-6.70861,6.194
37.25,0,0,0,0,-5.248,6.159,0.17,-11.70515,-6.70861,6.194
37.26,0,0,0,0,-5.247,6.18,0.17,-11.70515,-6.70861,6.194
37.27,0,0,0,0,-5.244,6.202,0.17,-11.70515,-6.70861,6.194
37.28,0,0,0,0,-5.242,6.226,0.17,-11.70515,-6.70861,6.194
37.29,0,0,0,0,-5.239,6.25,0.169,-11.70515,-6.70861,6.194
37.3,0,0,0,0,-5.235,6.275,0.169,-11.70515,-6.70861,6.194
37.31,0,0,0,0,-5.231,6.301,0.168,-11.45382,-6.32832,6.194
37.32,0,0,0,0,-5.227,6.328,0.168,-11.45382,-6.32832,6.194
37.33,0,0,0,0,-5.221,6.357,0.167,-11.45382,-6.32832,6.194
37.34,0,0,0,0,-5.215,6.386,0.167,-11.45382,-6.32832,6.194
37.35,0,0,0,0,-5.21,6.416,0.166,-11.45382,-6.32832,6.188
37.36,0,0,0,0,-5.201,6.448,0.165,-11.45382,-6.32832,6.188
37.37,0,0,0,0,-5.192,6.479,0.164,-11.45382,-6.32832,6.188
37.38,0,0,0,0,-5.183,6.511,0.163,-11.45382,-6.32832,6.188
37.39,0,0,0,0,-5.171,6.543,0.162,-11.45382,-6.32832,6.188
37.4,0,0,0,0,-5.16,6.576,0.16,-11.45382,-6.32832,6.188
37.41,0,0,0,0,-5.146,6.609,0.159,-11.45382,-6.32832,6.188
37.42,0,0,0,0,-5.133,6.643,0.157,-11.45382,-6.32832,6.188
37.43,0,0,0,0,-5.12,6.678,0.156,-11.45382,-6.32832,6.188
37.44,0,0,0,0,-5.105,6.712,0.154,-11.45382,-6.32832,6.188
37.45,0,0,0,0,-5.089,6.746,0.152,-11.45382,-6.32832,6.188
37.46,0,0,0,0,-5.072,6.781,0.15,-11.45382,-6.32832,6.188
37.47,0,0,0,0,-5.055,6.816,0.148,-11.45382,-6.32832,6.188
37.48,0,0,0,0,-5.038,6.852,0.146,-11.45382,-6.32832,6.188
37.49,0,0,0,0,-5.019,6.887,0.144,-11.45382,-6.32832,6.188
37.5,0,0,0,0,-5.001,6.923,0.141,-11.45382,-6.32832,6.188
37.51,0,0,0,0,-4.982,6.959,0.139,-11.45382,-6.32832,6.188
37.52,0,0,0,0,-4.963,6.995,0.137,-11.16294,-5.91882,6.188
37.53,0,0,0,0,-4.943,7.031,0.134,-11.16294,-5.91882,6.188
37.54,0,0,0,0,-4.923,7.067,0.132,-11.16294,-5.91882,6.188
37.55,0,0,0,0,-4.903,7.105,0.129,-11.16294,-5.91882,6.188
37.56,0,0,0,0,-4.883,7.141,0.127,-11.16294,-5.91882,6.188
37.57,0,0,0,0,-4.863,7.178,0.124,-11.16294,-5.91882,6.188
37.58,0,0,0,0,-4.845,7.214,0.122,-11.16294,-5.91882,6.188
37.59,0,0,0,0,-4.827,7.251,0.12,-11.16294,-5.91882,6.188
37.6,0,0,0,0,-4.807,7.288,0.117,-11.16294,-5.91882,6.188
37.61,0,0,0,0,-4.792,7.323,0.115,-11.16294,-5.91882,6.188
37.62,0,0,0,0,-4.777,7.359,0.113,-11.16294,-5.91882,6.188
37.63,0,0,0,0,-4.765,7.393,0.112,-11.16294,-5.91882,6.188
37.64,0,0,0,0,-4.752,7.428,0.11,-11.16294,-5.91882,6.188
37.65,0,0,0,0,-4.74,7.462,0.108,-11.16294,-5.91882,6.188
37.66,0,0,0,0,-4.73,7.496,0.107,-11.16294,-5.91882,6.183
37.67,0,0,0,0,-4.721,7.53,0.106,-11.16294,-5.91882,6.183
37.68,0,0,0,0,-4.712,7.563,0.105,-11.16294,-5.91882,6.183
37.69,0,0,0,0,-4.702,7.597,0.104,-11.16294,-5.91882,6.183
37.7,0,0,0,0,-4.696,7.629,0.103,-11.16294,-5.91882,6.183
37.71,0,0,0,0,-4.689,7.661,0.102,-11.16294,-5.91882,6.178
37.72,0,0,0,0,-4.684,7.692,0.101,-10.84638,-5.50733,6.178
37.73,0,0,0,0,-4.679,7.724,0.1,-10.84638,-5.50733,6.178
37.74,0,0,0,0,-4.675,7.755,0.1,-10.84638,-5.50733,6.178
37.75,0,0,0,0,-4.672,7.785,0.099,-10.84638,-5.50733,6.175
37.76,0,0,0,0,-4.67,7.814,0.099,-10.84638,-5.50733,6.175
37.77,0,0,0,0,-4.67,7.843,0.099,-10.84638,-5.50733,6.175
37.78,0,0,0,0,-4.671,7.871,0.099,-10.84638,-5.50733,6.175
37.79,0,0,0,0,-4.671,7.9,0.099,-10.84638,-5.50733,6.17
37.8,0,0,0,0,-4.671,7.929,0.099,-10.84638,-5.50733,6.17
37.81,0,0,0,0,-4.675,7.957,0.1,-10.84638,-5.50733,6.17
37.82,0,0,0,0,-4.678,7.986,0.1,-10.84638,-5.50733,6.165
37.83,0,0,0,0,-4.681,8.014,0.101,-10.84638,-5.50733,6.165
37.84,0,0,0,0,-4.687,8.042,0.101,-10.84638,-5.50733,6.159
37.85,0,0,0,0,-4.692,8.07,0.102,-10.84638,-5.50733,6.159
37.86,0,0,0,0,-4.701,8.097,0.104,-10.84638,-5.50733,6.159
37.87,0,0,0,0,-4.709,8.125,0.105,-10.84638,-5.50733,6.154
37.88,0,0,0,0,-4.718,8.153,0.106,-10.84638,-5.50733,6.154
37.89,0,0,0,0,-4.726,8.18,0.107,-10.84638,-5.50733,6.151
37.9,0,0,0,0,-4.737,8.207,0.109,-10.84638,-5.50733,6.151
37.91,0,0,0,0,-4.748,8.234,0.11,-10.84638,-5.50733,6.146
37.92,0,0,0,0,-4.758,8.261,0.112,-10.84638,-5.50733,6.146
37.93,0,0,0,0,-4.771,8.291,0.114,-10.47047,-5.05788,6.141
37.94,0,0,0,0,-4.783,8.318,0.115,-10.47047,-5.05788,6.141
37.95,0,0,0,0,-4.795,8.346,0.117,-10.47047,-5.05788,6.135
37.96,0,0,0,0,-4.808,8.373,0.119,-10.47047,-5.05788,6.135
37.97,0,0,0,0,-4.822,8.4,0.121,-10.47047,-5.05788,6.133
37.98,0,0,0,0,-4.836,8.426,0.123,-10.47047,-5.05788,6.133
37.99,0,0,0,0,-4.851,8.453,0.125,-10.47047,-5.05788,6.128
38,0,0,0,0,-4.866,8.479,0.128,-10.47047,-5.05788,6.128
38.01,0,0,0,0,-4.881,8.505,0.13,-10.47047,-5.05788,6.122
38.02,0,0,0,0,-4.897,8.531,0.132,-10.47047,-5.05788,6.122
38.03,0,0,0,0,-4.912,8.557,0.135,-10.47047,-5.05788,6.117
38.04,0,0,0,0,-4.928,8.583,0.137,-10.47047,-5.05788,6.117
38.05,0,0,0,0,-4.944,8.608,0.139,-10.47047,-5.05788,6.112
38.06,0,0,0,0,-4.96,8.633,0.142,-10.47047,-5.05788,6.109
38.07,0,0,0,0,-4.976,8.658,0.144,-10.47047,-5.05788,6.109
38.08,0,0,0,0,-4.993,8.683,0.147,-10.47047,-5.05788,6.104
38.09,0,0,0,0,-5.01,8.707,0.15,-10.47047,-5.05788,6.104
38.1,0,0,0,0,-5.027,8.732,0.152,-10.47047,-5.05788,6.098
38.11,0,0,0,0,-5.043,8.758,0.155,-10.47047,-5.05788,6.093
38.12,0,0,0,0,-5.061,8.782,0.157,-10.47047,-5.05788,6.093
38.13,0,0,0,0,-5.078,8.807,0.16,-10.06788,-4.61192,6.091
38.14,0,0,0,0,-5.096,8.831,0.163,-10.06788,-4.61192,6.091
38.15,0,0,0,0,-5.114,8.855,0.166,-10.06788,-4.61192,6.085
38.16,0,0,0,0,-5.132,8.879,0.168,-10.06788,-4.61192,6.08
38.17,0,0,0,0,-5.151,8.903,0.172,-10.06788,-4.61192,6.08
38.18,0,0,0,0,-5.171,8.927,0.175,-10.06788,-4.61192,6.075
38.19,0,0,0,0,-5.19,8.951,0.178,-10.06788,-4.61192,6.069
38.2,0,0,0,0,-5.211,8.975,0.181,-10.06788,-4.61192,6.067
38.21,0,0,0,0,-5.233,8.999,0.184,-10.06788,-4.61192,6.067
38.22,0,0,0,0,-5.257,9.022,0.188,-10.06788,-4.61192,6.061
38.23,0,0,0,0,-5.282,9.046,0.192,-10.06788,-4.61192,6.056
38.24,0,0,0,0,-5.309,9.07,0.197,-10.06788,-4.61192,6.051
38.25,0,0,0,0,-5.337,9.093,0.201,-10.06788,-4.61192,6.051
38.26,0,0,0,0,-5.366,9.117,0.206,-10.06788,-4.61192,6.048
38.27,0,0,0,0,-5.394,9.14,0.21,-10.06788,-4.61192,6.043
38.28,0,0,0,0,-5.424,9.163,0.215,-10.06788,-4.61192,6.038
38.29,0,0,0,0,-5.453,9.186,0.22,-10.06788,-4.61192,6.032
38.3,0,0,0,0,-5.483,9.208,0.225,-10.06788,-4.61192,6.032
38.31,0,0,0,0,-5.515,9.231,0.23,-10.06788,-4.61192,6.027
38.32,0,0,0,0,-5.544,9.256,0.235,-10.06788,-4.61192,6.024
38.33,0,0,0,0,-5.57,9.279,0.239,-10.06788,-4.61192,6.019
38.34,0,0,0,0,-5.598,9.301,0.244,-9.59617,-4.12316,6.014
38.35,0,0,0,0,-5.628,9.324,0.248,-9.59617,-4.12316,6.014
38.36,0,0,0,0,-5.654,9.346,0.253,-9.59617,-4.12316,6.009
38.37,0,0,0,0,-5.681,9.368,0.257,-9.59617,-4.12316,6.006
38.38,0,0,0,0,-5.709,9.39,0.262,-9.59617,-4.12316,6.001
38.39,0,0,0,0,-5.738,9.412,0.267,-9.59617,-4.12316,6.001
38.4,0,0,0,0,-5.76,9.432,0.27,-9.59617,-4.12316,5.995
38.41,0,0,0,0,-5.781,9.453,0.274,-9.59617,-4.12316,5.99
38.42,0,0,0,0,-5.802,9.473,0.277,-9.59617,-4.12316,5.985
38.43,0,0,0,0,-5.818,9.493,0.28,-9.59617,-4.12316,5.985
38.44,0,0,0,0,-5.834,9.513,0.283,-9.59617,-4.12316,5.982
38.45,0,0,0,0,-5.843,9.532,0.284,-9.59617,-4.12316,5.977
38.46,0,0,0,0,-5.853,9.552,0.286,-9.59617,-4.12316,5.977
38.47,0,0,0,0,-5.862,9.572,0.288,-9.59617,-4.12316,5.972
38.48,0,0,0,0,-5.866,9.591,0.288,-9.59617,-4.12316,5.972
38.49,0,0,0,0,-5.87,9.61,0.289,-9.59617,-4.12316,5.966
38.5,0,0,0,0,-5.872,9.628,0.289,-9.59617,-4.12316,5.966
38.51,0,0,0,0,-5.869,9.649,0.289,-9.59617,-4.12316,5.964
38.52,0,0,0,0,-5.867,9.668,0.288,-9.59617,-4.12316,5.964
38.53,0,0,0,0,-5.861,9.687,0.287,-9.59617,-4.12316,5.958
38.54,0,0,0,0,-5.854,9.706,0.286,-9.09403,-3.63059,5.958
38.55,0,0,0,0,-5.847,9.725,0.285,-9.09403,-3.63059,5.953
38.56,0,0,0,0,-5.837,9.743,0.283,-9.09403,-3.63059,5.953
38.57,0,0,0,0,-5.823,9.762,0.281,-9.09403,-3.63059,5.948
38.58,0,0,0,0,-5.808,9.78,0.278,-9.09403,-3.63059,5.948
38.59,0,0,0,0,-5.791,9.799,0.275,-9.09403,-3.63059,5.943
38.6,0,0,0,0,-5.772,9.817,0.272,-9.09403,-3.63059,5.943
38.61,0,0,0,0,-5.751,9.836,0.268,-9.09403,-3.63059,5.943
38.62,0,0,0,0,-5.728,9.855,0.264,-9.09403,-3.63059,5.94
38.63,0,0,0,0,-5.704,9.873,0.26,-9.09403,-3.63059,5.94
38.64,0,0,0,0,-5.678,9.892,0.255,-9.09403,-3.63059,5.935
38.65,0,0,0,0,-5.65,9.911,0.251,-9.09403,-3.63059,5.935
38.66,0,0,0,0,-5.622,9.93,0.246,-9.09403,-3.63059,5.935
38.67,0,0,0,0,-5.594,9.949,0.241,-9.09403,-3.63059,5.929
38.68,0,0,0,0,-5.565,9.97,0.236,-9.09403,-3.63059,5.929
38.69,0,0,0,0,-5.537,9.99,0.231,-9.09403,-3.63059,5.924
38.7,0,0,0,0,-5.507,10.009,0.225,-9.09403,-3.63059,5.924
38.71,0,0,0,0,-5.478,10.029,0.22,-9.09403,-3.63059,5.924
38.72,0,0,0,0,-5.451,10.049,0.216,-9.09403,-3.63059,5.921
38.73,0,0,0,0,-5.423,10.068,0.21,-9.09403,-3.63059,5.921
38.74,0,0,0,0,-5.393,10.088,0.205,-9.09403,-3.63059,5.916
38.75,0,0,0,0,-5.365,10.107,0.2,-8.50746,-3.08149,5.916
38.76,0,0,0,0,-5.336,10.127,0.195,-8.50746,-3.08149,5.911
38.77,0,0,0,0,-5.305,10.146,0.189,-8.50746,-3.08149,5.911
38.78,0,0,0,0,-5.276,10.166,0.184,-8.50746,-3.08149,5.911
38.79,0,0,0,0,-5.247,10.186,0.179,-8.50746,-3.08149,5.906
38.8,0,0,0,0,-5.217,10.206,0.173,-8.50746,-3.08149,5.906
38.81,0,0,0,0,-5.191,10.228,0.169,-8.50746,-3.08149,5.903
38.82,0,0,0,0,-5.167,10.249,0.164,-8.50746,-3.08149,5.898
38.83,0,0,0,0,-5.143,10.27,0.16,-8.50746,-3.08149,5.898
38.84,0,0,0,0,-5.12,10.291,0.156,-8.50746,-3.08149,5.892
38.85,0,0,0,0,-5.101,10.312,0.152,-8.50746,-3.08149,5.892
38.86,0,0,0,0,-5.083,10.333,0.149,-8.50746,-3.08149,5.887
38.87,0,0,0,0,-5.068,10.356,0.146,-8.50746,-3.08149,5.882
38.88,0,0,0,0,-5.054,10.376,0.144,-8.50746,-3.08149,5.882
38.89,0,0,0,0,-5.039,10.396,0.141,-8.50746,-3.08149,5.879
38.9,0,0,0,0,-5.03,10.416,0.139,-8.50746,-3.08149,5.874
38.91,0,0,0,0,-5.023,10.436,0.138,-8.50746,-3.08149,5.869
38.92,0,0,0,0,-5.017,10.456,0.137,-8.50746,-3.08149,5.863
38.93,0,0,0,0,-5.011,10.476,0.136,-8.50746,-3.08149,5.863
38.94,0,0,0,0,-5.005,10.497,0.135,-8.50746,-3.08149,5.861
38.95,0,0,0,0,-5.001,10.517,0.134,-7.89911,-2.54038,5.855
38.96,0,0,0,0,-4.998,10.538,0.133,-7.89911,-2.54038,5.85
38.97,0,0,0,0,-4.994,10.558,0.133,-7.89911,-2.54038,5.845
38.98,0,0,0,0,-4.991,10.579,0.132,-7.89911,-2.54038,5.84
38.99,0,0,0,0,-4.988,10.6,0.132,-7.89911,-2.54038,5.84
39,0,0,0,0,-4.985,10.62,0.131,-7.89911,-2.54038,5.837
39.01,0,0,0,0,-4.983,10.641,0.131,-7.89911,-2.54038,5.832
39.02,0,0,0,0,-4.981,10.662,0.13,-7.89911,-2.54038,5.826
39.03,0,0,0,0,-4.979,10.683,0.13,-7.89911,-2.54038,5.821
39.04,0,0,0,0,-4.977,10.704,0.13,-7.89911,-2.54038,5.818
39.05,0,0,0,0,-4.975,10.725,0.129,-7.89911,-2.54038,5.813
39.06,0,0,0,0,-4.973,10.745,0.129,-7.89911,-2.54038,5.808
39.07,0,0,0,0,-4.971,10.768,0.128,-7.89911,-2.54038,5.803
39.08,0,0,0,0,-4.97,10.79,0.128,-7.89911,-2.54038,5.797
39.09,0,0,0,0,-4.968,10.812,0.128,-7.89911,-2.54038,5.797
39.1,0,0,0,0,-4.967,10.833,0.128,-7.89911,-2.54038,5.795
39.11,0,0,0,0,-4.966,10.855,0.127,-7.89911,-2.54038,5.789
39.12,0,0,0,0,-4.965,10.876,0.127,-7.89911,-2.54038,5.784
39.13,0,0,0,0,-4.963,10.899,0.127,-7.89911,-2.54038,5.779
39.14,0,0,0,0,-4.961,10.922,0.126,-7.89911,-2.54038,5.776
39.15,0,0,0,0,-4.959,10.944,0.126,-7.89911,-2.54038,5.771
39.16,0,0,0,0,-4.957,10.966,0.126,-7.20701,-1.95639,5.766
39.17,0,0,0,0,-4.955,10.989,0.125,-7.20701,-1.95639,5.76
39.18,0,0,0,0,-4.953,11.011,0.125,-7.20701,-1.95639,5.755
39.19,0,0,0,0,-4.951,11.033,0.124,-7.20701,-1.95639,5.752
39.2,0,0,0,0,-4.949,11.055,0.124,-7.20701,-1.95639,5.747
39.21,0,0,0,0,-4.947,11.077,0.124,-7.20701,-1.95639,5.742
39.22,0,0,0,0,-4.945,11.099,0.123,-7.20701,-1.95639,5.736
39.23,0,0,0,0,-4.943,11.121,0.123,-7.20701,-1.95639,5.734
39.24,0,0,0,0,-4.94,11.144,0.122,-7.20701,-1.95639,5.729
39.25,0,0,0,0,-4.937,11.167,0.122,-7.20701,-1.95639,5.723
39.26,0,0,0,0,-4.935,11.191,0.121,-7.20701,-1.95639,5.718
39.27,0,0,0,0,-4.933,11.215,0.121,-7.20701,-1.95639,5.713
39.28,0,0,0,0,-4.932,11.239,0.121,-7.20701,-1.95639,5.71
39.29,0,0,0,0,-4.931,11.262,0.121,-7.20701,-1.95639,5.705
39.3,0,0,0,0,-4.93,11.285,0.12,-7.20701,-1.95639,5.699
39.31,0,0,0,0,-4.929,11.309,0.12,-7.20701,-1.95639,5.694
39.32,0,0,0,0,-4.926,11.333,0.12,-7.20701,-1.95639,5.692
39.33,0,0,0,0,-4.924,11.357,0.119,-7.20701,-1.95639,5.686
39.34,0,0,0,0,-4.921,11.381,0.118,-7.20701,-1.95639,5.681
39.35,0,0,0,0,-4.918,11.404,0.118,-7.20701,-1.95639,5.676
39.36,0,0,0,0,-4.916,11.428,0.117,-6.49296,-1.38353,5.67
39.37,0,0,0,0,-4.914,11.454,0.117,-6.49296,-1.38353,5.668
39.38,0,0,0,0,-4.912,11.479,0.117,-6.49296,-1.38353,5.662
39.39,0,0,0,0,-4.91,11.505,0.116,-6.49296,-1.38353,5.657
39.4,0,0,0,0,-4.908,11.53,0.116,-6.49296,-1.38353,5.652
39.41,0,0,0,0,-4.908,11.556,0.116,-6.49296,-1.38353,5.649
39.42,0,0,0,0,-4.907,11.582,0.116,-6.49296,-1.38353,5.644
39.43,0,0,0,0,-4.907,11.608,0.116,-6.49296,-1.38353,5.639
39.44,0,0,0,0,-4.907,11.634,0.116,-6.49296,-1.38353,5.633
39.45,0,0,0,0,-4.906,11.66,0.116,-6.49296,-1.38353,5.628
39.46,0,0,0,0,-4.906,11.687,0.115,-6.49296,-1.38353,5.625
39.47,0,0,0,0,-4.907,11.713,0.116,-6.49296,-1.38353,5.615
39.48,0,0,0,0,-4.907,11.739,0.116,-6.49296,-1.38353,5.61
39.49,0,0,0,0,-4.907,11.766,0.116,-6.49296,-1.38353,5.607
39.5,0,0,0,0,-4.906,11.792,0.115,-6.49296,-1.38353,5.602
39.51,0,0,0,0,-4.906,11.818,0.115,-6.49296,-1.38353,5.596
39.52,0,0,0,0,-4.906,11.844,0.115,-6.49296,-1.38353,5.591
39.53,0,0,0,0,-4.905,11.87,0.115,-6.49296,-1.38353,5.586
39.54,0,0,0,0,-4.905,11.896,0.115,-6.49296,-1.38353,5.583
39.55,0,0,0,0,-4.905,11.922,0.115,-6.49296,-1.38353,5.573
39.56,0,0,0,0,-4.905,11.948,0.115,-6.49296,-1.38353,5.567
39.57,0,0,0,0,-4.904,11.973,0.115,-5.68428,-0.76567,5.565
39.58,0,0,0,0,-4.904,12,0.115,-5.68428,-0.76567,5.559
39.59,0,0,0,0,-4.904,12.027,0.115,-5.68428,-0.76567,5.554
39.6,0,0,0,0,-4.903,12.056,0.115,-5.68428,-0.76567,5.549
39.61,0,0,0,0,-4.903,12.084,0.115,-5.68428,-0.76567,5.544
39.62,0,0,0,0,-4.903,12.113,0.115,-5.68428,-0.76567,5.536
39.63,0,0,0,0,-4.902,12.141,0.115,-5.68428,-0.76567,5.53
39.64,0,0,0,0,-4.902,12.169,0.115,-5.68428,-0.76567,5.525
39.65,0,0,0,0,-4.902,12.197,0.115,-5.68428,-0.76567,5.522
39.66,0,0,0,0,-4.901,12.228,0.115,-5.68428,-0.76567,5.517
39.67,0,0,0,0,-4.901,12.257,0.114,-5.68428,-0.76567,5.512
39.68,0,0,0,0,-4.901,12.285,0.114,-5.68428,-0.76567,5.501
39.69,0,0,0,0,-4.9,12.314,0.114,-5.68428,-0.76567,5.499
39.7,0,0,0,0,-4.9,12.343,0.114,-5.68428,-0.76567,5.493
39.71,0,0,0,0,-4.9,12.371,0.114,-5.68428,-0.76567,5.488
39.72,0,0,0,0,-4.899,12.4,0.114,-5.68428,-0.76567,5.483
39.73,0,0,0,0,-4.898,12.428,0.114,-5.68428,-0.76567,5.475
39.74,0,0,0,0,-4.896,12.457,0.113,-5.68428,-0.76567,5.47
39.75,0,0,0,0,-4.894,12.486,0.113,-5.68428,-0.76567,5.464
39.76,0,0,0,0,-4.892,12.515,0.112,-5.68428,-0.76567,5.459
39.77,0,0,0,0,-4.89,12.544,0.112,-5.68428,-0.76567,5.456
39.78,0,0,0,0,-4.889,12.572,0.112,-4.81256,-0.13127,5.446
39.79,0,0,0,0,-4.887,12.601,0.111,-4.81256,-0.13127,5.441
39.8,0,0,0,0,-4.885,12.629,0.111,-4.81256,-0.13127,5.438
39.81,0,0,0,0,-4.883,12.658,0.11,-4.81256,-0.13127,5.433
39.82,0,0,0,0,-4.882,12.687,0.11,-4.81256,-0.13127,5.422
39.83,0,0,0,0,-4.881,12.716,0.11,-4.81256,-0.13127,5.417
39.84,0,0,0,0,-4.88,12.746,0.11,-4.81256,-0.13127,5.414
39.85,0,0,0,0,-4.879,12.775,0.109,-4.81256,-0.13127,5.409
39.86,0,0,0,0,-4.878,12.807,0.109,-4.81256,-0.13127,5.398
39.87,0,0,0,0,-4.877,12.836,0.109,-4.81256,-0.13127,5.396
39.88,0,0,0,0,-4.877,12.867,0.109,-4.81256,-0.13127,5.39
39.89,0,0,0,0,-4.877,12.897,0.109,-4.81256,-0.13127,5.385
39.9,0,0,0,0,-4.878,12.928,0.109,-4.81256,-0.13127,5.374
39.91,0,0,0,0,-4.878,12.958,0.109,-4.81256,-0.13127,5.372
39.92,0,0,0,0,-4.879,12.988,0.109,-4.81256,-0.13127,5.367
39.93,0,0,0,0,-4.88,13.018,0.11,-4.81256,-0.13127,5.356
39.94,0,0,0,0,-4.88,13.048,0.11,-4.81256,-0.13127,5.353
39.95,0,0,0,0,-4.881,13.078,0.11,-4.81256,-0.13127,5.348
39.96,0,0,0,0,-4.881,13.108,0.11,-4.81256,-0.13127,5.337
39.97,0,0,0,0,-4.882,13.138,0.11,-4.81256,-0.13127,5.335
39.98,0,0,0,0,-4.882,13.168,0.11,-3.92155,0.4875,5.33
39.99,0,0,0,0,-4.883,13.197,0.11,-3.92155,0.4875,5.319
40,0,0,0,0,-4.883,13.227,0.11,-3.92155,0.4875,5.314
40.01,0,0,0,0,-4.884,13.256,0.111,-3.92155,0.4875,5.311
40.02,0,0,0,0,-4.884,13.286,0.111,-3.92155,0.4875,5.3
40.03,0,0,0,0,-4.884,13.317,0.111,-3.92155,0.4875,5.295
40.04,0,0,0,0,-4.884,13.346,0.111,-3.92155,0.4875,5.293
40.05,0,0,0,0,-4.885,13.375,0.111,-3.92155,0.4875,5.282
40.06,0,0,0,0,-4.885,13.404,0.111,-3.92155,0.4875,5.277
40.07,0,0,0,0,-4.886,13.433,0.111,-3.92155,0.4875,5.271
40.08,0,0,0,0,-4.886,13.462,0.111,-3.92155,0.4875,5.264
40.09,0,0,0,0,-4.887,13.491,0.111,-3.92155,0.4875,5.258
40.1,0,0,0,0,-4.887,13.52,0.111,-3.92155,0.4875,5.253
40.11,0,0,0,0,-4.888,13.548,0.111,-3.92155,0.4875,5.245
40.12,0,0,0,0,-4.888,13.577,0.112,-3.92155,0.4875,5.24
40.13,0,0,0,0,-4.889,13.605,0.112,-3.92155,0.4875,5.229
40.14,0,0,0,0,-4.889,13.634,0.112,-3.92155,0.4875,5.227
40.15,0,0,0,0,-4.889,13.662,0.112,-3.92155,0.4875,5.221
40.16,0,0,0,0,-4.89,13.69,0.112,-3.92155,0.4875,5.211
40.17,0,0,0,0,-4.89,13.718,0.112,-3.92155,0.4875,5.208
40.18,0,0,0,0,-4.891,13.746,0.112,-3.92155,0.4875,5.197
40.19,0,0,0,0,-4.891,13.774,0.112,-2.91943,1.15205,5.192
40.2,0,0,0,0,-4.891,13.805,0.112,-2.91943,1.15205,5.187
40.21,0,0,0,0,-4.891,13.834,0.112,-2.91943,1.15205,5.179
40.22,0,0,0,0,-4.892,13.862,0.113,-2.91943,1.15205,5.174
40.23,0,0,0,0,-4.892,13.891,0.113,-2.91943,1.15205,5.166
40.24,0,0,0,0,-4.893,13.919,0.113,-2.91943,1.15205,5.16
40.25,0,0,0,0,-4.893,13.947,0.113,-2.91943,1.15205,5.15
40.26,0,0,0,0,-4.894,13.975,0.113,-2.91943,1.15205,5.145
40.27,0,0,0,0,-4.894,14.003,0.113,-2.91943,1.15205,5.137
40.28,0,0,0,0,-4.894,14.031,0.113,-2.91943,1.15205,5.131
40.29,0,0,0,0,-4.895,14.059,0.113,-2.91943,1.15205,5.123
40.3,0,0,0,0,-4.895,14.087,0.113,-2.91943,1.15205,5.118
40.31,0,0,0,0,-4.896,14.115,0.114,-2.91943,1.15205,5.108
40.32,0,0,0,0,-4.896,14.143,0.114,-2.91943,1.15205,5.102
40.33,0,0,0,0,-4.896,14.17,0.114,-2.91943,1.15205,5.094
40.34,0,0,0,0,-4.896,14.198,0.114,-2.91943,1.15205,5.089
40.35,0,0,0,0,-4.896,14.226,0.114,-2.91943,1.15205,5.084
40.36,0,0,0,0,-4.895,14.254,0.113,-2.91943,1.15205,5.076
40.37,0,0,0,0,-4.895,14.281,0.113,-2.91943,1.15205,5.071
40.38,0,0,0,0,-4.895,14.309,0.113,-2.91943,1.15205,5.06
40.39,0,0,0,0,-4.894,14.336,0.113,-1.89953,1.79872,5.052
40.4,0,0,0,0,-4.894,14.364,0.113,-1.89953,1.79872,5.047
40.41,0,0,0,0,-4.894,14.391,0.113,-1.89953,1.79872,5.039
40.42,0,0,0,0,-4.893,14.418,0.113,-1.89953,1.79872,5.034
40.43,0,0,0,0,-4.891,14.448,0.112,-1.89953,1.79872,5.023
40.44,0,0,0,0,-4.891,14.475,0.112,-1.89953,1.79872,5.018
40.45,0,0,0,0,-4.891,14.502,0.112,-1.89953,1.79872,5.01
40.46,0,0,0,0,-4.89,14.529,0.112,-1.89953,1.79872,5.005
40.47,0,0,0,0,-4.89,14.556,0.112,-1.89953,1.79872,4.997
40.48,0,0,0,0,-4.89,14.582,0.112,-1.89953,1.79872,4.991
40.49,0,0,0,0,-4.889,14.609,0.112,-1.89953,1.79872,4.981
40.5,0,0,0,0,-4.889,14.636,0.112,-1.89953,1.79872,4.973
40.51,0,0,0,0,-4.889,14.662,0.112,-1.89953,1.79872,4.968
40.52,0,0,0,0,-4.888,14.689,0.112,-1.89953,1.79872,4.957
40.53,0,0,0,0,-4.888,14.715,0.111,-1.89953,1.79872,4.954
40.54,0,0,0,0,-4.887,14.741,0.111,-1.89953,1.79872,4.944
40.55,0,0,0,0,-4.887,14.767,0.111,-1.89953,1.79872,4.938
40.56,0,0,0,0,-4.887,14.794,0.111,-1.89953,1.79872,4.931
40.57,0,0,0,0,-4.886,14.82,0.111,-1.89953,1.79872,4.92
40.58,0,0,0,0,-4.886,14.846,0.111,-1.89953,1.79872,4.915
40.59,0,0,0,0,-4.886,14.871,0.111,-1.89953,1.79872,4.907
40.6,0,0,0,0,-4.885,14.9,0.111,-0.75771,2.49175,4.896
40.61,0,0,0,0,-4.885,14.926,0.111,-0.75771,2.49175,4.891
40.62,0,0,0,0,-4.886,14.952,0.111,-0.75771,2.49175,4.883
40.63,0,0,0,0,-4.886,14.978,0.111,-0.75771,2.49175,4.878
40.64,0,0,0,0,-4.886,15.004,0.111,-0.75771,2.49175,4.87
40.65,0,0,0,0,-4.887,15.03,0.111,-0.75771,2.49175,4.859
40.66,0,0,0,0,-4.887,15.055,0.111,-0.75771,2.49175,4.854
40.67,0,0,0,0,-4.888,15.081,0.111,-0.75771,2.49175,4.846
40.68,0,0,0,0,-4.888,15.107,0.112,-0.75771,2.49175,4.835
40.69,0,0,0,0,-4.888,15.132,0.112,-0.75771,2.49175,4.83
40.7,0,0,0,0,-4.889,15.158,0.112,-0.75771,2.49175,4.822
40.71,0,0,0,0,-4.889,15.183,0.112,-0.75771,2.49175,4.812
40.72,0,0,0,0,-4.89,15.208,0.112,-0.75771,2.49175,4.806
40.73,0,0,0,0,-4.89,15.233,0.112,-0.75771,2.49175,4.798
40.74,0,0,0,0,-4.891,15.259,0.112,-0.75771,2.49175,4.788
40.75,0,0,0,0,-4.891,15.284,0.112,-0.75771,2.49175,4.78
40.76,0,0,0,0,-4.891,15.309,0.112,-0.75771,2.49175,4.775
40.77,0,0,0,0,-4.892,15.334,0.113,-0.75771,2.49175,4.767
40.78,0,0,0,0,-4.892,15.358,0.113,-0.75771,2.49175,4.756
40.79,0,0,0,0,-4.893,15.383,0.113,-0.75771,2.49175,4.751
40.8,0,0,0,0,-4.893,15.411,0.113,0.39869,3.16444,4.743
40.81,0,0,0,0,-4.894,15.436,0.113,0.39869,3.16444,4.732
40.82,0,0,0,0,-4.895,15.461,0.114,0.39869,3.16444,4.724
40.83,0,0,0,0,-4.896,15.486,0.114,0.39869,3.16444,4.714
40.84,0,0,0,0,-4.898,15.51,0.114,0.39869,3.16444,4.709
40.85,0,0,0,0,-4.899,15.535,0.115,0.39869,3.16444,4.701
40.86,0,0,0,0,-4.9,15.56,0.115,0.39869,3.16444,4.69
40.87,0,0,0,0,-4.901,15.584,0.115,0.39869,3.16444,4.682
40.88,0,0,0,0,-4.902,15.609,0.115,0.39869,3.16444,4.677
40.89,0,0,0,0,-4.903,15.633,0.116,0.39869,3.16444,4.666
40.9,0,0,0,0,-4.904,15.658,0.116,0.39869,3.16444,4.658
40.91,0,0,0,0,-4.906,15.682,0.116,0.39869,3.16444,4.648
40.92,0,0,0,0,-4.906,15.706,0.116,0.39869,3.16444,4.64
40.93,0,0,0,0,-4.906,15.729,0.117,0.39869,3.16444,4.635
40.94,0,0,0,0,-4.907,15.753,0.117,0.39869,3.16444,4.624
40.95,0,0,0,0,-4.907,15.776,0.117,0.39869,3.16444,4.616
40.96,0,0,0,0,-4.907,15.8,0.117,0.39869,3.16444,4.606
40.97,0,0,0,0,-4.908,15.823,0.117,0.39869,3.16444,4.598
40.98,0,0,0,0,-4.908,15.847,0.117,0.39869,3.16444,4.587
40.99,0,0,0,0,-4.908,15.87,0.117,0.39869,3.16444,4.582
41,0,0,0,0,-4.909,15.893,0.117,0.39869,3.16444,4.574
41.01,0,0,0,0,-4.909,15.919,0.117,1.68672,3.88369,4.563
41.02,0,0,0,0,-4.909,15.942,0.117,1.68672,3.88369,4.555
41.03,0,0,0,0,-4.91,15.965,0.118,1.68672,3.88369,4.545
41.04,0,0,0,0,-4.91,15.988,0.118,1.68672,3.88369,4.534
41.05,0,0,0,0,-4.91,16.011,0.118,1.68672,3.88369,4.526
41.06,0,0,0,0,-4.91,16.034,0.118,1.68672,3.88369,4.516
41.07,0,0,0,0,-4.911,16.057,0.118,1.68672,3.88369,4.513
41.08,0,0,0,0,-4.911,16.079,0.118,1.68672,3.88369,4.503
41.09,0,0,0,0,-4.911,16.102,0.118,1.68672,3.88369,4.492
41.1,0,0,0,0,-4.912,16.124,0.118,1.68672,3.88369,4.484
41.11,0,0,0,0,-4.912,16.147,0.118,1.68672,3.88369,4.473
41.12,0,0,0,0,-4.912,16.169,0.118,1.68672,3.88369,4.466
41.13,0,0,0,0,-4.913,16.191,0.118,1.68672,3.88369,4.455
41.14,0,0,0,0,-4.913,16.214,0.119,1.68672,3.88369,4.447
41.15,0,0,0,0,-4.913,16.236,0.119,1.68672,3.88369,4.436
41.16,0,0,0,0,-4.914,16.258,0.119,1.68672,3.88369,4.429
41.17,0,0,0,0,-4.914,16.28,0.119,1.68672,3.88369,4.418
41.18,0,0,0,0,-4.914,16.305,0.119,1.68672,3.88369,4.407
41.19,0,0,0,0,-4.915,16.327,0.119,1.68672,3.88369,4.399
41.2,0,0,0,0,-4.916,16.35,0.12,1.68672,3.88369,4.389
41.21,0,0,0,0,-4.918,16.372,0.12,2.98531,4.58083,4.381
41.22,0,0,0,0,-4.919,16.394,0.12,2.98531,4.58083,4.37
41.23,0,0,0,0,-4.92,16.416,0.12,2.98531,4.58083,4.362
41.24,0,0,0,0,-4.921,16.438,0.121,2.98531,4.58083,4.352
41.25,0,0,0,0,-4.922,16.46,0.121,2.98531,4.58083,4.344
41.26,0,0,0,0,-4.923,16.482,0.121,2.98531,4.58083,4.333
41.27,0,0,0,0,-4.924,16.503,0.122,2.98531,4.58083,4.323
41.28,0,0,0,0,-4.925,16.525,0.122,2.98531,4.58083,4.315
41.29,0,0,0,0,-4.926,16.547,0.122,2.98531,4.58083,4.304
41.3,0,0,0,0,-4.927,16.568,0.123,2.98531,4.58083,4.296
41.31,0,0,0,0,-4.928,16.59,0.123,2.98531,4.58083,4.286
41.32,0,0,0,0,-4.929,16.611,0.123,2.98531,4.58083,4.278
41.33,0,0,0,0,-4.93,16.633,0.124,2.98531,4.58083,4.267
41.34,0,0,0,0,-4.931,16.654,0.124,2.98531,4.58083,4.259
41.35,0,0,0,0,-4.932,16.675,0.124,2.98531,4.58083,4.249
41.36,0,0,0,0,-4.933,16.697,0.125,2.98531,4.58083,4.238
41.37,0,0,0,0,-4.934,16.718,0.125,2.98531,4.58083,4.23
41.38,0,0,0,0,-4.935,16.742,0.125,2.98531,4.58083,4.22
41.39,0,0,0,0,-4.937,16.763,0.126,2.98531,4.58083,4.212
41.4,0,0,0,0,-4.939,16.785,0.126,2.98531,4.58083,4.199
41.41,0,0,0,0,-4.94,16.806,0.127,2.98531,4.58083,4.188
41.42,0,0,0,0,-4.942,16.827,0.127,4.42479,5.32497,4.178
41.43,0,0,0,0,-4.944,16.848,0.128,4.42479,5.32497,4.17
41.44,0,0,0,0,-4.945,16.869,0.128,4.42479,5.32497,4.159
41.45,0,0,0,0,-4.947,16.89,0.129,4.42479,5.32497,4.151
41.46,0,0,0,0,-4.949,16.91,0.129,4.42479,5.32497,4.141
41.47,0,0,0,0,-4.951,16.93,0.13,4.42479,5.32497,4.133
41.48,0,0,0,0,-4.952,16.95,0.13,4.42479,5.32497,4.117
41.49,0,0,0,0,-4.954,16.97,0.131,4.42479,5.32497,4.109
41.5,0,0,0,0,-4.956,16.99,0.131,4.42479,5.32497,4.098
41.51,0,0,0,0,-4.957,17.01,0.132,4.42479,5.32497,4.09
41.52,0,0,0,0,-4.959,17.029,0.132,4.42479,5.32497,4.08
41.53,0,0,0,0,-4.961,17.049,0.133,4.42479,5.32497,4.067
41.54,0,0,0,0,-4.962,17.069,0.133,4.42479,5.32497,4.056
41.55,0,0,0,0,-4.964,17.089,0.134,4.42479,5.32497,4.048
41.56,0,0,0,0,-4.966,17.111,0.134,4.42479,5.32497,4.037
41.57,0,0,0,0,-4.967,17.131,0.135,4.42479,5.32497,4.03
41.58,0,0,0,0,-4.969,17.15,0.135,4.42479,5.32497,4.014
41.59,0,0,0,0,-4.971,17.169,0.136,4.42479,5.32497,4.006
41.6,0,0,0,0,-4.972,17.189,0.136,4.42479,5.32497,3.995
41.61,0,0,0,0,-4.974,17.208,0.137,4.42479,5.32497,3.987
41.62,0,0,0,0,-4.976,17.227,0.138,5.86897,6.04507,3.971
41.63,0,0,0,0,-4.976,17.246,0.138,5.86897,6.04507,3.963
41.64,0,0,0,0,-4.976,17.264,0.138,5.86897,6.04507,3.953
41.65,0,0,0,0,-4.976,17.282,0.138,5.86897,6.04507,3.945
41.66,0,0,0,0,-4.976,17.3,0.138,5.86897,6.04507,3.929
41.67,0,0,0,0,-4.976,17.318,0.138,5.86897,6.04507,3.921
41.68,0,0,0,0,-4.976,17.335,0.138,5.86897,6.04507,3.911
41.69,0,0,0,0,-4.977,17.352,0.138,5.86897,6.04507,3.903
41.7,0,0,0,0,-4.977,17.369,0.138,5.86897,6.04507,3.887
41.71,0,0,0,0,-4.977,17.386,0.138,5.86897,6.04507,3.879
41.72,0,0,0,0,-4.977,17.403,0.138,5.86897,6.04507,3.868
41.73,0,0,0,0,-4.977,17.42,0.138,5.86897,6.04507,3.855
41.74,0,0,0,0,-4.977,17.437,0.138,5.86897,6.04507,3.845
41.75,0,0,0,0,-4.977,17.454,0.138,5.86897,6.04507,3.837
41.76,0,0,0,0,-4.977,17.474,0.138,5.86897,6.04507,3.821
41.77,0,0,0,0,-4.976,17.49,0.138,5.86897,6.04507,3.813
41.78,0,0,0,0,-4.975,17.506,0.137,5.86897,6.04507,3.802
41.79,0,0,0,0,-4.975,17.523,0.137,5.86897,6.04507,3.789
41.8,0,0,0,0,-4.974,17.539,0.137,5.86897,6.04507,3.779
41.81,0,0,0,0,-4.974,17.555,0.137,5.86897,6.04507,3.771
41.82,0,0,0,0,-4.973,17.571,0.137,5.86897,6.04507,3.755
41.83,0,0,0,0,-4.972,17.587,0.137,7.46337,6.81326,3.747
41.84,0,0,0,0,-4.972,17.603,0.136,7.46337,6.81326,3.736
41.85,0,0,0,0,-4.971,17.619,0.136,7.46337,6.81326,3.723
41.86,0,0,0,0,-4.971,17.635,0.136,7.46337,6.81326,3.712
41.87,0,0,0,0,-4.969,17.651,0.135,7.46337,6.81326,3.699
41.88,0,0,0,0,-4.968,17.668,0.135,7.46337,6.81326,3.691
41.89,0,0,0,0,-4.967,17.684,0.135,7.46337,6.81326,3.681
41.9,0,0,0,0,-4.965,17.7,0.134,7.46337,6.81326,3.668
41.91,0,0,0,0,-4.964,17.716,0.134,7.46337,6.81326,3.657
41.92,0,0,0,0,-4.963,17.732,0.133,7.46337,6.81326,3.644
41.93,0,0,0,0,-4.961,17.748,0.133,7.46337,6.81326,3.633
41.94,0,0,0,0,-4.96,17.764,0.132,7.46337,6.81326,3.62
41.95,0,0,0,0,-4.959,17.78,0.132,7.46337,6.81326,3.609
41.96,0,0,0,0,-4.957,17.799,0.132,7.46337,6.81326,3.596
41.97,0,0,0,0,-4.956,17.815,0.131,7.46337,6.81326,3.588
41.98,0,0,0,0,-4.955,17.832,0.131,7.46337,6.81326,3.578
41.99,0,0,0,0,-4.953,17.848,0.13,7.46337,6.81326,3.564
42,0,0,0,0,-4.952,17.865,0.13,7.46337,6.81326,3.554
42.01,0,0,0,0,-4.951,17.881,0.13,7.46337,6.81326,3.541
42.02,0,0,0,0,-4.949,17.897,0.129,7.46337,6.81326,3.53
42.03,0,0,0,0,-4.948,17.914,0.129,9.05573,7.55581,3.517
42.04,0,0,0,0,-4.947,17.93,0.128,9.05573,7.55581,3.504
42.05,0,0,0,0,-4.945,17.946,0.128,9.05573,7.55581,3.493
42.06,0,0,0,0,-4.944,17.962,0.127,9.05573,7.55581,3.48
42.07,0,0,0,0,-4.943,17.978,0.127,9.05573,7.55581,3.469
42.08,0,0,0,0,-4.942,17.995,0.127,9.05573,7.55581,3.456
42.09,0,0,0,0,-4.94,18.012,0.126,9.05573,7.55581,3.446
42.1,0,0,0,0,-4.939,18.028,0.126,9.05573,7.55581,3.432
42.11,0,0,0,0,-4.938,18.045,0.125,9.05573,7.55581,3.422
42.12,0,0,0,0,-4.936,18.062,0.125,9.05573,7.55581,3.409
42.13,0,0,0,0,-4.935,18.078,0.125,9.05573,7.55581,3.395
42.14,0,0,0,0,-4.934,18.098,0.124,9.05573,7.55581,3.385
42.15,0,0,0,0,-4.933,18.115,0.124,9.05573,7.55581,3.372
42.16,0,0,0,0,-4.931,18.132,0.123,9.05573,7.55581,3.361
42.17,0,0,0,0,-4.93,18.149,0.123,9.05573,7.55581,3.348
42.18,0,0,0,0,-4.929,18.167,0.122,9.05573,7.55581,3.335
42.19,0,0,0,0,-4.928,18.184,0.122,9.05573,7.55581,3.324
42.2,0,0,0,0,-4.926,18.201,0.122,9.05573,7.55581,3.311
42.21,0,0,0,0,-4.925,18.217,0.121,9.05573,7.55581,3.295
42.22,0,0,0,0,-4.924,18.234,0.121,9.05573,7.55581,3.287
42.23,0,0,0,0,-4.923,18.251,0.12,9.05573,7.55581,3.271
42.24,0,0,0,0,-4.922,18.268,0.12,10.80471,8.34615,3.258
42.25,0,0,0,0,-4.92,18.285,0.12,10.80471,8.34615,3.25
42.26,0,0,0,0,-4.919,18.301,0.119,10.80471,8.34615,3.234
42.27,0,0,0,0,-4.918,18.318,0.119,10.80471,8.34615,3.221
42.28,0,0,0,0,-4.917,18.335,0.118,10.80471,8.34615,3.21
42.29,0,0,0,0,-4.915,18.351,0.118,10.80471,8.34615,3.197
42.3,0,0,0,0,-4.914,18.368,0.118,10.80471,8.34615,3.184
42.31,0,0,0,0,-4.913,18.386,0.117,10.80471,8.34615,3.168
42.32,0,0,0,0,-4.912,18.403,0.117,10.80471,8.34615,3.16
42.33,0,0,0,0,-4.911,18.419,0.116,10.80471,8.34615,3.144
42.34,0,0,0,0,-4.91,18.435,0.116,10.80471,8.34615,3.131
42.35,0,0,0,0,-4.908,18.451,0.116,10.80471,8.34615,3.123
42.36,0,0,0,0,-4.907,18.468,0.115,10.80471,8.34615,3.107
42.37,0,0,0,0,-4.906,18.484,0.115,10.80471,8.34615,3.094
42.38,0,0,0,0,-4.905,18.5,0.114,10.80471,8.34615,3.081
42.39,0,0,0,0,-4.904,18.516,0.114,10.80471,8.34615,3.07
42.4,0,0,0,0,-4.904,18.533,0.114,10.80471,8.34615,3.057
42.41,0,0,0,0,-4.904,18.549,0.114,10.80471,8.34615,3.041
42.42,0,0,0,0,-4.903,18.565,0.114,10.80471,8.34615,3.028
42.43,0,0,0,0,-4.903,18.582,0.114,10.80471,8.34615,3.015
42.44,0,0,0,0,-4.902,18.598,0.114,10.80471,8.34615,3.004
42.45,0,0,0,0,-4.902,18.614,0.113,12.63324,9.14694,2.991
42.46,0,0,0,0,-4.902,18.63,0.113,12.63324,9.14694,2.978
42.47,0,0,0,0,-4.901,18.646,0.113,12.63324,9.14694,2.962
42.48,0,0,0,0,-4.901,18.662,0.113,12.63324,9.14694,2.949
42.49,0,0,0,0,-4.9,18.678,0.113,12.63324,9.14694,2.936
42.5,0,0,0,0,-4.9,18.694,0.113,12.63324,9.14694,2.925
42.51,0,0,0,0,-4.9,18.713,0.113,12.63324,9.14694,2.912
42.52,0,0,0,0,-4.899,18.73,0.112,12.63324,9.14694,2.896
42.53,0,0,0,0,-4.899,18.746,0.112,12.63324,9.14694,2.883
42.54,0,0,0,0,-4.898,18.763,0.112,12.63324,9.14694,2.87
42.55,0,0,0,0,-4.898,18.78,0.112,12.63324,9.14694,2.854
42.56,0,0,0,0,-4.898,18.797,0.112,12.63324,9.14694,2.84
42.57,0,0,0,0,-4.897,18.814,0.112,12.63324,9.14694,2.827
42.58,0,0,0,0,-4.897,18.831,0.112,12.63324,9.14694,2.811
42.59,0,0,0,0,-4.897,18.849,0.112,12.63324,9.14694,2.804
42.6,0,0,0,0,-4.897,18.866,0.112,12.63324,9.14694,2.788
42.61,0,0,0,0,-4.898,18.884,0.112,12.63324,9.14694,2.774
42.62,0,0,0,0,-4.9,18.901,0.113,12.63324,9.14694,2.761
42.63,0,0,0,0,-4.901,18.919,0.113,12.63324,9.14694,2.745
42.64,0,0,0,0,-4.902,18.937,0.113,12.63324,9.14694,2.732
42.65,0,0,0,0,-4.903,18.955,0.114,14.44834,9.9187,2.719
42.66,0,0,0,0,-4.904,18.973,0.114,14.44834,9.9187,2.703
42.67,0,0,0,0,-4.905,18.991,0.115,14.44834,9.9187,2.69
42.68,0,0,0,0,-4.907,19.01,0.115,14.44834,9.9187,2.677
42.69,0,0,0,0,-4.909,19.029,0.116,14.44834,9.9187,2.661
42.7,0,0,0,0,-4.912,19.05,0.117,14.44834,9.9187,2.648
42.71,0,0,0,0,-4.914,19.069,0.118,14.44834,9.9187,2.634
42.72,0,0,0,0,-4.917,19.088,0.119,14.44834,9.9187,2.619
42.73,0,0,0,0,-4.919,19.107,0.12,14.44834,9.9187,2.605
42.74,0,0,0,0,-4.922,19.127,0.12,14.44834,9.9187,2.592
42.75,0,0,0,0,-4.924,19.146,0.121,14.44834,9.9187,2.576
42.76,0,0,0,0,-4.927,19.166,0.122,14.44834,9.9187,2.558
42.77,0,0,0,0,-4.929,19.186,0.123,14.44834,9.9187,2.545
42.78,0,0,0,0,-4.932,19.206,0.124,14.44834,9.9187,2.531
42.79,0,0,0,0,-4.934,19.227,0.125,14.44834,9.9187,2.515
42.8,0,0,0,0,-4.937,19.248,0.125,14.44834,9.9187,2.502
42.81,0,0,0,0,-4.939,19.27,0.126,14.44834,9.9187,2.489
42.82,0,0,0,0,-4.942,19.291,0.127,14.44834,9.9187,2.473
42.83,0,0,0,0,-4.944,19.313,0.128,14.44834,9.9187,2.46
42.84,0,0,0,0,-4.946,19.335,0.129,14.44834,9.9187,2.447
42.85,0,0,0,0,-4.949,19.357,0.13,14.44834,9.9187,2.431
42.86,0,0,0,0,-4.951,19.379,0.131,16.43071,10.73804,2.412
42.87,0,0,0,0,-4.954,19.4,0.131,16.43071,10.73804,2.399
42.88,0,0,0,0,-4.956,19.422,0.132,16.43071,10.73804,2.386
42.89,0,0,0,0,-4.958,19.447,0.133,16.43071,10.73804,2.37
42.9,0,0,0,0,-4.961,19.469,0.134,16.43071,10.73804,2.357
42.91,0,0,0,0,-4.963,19.492,0.135,16.43071,10.73804,2.344
42.92,0,0,0,0,-4.966,19.516,0.136,16.43071,10.73804,2.325
42.93,0,0,0,0,-4.969,19.539,0.137,16.43071,10.73804,2.309
42.94,0,0,0,0,-4.972,19.562,0.138,16.43071,10.73804,2.296
42.95,0,0,0,0,-4.975,19.585,0.139,16.43071,10.73804,2.283
42.96,0,0,0,0,-4.978,19.609,0.14,16.43071,10.73804,2.267
42.97,0,0,0,0,-4.981,19.632,0.141,16.43071,10.73804,2.249
42.98,0,0,0,0,-4.984,19.657,0.142,16.43071,10.73804,2.235
42.99,0,0,0,0,-4.987,19.681,0.144,16.43071,10.73804,2.22
43,0,0,0,0,-4.991,19.706,0.145,16.43071,10.73804,2.206
43.01,0,0,0,0,-4.995,19.732,0.146,16.43071,10.73804,2.188
43.02,0,0,0,0,-4.999,19.758,0.148,16.43071,10.73804,2.175
43.03,0,0,0,0,-5.002,19.784,0.149,16.43071,10.73804,2.159
43.04,0,0,0,0,-5.005,19.81,0.15,16.43071,10.73804,2.14
43.05,0,0,0,0,-5.01,19.836,0.152,16.43071,10.73804,2.127
43.06,0,0,0,0,-5.013,19.862,0.153,18.3928,11.52724,2.114
43.07,0,0,0,0,-5.017,19.889,0.154,18.3928,11.52724,2.098
43.08,0,0,0,0,-5.021,19.918,0.156,18.3928,11.52724,2.08
43.09,0,0,0,0,-5.024,19.944,0.157,18.3928,11.52724,2.066
43.1,0,0,0,0,-5.028,19.971,0.158,18.3928,11.52724,2.05
43.11,0,0,0,0,-5.03,19.997,0.159,18.3928,11.52724,2.032
43.12,0,0,0,0,-5.032,20.023,0.16,18.3928,11.52724,2.019
43.13,0,0,0,0,-5.034,20.05,0.16,18.3928,11.52724,2.006
43.14,0,0,0,0,-5.036,20.076,0.161,18.3928,11.52724,1.987
43.15,0,0,0,0,-5.038,20.101,0.162,18.3928,11.52724,1.971
43.16,0,0,0,0,-5.039,20.126,0.162,18.3928,11.52724,1.958
43.17,0,0,0,0,-5.04,20.152,0.163,18.3928,11.52724,1.939
43.18,0,0,0,0,-5.041,20.176,0.163,18.3928,11.52724,1.926
43.19,0,0,0,0,-5.043,20.199,0.164,18.3928,11.52724,1.91
43.2,0,0,0,0,-5.044,20.221,0.164,18.3928,11.52724,1.892
43.21,0,0,0,0,-5.045,20.242,0.165,18.3928,11.52724,1.879
43.22,0,0,0,0,-5.046,20.263,0.165,18.3928,11.52724,1.863
43.23,0,0,0,0,-5.046,20.283,0.165,18.3928,11.52724,1.844
43.24,0,0,0,0,-5.045,20.301,0.164,18.3928,11.52724,1.831
43.25,0,0,0,0,-5.043,20.318,0.164,18.3928,11.52724,1.813
43.26,0,0,0,0,-5.04,20.336,0.163,18.3928,11.52724,1.799
43.27,0,0,0,0,-5.037,20.354,0.161,20.53407,12.36604,1.784
43.28,0,0,0,0,-5.034,20.37,0.16,20.53407,12.36604,1.765
43.29,0,0,0,0,-5.031,20.385,0.159,20.53407,12.36604,1.752
43.3,0,0,0,0,-5.028,20.399,0.158,20.53407,12.36604,1.736
43.31,0,0,0,0,-5.025,20.412,0.157,20.53407,12.36604,1.718
43.32,0,0,0,0,-5.023,20.422,0.156,20.53407,12.36604,1.704
43.33,0,0,0,0,-5.021,20.432,0.156,20.53407,12.36604,1.686
43.34,0,0,0,0,-5.02,20.44,0.155,20.53407,12.36604,1.673
43.35,0,0,0,0,-5.02,20.447,0.155,20.53407,12.36604,1.651
43.36,0,0,0,0,-5.02,20.453,0.155,20.53407,12.36604,1.638
43.37,0,0,0,0,-5.02,20.459,0.155,20.53407,12.36604,1.62
43.38,0,0,0,0,-5.021,20.463,0.156,20.53407,12.36604,1.607
43.39,0,0,0,0,-5.023,20.466,0.156,20.53407,12.36604,1.588
43.4,0,0,0,0,-5.024,20.468,0.157,20.53407,12.36604,1.572
43.41,0,0,0,0,-5.026,20.47,0.157,20.53407,12.36604,1.554
43.42,0,0,0,0,-5.028,20.471,0.158,20.53407,12.36604,1.54
43.43,0,0,0,0,-5.031,20.471,0.159,20.53407,12.36604,1.522
43.44,0,0,0,0,-5.034,20.471,0.16,20.53407,12.36604,1.506
43.45,0,0,0,0,-5.038,20.471,0.162,20.53407,12.36604,1.488
43.46,0,0,0,0,-5.041,20.469,0.163,20.53407,12.36604,1.469
43.47,0,0,0,0,-5.046,20.468,0.165,22.65144,13.17374,1.456
43.48,0,0,0,0,-5.051,20.469,0.167,22.65144,13.17374,1.437
43.49,0,0,0,0,-5.056,20.468,0.169,22.65144,13.17374,1.422
43.5,0,0,0,0,-5.061,20.466,0.171,22.65144,13.17374,1.403
43.51,0,0,0,0,-5.066,20.464,0.172,22.65144,13.17374,1.385
43.52,0,0,0,0,-5.071,20.463,0.174,22.65144,13.17374,1.371
43.53,0,0,0,0,-5.077,20.462,0.176,22.65144,13.17374,1.353
43.54,0,0,0,0,-5.083,20.461,0.179,22.65144,13.17374,1.334
43.55,0,0,0,0,-5.089,20.461,0.181,22.65144,13.17374,1.319
43.56,0,0,0,0,-5.096,20.46,0.184,22.65144,13.17374,1.3
43.57,0,0,0,0,-5.104,20.459,0.187,22.65144,13.17374,1.282
43.58,0,0,0,0,-5.112,20.459,0.19,22.65144,13.17374,1.268
43.59,0,0,0,0,-5.12,20.459,0.193,22.65144,13.17374,1.25
43.6,0,0,0,0,-5.13,20.459,0.196,22.65144,13.17374,1.231
43.61,0,0,0,0,-5.14,20.459,0.2,22.65144,13.17374,1.21
43.62,0,0,0,0,-5.15,20.458,0.204,22.65144,13.17374,1.197
43.63,0,0,0,0,-5.16,20.46,0.207,22.65144,13.17374,1.178
43.64,0,0,0,0,-5.169,20.462,0.211,22.65144,13.17374,1.16
43.65,0,0,0,0,-5.178,20.464,0.214,22.65144,13.17374,1.141
43.66,0,0,0,0,-5.187,20.466,0.218,22.65144,13.17374,1.126
43.67,0,0,0,0,-5.196,20.469,0.221,22.65144,13.17374,1.107
43.68,0,0,0,0,-5.204,20.474,0.224,24.95176,14.03009,1.089
43.69,0,0,0,0,-5.209,20.479,0.226,24.95176,14.03009,1.07
43.7,0,0,0,0,-5.214,20.483,0.228,24.95176,14.03009,1.057
43.71,0,0,0,0,-5.217,20.49,0.229,24.95176,14.03009,1.038
43.72,0,0,0,0,-5.22,20.497,0.23,24.95176,14.03009,1.02
43.73,0,0,0,0,-5.223,20.503,0.231,24.95176,14.03009,0.999
43.74,0,0,0,0,-5.226,20.51,0.232,24.95176,14.03009,0.986
43.75,0,0,0,0,-5.226,20.519,0.232,24.95176,14.03009,0.967
43.76,0,0,0,0,-5.224,20.529,0.232,24.95176,14.03009,0.949
43.77,0,0,0,0,-5.221,20.539,0.231,24.95176,14.03009,0.935
43.78,0,0,0,0,-5.217,20.55,0.229,24.95176,14.03009,0.914
43.79,0,0,0,0,-5.211,20.562,0.227,24.95176,14.03009,0.896
43.8,0,0,0,0,-5.205,20.573,0.224,24.95176,14.03009,0.877
43.81,0,0,0,0,-5.199,20.585,0.222,24.95176,14.03009,0.864
43.82,0,0,0,0,-5.193,20.597,0.22,24.95176,14.03009,0.846
43.83,0,0,0,0,-5.186,20.61,0.217,24.95176,14.03009,0.827
43.84,0,0,0,0,-5.179,20.624,0.215,24.95176,14.03009,0.811
43.85,0,0,0,0,-5.173,20.638,0.212,24.95176,14.03009,0.793
43.86,0,0,0,0,-5.166,20.653,0.21,24.95176,14.03009,0.774
43.87,0,0,0,0,-5.159,20.668,0.207,24.95176,14.03009,0.756
43.88,0,0,0,0,-5.153,20.683,0.205,27.21874,14.85723,0.742
43.89,0,0,0,0,-5.146,20.698,0.202,27.21874,14.85723,0.724
43.9,0,0,0,0,-5.139,20.715,0.2,27.21874,14.85723,0.705
43.91,0,0,0,0,-5.133,20.731,0.197,27.21874,14.85723,0.684
43.92,0,0,0,0,-5.126,20.747,0.195,27.21874,14.85723,0.666
43.93,0,0,0,0,-5.121,20.765,0.192,27.21874,14.85723,0.653
43.94,0,0,0,0,-5.115,20.782,0.19,27.21874,14.85723,0.634
43.95,0,0,0,0,-5.109,20.8,0.188,27.21874,14.85723,0.616
43.96,0,0,0,0,-5.103,20.817,0.186,27.21874,14.85723,0.597
43.97,0,0,0,0,-5.098,20.836,0.184,27.21874,14.85723,0.579
43.98,0,0,0,0,-5.092,20.855,0.182,27.21874,14.85723,0.558
43.99,0,0,0,0,-5.086,20.875,0.179,27.21874,14.85723,0.539
44,0,0,0,0,-5.081,20.895,0.177,27.21874,14.85723,0.526
44.01,0,0,0,0,-5.075,20.915,0.175,27.21874,14.85723,0.507
44.02,0,0,0,0,-5.069,20.935,0.173,27.21874,14.85723,0.489
44.03,0,0,0,0,-5.064,20.955,0.171,27.21874,14.85723,0.47
44.04,0,0,0,0,-5.059,20.978,0.169,27.21874,14.85723,0.452
44.05,0,0,0,0,-5.053,21,0.167,27.21874,14.85723,0.431
44.06,0,0,0,0,-5.047,21.022,0.164,27.21874,14.85723,0.412
44.07,0,0,0,0,-5.041,21.044,0.162,27.21874,14.85723,0.394
44.08,0,0,0,0,-5.035,21.068,0.16,27.21874,14.85723,0.375
44.09,0,0,0,0,-5.029,21.092,0.157,29.67438,15.73526,0.357
44.1,0,0,0,0,-5.022,21.116,0.155,29.67438,15.73526,0.338
44.11,0,0,0,0,-5.014,21.141,0.152,29.67438,15.73526,0.32
44.12,0,0,0,0,-5.007,21.165,0.149,29.67438,15.73526,0.301
44.13,0,0,0,0,-5,21.191,0.146,29.67438,15.73526,0.283
44.14,0,0,0,0,-4.992,21.216,0.143,29.67438,15.73526,0.264
44.15,0,0,0,0,-4.985,21.241,0.14,29.67438,15.73526,0.243
44.16,0,0,0,0,-4.979,21.267,0.138,29.67438,15.73526,0.225
44.17,0,0,0,0,-4.973,21.293,0.136,29.67438,15.73526,0.206
44.18,0,0,0,0,-4.967,21.318,0.133,29.67438,15.73526,0.188
44.19,0,0,0,0,-4.964,21.344,0.132,29.67438,15.73526,0.169
44.2,0,0,0,0,-4.961,21.37,0.131,29.67438,15.73526,0.151
44.21,0,0,0,0,-4.958,21.395,0.13,29.67438,15.73526,0.132
44.22,0,0,0,0,-4.956,21.421,0.129,29.67438,15.73526,0.114
44.23,0,0,0,0,-4.955,21.446,0.128,29.67438,15.73526,0.095
44.24,0,0,0,0,-4.953,21.471,0.128,29.67438,15.73526,0.074
44.25,0,0,0,0,-4.953,21.499,0.128,29.67438,15.73526,0.055
44.26,0,0,0,0,-4.953,21.525,0.128,29.67438,15.73526,0.032
44.27,0,0,0,0,-4.954,21.55,0.128,29.67438,15.73526,0.013
44.28,0,0,0,0,-4.955,21.575,0.128,29.67438,15.73526,-0.005
44.29,0,0,0,0,-4.957,21.601,0.129,32.08342,16.57829,-0.021
44.3,0,0,0,0,-4.959,21.626,0.13,32.08342,16.57829,-0.042
44.31,0,0,0,0,-4.961,21.651,0.131,32.08342,16.57829,-0.063
44.32,0,0,0,0,-4.963,21.677,0.131,32.08342,16.57829,-0.085
44.33,0,0,0,0,-4.967,21.701,0.133,32.08342,16.57829,-0.106
44.34,0,0,0,0,-4.971,21.726,0.135,32.08342,16.57829,-0.127
44.35,0,0,0,0,-4.975,21.751,0.136,32.08342,16.57829,-0.148
44.36,0,0,0,0,-4.979,21.775,0.138,32.08342,16.57829,-0.164
44.37,0,0,0,0,-4.983,21.8,0.14,32.08342,16.57829,-0.185
44.38,0,0,0,0,-4.99,21.824,0.142,32.08342,16.57829,-0.259
44.39,0,0,0,0,-4.996,21.848,0.145,32.08342,16.57829,-0.317
44.4,0,0,0,0,-6.542,25.809,3.943,32.08342,16.57829,-0.275
44.41,0,0,0,0,-8.286,37.022,14.596,32.08342,16.57829,-0.116
44.42,0,0,0,0,-7.842,48.863,25.776,32.08342,16.57829,0.137
44.43,0,0,0,0,-5.174,60.326,36.564,32.08342,16.57829,0.465
44.44,0,0,0,0,-0.505,71.03,46.554,32.08342,16.57829,0.853
44.45,0,0,0,0,5.844,80.784,55.526,32.08342,16.57829,1.25
44.46,0,0,0,0,13.533,89.591,63.437,32.08342,16.57829,1.644
44.47,0,0,0,0,21.009,100.175,66.593,32.08342,16.57829,2.013
44.48,0,0,0,0,28.725,110.828,68.345,32.08342,16.57829,2.352
44.49,0,0,0,0,36.579,122.126,68.455,32.08342,16.57829,2.629
44.5,0,0,0,0,44.258,134.756,66.443,33.00745,15.24464,2.835
44.51,0,0,0,0,51.335,149.699,61.519,33.00745,15.24464,2.962
44.52,0,0,0,0,57.154,168.171,52.641,33.00745,15.24464,3.004
44.53,0,0,0,0,60.775,-169.147,39.286,33.00745,15.24464,2.962
44.54,0,0,0,0,61.279,-143.961,23.307,33.00745,15.24464,2.84
44.55,0,0,0,0,58.53,-120.318,8.893,33.00745,15.24464,2.648
44.56,0,0,0,0,53.335,-100.771,-1.265,33.00745,15.24464,2.394
44.57,0,0,0,0,46.692,-85.097,-7.242,33.00745,15.24464,2.103
44.58,0,0,0,0,39.332,-72.108,-10.077,33.00745,15.24464,1.778
44.59,0,0,0,0,31.726,-60.753,-10.66,33.00745,15.24464,1.456
44.6,0,0,0,0,24.19,-50.286,-9.561,33.00745,15.24464,1.136
44.61,0,0,0,0,16.969,-40.199,-7.112,33.00745,15.24464,0.851
44.62,0,0,0,0,10.279,-30.133,-3.502,33.00745,15.24464,0.61
44.63,0,0,0,0,4.332,-19.843,1.158,33.00745,15.24464,0.428
44.64,0,0,0,0,-0.66,-9.173,6.77,33.00745,15.24464,0.314
44.65,0,0,0,0,-4.491,1.934,13.208,33.00745,15.24464,0.277
44.66,0,0,0,0,-6.979,13.427,20.279,33.00745,15.24464,0.314
44.67,0,0,0,0,-7.997,25.15,27.714,33.00745,15.24464,0.428
44.68,0,0,0,0,-7.494,36.878,35.184,33.00745,15.24464,0.61
44.69,0,0,0,0,-5.516,48.379,42.357,33.00745,15.24464,0.853
44.7,0,0,0,0,-2.189,59.479,48.954,33.00745,15.24464,1.147
44.71,0,0,0,0,2.306,70.097,54.774,33.08932,16.02639,1.474
44.72,0,0,0,0,7.76,80.257,59.693,33.08932,16.02639,1.818
44.73,0,0,0,0,13.962,90.073,63.632,33.08932,16.02639,2.159
44.74,0,0,0,0,20.709,99.74,66.52,33.08932,16.02639,2.489
44.75,0,0,0,0,27.802,109.527,68.246,33.08932,16.02639,2.788
44.76,0,0,0,0,35.039,119.8,68.615,33.08932,16.02639,3.041
44.77,0,0,0,0,42.186,131.066,67.284,33.08932,16.02639,3.239
44.78,0,0,0,0,48.939,144.032,63.703,33.08932,16.02639,3.377
44.79,0,0,0,0,54.852,159.62,57.085,33.08932,16.02639,3.438
44.8,0,0,0,0,59.276,178.687,46.704,33.08932,16.02639,3.432
44.81,0,0,0,0,61.415,-158.996,32.909,33.08932,16.02639,3.353
44.82,0,0,0,0,60.739,-135.853,18.231,33.08932,16.02639,3.202
44.83,0,0,0,0,57.459,-115.052,5.949,33.08932,16.02639,2.999
44.84,0,0,0,0,52.327,-97.879,-2.539,33.08932,16.02639,2.743
44.85,0,0,0,0,46.097,-83.846,-7.61,33.08932,16.02639,2.455
44.86,0,0,0,0,39.307,-71.998,-10.099,33.08932,16.02639,2.14
44.87,0,0,0,0,32.313,-61.525,-10.691,33.08932,16.02639,1.818
44.88,0,0,0,0,25.364,-51.842,-9.838,33.08932,16.02639,1.503
44.89,0,0,0,0,18.652,-42.536,-7.814,33.08932,16.02639,1.208
44.9,0,0,0,0,12.348,-33.312,-4.78,33.08932,16.02639,0.943
44.91,0,0,0,0,6.616,-23.956,-0.835,36.36213,18.25315,0.727
44.92,0,0,0,0,1.617,-14.323,3.945,36.36213,18.25315,0.563
44.93,0,0,0,0,-2.483,-4.334,9.479,36.36213,18.25315,0.46
44.94,0,0,0,0,-5.535,6.016,15.646,36.36213,18.25315,0.423
44.95,0,0,0,0,-7.408,16.652,22.273,36.36213,18.25315,0.447
44.96,0,0,0,0,-8.024,27.434,29.133,36.36213,18.25315,0.536
44.97,0,0,0,0,-7.36,38.18,35.968,36.36213,18.25315,0.682
44.98,0,0,0,0,-5.461,48.714,42.524,36.36213,18.25315,0.877
44.99,0,0,0,0,-2.431,58.906,48.589,36.36213,18.25315,1.118
45,0,0,0,0,1.591,68.689,54.006,36.36213,18.25315,1.39
45.01,0,0,0,0,6.444,78.075,58.675,36.36213,18.25315,1.681
45.02,0,0,0,0,11.964,87.142,62.533,36.36213,18.25315,1.976
45.03,0,0,0,0,17.993,96.024,65.526,36.36213,18.25315,2.267
45.04,0,0,0,0,24.375,104.905,67.587,36.36213,18.25315,2.537
45.05,0,0,0,0,30.96,114.033,68.599,36.36213,18.25315,2.78
45.06,0,0,0,0,37.583,123.733,68.368,36.36213,18.25315,2.978
45.07,0,0,0,0,44.048,134.448,66.574,36.36213,18.25315,3.131
45.08,0,0,0,0,50.096,146.775,62.739,36.36213,18.25315,3.226
45.09,0,0,0,0,55.357,161.444,56.233,36.36213,18.25315,3.263
45.1,0,0,0,0,59.309,179.074,46.537,36.36213,18.25315,3.239
45.11,0,0,0,0,61.337,-160.573,33.978,36.36213,18.25315,3.16
45.12,0,0,0,0,61.016,-139.325,20.471,37.94054,17.82333,3.02
45.13,0,0,0,0,58.443,-119.711,8.628,37.94054,17.82333,2.827
45.14,0,0,0,0,54.157,-103.072,-0.127,37.94054,17.82333,2.592
45.15,0,0,0,0,48.768,-89.286,-5.83,37.94054,17.82333,2.32
45.16,0,0,0,0,42.751,-77.657,-9.09,37.94054,17.82333,2.019
45.17,0,0,0,0,36.433,-67.489,-10.507,37.94054,17.82333,1.71
45.18,0,0,0,0,30.041,-58.245,-10.522,37.94054,17.82333,1.39
45.19,0,0,0,0,23.743,-49.535,-9.422,37.94054,17.82333,1.081
45.2,0,0,0,0,17.68,-41.073,-7.386,37.94054,17.82333,0.79
45.21,0,0,0,0,11.979,-32.653,-4.526,37.94054,17.82333,0.526
45.22,0,0,0,0,6.764,-24.116,-0.913,37.94054,17.82333,0.296
45.23,0,0,0,0,2.158,-15.353,3.395,37.94054,17.82333,0.114
45.24,0,0,0,0,-1.713,-6.302,8.338,37.94054,17.82333,-0.021
45.25,0,0,0,0,-4.734,3.05,13.827,37.94054,17.82333,-0.106
45.26,0,0,0,0,-6.805,12.662,19.744,37.94054,17.82333,-0.137
45.27,0,0,0,0,-7.851,22.44,25.926,37.94054,17.82333,-0.111
45.28,0,0,0,0,-7.837,32.257,32.187,37.94054,17.82333,-0.042
45.29,0,0,0,0,-6.769,41.972,38.326,37.94054,17.82333,0.079
45.3,0,0,0,0,-4.706,51.463,44.163,37.94054,17.82333,0.243
45.31,0,0,0,0,-1.737,60.647,49.551,37.94054,17.82333,0.441
45.32,0,0,0,0,2.027,69.488,54.385,36.30798,18.41836,0.441
45.33,0,0,0,0,6.465,78.003,58.591,36.30798,18.41836,0.41
45.34,0,0,0,0,5.754,86.896,59.778,36.30798,18.41836,0.388
45.35,0,0,0,0,4.033,94.84,60.842,36.30798,18.41836,0.37
45.36,0,0,0,0,2.591,102.668,61.424,36.30798,18.41836,0.367
45.37,0,0,0,0,1.227,110.513,62.389,36.30798,18.41836,0.362
45.38,0,0,0,0,0.011,118.354,63.526,36.30798,18.41836,0.367
45.39,0,0,0,0,-1.035,126.195,64.815,36.30798,18.41836,0.375
45.4,0,0,0,0,-1.895,134.04,66.228,36.30798,18.41836,0.388
45.41,0,0,0,0,-2.553,141.881,67.741,36.30798,18.41836,0.412
45.42,0,0,0,0,-2.997,149.717,69.326,36.30798,18.41836,0.436
45.43,0,0,0,0,-3.222,157.541,70.951,36.30798,18.41836,0.465
45.44,0,0,0,0,-3.225,165.345,72.587,36.30798,18.41836,0.497
45.45,0,0,0,0,-3.01,173.122,74.202,36.30798,18.41836,0.536
45.46,0,0,0,0,-2.581,-179.136,75.769,36.30798,18.41836,0.573
45.47,0,0,0,0,-1.949,-171.434,77.259,36.30798,18.41836,0.61
45.48,0,0,0,0,-1.126,-163.777,78.646,36.30798,18.41836,0.647
45.49,0,0,0,0,-0.131,-156.166,79.907,36.30798,18.41836,0.61
45.5,0,0,0,0,1.019,-148.6,81.023,36.30798,18.41836,0.605
45.51,0,0,0,0,0.342,-141.169,81.21,36.30798,18.41836,0.6
45.52,0,0,0,0,-0.071,-135.584,81.131,36.30798,18.41836,0.592
45.53,0,0,0,0,-0.39,-129.854,81.058,36.45162,18.79975,0.579
45.54,0,0,0,0,-0.712,-124.122,81.029,36.45162,18.79975,0.558
45.55,0,0,0,0,-1.034,-118.406,81.032,36.45162,18.79975,0.539
45.56,0,0,0,0,-1.354,-112.707,81.067,36.45162,18.79975,0.513
45.57,0,0,0,0,-1.667,-107.024,81.134,36.45162,18.79975,0.489
45.58,0,0,0,0,-1.972,-101.356,81.232,36.45162,18.79975,0.46
45.59,0,0,0,0,-2.265,-95.703,81.36,36.45162,18.79975,0.428
45.6,0,0,0,0,-2.543,-90.063,81.513,36.45162,18.79975,0.394
45.61,0,0,0,0,-2.803,-84.44,81.692,36.45162,18.79975,0.362
45.62,0,0,0,0,-3.044,-78.831,81.897,36.45162,18.79975,0.328
45.63,0,0,0,0,-3.263,-73.237,82.124,36.45162,18.79975,0.296
45.64,0,0,0,0,-3.46,-67.659,82.367,36.45162,18.79975,0.267
45.65,0,0,0,0,-3.632,-62.095,82.627,36.45162,18.79975,0.235
45.66,0,0,0,0,-3.777,-56.546,82.901,36.45162,18.79975,0.201
45.67,0,0,0,0,-3.896,-51.012,83.187,36.45162,18.79975,0.174
45.68,0,0,0,0,-3.986,-45.493,83.482,36.45162,18.79975,0.151
45.69,0,0,0,0,-4.047,-39.99,83.785,36.45162,18.79975,0.127
45.7,0,0,0,0,-4.079,-34.502,84.09,36.45162,18.79975,0.103
45.71,0,0,0,0,-4.084,-29.032,84.395,36.45162,18.79975,0.085
45.72,0,0,0,0,-4.059,-23.577,84.698,36.45162,18.79975,0.066
45.73,0,0,0,0,-4.005,-18.139,84.997,36.46452,19.01188,0.053
45.74,0,0,0,0,-3.926,-12.719,85.288,36.46452,19.01188,0.042
45.75,0,0,0,0,-3.819,-7.316,85.569,36.46452,19.01188,0.037
45.76,0,0,0,0,-3.691,-1.928,85.838,36.46452,19.01188,0.032
45.77,0,0,0,0,-3.538,3.44,86.093,36.46452,19.01188,0.032
45.78,0,0,0,0,-3.364,8.79,86.332,36.46452,19.01188,0.032
45.79,0,0,0,0,-3.171,14.123,86.553,36.46452,19.01188,0.037
45.8,0,0,0,0,-2.962,19.437,86.756,36.46452,19.01188,0.048
45.81,0,0,0,0,-2.737,24.733,86.938,36.46452,19.01188,0.055
45.82,0,0,0,0,-2.498,30.012,87.099,36.46452,19.01188,0.071
45.83,0,0,0,0,-2.25,35.273,87.24,36.46452,19.01188,0.09
45.84,0,0,0,0,-1.993,40.517,87.357,36.46452,19.01188,0.108
45.85,0,0,0,0,-1.728,45.744,87.452,36.46452,19.01188,0.127
45.86,0,0,0,0,-1.457,50.955,87.523,36.46452,19.01188,0.151
45.87,0,0,0,0,-1.183,56.148,87.571,36.46452,19.01188,0.174
45.88,0,0,0,0,-0.908,61.325,87.596,36.46452,19.01188,0.198
45.89,0,0,0,0,-0.634,66.486,87.597,36.46452,19.01188,0.225
45.9,0,0,0,0,-0.361,71.63,87.575,36.46452,19.01188,0.248
45.91,0,0,0,0,-0.093,76.76,87.53,36.46452,19.01188,0.277
45.92,0,0,0,0,0.169,81.874,87.462,36.46452,19.01188,0.304
45.93,0,0,0,0,0.424,86.973,87.372,36.46452,19.01188,0.328
45.94,0,0,0,0,0.668,92.056,87.259,36.40258,18.84561,0.351
45.95,0,0,0,0,0.901,97.126,87.126,36.40258,18.84561,0.38
45.96,0,0,0,0,1.121,102.181,86.976,36.40258,18.84561,0.399
45.97,0,0,0,0,1.327,107.222,86.808,36.40258,18.84561,0.423
45.98,0,0,0,0,1.515,112.25,86.619,36.40258,18.84561,0.417
45.99,0,0,0,0,1.685,117.262,86.415,36.40258,18.84561,0.399
46,0,0,0,0,1.274,121.88,86.279,36.40258,18.84561,0.388
46.01,0,0,0,0,0.635,126.739,86.161,36.40258,18.84561,0.386
46.02,0,0,0,0,0.039,131.81,86.152,36.40258,18.84561,0.38
46.03,0,0,0,0,-0.367,137.131,86.216,36.40258,18.84561,0.375
46.04,0,0,0,0,-0.721,142.527,86.334,36.40258,18.84561,0.37
46.05,0,0,0,0,-1.066,147.91,86.482,36.40258,18.84561,0.362
46.06,0,0,0,0,-1.394,153.279,86.66,36.40258,18.84561,0.346
46.07,0,0,0,0,-1.704,158.634,86.868,36.40258,18.84561,0.333
46.08,0,0,0,0,-1.996,163.975,87.102,36.40258,18.84561,0.314
46.09,0,0,0,0,-2.266,169.302,87.361,36.40258,18.84561,0.328
46.1,0,0,0,0,-2.512,174.616,87.643,36.40258,18.84561,0.351
46.11,0,0,0,0,-2.57,-179.058,88.086,36.40258,18.84561,0.436
46.12,0,0,0,0,-2.481,-172.898,88.401,36.40258,18.84561,0.497
46.13,0,0,0,0,-0.939,-168.093,88.462,36.40258,18.84561,0.531
46.14,0,0,0,0,0.062,-164.816,88.54,36.42485,19.49792,0.544
46.15,0,0,0,0,0.376,-162.014,88.587,36.42485,19.49792,0.555
46.16,0,0,0,0,0.383,-159.46,88.651,36.42485,19.49792,0.563
46.17,0,0,0,0,0.355,-157.078,88.678,36.42485,19.49792,0.563
46.18,0,0,0,0,0.267,-154.841,88.703,36.42485,19.49792,0.568
46.19,0,0,0,0,0.109,-152.749,88.729,36.42485,19.49792,0.573
46.2,0,0,0,0,0.008,-150.881,88.722,36.42485,19.49792,0.579
46.21,0,0,0,0,-0.037,-149.217,88.711,36.42485,19.49792,0.581
46.22,0,0,0,0,-0.041,-147.735,88.699,36.42485,19.49792,0.587
46.23,0,0,0,0,-0.034,-146.429,88.706,36.42485,19.49792,0.592
46.24,0,0,0,0,-0.015,-145.299,88.705,36.42485,19.49792,0.592
46.25,0,0,0,0,-0.005,-144.339,88.709,36.42485,19.49792,0.597
46.26,0,0,0,0,-0.001,-143.549,88.712,36.42485,19.49792,0.597
46.27,0,0,0,0,-0.002,-142.927,88.713,36.42485,19.49792,0.597
46.28,0,0,0,0,-0.004,-142.471,88.712,36.42485,19.49792,0.597
46.29,0,0,0,0,-0.006,-142.179,88.711,36.42485,19.49792,0.597
46.3,0,0,0,0,-0.008,-142.052,88.71,36.42485,19.49792,0.597
46.31,0,0,0,0,-0.009,-142.084,88.71,36.42485,19.49792,0.597
46.32,0,0,0,0,-0.008,-142.28,88.71,36.42485,19.49792,0.592
46.33,0,0,0,0,-0.008,-142.639,88.711,36.42485,19.49792,0.592
46.34,0,0,0,0,-0.007,-143.162,88.711,36.42485,19.49792,0.587
46.35,0,0,0,0,-0.007,-143.848,88.711,36.42473,19.62611,0.587
46.36,0,0,0,0,-0.006,-144.701,88.711,36.42473,19.62611,0.581
46.37,0,0,0,0,-0.006,-145.719,88.71,36.42473,19.62611,0.579
46.38,0,0,0,0,-0.006,-146.904,88.708,36.42473,19.62611,0.573
46.39,0,0,0,0,-0.007,-148.259,88.707,36.42473,19.62611,0.563
46.4,0,0,0,0,-0.008,-149.785,88.709,36.42473,19.62611,0.555
46.41,0,0,0,0,-0.007,-151.48,88.707,36.42473,19.62611,0.544
46.42,0,0,0,0,-0.007,-153.351,88.711,36.42473,19.62611,0.536
46.43,0,0,0,0,-0.006,-155.395,88.711,36.42473,19.62611,0.521
46.44,0,0,0,0,-0.008,-157.621,88.717,36.42473,19.62611,0.507
46.45,0,0,0,0,-0.006,-160.02,88.717,36.42473,19.62611,0.489
46.46,0,0,0,0,-0.01,-162.611,88.727,36.42473,19.62611,0.473
46.47,0,0,0,0,-0.006,-165.376,88.727,36.42473,19.62611,0.478
46.48,0,0,0,0,0.036,-168.241,88.724,36.42473,19.62611,0.484
46.49,0,0,0,0,0.331,-171.324,88.703,36.42473,19.62611,0.489
46.5,0,0,0,0,0.687,-174.486,88.715,36.42473,19.62611,0.502
46.51,0,0,0,0,1.061,-177.71,88.755,36.42473,19.62611,0.515
46.52,0,0,0,0,1.522,179.203,88.779,36.42473,19.62611,0.536
46.53,0,0,0,0,2.055,176.254,88.809,36.42473,19.62611,0.513
46.54,0,0,0,0,2.614,173.376,88.872,36.42473,19.62611,0.46
46.55,0,0,0,0,2.156,171.181,88.926,36.41803,19.23545,0.412
46.56,0,0,0,0,1.069,169.363,88.828,36.41803,19.23545,0.404
46.57,0,0,0,0,0.056,168.01,88.833,36.41803,19.23545,0.41
46.58,0,0,0,0,-0.197,167.329,88.996,36.41803,19.23545,0.41
46.59,0,0,0,0,-0.115,166.8,89.205,36.41803,19.23545,0.41
46.6,0,0,0,0,-0.067,166.472,89.343,36.41803,19.23545,0.41
46.61,0,0,0,0,-0.054,166.336,89.38,36.41803,19.23545,0.41
46.62,0,0,0,0,-0.035,166.395,89.386,36.41803,19.23545,0.41
46.63,0,0,0,0,-0.018,166.648,89.386,36.41803,19.23545,0.41
46.64,0,0,0,0,-0.006,167.1,89.379,36.41803,19.23545,0.41
46.65,0,0,0,0,0,167.749,89.378,36.41803,19.23545,0.417
46.66,0,0,0,0,0.002,168.532,89.378,36.41803,19.23545,0.428
46.67,0,0,0,0,0.136,169.396,89.403,36.41803,19.23545,0.436
46.68,0,0,0,0,0.291,170.313,89.409,36.41803,19.23545,0.447
46.69,0,0,0,0,0.472,171.287,89.402,36.41803,19.23545,0.46
46.7,0,0,0,0,0.686,172.317,89.392,36.41803,19.23545,0.473
46.71,0,0,0,0,0.924,173.375,89.378,36.41803,19.23545,0.494
46.72,0,0,0,0,1.186,174.485,89.349,36.41803,19.23545,0.507
46.73,0,0,0,0,1.473,175.648,89.305,36.41803,19.23545,0.526
46.74,0,0,0,0,1.798,176.862,89.258,36.41803,19.23545,0.544
46.75,0,0,0,0,2.149,178.126,89.207,36.41803,19.23545,0.568
46.76,0,0,0,0,2.533,179.453,89.147,36.44764,19.32015,0.597
46.77,0,0,0,0,2.987,-179.333,89.11,36.44764,19.32015,0.621
46.78,0,0,0,0,3.502,-178.205,89.089,36.44764,19.32015,0.647
46.79,0,0,0,0,4.05,-177.134,89.046,36.44764,19.32015,0.671
46.8,0,0,0,0,4.631,-176.116,88.969,36.44764,19.32015,0.666
46.81,0,0,0,0,5.041,-175.27,88.898,36.44764,19.32015,0.658
46.82,0,0,0,0,4.959,-174.786,88.857,36.44764,19.32015,0.647
46.83,0,0,0,0,4.683,-174.49,88.834,36.44764,19.32015,0.639
46.84,0,0,0,0,4.447,-174.25,88.814,36.44764,19.32015,0.634
46.85,0,0,0,0,4.264,-174.064,88.838,36.44764,19.32015,0.629
46.86,0,0,0,0,4.129,-173.932,88.867,36.44764,19.32015,0.629
46.87,0,0,0,0,4.043,-173.851,88.89,36.44764,19.32015,0.629
46.88,0,0,0,0,4.005,-173.822,88.901,36.44764,19.32015,0.629
46.89,0,0,0,0,4.016,-173.845,88.906,36.44764,19.32015,0.634
46.9,0,0,0,0,4.072,-173.92,88.906,36.44764,19.32015,0.642
46.91,0,0,0,0,4.174,-174.043,88.906,36.44764,19.32015,0.647
46.92,0,0,0,0,4.32,-174.219,88.906,36.44764,19.32015,0.658
46.93,0,0,0,0,4.51,-174.446,88.912,36.44764,19.32015,0.666
46.94,0,0,0,0,4.74,-174.725,88.925,36.44764,19.32015,0.682
46.95,0,0,0,0,5.009,-175.053,88.948,36.44764,19.32015,0.695
46.96,0,0,0,0,5.316,-175.432,88.983,36.47675,19.33387,0.708
46.97,0,0,0,0,5.659,-175.861,89.029,36.47675,19.33387,0.727
46.98,0,0,0,0,6.041,-176.339,89.087,36.47675,19.33387,0.742
46.99,0,0,0,0,6.463,-176.871,89.16,36.47675,19.33387,0.761
47,0,0,0,0,6.924,-177.456,89.248,36.47675,19.33387,0.785
47.01,0,0,0,0,7.427,-178.1,89.369,36.47675,19.33387,0.809
47.02,0,0,0,0,7.97,-178.801,89.508,36.47675,19.33387,0.816
47.03,0,0,0,0,8.559,-179.562,89.659,36.47675,19.33387,0.816
47.04,0,0,0,0,8.906,179.945,89.73,36.47675,19.33387,0.816
47.05,0,0,0,0,8.921,179.77,89.753,36.47675,19.33387,0.816
47.06,0,0,0,0,8.88,179.727,89.766,36.47675,19.33387,0.822
47.07,0,0,0,0,8.901,179.75,89.757,36.47675,19.33387,0.827
47.08,0,0,0,0,8.957,179.836,89.748,36.47675,19.33387,0.827
47.09,0,0,0,0,9.071,179.947,89.733,36.47675,19.33387,0.827
47.1,0,0,0,0,9.121,179.989,89.724,36.47675,19.33387,0.827
47.11,0,0,0,0,9.129,179.997,89.722,36.47675,19.33387,0.827
47.12,0,0,0,0,9.131,179.999,89.724,36.47675,19.33387,0.827
47.13,0,0,0,0,9.132,180,89.724,36.47675,19.33387,0.827
47.14,0,0,0,0,9.132,180,89.724,36.47675,19.33387,0.827
47.15,0,0,0,0,9.132,-180,89.724,36.47675,19.33387,0.827
47.16,0,0,0,0,9.131,-180,89.724,36.47675,19.33387,0.827
47.17,0,0,0,0,9.132,-180,89.725,36.51746,19.27893,0.827
47.18,0,0,0,0,9.132,-180,89.724,36.51746,19.27893,0.827
47.19,0,0,0,0,9.131,-180,89.725,36.51746,19.27893,0.827
47.2,0,0,0,0,9.131,-180,89.724,36.51746,19.27893,0.827
47.21,0,0,0,0,9.131,-180,89.725,36.51746,19.27893,0.827
47.22,0,0,0,0,9.132,-180,89.724,36.51746,19.27893,0.827
47.23,0,0,0,0,9.132,-180,89.724,36.51746,19.27893,0.827
47.24,0,0,0,0,9.131,-180,89.724,36.51746,19.27893,0.827
47.25,0,0,0,0,9.131,180,89.724,36.51746,19.27893,0.827
47.26,0,0,0,0,9.131,-180,89.725,36.51746,19.27893,0.827
47.27,0,0,0,0,9.131,-180,89.725,36.51746,19.27893,0.827
47.28,0,0,0,0,9.131,-180,89.725,36.51746,19.27893,0.827
47.29,0,0,0,0,9.131,-179.999,89.724,36.51746,19.27893,0.827
47.3,0,0,0,0,9.132,-180,89.724,36.51746,19.27893,0.827
47.31,0,0,0,0,9.131,-180,89.725,36.51746,19.27893,0.827
47.32,0,0,0,0,9.131,-180,89.725,36.51746,19.27893,0.827
47.33,0,0,0,0,9.131,-180,89.725,36.51746,19.27893,0.827
47.34,0,0,0,0,9.131,-180,89.725,36.51746,19.27893,0.827
47.35,0,0,0,0,9.131,-180,89.724,36.51746,19.27893,0.827
47.36,0,0,0,0,9.132,-180,89.724,36.51746,19.27893,0.827
47.37,0,0,0,0,9.132,-180,89.724,36.51746,19.27893,0.827
47.38,0,0,0,0,9.131,-180,89.725,36.51745,19.27891,0.827
47.39,0,0,0,0,9.131,-180,89.725,36.51745,19.27891,0.827
47.4,0,0,0,0,9.131,-180,89.725,36.51745,19.27891,0.827
47.41,0,0,0,0,9.131,-180,89.725,36.51745,19.27891,0.827
47.42,0,0,0,0,9.131,-180,89.725,36.51745,19.27891,0.827
47.43,0,0,0,0,9.131,-180,89.725,36.51745,19.27891,0.827
47.44,0,0,0,0,9.131,-180,89.725,36.51745,19.27891,0.827
47.45,0,0,0,0,9.131,-180,89.724,36.51745,19.27891,0.827
47.46,0,0,0,0,9.131,-180,89.725,36.51745,19.27891,0.827
47.47,0,0,0,0,9.131,-180,89.724,36.51745,19.27891,0.827
47.48,0,0,0,0,9.131,-180,89.725,36.51745,19.27891,0.827
47.49,0,0,0,0,9.131,-180,89.725,36.51745,19.27891,0.827
47.5,0,0,0,0,9.131,-180,89.725,36.51745,19.27891,0.827
47.51,0,0,0,0,9.131,-180,89.725,36.51745,19.27891,0.827
47.52,0,0,0,0,9.131,-180,89.725,36.51745,19.27891,0.827
47.53,0,0,0,0,9.131,-180,89.725,36.51745,19.27891,0.827
47.54,0,0,0,0,9.131,-180,89.725,36.51745,19.27891,0.827
47.55,0,0,0,0,9.131,-180,89.725,36.51745,19.27891,0.827
47.56,0,0,0,0,9.131,-180,89.725,36.51745,19.27891,0.827
47.57,0,0,0,0,9.131,-180,89.725,36.51745,19.27891,0.827
47.58,0,0,0,0,9.131,-180,89.725,36.51745,19.27891,0.827
47.59,0,0,0,0,9.131,-180,89.725,36.51745,19.27891,0.827
47.6,0,0,0,0,9.131,-180,89.725,36.51745,19.27891,0.827
47.61,0,0,0,0,9.131,-180,89.725,36.51745,19.27891,0.827
47.62,0,0,0,0,9.131,-180,89.725,36.51745,19.27891,0.827
47.63,0,0,0,0,9.131,-180,89.725,36.51745,19.27891,0.827
47.64,0,0,0,0,9.131,-180,89.725,36.51745,19.27891,0.827
47.65,0,0,0,0,9.131,-180,89.724,36.51745,19.27891,0.827
47.66,0,0,0,0,9.131,-180,89.724,36.51745,19.27891,0.827
47.67,0,0,0,0,9.131,-180,89.724,36.51745,19.27891,0.827
47.68,0,0,0,0,9.131,-180,89.725,36.51745,19.27891,0.827
47.69,0,0,0,0,9.131,-180,89.725,36.51745,19.27891,0.827
47.7,0,0,0,0,9.131,-180,89.724,36.51745,19.27891,0.827
47.71,0,0,0,0,9.131,-180,89.724,36.51745,19.27891,0.827
47.72,0,0,0,0,9.131,-180,89.725,36.51745,19.27891,0.827
47.73,0,0,0,0,9.131,-180,89.724,36.51745,19.27891,0.827
47.74,0,0,0,0,9.131,-180,89.724,36.51745,19.27891,0.827
47.75,0,0,0,0,9.131,-180,89.725,36.51745,19.27891,0.827
47.76,0,0,0,0,9.131,-180,89.725,36.51745,19.27891,0.827
47.77,0,0,0,0,9.131,-180,89.725,36.51745,19.27891,0.827
47.78,0,0,0,0,9.131,-180,89.724,36.51745,19.27891,0.827
47.79,0,0,0,0,9.131,-180,89.724,36.51746,19.27892,0.827
47.8,0,0,0,0,9.131,-180,89.725,36.51746,19.27892,0.827
47.81,0,0,0,0,9.131,-180,89.725,36.51746,19.27892,0.827
47.82,0,0,0,0,9.131,-180,89.725,36.51746,19.27892,0.827
47.83,0,0,0,0,9.131,-180,89.724,36.51746,19.27892,0.827
47.84,0,0,0,0,9.131,-180,89.725,36.51746,19.27892,0.827
47.85,0,0,0,0,9.132,-180,89.725,36.51746,19.27892,0.827
47.86,0,0,0,0,9.132,-180,89.725,36.51746,19.27892,0.827
47.87,0,0,0,0,9.131,-180,89.724,36.51746,19.27892,0.827
47.88,0,0,0,0,9.131,-180,89.724,36.51746,19.27892,0.827
47.89,0,0,0,0,9.131,-180,89.725,36.51746,19.27892,0.827
47.9,0,0,0,0,9.131,-180,89.724,36.51746,19.27892,0.827
47.91,0,0,0,0,9.131,-180,89.725,36.51746,19.27892,0.827
47.92,0,0,0,0,9.131,-180,89.724,36.51746,19.27892,0.827
47.93,0,0,0,0,9.131,-180,89.724,36.51746,19.27892,0.827
47.94,0,0,0,0,9.131,180,89.724,36.51746,19.27892,0.827
47.95,0,0,0,0,9.131,-180,89.724,36.51746,19.27892,0.827
47.96,0,0,0,0,9.131,-180,89.725,36.51746,19.27892,0.827
47.97,0,0,0,0,9.131,-180,89.724,36.51746,19.27892,0.827
47.98,0,0,0,0,9.132,-180,89.725,36.51746,19.27892,0.827
47.99,0,0,0,0,9.131,-180,89.724,36.51746,19.27893,0.827
48,0,0,0,0,9.131,-180,89.725,36.51746,19.27893,0.827
48.01,0,0,0,0,9.131,-180,89.724,36.51746,19.27893,0.827
48.02,0,0,0,0,9.131,-180,89.724,36.51746,19.27893,0.827
48.03,0,0,0,0,9.131,-180,89.725,36.51746,19.27893,0.827
48.04,0,0,0,0,9.131,-180,89.724,36.51746,19.27893,0.827
48.05,0,0,0,0,9.131,-180,89.725,36.51746,19.27893,0.827
48.06,0,0,0,0,9.131,-180,89.724,36.51746,19.27893,0.827
48.07,0,0,0,0,9.131,-180,89.724,36.51746,19.27893,0.827
48.08,0,0,0,0,9.131,-180,89.725,36.51746,19.27893,0.827
48.09,0,0,0,0,9.131,-180,89.725,36.51746,19.27893,0.827
48.1,0,0,0,0,9.131,-180,89.725,36.51746,19.27893,0.827
48.11,0,0,0,0,9.131,-180,89.724,36.51746,19.27893,0.827
48.12,0,0,0,0,9.131,-180,89.724,36.51746,19.27893,0.827
48.13,0,0,0,0,9.131,-180,89.725,36.51746,19.27893,0.827
48.14,0,0,0,0,9.131,-180,89.724,36.51746,19.27893,0.827
48.15,0,0,0,0,9.131,-180,89.724,36.51746,19.27893,0.827
48.16,0,0,0,0,9.131,-180,89.725,36.51746,19.27893,0.827
48.17,0,0,0,0,9.132,-180,89.725,36.51746,19.27893,0.827
48.18,0,0,0,0,9.131,-180,89.724,36.51746,19.27893,0.827
48.19,0,0,0,0,9.131,-180,89.724,36.51746,19.27893,0.827
48.2,0,0,0,0,9.132,-180,89.724,36.51746,19.27893,0.827
48.21,0,0,0,0,9.131,-180,89.725,36.51746,19.27893,0.827
48.22,0,0,0,0,9.131,-180,89.724,36.51746,19.27893,0.827
48.23,0,0,0,0,9.131,-180,89.725,36.51746,19.27893,0.827
48.24,0,0,0,0,9.131,-180,89.724,36.51746,19.27893,0.827
48.25,0,0,0,0,9.132,180,89.724,36.51746,19.27893,0.827
48.26,0,0,0,0,9.131,-180,89.725,36.51746,19.27893,0.827
48.27,0,0,0,0,9.131,-180,89.724,36.51746,19.27893,0.827
48.28,0,0,0,0,9.131,-180,89.725,36.51746,19.27893,0.827
