time,RR,RL,FR,FL,Battery,SoC,PITCH,ROLL,MC,DNG,TOC,DS,YAW,Y_FB,X_SP,Y_SP,Disturbance,,,,,BARO_ALT,U_X_FB,U_Y_FB,PITCH_C,ERR_X,ERR_Y,Velocity_y,Pitch_SP,PWM_RR,POS_X_C,POS_Y_C,PWM_FL,PWM_FR,PWM_RL,ROLL_C,YAW_C,ALT_C,EP,time,ANG_KD,ANG_KI,ANG_KP,ALT_KP,ALT_KI,ALT_KD,POS_KP,POS_KI,POS_KD,CMD,LS
0,0,0,0,0,12.591,1,0,0,0,1,0,0,0,0,0,0,0,,,,,0,0,0,0,0,0,0,0,0,0,0,0,0,0,0,0,0,0,0,0.12,0.0075,0.26,0.35,0.1,0.62,0.025,0,0.015,2,0.5
0.01,0,0,0,0,12.59098934,0.999999733,0,0,0,1,0,0,0,0,0,0,0,,,,,0,0,0,0,0,0,0,0,0,0,0,0,0,0,0,0,0,0,31.35,0.12,0.0075,0.26,0.35,0.1,0.62,0.025,0,0.015,1,0.5
0.02,0,0,0,0,12.59097868,0.999999466,0,0,0,1,0,0,0,0,0,0,0,,,,,0,0,0,0,0,0,0,0,0,0,0,0,0,0,0,0,0,0,,,,,,,,,,,,
0.03,0,0,0,0,12.59096804,0.999999199,0,0,0,1,0,0,0,0,0,0,0,,,,,0,0,0,0,0,0,0,0,0,0,0,0,0,0,0,0,0,0,,,,,,,,,,,,
0.04,0,0,0,0,12.59095741,0.999998932,0,0,0,1,0,0,0,0,0,0,0,,,,,0,0,0,0,0,0,0,0,0,0,0,0,0,0,0,0,0,0,,,,,,,,,,,,
0.05,0,0,0,0,12.59094679,0.999998665,0,0,0,1,0,0,0,0,0,0,0,,,,,0,0,0,0,0,0,0,0,0,0,0,0,0,0,0,0,0,0,,,,,,,,,,,,
0.06,0,0,0,0,12.59093617,0.999998397,0,0,0,1,0,0,0,0,0,0,0,,,,,0,0,0,0,0,0,0,0,0,0,0,0,0,0,0,0,0,0,,,,,,,,,,,,
0.07,0,0,0,0,12.59092557,0.99999813,0,0,0,1,0,0,0,0,0,0,0,,,,,0,0,0,0,0,0,0,0,0,0,0,0,0,0,0,0,0,0,,,,,,,,,,,,
0.08,0,0,0,0,12.59091498,0.999997863,0,0,0,1,0,0,0,0,0,0,0,,,,,0,0,0,0,0,0,0,0,0,0,0,0,0,0,0,0,0,0,,,,,,,,,,,,
0.09,0,0,0,0,12.59090439,0.999997596,0,0,0,1,0,0,0,0,0,0,0,,,,,0,0,0,0,0,0,0,0,0,0,0,0,0,0,0,0,0,0,,,,,,,,,,,,
0.1,0,0,0,0,12.59089382,0.999997329,0,0,0,1,0,0,0,0,0,0,0,,,,,0,0,0,0,0,0,0,0,0,0,0,0,0,0,0,0,0,0,,,,,,,,,,,,
0.11,0,0,0,0,12.59088326,0.999997062,0,0,0,1,0,0,0,0,0,0,0,,,,,0,0,0,0,0,0,0,0,0,0,0,0,0,0,0,0,0,0,,,,,,,,,,,,
0.12,0,0,0,0,12.5908727,0.999996795,0,0,0,1,0,0,0,0,0,0,0,,,,,0,0,0,0,0,0,0,0,0,0,0,0,0,0,0,0,0,0,,,,,,,,,,,,
0.13,0,0,0,0,12.59086216,0.999996528,0,0,0,1,0,0,0,0,0,0,0,,,,,0,0,0,0,0,0,0,0,0,0,0,0,0,0,0,0,0,0,,,,,,,,,,,,
0.14,0,0,0,0,12.59085163,0.999996261,0,0,0,1,0,0,0,0,0,0,0,,,,,0,0,0,0,0,0,0,0,0,0,0,0,0,0,0,0,0,0,,,,,,,,,,,,
0.15,0,0,0,0,12.5908411,0.999995994,0,0,0,1,0,0,0,0,0,0,0,,,,,0,0,0,0,0,0,0,0,0,0,0,0,0,0,0,0,0,0,,,,,,,,,,,,
0.16,0,0,0,0,12.59083059,0.999995726,0,0,0,1,0,0,0,0,0,0,0,,,,,0,0,0,0,0,0,0,0,0,0,0,0,0,0,0,0,0,0,,,,,,,,,,,,
0.17,0,0,0,0,12.59082009,0.999995459,0,0,0,1,0,0,0,0,0,0,0,,,,,0,0,0,0,0,0,0,0,0,0,0,0,0,0,0,0,0,0,,,,,,,,,,,,
0.18,0,0,0,0,12.59080959,0.999995192,0,0,0,1,0,0,0,0,0,0,0,,,,,0,0,0,0,0,0,0,0,0,0,0,0,0,0,0,0,0,0,,,,,,,,,,,,
0.19,0,0,0,0,12.59079911,0.999994925,0,0,0,1,0,0,0,0,0,0,0,,,,,0,0,0,0,0,0,0,0,0,0,0,0,0,0,0,0,0,0,,,,,,,,,,,,
0.2,0,0,0,0,12.59078863,0.999994658,0,0,0,1,0,0,0,0,0,0,0,,,,,0,0,0,0,0,0,0,0,0,0,0,0,0,0,0,0,0,0,,,,,,,,,,,,
0.21,0,0,0,0,12.59077817,0.999994391,0,0,0,1,0,0,0,0,0,0,0,,,,,0,0,0,0,0,0,0,0,0,0,0,0,0,0,0,0,0,0,,,,,,,,,,,,
0.22,0,0,0,0,12.59076771,0.999994124,0,0,0,1,0,0,0,0,0,0,0,,,,,0,0,0,0,0,0,0,0,0,0,0,0,0,0,0,0,0,0,,,,,,,,,,,,
0.23,0,0,0,0,12.59075727,0.999993857,0,0,0,1,0,0,0,0,0,0,0,,,,,0,0,0,0,0,0,0,0,0,0,0,0,0,0,0,0,0,0,,,,,,,,,,,,
0.24,0,0,0,0,12.59074683,0.99999359,0,0,0,1,0,0,0,0,0,0,0,,,,,0,0,0,0,0,0,0,0,0,0,0,0,0,0,0,0,0,0,,,,,,,,,,,,
0.25,0,0,0,0,12.59073641,0.999993323,0,0,0,1,0,0,0,0,0,0,0,,,,,0,0,0,0,0,0,0,0,0,0,0,0,0,0,0,0,0,0,,,,,,,,,,,,
0.26,0,0,0,0,12.59072599,0.999993056,0,0,0,1,0,0,0,0,0,0,0,,,,,0,0,0,0,0,0,0,0,0,0,0,0,0,0,0,0,0,0,,,,,,,,,,,,
0.27,0,0,0,0,12.59071558,0.999992788,0,0,0,1,0,0,0,0,0,0,0,,,,,0,0,0,0,0,0,0,0,0,0,0,0,0,0,0,0,0,0,,,,,,,,,,,,
0.28,0,0,0,0,12.59070519,0.999992521,0,0,0,1,0,0,0,0,0,0,0,,,,,0,0,0,0,0,0,0,0,0,0,0,0,0,0,0,0,0,0,,,,,,,,,,,,
0.29,0,0,0,0,12.5906948,0.999992254,0,0,0,1,0,0,0,0,0,0,0,,,,,0,0,0,0,0,0,0,0,0,0,0,0,0,0,0,0,0,0,,,,,,,,,,,,
0.3,0,0,0,0,12.59068442,0.999991987,0,0,0,1,0,0,0,0,0,0,0,,,,,0,0,0,0,0,0,0,0,0,0,0,0,0,0,0,0,0,0,,,,,,,,,,,,
0.31,0,0,0,0,12.59067406,0.99999172,0,0,0,1,0,0,0,0,0,0,0,,,,,0,0,0,0,0,0,0,0,0,0,0,0,0,0,0,0,0,0,,,,,,,,,,,,
0.32,0,0,0,0,12.5906637,0.999991453,0,0,0,1,0,0,0,0,0,0,0,,,,,0,0,0,0,0,0,0,0,0,0,0,0,0,0,0,0,0,0,,,,,,,,,,,,
0.33,0,0,0,0,12.59065335,0.999991186,0,0,0,1,0,0,0,0,0,0,0,,,,,0,0,0,0,0,0,0,0,0,0,0,0,0,0,0,0,0,0,,,,,,,,,,,,
0.34,0,0,0,0,12.59064301,0.999990919,0,0,0,1,0,0,0,0,0,0,0,,,,,0,0,0,0,0,0,0,0,0,0,0,0,0,0,0,0,0,0,,,,,,,,,,,,
0.35,0,0,0,0,12.59063268,0.999990652,0,0,0,1,0,0,0,0,0,0,0,,,,,0,0,0,0,0,0,0,0,0,0,0,0,0,0,0,0,0,0,,,,,,,,,,,,
0.36,0,0,0,0,12.59062236,0.999990385,0,0,0,1,0,0,0,0,0,0,0,,,,,0,0,0,0,0,0,0,0,0,0,0,0,0,0,0,0,0,0,,,,,,,,,,,,
0.37,0,0,0,0,12.59061206,0.999990118,0,0,0,1,0,0,0,0,0,0,0,,,,,0,0,0,0,0,0,0,0,0,0,0,0,0,0,0,0,0,0,,,,,,,,,,,,
0.38,0,0,0,0,12.59060176,0.99998985,0,0,0,1,0,0,0,0,0,0,0,,,,,0,0,0,0,0,0,0,0,0,0,0,0,0,0,0,0,0,0,,,,,,,,,,,,
0.39,0,0,0,0,12.59059147,0.999989583,0,0,0,1,0,0,0,0,0,0,0,,,,,0,0,0,0,0,0,0,0,0,0,0,0,0,0,0,0,0,0,,,,,,,,,,,,
0.4,0,0,0,0,12.59058118,0.999989316,0,0,0,1,0,0,0,0,0,0,0,,,,,0,0,0,0,0,0,0,0,0,0,0,0,0,0,0,0,0,0,,,,,,,,,,,,
0.41,0,0,0,0,12.59057091,0.999989049,0,0,0,1,0,0,0,0,0,0,0,,,,,0,0,0,0,0,0,0,0,0,0,0,0,0,0,0,0,0,0,,,,,,,,,,,,
0.42,0,0,0,0,12.59056065,0.999988782,0,0,0,1,0,0,0,0,0,0,0,,,,,0,0,0,0,0,0,0,0,0,0,0,0,0,0,0,0,0,0,,,,,,,,,,,,
0.43,0,0,0,0,12.5905504,0.999988515,0,0,0,1,0,0,0,0,0,0,0,,,,,0,0,0,0,0,0,0,0,0,0,0,0,0,0,0,0,0,0,,,,,,,,,,,,
0.44,0,0,0,0,12.59054016,0.999988248,0,0,0,1,0,0,0,0,0,0,0,,,,,0,0,0,0,0,0,0,0,0,0,0,0,0,0,0,0,0,0,,,,,,,,,,,,
0.45,0,0,0,0,12.59052993,0.999987981,0,0,0,1,0,0,0,0,0,0,0,,,,,0,0,0,0,0,0,0,0,0,0,0,0,0,0,0,0,0,0,,,,,,,,,,,,
0.46,0,0,0,0,12.5905197,0.999987714,0,0,0,1,0,0,0,0,0,0,0,,,,,0,0,0,0,0,0,0,0,0,0,0,0,0,0,0,0,0,0,,,,,,,,,,,,
0.47,0,0,0,0,12.59050949,0.999987447,0,0,0,1,0,0,0,0,0,0,0,,,,,0,0,0,0,0,0,0,0,0,0,0,0,0,0,0,0,0,0,,,,,,,,,,,,
0.48,0,0,0,0,12.59049929,0.999987179,0,0,0,1,0,0,0,0,0,0,0,,,,,0,0,0,0,0,0,0,0,0,0,0,0,0,0,0,0,0,0,,,,,,,,,,,,
0.49,0,0,0,0,12.59048909,0.999986912,0,0,0,1,0,0,0,0,0,0,0,,,,,0,0,0,0,0,0,0,0,0,0,0,0,0,0,0,0,0,0,,,,,,,,,,,,
0.5,0,0,0,0,12.59047891,0.999986645,0,0,0,1,0,0,0,0,0,0,0,,,,,0,0,0,0,0,0,0,0,0,0,0,0,0,0,0,0,0,0,,,,,,,,,,,,
0.51,0,0,0,0,12.59046873,0.999986378,0,0,0,1,0,0,0,0,0,0,0,,,,,0,0,0,0,0,0,0,0,0,0,0,0,0,0,0,0,0,0,,,,,,,,,,,,
0.52,0,0,0,0,12.59045857,0.999986111,0,0,0,1,0,0,0,0,0,0,0,,,,,0,0,0,0,0,0,0,0,0,0,0,0,0,0,0,0,0,0,,,,,,,,,,,,
0.53,0,0,0,0,12.59044841,0.999985844,0,0,0,1,0,0,0,0,0,0,0,,,,,0,0,0,0,0,0,0,0,0,0,0,0,0,0,0,0,0,0,,,,,,,,,,,,
0.54,0,0,0,0,12.59043826,0.999985577,0,0,0,1,0,0,0,0,0,0,0,,,,,0,0,0,0,0,0,0,0,0,0,0,0,0,0,0,0,0,0,,,,,,,,,,,,
0.55,0,0,0,0,12.59042813,0.99998531,0,0,0,1,0,0,0,0,0,0,0,,,,,0,0,0,0,0,0,0,0,0,0,0,0,0,0,0,0,0,0,,,,,,,,,,,,
0.56,0,0,0,0,12.590418,0.999985043,0,0,0,1,0,0,0,0,0,0,0,,,,,0,0,0,0,0,0,0,0,0,0,0,0,0,0,0,0,0,0,,,,,,,,,,,,
0.57,0,0,0,0,12.59040788,0.999984776,0,0,0,1,0,0,0,0,0,0,0,,,,,0,0,0,0,0,0,0,0,0,0,0,0,0,0,0,0,0,0,,,,,,,,,,,,
0.58,0,0,0,0,12.59039777,0.999984509,0,0,0,1,0,0,0,0,0,0,0,,,,,0,0,0,0,0,0,0,0,0,0,0,0,0,0,0,0,0,0,,,,,,,,,,,,
0.59,0,0,0,0,12.59038767,0.999984241,0,0,0,1,0,0,0,0,0,0,0,,,,,0,0,0,0,0,0,0,0,0,0,0,0,0,0,0,0,0,0,,,,,,,,,,,,
0.6,0,0,0,0,12.59037758,0.999983974,0,0,0,1,0,0,0,0,0,0,0,,,,,0,0,0,0,0,0,0,0,0,0,0,0,0,0,0,0,0,0,,,,,,,,,,,,
0.61,0,0,0,0,12.5903675,0.999983707,0,0,0,1,0,0,0,0,0,0,0,,,,,0,0,0,0,0,0,0,0,0,0,0,0,0,0,0,0,0,0,,,,,,,,,,,,
0.62,0,0,0,0,12.59035743,0.99998344,0,0,0,1,0,0,0,0,0,0,0,,,,,0,0,0,0,0,0,0,0,0,0,0,0,0,0,0,0,0,0,,,,,,,,,,,,
0.63,0,0,0,0,12.59034737,0.999983173,0,0,0,1,0,0,0,0,0,0,0,,,,,0,0,0,0,0,0,0,0,0,0,0,0,0,0,0,0,0,0,,,,,,,,,,,,
0.64,0,0,0,0,12.59033731,0.999982906,0,0,0,1,0,0,0,0,0,0,0,,,,,0,0,0,0,0,0,0,0,0,0,0,0,0,0,0,0,0,0,,,,,,,,,,,,
0.65,0,0,0,0,12.59032727,0.999982639,0,0,0,1,0,0,0,0,0,0,0,,,,,0,0,0,0,0,0,0,0,0,0,0,0,0,0,0,0,0,0,,,,,,,,,,,,
0.66,0,0,0,0,12.59031724,0.999982372,0,0,0,1,0,0,0,0,0,0,0,,,,,0,0,0,0,0,0,0,0,0,0,0,0,0,0,0,0,0,0,,,,,,,,,,,,
0.67,0,0,0,0,12.59030721,0.999982105,0,0,0,1,0,0,0,0,0,0,0,,,,,0,0,0,0,0,0,0,0,0,0,0,0,0,0,0,0,0,0,,,,,,,,,,,,
0.68,0,0,0,0,12.5902972,0.999981838,0,0,0,1,0,0,0,0,0,0,0,,,,,0,0,0,0,0,0,0,0,0,0,0,0,0,0,0,0,0,0,,,,,,,,,,,,
0.69,0,0,0,0,12.59028719,0.999981571,0,0,0,1,0,0,0,0,0,0,0,,,,,0,0,0,0,0,0,0,0,0,0,0,0,0,0,0,0,0,0,,,,,,,,,,,,
0.7,0,0,0,0,12.5902772,0.999981303,0,0,0,1,0,0,0,0,0,0,0,,,,,0,0,0,0,0,0,0,0,0,0,0,0,0,0,0,0,0,0,,,,,,,,,,,,
0.71,0,0,0,0,12.59026721,0.999981036,0,0,0,1,0,0,0,0,0,0,0,,,,,0,0,0,0,0,0,0,0,0,0,0,0,0,0,0,0,0,0,,,,,,,,,,,,
0.72,0,0,0,0,12.59025723,0.999980769,0,0,0,1,0,0,0,0,0,0,0,,,,,0,0,0,0,0,0,0,0,0,0,0,0,0,0,0,0,0,0,,,,,,,,,,,,
0.73,0,0,0,0,12.59024726,0.999980502,0,0,0,1,0,0,0,0,0,0,0,,,,,0,0,0,0,0,0,0,0,0,0,0,0,0,0,0,0,0,0,,,,,,,,,,,,
0.74,0,0,0,0,12.5902373,0.999980235,0,0,0,1,0,0,0,0,0,0,0,,,,,0,0,0,0,0,0,0,0,0,0,0,0,0,0,0,0,0,0,,,,,,,,,,,,
0.75,0,0,0,0,12.59022735,0.999979968,0,0,0,1,0,0,0,0,0,0,0,,,,,0,0,0,0,0,0,0,0,0,0,0,0,0,0,0,0,0,0,,,,,,,,,,,,
0.76,0,0,0,0,12.59021741,0.999979701,0,0,0,1,0,0,0,0,0,0,0,,,,,0,0,0,0,0,0,0,0,0,0,0,0,0,0,0,0,0,0,,,,,,,,,,,,
0.77,0,0,0,0,12.59020748,0.999979434,0,0,0,1,0,0,0,0,0,0,0,,,,,0,0,0,0,0,0,0,0,0,0,0,0,0,0,0,0,0,0,,,,,,,,,,,,
0.78,0,0,0,0,12.59019756,0.999979167,0,0,0,1,0,0,0,0,0,0,0,,,,,0,0,0,0,0,0,0,0,0,0,0,0,0,0,0,0,0,0,,,,,,,,,,,,
0.79,0,0,0,0,12.59018765,0.9999789,0,0,0,1,0,0,0,0,0,0,0,,,,,0,0,0,0,0,0,0,0,0,0,0,0,0,0,0,0,0,0,,,,,,,,,,,,
0.8,0,0,0,0,12.59017774,0.999978632,0,0,0,1,0,0,0,0,0,0,0,,,,,0,0,0,0,0,0,0,0,0,0,0,0,0,0,0,0,0,0,,,,,,,,,,,,
0.81,0,0,0,0,12.59016785,0.999978365,0,0,0,1,0,0,0,0,0,0,0,,,,,0,0,0,0,0,0,0,0,0,0,0,0,0,0,0,0,0,0,,,,,,,,,,,,
0.82,0,0,0,0,12.59015797,0.999978098,0,0,0,1,0,0,0,0,0,0,0,,,,,0,0,0,0,0,0,0,0,0,0,0,0,0,0,0,0,0,0,,,,,,,,,,,,
0.83,0,0,0,0,12.59014809,0.999977831,0,0,0,1,0,0,0,0,0,0,0,,,,,0,0,0,0,0,0,0,0,0,0,0,0,0,0,0,0,0,0,,,,,,,,,,,,
0.84,0,0,0,0,12.59013822,0.999977564,0,0,0,1,0,0,0,0,0,0,0,,,,,0,0,0,0,0,0,0,0,0,0,0,0,0,0,0,0,0,0,,,,,,,,,,,,
0.85,0,0,0,0,12.59012837,0.999977297,0,0,0,1,0,0,0,0,0,0,0,,,,,0,0,0,0,0,0,0,0,0,0,0,0,0,0,0,0,0,0,,,,,,,,,,,,
0.86,0,0,0,0,12.59011852,0.99997703,0,0,0,1,0,0,0,0,0,0,0,,,,,0,0,0,0,0,0,0,0,0,0,0,0,0,0,0,0,0,0,,,,,,,,,,,,
0.87,0,0,0,0,12.59010868,0.999976763,0,0,0,1,0,0,0,0,0,0,0,,,,,0,0,0,0,0,0,0,0,0,0,0,0,0,0,0,0,0,0,,,,,,,,,,,,
0.88,0,0,0,0,12.59009885,0.999976496,0,0,0,1,0,0,0,0,0,0,0,,,,,0,0,0,0,0,0,0,0,0,0,0,0,0,0,0,0,0,0,,,,,,,,,,,,
0.89,0,0,0,0,12.59008903,0.999976229,0,0,0,1,0,0,0,0,0,0,0,,,,,0,0,0,0,0,0,0,0,0,0,0,0,0,0,0,0,0,0,,,,,,,,,,,,
0.9,0,0,0,0,12.59007922,0.999975962,0,0,0,1,0,0,0,0,0,0,0,,,,,0,0,0,0,0,0,0,0,0,0,0,0,0,0,0,0,0,0,,,,,,,,,,,,
0.91,0,0,0,0,12.59006941,0.999975694,0,0,0,1,0,0,0,0,0,0,0,,,,,0,0,0,0,0,0,0,0,0,0,0,0,0,0,0,0,0,0,,,,,,,,,,,,
0.92,0,0,0,0,12.59005962,0.999975427,0,0,0,1,0,0,0,0,0,0,0,,,,,0,0,0,0,0,0,0,0,0,0,0,0,0,0,0,0,0,0,,,,,,,,,,,,
0.93,0,0,0,0,12.59004984,0.99997516,0,0,0,1,0,0,0,0,0,0,0,,,,,0,0,0,0,0,0,0,0,0,0,0,0,0,0,0,0,0,0,,,,,,,,,,,,
0.94,0,0,0,0,12.59004006,0.999974893,0,0,0,1,0,0,0,0,0,0,0,,,,,0,0,0,0,0,0,0,0,0,0,0,0,0,0,0,0,0,0,,,,,,,,,,,,
0.95,0,0,0,0,12.59003029,0.999974626,0,0,0,1,0,0,0,0,0,0,0,,,,,0,0,0,0,0,0,0,0,0,0,0,0,0,0,0,0,0,0,,,,,,,,,,,,
0.96,0,0,0,0,12.59002054,0.999974359,0,0,0,1,0,0,0,0,0,0,0,,,,,0,0,0,0,0,0,0,0,0,0,0,0,0,0,0,0,0,0,,,,,,,,,,,,
0.97,0,0,0,0,12.59001079,0.999974092,0,0,0,1,0,0,0,0,0,0,0,,,,,0,0,0,0,0,0,0,0,0,0,0,0,0,0,0,0,0,0,,,,,,,,,,,,
0.98,0,0,0,0,12.59000105,0.999973825,0,0,0,1,0,0,0,0,0,0,0,,,,,0,0,0,0,0,0,0,0,0,0,0,0,0,0,0,0,0,0,,,,,,,,,,,,
0.99,0,0,0,0,12.58999132,0.999973558,0,0,0,1,0,0,0,0,0,0,0,,,,,0,0,0,0,0,0,0,0,0,0,0,0,0,0,0,0,0,0,,,,,,,,,,,,
1,0,0,0,0,12.5899816,0.999973291,0,0,0,1,0,1,0,0,0,0,0,,,,,0,0,0,0,0,0,0,0,0,0,0,0,0,0,0,0,0,0,,,,,,,,,,,,
1.01,196,196,196,196,12.07430905,0.999973024,0,0,0,1,0,1,0,0,0,0,0,,,,,0,0,0,0,0,0,0,0,197,0,0,197,197,197,0,0,0.66,0,,,,,,,,,,,,
1.02,187,187,187,187,12.11471928,0.999957453,0,0,0,1,0,2,0,0,0,0,0,,,,,0,0,0,0,0,0,0,0,189,0,0,189,189,189,0,0,0.6196875,0,,,,,,,,,,,,
1.03,187,187,187,187,12.11414784,0.9999431,0,0,0,1,0,2,0,0,0,0,0,,,,,0,0,0,0,0,0,0,0,189,0,0,189,189,189,0,0,0.6203125,0,,,,,,,,,,,,
1.04,187,187,187,187,12.11357694,0.999928747,0,0,0,1,0,2,0,0,0,0,0,,,,,0,0,0,0,0,0,0,0,189,0,0,189,189,189,0,0,0.6209375,0,,,,,,,,,,,,
1.05,187,187,187,187,12.11300657,0.999914395,0,0,0,1,0,2,0,0,0,0,0,,,,,0,0,0,0,0,0,0,0,189,0,0,189,189,189,0,0,0.6215625,0,,,,,,,,,,,,
1.06,187,187,187,187,12.11243673,0.999900042,0,0,0,1,0,2,0,0,0,0,0,,,,,0,0,0,0,0,0,0,0,189,0,0,189,189,189,0,0,0.6221875,0,,,,,,,,,,,,
1.07,188,188,188,188,12.10683158,0.999885689,0,0,0,1,0,2,0,0,0,0,0,,,,,0,0,0,0,0,0,0,0,190,0,0,190,190,190,0,0,0.6228125,0,,,,,,,,,,,,
1.08,188,188,188,188,12.10625684,0.999871187,0,0,0,1,0,2,0,0,0,0,0,,,,,0,0,0,0,0,0,0,0,190,0,0,190,190,190,0,0,0.6234375,0,,,,,,,,,,,,
1.09,188,188,188,188,12.10568265,0.999856685,0,0,0,1,0,2,0,0,0,0,0,,,,,0,0,0,0,0,0,0,0,190,0,0,190,190,190,0,0,0.6240625,0,,,,,,,,,,,,
1.1,188,188,188,188,12.10510899,0.999842182,0,0,0,1,0,2,0,0,0,0,0,,,,,0,0,0,0,0,0,0,0,190,0,0,190,190,190,0,0,0.6246875,0,,,,,,,,,,,,
1.11,170,170,170,170,12.18653116,0.99982768,0,0,0,1,0,2,0,0,0,0,0,,,,,0.010569278,0.325071931,-0.276125669,0,-0.325071931,0.276125669,-5.52251339,0,173,0,0,173,173,173,0,0,0.542937528,0,,,,,,,,,,,,
1.12,196,196,196,196,12.0680654,0.999815611,0,0,0,1,0,2,0,0,0,0,0,,,,,0.005284639,0.325071931,-0.276125669,0,-0.325071931,0.276125669,0,0,197,0,0,197,197,197,0,0,0.66,0,,,,,,,,,,,,
1.13,188,188,188,188,12.10344564,0.999800041,0,0,0,1,0,2,0,0,0,0,0,,,,,0.005284639,0.325071931,-0.276125669,0,-0.325071931,0.276125669,0,0,190,0,0,190,190,190,0,0,0.626328985,0,,,,,,,,,,,,
1.14,188,188,188,188,12.10287407,0.999785538,0,0,0,1,0,2,0,0,0,0,0,,,,,0.005284639,0.325071931,-0.276125669,0,-0.325071931,0.276125669,0,0,190,0,0,190,190,190,0,0,0.626953324,0,,,,,,,,,,,,
1.15,188,188,188,188,12.10230304,0.999771036,0,0,0,1,0,2,0,0,0,0,0,,,,,0.005284639,0.325071931,-0.276125669,0,-0.325071931,0.276125669,0,0,190,0,0,190,190,190,0,0,0.627577664,0,,,,,,,,,,,,
1.16,189,189,189,189,12.09667012,0.999756534,0,0,0,1,0,2,0,0,0,0,0,,,,,0.005284639,0.325071931,-0.276125669,0,-0.325071931,0.276125669,0,0,191,0,0,191,191,191,0,0,0.628202003,0,,,,,,,,,,,,
1.17,196,196,196,196,12.06516157,0.999741881,0,-1.52588E-05,0,1,0,2,0.020874023,0,0,0,0,,,,,-0.005284639,0.325071931,-0.276125669,0,-0.325172508,0.276007221,0.002368973,0,197,0,0,197,197,197,0,0,0.66,0,,,,,,,,,,,,
1.18,189,189,189,189,12.09548209,0.999726311,0.010742188,-0.002670288,0,1,0,2,0.049804688,0,0,0,0,,,,,-0.005284639,0.325071931,-0.276125669,0,-0.325311832,0.275842995,0.003284525,0,191,0,0,191,191,191,0,0,0.629682876,-0.000119358,,,,,,,,,,,,
1.19,190,190,190,190,12.09490725,0.999711658,-0.004043579,-9.15527E-05,0,1,0,2,0.035827637,0,0,0,0,,,,,-0.005284639,0.325071931,-0.276125669,0,-0.325244532,0.275922345,-0.001587003,0,191,0,0,191,191,191,0,0,0.630307876,4.49287E-05,,,,,,,,,,,,
1.2,190,190,190,190,12.09433294,0.999697006,-0.004043579,-9.15527E-05,0,1,0,2,0.035827637,0,0,0,0,,,,,-0.005284639,0.325071931,-0.276125669,0,-0.325244532,0.275922345,0,0,191,0,0,191,191,191,0,0,0.630932876,4.49287E-05,,,,,,,,,,,,
1.21,190,190,190,190,12.09375916,0.999682353,-0.004043579,-9.15527E-05,0,1,0,2,0.035827637,0,0,0,0,,,,,-0.005284639,0.325071931,-0.276125669,0,-0.325244532,0.275922345,0,0,191,0,0,191,191,191,0,0,0.631557876,4.49287E-05,,,,,,,,,,,,
1.22,190,190,190,190,12.09318593,0.999667701,0.000808716,0.000198364,0,1,0,2,0.035644531,0,0,0,0,,,,,-0.005284639,0.325071931,-0.276125669,0,-0.32524365,0.275923384,-2.07883E-05,0,191,0,0,191,191,191,0,0,0.632182876,-8.98573E-06,,,,,,,,,,,,
1.23,190,190,190,190,12.09261323,0.999653049,0.000808716,0.000198364,0,1,0,2,0.035644531,0,0,0,0,,,,,-0.005284639,0.325071931,-0.276125669,0,-0.32524365,0.275923384,0,0,191,0,0,191,191,191,0,0,0.632807876,-8.98573E-06,,,,,,,,,,,,
1.24,191,191,191,191,12.08695207,0.999638396,-4.57764E-05,1.52588E-05,0,1,0,2,0.035644531,0,0,0,0,,,,,-0.005284639,0.325071931,-0.276125669,0,-0.32524365,0.275923384,0,0,192,0,0,192,192,192,0,0,0.633432876,5.08626E-07,,,,,,,,,,,,
1.25,191,191,191,191,12.08637441,0.999623593,-6.10352E-05,-3.05176E-05,0,1,0,2,0.035644531,0,0,0,0,,,,,-0.005284639,0.325071931,-0.276125669,0,-0.32524365,0.275923384,0,0,192,0,0,192,192,192,0,0,0.634057876,6.78168E-07,,,,,,,,,,,,
1.26,191,191,191,191,12.08579729,0.999608789,-6.10352E-05,-3.05176E-05,0,1,0,2,0.035644531,0,0,0,0,,,,,-0.005284639,0.325071931,-0.276125669,0,-0.32524365,0.275923384,0,0,192,0,0,192,192,192,0,0,0.634682876,6.78168E-07,,,,,,,,,,,,
1.27,191,191,191,191,12.08522072,0.999593985,4.57764E-05,-1.52588E-05,0,1,0,2,0.035644531,0,0,0,0,,,,,-0.005284639,0.325071931,-0.276125669,0,-0.32524365,0.275923384,0,0,192,0,0,192,192,192,0,0,0.635307876,-5.08626E-07,,,,,,,,,,,,
1.28,191,191,191,191,12.08464468,0.999579182,4.57764E-05,-1.52588E-05,0,1,0,2,0.035644531,0,0,0,0,,,,,-0.005284639,0.325071931,-0.276125669,0,-0.32524365,0.275923384,0,0,192,0,0,192,192,192,0,0,0.635932876,-5.08626E-07,,,,,,,,,,,,
1.29,191,191,191,191,12.08406918,0.999564378,4.57764E-05,0,0,1,0,2,0.035644531,0,0,0,0,,,,,-0.005284639,0.325071931,-0.276125669,0,-0.32524365,0.275923384,0,0,192,0,0,192,192,192,0,0,0.636557876,-5.08626E-07,,,,,,,,,,,,
1.3,191,191,191,191,12.08349422,0.999549575,4.57764E-05,0,0,1,0,2,0.035644531,0,0,0,0,,,,,-0.005284639,0.325071931,-0.276125669,0,-0.32524365,0.275923384,0,0,192,0,0,192,192,192,0,0,0.637182876,-5.08626E-07,,,,,,,,,,,,
1.31,191,191,191,191,12.0829198,0.999534771,3.05176E-05,0,0,1,0,2,0.035644531,0,0,0,0,,,,,-0.005284639,0.324358284,-0.277792692,0,-0.324531041,0.27759085,-0.033349327,0,192,0,0,192,192,192,0,0,0.637807876,-3.39084E-07,,,,,,,,,,,,
1.32,192,192,192,192,12.07723034,0.999519968,3.05176E-05,0,0,1,0,2,0.035644531,0,0,0,0,,,,,-0.005284639,0.324358284,-0.277792692,0,-0.324531041,0.27759085,0,0,193,0,0,193,193,193,0,0,0.638432876,-3.39084E-07,,,,,,,,,,,,
1.33,192,192,192,192,12.07665093,0.999505013,3.05176E-05,0,0,1,0,2,0.035644531,0,0,0,0,,,,,-0.005284639,0.324358284,-0.277792692,0,-0.324531041,0.27759085,0,0,193,0,0,193,193,193,0,0,0.639057876,-3.39084E-07,,,,,,,,,,,,
1.34,192,192,192,192,12.07607206,0.999490057,3.05176E-05,0,0,1,0,2,0.035644531,0,0,0,0,,,,,-0.005284639,0.324358284,-0.277792692,0,-0.324531041,0.27759085,0,0,193,0,0,193,193,193,0,0,0.639682876,-3.39084E-07,,,,,,,,,,,,
1.35,192,192,192,192,12.07549373,0.999475102,4.57764E-05,0,0,1,0,2,0.035644531,0,0,0,0,,,,,-0.005284639,0.324358284,-0.277792692,0,-0.324531041,0.27759085,0,0,193,0,0,193,193,193,0,0,0.640307876,-5.08626E-07,,,,,,,,,,,,
1.36,192,192,192,192,12.07491595,0.999460147,4.57764E-05,0,0,1,0,2,0.035644531,0,0,0,0,,,,,-0.005284639,0.324358284,-0.277792692,0,-0.324531041,0.27759085,0,0,193,0,0,193,193,193,0,0,0.640932876,-5.08626E-07,,,,,,,,,,,,
1.37,192,192,192,192,12.0743387,0.999445191,4.57764E-05,0,0,1,0,2,0.035644531,0,0,0,0,,,,,-0.005284639,0.324358284,-0.277792692,0,-0.324531041,0.27759085,0,0,193,0,0,193,193,193,0,0,0.641557876,-5.08626E-07,,,,,,,,,,,,
1.38,192,192,192,192,12.07376199,0.999430236,4.57764E-05,0,0,1,0,2,0.035644531,0,0,0,0,,,,,-0.005284639,0.324358284,-0.277792692,0,-0.324531041,0.27759085,0,0,193,0,0,193,193,193,0,0,0.642182876,-5.08626E-07,,,,,,,,,,,,
1.39,192,192,192,192,12.07318583,0.999415281,4.57764E-05,0,0,1,0,2,0.035644531,0,0,0,0,,,,,-0.005284639,0.324358284,-0.277792692,0,-0.324531041,0.27759085,0,0,193,0,0,193,193,193,0,0,0.642807876,-5.08626E-07,,,,,,,,,,,,
1.4,193,193,193,193,12.06746805,0.999400325,3.05176E-05,0,0,1,0,2,0.035644531,0,0,0,0,,,,,-0.005284639,0.324358284,-0.277792692,0,-0.324531041,0.27759085,0,0,194,0,0,194,194,194,0,0,0.643432876,-3.39084E-07,,,,,,,,,,,,
1.41,193,193,193,193,12.06688687,0.999385217,4.57764E-05,0,0,1,0,2,0.035644531,0,0,0,0,,,,,-0.005284639,0.324358284,-0.277792692,0,-0.324531041,0.27759085,0,0,194,0,0,194,194,194,0,0,0.644057876,-5.08626E-07,,,,,,,,,,,,
1.42,193,193,193,193,12.06630623,0.999370109,4.57764E-05,0,0,1,0,2,0.035644531,0,0,0,0,,,,,-0.005284639,0.324358284,-0.277792692,0,-0.324531041,0.27759085,0,0,194,0,0,194,194,194,0,0,0.644682876,-5.08626E-07,,,,,,,,,,,,
1.43,193,193,193,193,12.06572613,0.999355001,4.57764E-05,0,0,1,0,2,0.035644531,0,0,0,0,,,,,-0.005284639,0.324358284,-0.277792692,0,-0.324531041,0.27759085,0,0,194,0,0,194,194,194,0,0,0.645307876,-5.08626E-07,,,,,,,,,,,,
1.44,193,193,193,193,12.06514658,0.999339894,4.57764E-05,0,0,1,0,2,0.035644531,0,0,0,0,,,,,-0.005284639,0.324358284,-0.277792692,0,-0.324531041,0.27759085,0,0,194,0,0,194,194,194,0,0,0.645932876,-5.08626E-07,,,,,,,,,,,,
1.45,193,193,193,193,12.06456756,0.999324786,4.57764E-05,0,0,1,0,2,0.035644531,0,0,0,0,,,,,-0.005284639,0.324358284,-0.277792692,0,-0.324531041,0.27759085,0,0,194,0,0,194,194,194,0,0,0.646557876,-5.08626E-07,,,,,,,,,,,,
1.46,193,193,193,193,12.06398909,0.999309678,4.57764E-05,0,0,1,0,2,0.035644531,0,0,0,0,,,,,-0.005284639,0.324358284,-0.277792692,0,-0.324531041,0.27759085,0,0,194,0,0,194,194,194,0,0,0.647182876,-5.08626E-07,,,,,,,,,,,,
1.47,193,193,193,193,12.06341116,0.99929457,4.57764E-05,0,0,1,0,2,0.035644531,0,0,0,0,,,,,-0.005284639,0.324358284,-0.277792692,0,-0.324531041,0.27759085,0,0,194,0,0,194,194,194,0,0,0.647807876,-5.08626E-07,,,,,,,,,,,,
1.48,193,193,193,193,12.06283376,0.999279462,3.05176E-05,0,0,1,0,2,0.035644531,0,0,0,0,,,,,-0.005284639,0.324358284,-0.277792692,0,-0.324531041,0.27759085,0,0,194,0,0,194,194,194,0,0,0.648432876,-3.39084E-07,,,,,,,,,,,,
1.49,194,194,194,194,12.05708819,0.999264354,4.57764E-05,0,0,1,0,2,0.035644531,0,0,0,0,,,,,-0.005284639,0.324358284,-0.277792692,0,-0.324531041,0.27759085,0,0,195,0,0,195,195,195,0,0,0.649057876,-5.08626E-07,,,,,,,,,,,,
1.5,194,194,194,194,12.05650575,0.999249093,4.57764E-05,0,0,1,0,2,0.035644531,0,0,0,0,,,,,-0.005284639,0.324358284,-0.277792692,0,-0.324531041,0.27759085,0,0,195,0,0,195,195,195,0,0,0.649682876,-5.08626E-07,,,,,,,,,,,,
1.51,194,194,194,194,12.05592386,0.999233831,3.05176E-05,0,0,1,0,2,0.035644531,0,0,0,0,,,,,-0.005284639,0.324358225,-0.277792692,0,-0.324530981,0.277590851,-7.41618E-10,0,195,0,0,195,195,195,0,0,0.650307876,-3.39084E-07,,,,,,,,,,,,
1.52,194,194,194,194,12.05534251,0.99921857,3.05176E-05,0,0,1,0,2,0.035644531,0,0,0,0,,,,,-0.005284639,0.324358225,-0.277792692,0,-0.324530981,0.277590851,0,0,195,0,0,195,195,195,0,0,0.650932876,-3.39084E-07,,,,,,,,,,,,
1.53,194,194,194,194,12.0547617,0.999203309,0,0,0,1,0,2,0.035644531,0,0,0,0,,,,,0,0.324358225,-0.277792692,0,-0.324530981,0.277590851,0,0,195,0,0,195,195,195,0,0,0.651557876,0,,,,,,,,,,,,
1.54,194,194,194,194,12.05418143,0.999188047,0,0,0,1,0,2,0.035644531,0,0,0,0,,,,,0,0.324358225,-0.277792692,0,-0.324530981,0.277590851,0,0,195,0,0,195,195,195,0,0,0.652182876,0,,,,,,,,,,,,
1.55,194,194,194,194,12.05360171,0.999172786,-1.52588E-05,0,0,1,0,2,0.035644531,0,0,0,0,,,,,0,0.324358225,-0.277792692,0,-0.324530981,0.277590851,0,0,195,0,0,195,195,195,0,0,0.652807876,1.69542E-07,,,,,,,,,,,,
1.56,194,194,194,194,12.05302253,0.999157525,-1.52588E-05,0,0,1,0,2,0.035644531,0,0,0,0,,,,,0,0.324358225,-0.277792692,0,-0.324530981,0.277590851,0,0,195,0,0,195,195,195,0,0,0.653432876,1.69542E-07,,,,,,,,,,,,
1.57,195,195,195,195,12.04724859,0.999142263,-1.52588E-05,0,0,1,0,2,0.035644531,0,0,0,0,,,,,0,0.324358225,-0.277792692,0,-0.324530981,0.277590851,0,0,196,0,0,196,196,196,0,0,0.654057876,1.69542E-07,,,,,,,,,,,,
1.58,187,187,187,187,12.08748261,0.999126848,-3.05176E-05,0,0,1,0,2,0.035644531,0,0,0,0,,,,,0.005284639,0.324358225,-0.277792692,0,-0.324530981,0.277590851,0,0,188,0,0,188,188,188,0,0,0.61349539,3.39084E-07,,,,,,,,,,,,
1.59,195,195,195,195,12.04612898,0.999112644,-3.05176E-05,0,0,1,0,2,0.035644531,0,0,0,0,,,,,0.005284639,0.324358225,-0.277792692,0,-0.324530981,0.277590851,0,0,196,0,0,196,196,196,0,0,0.655075682,3.39084E-07,,,,,,,,,,,,
1.6,195,195,195,195,12.04554577,0.999097228,-3.05176E-05,0,0,1,0,2,0.035644531,0,0,0,0,,,,,0.005284639,0.324358225,-0.277792692,0,-0.324530981,0.277590851,0,0,196,0,0,196,196,196,0,0,0.655700022,3.39084E-07,,,,,,,,,,,,
1.61,182,182,182,182,12.10555273,0.999081813,-6.10352E-05,0,0,1,0,2,0.035644531,0,0,0,0,,,,,0.013211599,0.324358225,-0.277792692,0,-0.324530981,0.277590851,0,0,184,0,0,184,184,184,0,0,0.594543125,6.78168E-07,,,,,,,,,,,,
1.62,195,195,195,195,12.04445277,0.999068195,-6.10352E-05,0,0,1,0,2,0.035644531,0,0,0,0,,,,,0.013211599,0.324358225,-0.277792692,0,-0.324530981,0.277590851,0,0,196,0,0,196,196,196,0,0,0.65660041,6.78168E-07,,,,,,,,,,,,
1.63,195,195,195,195,12.04387112,0.99905278,-6.10352E-05,0,0,1,0,2,0.035644531,0,0,0,0,,,,,0.013211599,0.324358225,-0.277792692,0,-0.324530981,0.277590851,0,0,196,0,0,196,196,196,0,0,0.657223758,6.78168E-07,,,,,,,,,,,,
1.64,178,178,178,178,12.12322579,0.999037364,-7.62939E-05,0,0,1,0,2,0.035644531,0,0,0,0,,,,,0.023780877,0.324358225,-0.277792692,0,-0.324530981,0.277590851,0,0,180,0,0,180,180,180,0,0,0.575472135,8.47711E-07,,,,,,,,,,,,
1.65,195,195,195,195,12.04280416,0.999024321,-7.62939E-05,0,0,1,0,2,0.035644531,0,0,0,0,,,,,0.023780877,0.324358225,-0.277792692,0,-0.324530981,0.277590851,0,0,196,0,0,196,196,196,0,0,0.658006068,8.47711E-07,,,,,,,,,,,,
1.66,182,182,182,182,12.10281367,0.999008905,-7.62939E-05,0,0,1,0,2,0.035644531,0,0,0,0,,,,,0.031707834,0.324358225,-0.277792692,0,-0.324530981,0.277590851,0,0,184,0,0,184,184,184,0,0,0.596846873,8.47711E-07,,,,,,,,,,,,
1.67,195,195,195,195,12.04171626,0.998995288,-7.62939E-05,0,0,1,0,2,0.035644531,0,0,0,0,,,,,0.031707834,0.324358225,-0.277792692,0,-0.324530981,0.277590851,0,0,196,0,0,196,196,196,0,0,0.658901832,8.47711E-07,,,,,,,,,,,,
1.68,196,196,196,196,12.0359153,0.998979873,-7.62939E-05,0,0,1,0,2,0.035644531,0,0,0,0,,,,,0.031707834,0.324358225,-0.277792692,0,-0.324530981,0.277590851,0,0,197,0,0,197,197,197,0,0,0.659522868,8.47711E-07,,,,,,,,,,,,
1.69,170,170,170,170,12.15790496,0.998964302,-9.15527E-05,0,0,1,0,2,0.035644531,0,0,0,0,,,,,0.047561754,0.324358225,-0.277792692,0,-0.324530981,0.277590851,0,0,172,0,0,172,172,172,0,0,0.536581432,1.01725E-06,,,,,,,,,,,,
1.7,196,196,196,196,12.03489159,0.998952369,-9.15527E-05,0,0,1,0,2,0.035644531,0,0,0,0,,,,,0.047561754,0.324358225,-0.277792692,0,-0.324530981,0.277590851,0,0,197,0,0,197,197,197,0,0,0.66,1.01725E-06,,,,,,,,,,,,
1.71,196,196,196,196,12.0343078,0.998936799,-9.15527E-05,0,0,1,0,2,0.035644531,0,0,0,0,,,,,0.047561754,0.324358225,-0.277792692,0,-0.324530981,0.277590851,0,0,197,0,0,197,197,197,0,0,0.66,1.01725E-06,,,,,,,,,,,,
1.72,175,175,175,175,12.13311279,0.998921228,-0.000106812,0,0,1,0,2,0.035644531,0,0,0,0,,,,,0.06077335,0.324358284,-0.277793169,0,-0.324531041,0.277591327,-9.536E-06,0,177,0,0,177,177,177,0,0,0.558337761,1.18679E-06,,,,,,,,,,,,
1.73,196,196,196,196,12.03325961,0.998908607,-0.000106812,0,0,1,0,2,0.035644531,0,0,0,0,,,,,0.06077335,0.324358284,-0.277793169,0,-0.324531041,0.277591327,0,0,197,0,0,197,197,197,0,0,0.66,1.18679E-06,,,,,,,,,,,,
1.74,179,179,179,179,12.11303832,0.998893037,-0.000106812,1.52588E-05,0,1,0,2,0.035644531,0,0,0,0,,,,,0.071342632,0.324358284,-0.277793169,0,-0.324531041,0.277591327,0,0,181,0,0,181,181,181,0,0,0.579587442,1.18679E-06,,,,,,,,,,,,
1.75,196,196,196,196,12.03219083,0.998879851,-0.000106812,1.52588E-05,0,1,0,2,0.035644531,0,0,0,0,,,,,0.071342632,0.324358284,-0.277793169,0,-0.324531041,0.277591327,0,0,197,0,0,197,197,197,0,0,0.66,1.18679E-06,,,,,,,,,,,,
1.76,175,175,175,175,12.1309978,0.998864281,-0.000106812,1.52588E-05,0,1,0,2,0.035644531,0,0,0,0,,,,,0.084554225,0.324358284,-0.277793169,0,-0.324531041,0.277591327,0,0,177,0,0,177,177,177,0,0,0.559762862,1.18679E-06,,,,,,,,,,,,
1.77,188,188,188,188,12.07217746,0.99885166,-0.000106812,1.52588E-05,0,1,0,2,0.035644531,0,0,0,0,,,,,0.08983887,0.324358284,-0.277793169,0,-0.324531041,0.277591327,0,0,189,0,0,189,189,189,0,0,0.621579609,1.18679E-06,,,,,,,,,,,,
1.78,196,196,196,196,12.03061491,0.998837307,-0.000106812,1.52588E-05,0,1,0,2,0.035644531,0,0,0,0,,,,,0.08983887,0.324358284,-0.277793169,0,-0.324531041,0.277591327,0,0,197,0,0,197,197,197,0,0,0.66,1.18679E-06,,,,,,,,,,,,
1.79,175,175,175,175,12.12942334,0.998821737,-9.15527E-05,1.52588E-05,0,1,0,2,0.035644531,0,0,0,0,,,,,0.103050463,0.324358284,-0.277793169,0,-0.324531041,0.277591327,0,0,177,0,0,177,177,177,0,0,0.560794466,1.01725E-06,,,,,,,,,,,,
1.8,197,197,197,197,12.0295736,0.998809116,-9.15527E-05,1.52588E-05,0,1,0,2,0.035644531,0,0,0,0,,,,,0.103050463,0.324358284,-0.277793169,0,-0.324531041,0.277591327,0,0,197,0,0,197,197,197,0,0,0.66,1.01725E-06,,,,,,,,,,,,
1.81,167,167,167,167,12.16516197,0.998793545,-9.15527E-05,1.52588E-05,0,1,0,2,0.035644531,0,0,0,0,,,,,0.121546701,0.324358284,-0.277793169,0,-0.324531041,0.277591327,0,0,169,0,0,169,169,169,0,0,0.520252341,1.01725E-06,,,,,,,,,,,,
1.82,197,197,197,197,12.02857781,0.998782016,-9.15527E-05,1.52588E-05,0,1,0,2,0.035644531,0,0,0,0,,,,,0.121546701,0.324358284,-0.277793169,0,-0.324531041,0.277591327,0,0,197,0,0,197,197,197,0,0,0.66,1.01725E-06,,,,,,,,,,,,
1.83,197,197,197,197,12.02799991,0.998766445,-9.15527E-05,1.52588E-05,0,1,0,2,0.035644531,0,0,0,0,,,,,0.121546701,0.324358284,-0.277793169,0,-0.324531041,0.277591327,0,0,197,0,0,197,197,197,0,0,0.66,1.01725E-06,,,,,,,,,,,,
1.84,180,180,180,180,12.10296026,0.998750875,-9.15527E-05,1.52588E-05,0,1,0,2,0.035644531,0,0,0,0,,,,,0.132115975,0.324358284,-0.277793169,0,-0.324531041,0.277591327,0,0,182,0,0,182,182,182,0,0,0.58305266,1.01725E-06,,,,,,,,,,,,
1.85,167,167,167,167,12.16310241,0.998737546,-7.62939E-05,1.52588E-05,0,1,0,2,0.035644531,0,0,0,0,,,,,0.15061222,0.324358284,-0.277793169,0,-0.324531041,0.277591327,0,0,169,0,0,169,169,169,0,0,0.521416756,8.47711E-07,,,,,,,,,,,,
1.86,197,197,197,197,12.02652017,0.998726017,-7.62939E-05,1.52588E-05,0,1,0,2,0.035644531,0,0,0,0,,,,,0.15061222,0.324358284,-0.277793169,0,-0.324531041,0.277591327,0,0,197,0,0,197,197,197,0,0,0.66,8.47711E-07,,,,,,,,,,,,
1.87,167,167,167,167,12.16211138,0.998710446,-6.10352E-05,1.52588E-05,0,1,0,2,0.035644531,0,0,0,0,,,,,0.16910845,0.324358284,-0.277793169,0,-0.324531041,0.277591327,0,0,169,0,0,169,169,169,0,0,0.521818852,6.78168E-07,,,,,,,,,,,,
1.88,197,197,197,197,12.02553006,0.998698917,-6.10352E-05,1.52588E-05,0,1,0,2,0.035644531,0,0,0,0,,,,,0.16910845,0.324358284,-0.277793169,0,-0.324531041,0.277591327,0,0,197,0,0,197,197,197,0,0,0.66,6.78168E-07,,,,,,,,,,,,
1.89,167,167,167,167,12.16112219,0.998683346,-6.10352E-05,1.52588E-05,0,1,0,2,0.035644531,0,0,0,0,,,,,0.187604696,0.324358284,-0.277793169,0,-0.324531041,0.277591327,0,0,169,0,0,169,169,169,0,0,0.522216093,6.78168E-07,,,,,,,,,,,,
1.9,180,180,180,180,12.10007951,0.998671817,-4.57764E-05,1.52588E-05,0,1,0,2,0.035644531,0,0,0,0,,,,,0.19817397,0.324358284,-0.277792931,0,-0.324531041,0.277591089,4.76837E-06,0,182,0,0,182,182,182,0,0,0.583788599,5.08626E-07,,,,,,,,,,,,
1.91,197,197,197,197,12.02405714,0.998658488,-4.57764E-05,1.52588E-05,0,1,0,2,0.035644531,0,0,0,0,,,,,0.19817397,0.324358284,-0.277792931,0,-0.324531041,0.277591089,0,0,197,0,0,197,197,197,0,0,0.66,5.08626E-07,,,,,,,,,,,,
1.92,167,167,167,167,12.15965065,0.998642918,-4.57764E-05,3.05176E-05,0,1,0,2,0.035644531,0,0,0,0,,,,,0.216670215,0.324358284,-0.277792931,0,-0.324531041,0.277591089,0,0,169,0,0,169,169,169,0,0,0.522744665,5.08626E-07,,,,,,,,,,,,
1.93,197,197,197,197,12.02307162,0.998631388,-4.57764E-05,3.05176E-05,0,1,0,2,0.035644531,0,0,0,0,,,,,0.216670215,0.324358284,-0.277792931,0,-0.324531041,0.277591089,0,0,197,0,0,197,197,197,0,0,0.66,5.08626E-07,,,,,,,,,,,,
1.94,167,167,167,167,12.15866604,0.998615818,-3.05176E-05,3.05176E-05,0,1,0,2,0.035644531,0,0,0,0,,,,,0.235166445,0.324358284,-0.277792931,0,-0.324531041,0.277591089,0,0,169,0,0,169,169,169,0,0,0.523130247,3.39084E-07,,,,,,,,,,,,
1.95,197,197,197,197,12.02208793,0.998604288,-3.05176E-05,3.05176E-05,0,1,0,2,0.035644531,0,0,0,0,,,,,0.235166445,0.324358284,-0.277792931,0,-0.324531041,0.277591089,0,0,197,0,0,197,197,197,0,0,0.66,3.39084E-07,,,,,,,,,,,,
1.96,148,148,148,148,12.23421752,0.998588718,0,3.05176E-05,0,1,0,2,0.035644531,0,0,0,0,,,,,0.26423195,0.324358284,-0.277792931,0,-0.324531041,0.277591089,0,0,151,0,0,151,151,151,0,0,0.441136147,0,,,,,,,,,,,,
1.97,197,197,197,197,12.02119674,0.99857946,0,3.05176E-05,0,1,0,2,0.035644531,0,0,0,0,,,,,0.26423195,0.324358284,-0.277792931,0,-0.324531041,0.277591089,0,0,197,0,0,197,197,197,0,0,0.66,0,,,,,,,,,,,,
1.98,197,197,197,197,12.02062571,0.998563889,0,3.05176E-05,0,1,0,2,0.035644531,0,0,0,0,,,,,0.26423195,0.324358284,-0.277792931,0,-0.324531041,0.277591089,0,0,197,0,0,197,197,197,0,0,0.66,0,,,,,,,,,,,,
1.99,163,163,163,163,12.17397411,0.998548319,1.52588E-05,3.05176E-05,0,1,0,2,0.035644531,0,0,0,0,,,,,0.285370529,0.324358284,-0.277792931,0,-0.324531041,0.277591089,0,0,165,0,0,165,165,165,0,0,0.503419602,-1.69542E-07,,,,,,,,,,,,
2,197,197,197,197,12.0196676,0.998537316,1.52588E-05,3.05176E-05,0,1,0,2,0.035644531,0,0,0,0,,,,,0.285370529,0.324358284,-0.277792931,0,-0.324531041,0.277591089,0,0,197,0,0,197,197,197,0,0,0.66,-1.69542E-07,,,,,,,,,,,,
2.01,181,181,181,181,12.09463571,0.998521746,1.52588E-05,3.05176E-05,0,1,0,2,0.035644531,0,0,0,0,,,,,0.295939803,0.324358284,-0.277792931,0,-0.324531041,0.277591089,0,0,182,0,0,182,182,182,0,0,0.586047301,-1.69542E-07,,,,,,,,,,,,
2.02,158,158,158,158,12.18986381,0.998508417,3.05176E-05,3.05176E-05,0,1,0,2,0.035644531,0,0,0,0,,,,,0.319720685,0.324358284,-0.277792931,0,-0.324531041,0.277591089,0,0,161,0,0,161,161,161,0,0,0.483203447,-3.39084E-07,,,,,,,,,,,,
2.03,197,197,197,197,12.01825267,0.998497928,3.05176E-05,3.05176E-05,0,1,0,2,0.035644531,0,0,0,0,,,,,0.319720685,0.324358284,-0.277792931,0,-0.324531041,0.277591089,0,0,197,0,0,197,197,197,0,0,0.66,-3.39084E-07,,,,,,,,,,,,
2.04,176,176,176,176,12.11235566,0.998482358,4.57764E-05,3.05176E-05,0,1,0,2,0.035644531,0,0,0,0,,,,,0.332932264,0.324358284,-0.277792931,0,-0.324531041,0.277591089,0,0,178,0,0,178,178,178,0,0,0.565706792,-5.08626E-07,,,,,,,,,,,,
2.05,159,159,159,159,12.18847417,0.998469597,6.10352E-05,3.05176E-05,0,1,0,2,0.035644531,0,0,0,0,,,,,0.356713146,0.324358284,-0.277792931,0,-0.324531041,0.277591089,0,0,161,0,0,161,161,161,0,0,0.483336168,-6.78168E-07,,,,,,,,,,,,
2.06,197,197,197,197,12.01686432,0.998459109,6.10352E-05,3.05176E-05,0,1,0,2,0.035644531,0,0,0,0,,,,,0.356713146,0.324358284,-0.277792931,0,-0.324531041,0.277591089,0,0,197,0,0,197,197,197,0,0,0.66,-6.78168E-07,,,,,,,,,,,,
2.07,134,134,134,134,12.28257275,0.998443538,7.62939E-05,4.57764E-05,0,1,0,2,0.035644531,0,0,0,0,,,,,0.393705636,0.324358284,-0.277792931,0,-0.324531041,0.277591089,0,0,137,0,0,137,137,137,0,0,0.380486295,-8.47711E-07,,,,,,,,,,,,
2.08,197,197,197,197,12.01604632,0.99843587,7.62939E-05,4.57764E-05,0,1,0,2,0.035644531,0,0,0,0,,,,,0.393705636,0.324358284,-0.277792931,0,-0.324531041,0.277591089,0,0,197,0,0,197,197,197,0,0,0.66,-8.47711E-07,,,,,,,,,,,,
2.09,159,159,159,159,12.18672547,0.9984203,9.15527E-05,4.57764E-05,0,1,0,2,0.035644531,0,0,0,0,,,,,0.417486489,0.324358284,-0.277792931,0,-0.324531041,0.277591089,0,0,161,0,0,161,161,161,0,0,0.482986162,-1.01725E-06,,,,,,,,,,,,
2.1,197,197,197,197,12.01511725,0.998409811,9.15527E-05,4.57764E-05,0,1,0,2,0.035644531,0,0,0,0,,,,,0.417486489,0.324358284,-0.277792931,0,-0.324531041,0.277591089,0,0,197,0,0,197,197,197,0,0,0.66,-1.01725E-06,,,,,,,,,,,,
2.11,176,176,176,176,12.10922315,0.998394241,9.15527E-05,4.57764E-05,0,1,0,2,0.035644531,0,0,0,0,,,,,0.430698097,0.324358523,-0.277792454,0,-0.324531279,0.277590612,9.53971E-06,0,178,0,0,178,178,178,0,0,0.565464603,-1.01725E-06,,,,,,,,,,,,
2.12,159,159,159,159,12.18534458,0.99838148,0.000106812,4.57764E-05,0,1,0,2,0.035644531,0,0,0,0,,,,,0.454478979,0.324358523,-0.277792454,0,-0.324531279,0.277590612,0,0,161,0,0,161,161,161,0,0,0.483081989,-1.18679E-06,,,,,,,,,,,,
2.13,197,197,197,197,12.01373763,0.998370991,0.000106812,4.57764E-05,0,1,0,2,0.035644531,0,0,0,0,,,,,0.454478979,0.324358523,-0.277792454,0,-0.324531279,0.277590612,0,0,197,0,0,197,197,197,0,0,0.66,-1.18679E-06,,,,,,,,,,,,
2.14,129,129,129,129,12.29732025,0.998355421,0.00012207,4.57764E-05,0,1,0,2,0.035644531,0,0,0,0,,,,,0.494113773,0.324358523,-0.277792454,0,-0.324531279,0.277590612,0,0,132,0,0,132,132,132,0,0,0.359614055,-1.35634E-06,,,,,,,,,,,,
2.15,197,197,197,197,12.01294661,0.998348283,0.00012207,4.57764E-05,0,1,0,2,0.035644531,0,0,0,0,,,,,0.494113773,0.324358523,-0.277792454,0,-0.324531279,0.277590612,0,0,197,0,0,197,197,197,0,0,0.66,-1.35634E-06,,,,,,,,,,,,
2.16,197,197,197,197,12.01238325,0.998332713,0.00012207,4.57764E-05,0,1,0,2,0.035644531,0,0,0,0,,,,,0.494113773,0.324358523,-0.277792454,0,-0.324531279,0.277590612,0,0,197,0,0,197,197,197,0,0,0.66,-1.35634E-06,,,,,,,,,,,,
2.17,123,123,123,123,12.3165357,0.998317142,0.000137329,4.57764E-05,0,1,0,2,0.035644531,0,0,0,0,,,,,0.536390901,0.324358523,-0.277792454,0,-0.324531279,0.277590612,0,0,126,0,0,126,126,126,0,0,0.338973411,-1.52588E-06,,,,,,,,,,,,
2.18,197,197,197,197,12.01161911,0.998310615,0.000137329,4.57764E-05,0,1,0,2,0.035644531,0,0,0,0,,,,,0.536390901,0.324358523,-0.277792454,0,-0.324531279,0.277590612,0,0,197,0,0,197,197,197,0,0,0.66,-1.52588E-06,,,,,,,,,,,,
2.19,153,153,153,153,12.20336258,0.998295044,0.000137329,6.10352E-05,0,1,0,2,0.035644531,0,0,0,0,,,,,0.562814057,0.324358523,-0.277792454,0,-0.324531279,0.277590612,0,0,156,0,0,156,156,156,0,0,0.461799926,-1.52588E-06,,,,,,,,,,,,
2.2,197,197,197,197,12.01072321,0.998285181,0.000137329,6.10352E-05,0,1,0,2,0.035644531,0,0,0,0,,,,,0.562814057,0.324358523,-0.277792454,0,-0.324531279,0.277590612,0,0,197,0,0,197,197,197,0,0,0.66,-1.52588E-06,,,,,,,,,,,,
2.21,197,197,197,197,12.01016191,0.99826961,0.000137329,6.10352E-05,0,1,0,2,0.035644531,0,0,0,0,,,,,0.562814057,0.324358523,-0.277792454,0,-0.324531279,0.277590612,0,0,197,0,0,197,197,197,0,0,0.66,-1.52588E-06,,,,,,,,,,,,
2.22,134,134,134,134,12.27587657,0.99825404,0.000152588,6.10352E-05,0,1,0,2,0.035644531,0,0,0,0,,,,,0.599806547,0.324358523,-0.277792454,0,-0.324531279,0.277590612,0,0,137,0,0,137,137,137,0,0,0.379930798,-1.69542E-06,,,,,,,,,,,,
2.23,197,197,197,197,12.00935635,0.998246372,0.000152588,6.10352E-05,0,1,0,2,0.035644531,0,0,0,0,,,,,0.599806547,0.324358523,-0.277792454,0,-0.324531279,0.277590612,0,0,197,0,0,197,197,197,0,0,0.66,-1.69542E-06,,,,,,,,,,,,
2.24,197,197,197,197,12.00879632,0.998230801,0.000152588,6.10352E-05,0,1,0,2,0.035644531,0,0,0,0,,,,,0.599806547,0.324358523,-0.277792454,0,-0.324531279,0.277590612,0,0,197,0,0,197,197,197,0,0,0.66,-1.69542E-06,,,,,,,,,,,,
2.25,88,88,88,88,12.41386837,0.998215231,0.000152588,6.10352E-05,0,1,0,2,0.035644531,0,0,0,0,,,,,0.657937586,0.324358523,-0.277792454,0,-0.324531279,0.277590612,0,0,91,0,0,91,91,91,0,0,0.215210251,-1.69542E-06,,,,,,,,,,,,
2.26,197,197,197,197,12.0081584,0.998211698,0.000152588,6.10352E-05,0,1,0,2,0.035644531,0,0,0,0,,,,,0.657937586,0.324358523,-0.277792454,0,-0.324531279,0.277590612,0,0,197,0,0,197,197,197,0,0,0.66,-1.69542E-06,,,,,,,,,,,,
2.27,176,176,176,176,12.10227077,0.998196128,0.000152588,6.10352E-05,0,1,0,2,0.035644531,0,0,0,0,,,,,0.671149194,0.324358523,-0.277792454,0,-0.324531279,0.277590612,0,0,178,0,0,178,178,178,0,0,0.563842525,-1.69542E-06,,,,,,,,,,,,
2.28,177,177,177,177,12.10182453,0.998183367,0.000152588,6.10352E-05,0,1,0,2,0.035644531,0,0,0,0,,,,,0.684360802,0.324358523,-0.277792454,0,-0.324531279,0.277590612,0,0,178,0,0,178,178,178,0,0,0.563804798,-1.69542E-06,,,,,,,,,,,,
2.29,197,197,197,197,12.00670743,0.998170606,0.000152588,6.10352E-05,0,1,0,2,0.035644531,0,0,0,0,,,,,0.684360802,0.324358523,-0.277792454,0,-0.324531279,0.277590612,0,0,197,0,0,197,197,197,0,0,0.66,-1.69542E-06,,,,,,,,,,,,
2.3,123,123,123,123,12.31086515,0.998155035,0.000152588,7.62939E-05,0,1,0,2,0.035644531,0,0,0,0,,,,,0.7266379,0.324359149,-0.277792215,0,-0.324531905,0.277590373,4.77616E-06,0,126,0,0,126,126,126,0,0,0.337773896,-1.69542E-06,,,,,,,,,,,,
2.31,197,197,197,197,12.00595382,0.998148508,0.000152588,7.62939E-05,0,1,0,2,0.035644531,0,0,0,0,,,,,0.7266379,0.324359149,-0.277792215,0,-0.324531905,0.277590373,0,0,197,0,0,197,197,197,0,0,0.66,-1.69542E-06,,,,,,,,,,,,
2.32,148,148,148,148,12.2180984,0.998132938,0.000152588,7.62939E-05,0,1,0,2,0.035644531,0,0,0,0,,,,,0.75570339,0.324359149,-0.277792215,0,-0.324531905,0.277590373,0,0,151,0,0,151,151,151,0,0,0.439958767,-1.69542E-06,,,,,,,,,,,,
2.33,197,197,197,197,12.00509259,0.998123679,0.000152588,7.62939E-05,0,1,0,2,0.035644531,0,0,0,0,,,,,0.75570339,0.324359149,-0.277792215,0,-0.324531905,0.277590373,0,0,197,0,0,197,197,197,0,0,0.66,-1.69542E-06,,,,,,,,,,,,
2.34,148,148,148,148,12.21723797,0.998108109,0.000137329,7.62939E-05,0,1,0,2,0.035644531,0,0,0,0,,,,,0.784768939,0.324359149,-0.277792215,0,-0.324531905,0.277590373,0,0,151,0,0,151,151,151,0,0,0.439745944,-1.52588E-06,,,,,,,,,,,,
2.35,197,197,197,197,12.00423296,0.998098851,0.000137329,7.62939E-05,0,1,0,2,0.035644531,0,0,0,0,,,,,0.784768939,0.324359149,-0.277792215,0,-0.324531905,0.277590373,0,0,197,0,0,197,197,197,0,0,0.66,-1.52588E-06,,,,,,,,,,,,
2.36,167,167,167,167,12.13984488,0.99808328,0.000137329,7.62939E-05,0,1,0,2,0.035644531,0,0,0,0,,,,,0.803265154,0.324359149,-0.277792215,0,-0.324531905,0.277590373,0,0,169,0,0,169,169,169,0,0,0.521901725,-1.52588E-06,,,,,,,,,,,,
2.37,148,148,148,148,12.2159857,0.998071751,0.000137329,7.62939E-05,0,1,0,2,0.035644531,0,0,0,0,,,,,0.832330704,0.324359149,-0.277792215,0,-0.324531905,0.277590373,0,0,151,0,0,151,151,151,0,0,0.439240544,-1.52588E-06,,,,,,,,,,,,
2.38,197,197,197,197,12.00298185,0.998062493,0.000137329,7.62939E-05,0,1,0,2,0.035644531,0,0,0,0,,,,,0.832330704,0.324359149,-0.277792215,0,-0.324531905,0.277590373,0,0,197,0,0,197,197,197,0,0,0.66,-1.52588E-06,,,,,,,,,,,,
2.39,162,162,162,162,12.16071812,0.998046922,0.00012207,9.15527E-05,0,1,0,2,0.035644531,0,0,0,0,,,,,0.853469253,0.324359149,-0.277792215,0,-0.324531905,0.277590373,0,0,164,0,0,164,164,164,0,0,0.500790583,-1.35634E-06,,,,,,,,,,,,
2.4,197,197,197,197,12.00206167,0.998036049,0.00012207,9.15527E-05,0,1,0,2,0.035644531,0,0,0,0,,,,,0.853469253,0.324359149,-0.277792215,0,-0.324531905,0.277590373,0,0,197,0,0,197,197,197,0,0,0.66,-1.35634E-06,,,,,,,,,,,,
2.41,148,148,148,148,12.21420986,0.998020479,0.00012207,9.15527E-05,0,1,0,2,0.035644531,0,0,0,0,,,,,0.882534742,0.324359149,-0.277792215,0,-0.324531905,0.277590373,0,0,151,0,0,151,151,151,0,0,0.439119992,-1.35634E-06,,,,,,,,,,,,
2.42,197,197,197,197,12.00120766,0.998011221,0.00012207,9.15527E-05,0,1,0,2,0.035644531,0,0,0,0,,,,,0.882534742,0.324359149,-0.277792215,0,-0.324531905,0.277590373,0,0,197,0,0,197,197,197,0,0,0.66,-1.35634E-06,,,,,,,,,,,,
2.43,197,197,197,197,12.00065519,0.99799565,0.00012207,9.15527E-05,0,1,0,2,0.035644531,0,0,0,0,,,,,0.882534742,0.324359149,-0.277792215,0,-0.324531905,0.277590373,0,0,197,0,0,197,197,197,0,0,0.66,-1.35634E-06,,,,,,,,,,,,
2.44,81,81,81,81,12.42201161,0.99798008,0.000106812,9.15527E-05,0,1,0,2,0.035644531,0,0,0,0,,,,,0.943308115,0.324359149,-0.277792215,0,-0.324531905,0.277590373,0,0,84,0,0,84,84,84,0,0,0.192265315,-1.18679E-06,,,,,,,,,,,,
2.45,197,197,197,197,12.00005164,0.99797703,0.000106812,9.15527E-05,0,1,0,2,0.035644531,0,0,0,0,,,,,0.943308115,0.324359149,-0.277792215,0,-0.324531905,0.277590373,0,0,197,0,0,197,197,197,0,0,0.66,-1.18679E-06,,,,,,,,,,,,
2.46,167,167,167,167,12.13566744,0.99796146,9.15527E-05,9.15527E-05,0,1,0,2,0.035644531,0,0,0,0,,,,,0.96180433,0.324359149,-0.277792215,0,-0.324531905,0.277590373,0,0,169,0,0,169,169,169,0,0,0.520117092,-1.01725E-06,,,,,,,,,,,,
2.47,171,171,171,171,12.11710099,0.997949931,9.15527E-05,9.15527E-05,0,1,0,2,0.035644531,0,0,0,0,,,,,0.977658272,0.324359149,-0.277792215,0,-0.324531905,0.277590373,0,0,173,0,0,173,173,173,0,0,0.540404889,-1.01725E-06,,,,,,,,,,,,
2.48,197,197,197,197,11.99869994,0.997937862,9.15527E-05,9.15527E-05,0,1,0,2,0.035644531,0,0,0,0,,,,,0.977658272,0.324359149,-0.277792215,0,-0.324531905,0.277590373,0,0,197,0,0,197,197,197,0,0,0.66,-1.01725E-06,,,,,,,,,,,,
2.49,117,117,117,117,12.32247699,0.997922291,7.62939E-05,0.000106812,0,1,0,2,0.035644531,0,0,0,0,,,,,1.022577643,0.324360281,-0.277792692,0,-0.324533037,0.277590849,-9.52265E-06,0,120,0,0,120,120,120,0,0,0.31418536,-8.47711E-07,,,,,,,,,,,,
2.5,197,197,197,197,11.9979844,0.997916346,7.62939E-05,0.000106812,0,1,0,2,0.035644531,0,0,0,0,,,,,1.022577643,0.324360281,-0.277792692,0,-0.324533037,0.277590849,0,0,197,0,0,197,197,197,0,0,0.66,-8.47711E-07,,,,,,,,,,,,
2.51,197,197,197,197,11.99743491,0.997900775,7.62939E-05,0.000106812,0,1,0,2,0.035644531,0,0,0,0,,,,,1.022577643,0.324360281,-0.277792692,0,-0.324533037,0.277590849,0,0,197,0,0,197,197,197,0,0,0.66,-8.47711E-07,,,,,,,,,,,,
2.52,122,122,122,122,12.30493632,0.997885205,4.57764E-05,0.000106812,0,1,0,2,0.035644531,0,0,0,0,,,,,1.06485486,0.324360281,-0.277792692,0,-0.324533037,0.277590849,0,0,125,0,0,125,125,125,0,0,0.334301322,-5.08626E-07,,,,,,,,,,,,
2.53,197,197,197,197,11.99670244,0.997878776,4.57764E-05,0.000106812,0,1,0,2,0.035644531,0,0,0,0,,,,,1.06485486,0.324360281,-0.277792692,0,-0.324533037,0.277590849,0,0,197,0,0,197,197,197,0,0,0.66,-5.08626E-07,,,,,,,,,,,,
2.54,197,197,197,197,11.99615414,0.997863206,4.57764E-05,0.000106812,0,1,0,2,0.035644531,0,0,0,0,,,,,1.06485486,0.324360281,-0.277792692,0,-0.324533037,0.277590849,0,0,197,0,0,197,197,197,0,0,0.66,-5.08626E-07,,,,,,,,,,,,
2.55,127,127,127,127,12.28671555,0.997847635,3.05176E-05,0.00012207,0,1,0,2,0.035644531,0,0,0,0,,,,,1.104489565,0.324360281,-0.277792692,0,-0.324533037,0.277590849,0,0,130,0,0,130,130,130,0,0,0.354519976,-3.39084E-07,,,,,,,,,,,,
2.56,197,197,197,197,11.99540396,0.997840704,3.05176E-05,0.00012207,0,1,0,2,0.035644531,0,0,0,0,,,,,1.104489565,0.324360281,-0.277792692,0,-0.324533037,0.277590849,0,0,197,0,0,197,197,197,0,0,0.66,-3.39084E-07,,,,,,,,,,,,
2.57,197,197,197,197,11.99485686,0.997825134,3.05176E-05,0.00012207,0,1,0,2,0.035644531,0,0,0,0,,,,,1.104489565,0.324360281,-0.277792692,0,-0.324533037,0.277590849,0,0,197,0,0,197,197,197,0,0,0.66,-3.39084E-07,,,,,,,,,,,,
2.58,122,122,122,122,12.30236066,0.997809563,0,0.00012207,0,1,0,2,0.035644531,0,0,0,0,,,,,1.146766782,0.324360281,-0.277792692,0,-0.324533037,0.277590849,0,0,125,0,0,125,125,125,0,0,0.333649052,0,,,,,,,,,,,,
2.59,197,197,197,197,11.99412916,0.997803135,0,0.00012207,0,1,0,2,0.035644531,0,0,0,0,,,,,1.146766782,0.324360281,-0.277792692,0,-0.324533037,0.277590849,0,0,197,0,0,197,197,197,0,0,0.66,0,,,,,,,,,,,,
2.6,197,197,197,197,11.99358324,0.997787564,0,0.00012207,0,1,0,2,0.035644531,0,0,0,0,,,,,1.146766782,0.324360281,-0.277792692,0,-0.324533037,0.277590849,0,0,197,0,0,197,197,197,0,0,0.66,0,,,,,,,,,,,,
2.61,132,132,132,132,12.2665415,0.997771994,-1.52588E-05,0.00012207,0,1,0,2,0.035644531,0,0,0,0,,,,,1.183759212,0.324360281,-0.277792692,0,-0.324533037,0.277590849,0,0,135,0,0,135,135,135,0,0,0.374430377,1.69542E-07,,,,,,,,,,,,
2.62,197,197,197,197,11.99281696,0.99776454,-1.52588E-05,0.00012207,0,1,0,2,0.035644531,0,0,0,0,,,,,1.183759212,0.324360281,-0.277792692,0,-0.324533037,0.277590849,0,0,197,0,0,197,197,197,0,0,0.66,1.69542E-07,,,,,,,,,,,,
2.63,197,197,197,197,11.99227226,0.99774897,-1.52588E-05,0.00012207,0,1,0,2,0.035644531,0,0,0,0,,,,,1.183759212,0.324360281,-0.277792692,0,-0.324533037,0.277590849,0,0,197,0,0,197,197,197,0,0,0.66,1.69542E-07,,,,,,,,,,,,
2.64,176,176,176,176,12.0911163,0.997733399,-3.05176E-05,0.00012207,0,1,0,2,0.035644531,0,0,0,0,,,,,1.19697082,0.324360281,-0.277792692,0,-0.324533037,0.277590849,0,0,177,0,0,177,177,177,0,0,0.55958401,3.39084E-07,,,,,,,,,,,,
2.65,122,122,122,122,12.29935251,0.997720778,-6.10352E-05,0.000137329,0,1,0,2,0.035644531,0,0,0,0,,,,,1.239247918,0.324360281,-0.277792692,0,-0.324533037,0.277590849,0,0,125,0,0,125,125,125,0,0,0.332949577,6.78168E-07,,,,,,,,,,,,
2.66,197,197,197,197,11.99112379,0.99771435,-6.10352E-05,0.000137329,0,1,0,2,0.035644531,0,0,0,0,,,,,1.239247918,0.324360281,-0.277792692,0,-0.324533037,0.277590849,0,0,197,0,0,197,197,197,0,0,0.66,6.78168E-07,,,,,,,,,,,,
2.67,197,197,197,197,11.99058066,0.997698779,-6.10352E-05,0.000137329,0,1,0,2,0.035644531,0,0,0,0,,,,,1.239247918,0.324360281,-0.277792692,0,-0.324533037,0.277590849,0,0,197,0,0,197,197,197,0,0,0.66,6.78168E-07,,,,,,,,,,,,
2.68,99,99,99,99,12.36746087,0.997683209,-0.000106812,0.000137329,0,1,0,2,0.035644531,0,0,0,0,,,,,1.29209435,0.324360281,-0.277792692,0,-0.324533037,0.277590849,0,0,102,0,0,102,102,102,0,0,0.250132186,1.18679E-06,,,,,,,,,,,,
2.69,197,197,197,197,11.98994306,0.997678839,-0.000106812,0.000137329,0,1,0,2,0.035644531,0,0,0,0,,,,,1.29209435,0.324360281,-0.277792692,0,-0.324533037,0.277590849,0,0,197,0,0,197,197,197,0,0,0.66,1.18679E-06,,,,,,,,,,,,
2.7,197,197,197,197,11.98940101,0.997663269,-0.000106812,0.000137329,0,1,0,2,0.035644531,0,0,0,0,,,,,1.29209435,0.324360281,-0.277792692,0,-0.324533037,0.277590849,0,0,197,0,0,197,197,197,0,0,0.66,1.18679E-06,,,,,,,,,,,,
2.71,157,157,157,157,12.16860868,0.997647698,-0.00012207,0.000137329,0,1,0,2,0.035644531,0,0,0,0,,,,,1.315875173,0.324362099,-0.277793407,0,-0.324534856,0.277591563,-1.42825E-05,0,159,0,0,159,159,159,0,0,0.475739223,1.35634E-06,,,,,,,,,,,,
2.72,161,161,161,161,12.15116669,0.997637462,-0.000137329,0.000152588,0,1,0,2,0.035644531,0,0,0,0,,,,,1.337013721,0.324362099,-0.277793407,0,-0.324534856,0.277591563,0,0,163,0,0,163,163,163,0,0,0.495751229,1.52588E-06,,,,,,,,,,,,
2.73,197,197,197,197,11.98818334,0.997626718,-0.000137329,0.000152588,0,1,0,2,0.035644531,0,0,0,0,,,,,1.337013721,0.324362099,-0.277793407,0,-0.324534856,0.277591563,0,0,197,0,0,197,197,197,0,0,0.66,1.52588E-06,,,,,,,,,,,,
2.74,197,197,197,197,11.98764293,0.997611148,-0.000137329,0.000152588,0,1,0,2,0.035644531,0,0,0,0,,,,,1.337013721,0.324362099,-0.277793407,0,-0.324534856,0.277591563,0,0,197,0,0,197,197,197,0,0,0.66,1.52588E-06,,,,,,,,,,,,
2.75,137,137,137,137,12.24233679,0.997595577,-0.000183105,0.000152588,0,1,0,2,0.035644531,0,0,0,0,,,,,1.371363878,0.324362099,-0.277793407,0,-0.324534856,0.277591563,0,0,140,0,0,140,140,140,0,0,0.393229921,2.03451E-06,,,,,,,,,,,,
2.76,197,197,197,197,11.98686599,0.997587582,-0.000183105,0.000152588,0,1,0,2,0.035644531,0,0,0,0,,,,,1.371363878,0.324362099,-0.277793407,0,-0.324534856,0.277591563,0,0,197,0,0,197,197,197,0,0,0.659897216,2.03451E-06,,,,,,,,,,,,
2.77,197,197,197,197,11.9863268,0.997572011,-0.000183105,0.000152588,0,1,0,2,0.035644531,0,0,0,0,,,,,1.371363878,0.324362099,-0.277793407,0,-0.324534856,0.277591563,0,0,197,0,0,197,197,197,0,0,0.66,2.03451E-06,,,,,,,,,,,,
2.78,121,121,121,121,12.297147,0.997556441,-0.000228882,0.000167847,0,1,0,2,0.035644531,0,0,0,0,,,,,1.413640976,0.324362099,-0.277793407,0,-0.324534856,0.277591563,0,0,124,0,0,124,124,124,0,0,0.331304602,2.54313E-06,,,,,,,,,,,,
2.79,197,197,197,197,11.98561879,0.99755011,-0.000228882,0.000167847,0,1,0,2,0.035644531,0,0,0,0,,,,,1.413640976,0.324362099,-0.277793407,0,-0.324534856,0.277591563,0,0,197,0,0,197,197,197,0,0,0.659400404,2.54313E-06,,,,,,,,,,,,
2.8,197,197,197,197,11.98508075,0.99753454,-0.000228882,0.000167847,0,1,0,2,0.035644531,0,0,0,0,,,,,1.413640976,0.324362099,-0.277793407,0,-0.324534856,0.277591563,0,0,197,0,0,197,197,197,0,0,0.659848699,2.54313E-06,,,,,,,,,,,,
2.81,132,132,132,132,12.25804687,0.997518969,-0.000259399,0.000167847,0,1,0,2,0.035644531,0,0,0,0,,,,,1.450633526,0.324362099,-0.277793407,0,-0.324534856,0.277591563,0,0,135,0,0,135,135,135,0,0,0.371983996,2.88222E-06,,,,,,,,,,,,
2.82,197,197,197,197,11.9843302,0.997511516,-0.000259399,0.000167847,0,1,0,2,0.035644531,0,0,0,0,,,,,1.450633526,0.324362099,-0.277793407,0,-0.324534856,0.277591563,0,0,197,0,0,197,197,197,0,0,0.659119929,2.88222E-06,,,,,,,,,,,,
2.83,197,197,197,197,11.98379334,0.997495945,-0.000259399,0.000167847,0,1,0,2,0.035644531,0,0,0,0,,,,,1.450633526,0.324362099,-0.277793407,0,-0.324534856,0.277591563,0,0,197,0,0,197,197,197,0,0,0.659563599,2.88222E-06,,,,,,,,,,,,
2.84,132,132,132,132,12.25676066,0.997480375,-0.000305176,0.000167847,0,1,0,2,0.035644531,0,0,0,0,,,,,1.487625957,0.324362099,-0.277793407,0,-0.324534856,0.277591563,0,0,135,0,0,135,135,135,0,0,0.371695201,3.39084E-06,,,,,,,,,,,,
2.85,196,196,196,196,11.98826704,0.997472921,-0.000305176,0.000167847,0,1,0,2,0.035644531,0,0,0,0,,,,,1.487625957,0.324362099,-0.277793407,0,-0.324534856,0.277591563,0,0,196,0,0,196,196,196,0,0,0.658825586,3.39084E-06,,,,,,,,,,,,
2.86,131,131,131,131,12.25959362,0.997457506,-0.000350952,0.000183105,0,1,0,2,0.035644531,0,0,0,0,,,,,1.524618387,0.324362099,-0.277793407,0,-0.324534856,0.277591563,0,0,134,0,0,134,134,134,0,0,0.370952564,3.89947E-06,,,,,,,,,,,,
2.87,196,196,196,196,11.98753066,0.997450158,-0.000350952,0.000183105,0,1,0,2,0.035644531,0,0,0,0,,,,,1.524618387,0.324362099,-0.277793407,0,-0.324534856,0.277591563,0,0,196,0,0,196,196,196,0,0,0.658078325,3.89947E-06,,,,,,,,,,,,
2.88,196,196,196,196,11.98700186,0.997434742,-0.000350952,0.000183105,0,1,0,2,0.035644531,0,0,0,0,,,,,1.524618387,0.324362099,-0.277793407,0,-0.324534856,0.277591563,0,0,196,0,0,196,196,196,0,0,0.658512747,3.89947E-06,,,,,,,,,,,,
2.89,126,126,126,126,12.27580228,0.997419327,-0.000396729,0.000183105,0,1,0,2,0.035644531,0,0,0,0,,,,,1.564253211,0.324364901,-0.2777946,0,-0.324537658,0.277592754,-2.3807E-05,0,129,0,0,129,129,129,0,0,0.350040785,4.40809E-06,,,,,,,,,,,,
2.9,196,196,196,196,11.98628852,0.997412498,-0.000396729,0.000183105,0,1,0,2,0.035644531,0,0,0,0,,,,,1.564253211,0.324364901,-0.2777946,0,-0.324537658,0.277592754,0,0,196,0,0,196,196,196,0,0,0.657640138,4.40809E-06,,,,,,,,,,,,
2.91,152,152,152,152,12.18108267,0.997397082,-0.000427246,0.000183105,0,1,0,2,0.035644531,0,0,0,0,,,,,1.590676427,0.324364901,-0.2777946,0,-0.324537658,0.277592754,0,0,154,0,0,154,154,154,0,0,0.452132016,4.74718E-06,,,,,,,,,,,,
2.92,196,196,196,196,11.98546512,0.997387463,-0.000427246,0.000183105,0,1,0,2,0.035644531,0,0,0,0,,,,,1.590676427,0.324364901,-0.2777946,0,-0.324537658,0.277592754,0,0,196,0,0,196,196,196,0,0,0.657338104,4.74718E-06,,,,,,,,,,,,
2.93,196,196,196,196,11.98493823,0.997372048,-0.000427246,0.000183105,0,1,0,2,0.035644531,0,0,0,0,,,,,1.590676427,0.324364901,-0.2777946,0,-0.324537658,0.277592754,0,0,196,0,0,196,196,196,0,0,0.65776427,4.74718E-06,,,,,,,,,,,,
2.94,110,110,110,110,12.32518858,0.997356632,-0.000473022,0.000198364,0,1,0,2,0.035644531,0,0,0,0,,,,,1.638238192,0.324364901,-0.2777946,0,-0.324537658,0.277592754,0,0,113,0,0,113,113,113,0,0,0.287502959,5.25581E-06,,,,,,,,,,,,
2.95,196,196,196,196,11.98428965,0.99735133,-0.000473022,0.000198364,0,1,0,2,0.035644531,0,0,0,0,,,,,1.638238192,0.324364901,-0.2777946,0,-0.324537658,0.277592754,0,0,196,0,0,196,196,196,0,0,0.656526856,5.25581E-06,,,,,,,,,,,,
2.96,196,196,196,196,11.98376385,0.997335915,-0.000473022,0.000198364,0,1,0,2,0.035644531,0,0,0,0,,,,,1.638238192,0.324364901,-0.2777946,0,-0.324537658,0.277592754,0,0,196,0,0,196,196,196,0,0,0.656947076,5.25581E-06,,,,,,,,,,,,
2.97,121,121,121,121,12.28937556,0.997320499,-0.000534058,0.000198364,0,1,0,2,0.035644531,0,0,0,0,,,,,1.680515289,0.324364901,-0.2777946,0,-0.324537658,0.277592754,0,0,124,0,0,124,124,124,0,0,0.327867524,5.93397E-06,,,,,,,,,,,,
2.98,196,196,196,196,11.9830764,0.997314169,-0.000534058,0.000198364,0,1,0,2,0.035644531,0,0,0,0,,,,,1.680515289,0.324364901,-0.2777946,0,-0.324537658,0.277592754,0,0,196,0,0,196,196,196,0,0,0.655929966,5.93397E-06,,,,,,,,,,,,
2.99,196,196,196,196,11.98255171,0.997298753,-0.000534058,0.000198364,0,1,0,2,0.035644531,0,0,0,0,,,,,1.680515289,0.324364901,-0.2777946,0,-0.324537658,0.277592754,0,0,196,0,0,196,196,196,0,0,0.656344902,5.93397E-06,,,,,,,,,,,,
3,196,196,196,196,11.98202751,0.997283338,-0.000534058,0.000198364,0,1,0,2,0.035644531,0,0,0,0,,,,,1.680515289,0.324364901,-0.2777946,0,-0.324537658,0.277592754,0,0,196,0,0,196,196,196,0,0,0.656759837,5.93397E-06,,,,,,,,,,,,
3.01,196,196,196,196,11.9815038,0.997267922,-0.000534058,0.000198364,0,1,0,2,0.035644531,0,0,0,0,,,,,1.680515289,0.324364901,-0.2777946,0,-0.324537658,0.277592754,0,0,196,0,0,196,196,196,0,0,0.657174773,5.93397E-06,,,,,,,,,,,,
3.02,21,21,21,21,12.48499054,0.997252507,-0.00062561,0.000213623,0,1,0,2,0.035644531,0,0,0,0,,,,,1.759784937,0.324364901,-0.2777946,0,-0.324537658,0.277592754,0,0,22,0,0,22,22,22,0,0,0.039776938,6.95123E-06,,,,,,,,,,,,
3.03,196,196,196,196,11.98105495,0.997252049,-0.00062561,0.000213623,0,1,0,2,0.035644531,0,0,0,0,,,,,1.759784937,0.324364901,-0.2777946,0,-0.324537658,0.277592754,0,0,196,0,0,196,196,196,0,0,0.654521734,6.95123E-06,,,,,,,,,,,,
3.04,196,196,196,196,11.98053213,0.997236633,-0.00062561,0.000213623,0,1,0,2,0.035644531,0,0,0,0,,,,,1.759784937,0.324364901,-0.2777946,0,-0.324537658,0.277592754,0,0,196,0,0,196,196,196,0,0,0.654926761,6.95123E-06,,,,,,,,,,,,
3.05,196,196,196,196,11.9800098,0.997221218,-0.00062561,0.000213623,0,1,0,2,0.035644531,0,0,0,0,,,,,1.759784937,0.324364901,-0.2777946,0,-0.324537658,0.277592754,0,0,196,0,0,196,196,196,0,0,0.655331788,6.95123E-06,,,,,,,,,,,,
3.06,64,64,64,64,12.43204989,0.997205802,-0.000701904,0.000228882,0,1,0,2,0.035644531,0,0,0,0,,,,,1.825842857,0.324364901,-0.2777946,0,-0.324537658,0.277592754,0,0,66,0,0,66,66,66,0,0,0.140893769,7.79894E-06,,,,,,,,,,,,
3.07,195,195,195,195,11.98469805,0.997203818,-0.000701904,0.000228882,0,1,0,2,0.035644531,0,0,0,0,,,,,1.825842857,0.324364901,-0.2777946,0,-0.324537658,0.277592754,0,0,195,0,0,195,195,195,0,0,0.653239422,7.79894E-06,,,,,,,,,,,,
3.08,164,164,164,164,12.12328648,0.997188556,-0.000732422,0.000228882,0,1,0,2,0.035644531,0,0,0,0,,,,,1.844339132,0.324364901,-0.2777946,0,-0.324537658,0.277592754,0,0,166,0,0,166,166,166,0,0,0.509479693,8.13802E-06,,,,,,,,,,,,
3.09,135,135,135,135,12.23603715,0.997177423,-0.000778198,0.000228882,0,1,0,2,0.035644531,0,0,0,0,,,,,1.878689289,0.324369252,-0.277792215,0,-0.324542007,0.277590367,4.77378E-05,0,138,0,0,138,138,138,0,0,0.3855016,8.64665E-06,,,,,,,,,,,,
3.1,195,195,195,195,11.98361722,0.997169647,-0.000778198,0.000228882,0,1,0,2,0.035644531,0,0,0,0,,,,,1.878689289,0.324369252,-0.277792215,0,-0.324542007,0.277590367,0,0,195,0,0,195,195,195,0,0,0.652105479,8.64665E-06,,,,,,,,,,,,
3.11,108,108,108,108,12.3246371,0.997154385,-0.000839233,0.000244141,0,1,0,2,0.035644531,0,0,0,0,,,,,1.926251054,0.324369252,-0.277792215,0,-0.324542007,0.277590367,0,0,111,0,0,111,111,111,0,0,0.281808166,9.32482E-06,,,,,,,,,,,,
3.12,195,195,195,195,11.98299386,0.99714926,-0.000839233,0.000244141,0,1,0,2,0.035644531,0,0,0,0,,,,,1.926251054,0.324369252,-0.277792215,0,-0.324542007,0.277590367,0,0,195,0,0,195,195,195,0,0,0.650796061,9.32482E-06,,,,,,,,,,,,
3.13,129,129,129,129,12.25620974,0.997133998,-0.00088501,0.000244141,0,1,0,2,0.035644531,0,0,0,0,,,,,1.963243484,0.324369252,-0.277792215,0,-0.324542007,0.277590367,0,0,132,0,0,132,132,132,0,0,0.362868211,9.83344E-06,,,,,,,,,,,,
3.14,195,195,195,195,11.9822913,0.997126861,-0.00088501,0.000244141,0,1,0,2,0.035644531,0,0,0,0,,,,,1.963243484,0.324369252,-0.277792215,0,-0.324542007,0.277590367,0,0,195,0,0,195,195,195,0,0,0.649939144,9.83344E-06,,,,,,,,,,,,
3.15,173,173,173,173,12.08474077,0.997111599,-0.000900269,0.000244141,0,1,0,2,0.035644531,0,0,0,0,,,,,1.976455092,0.324369252,-0.277792215,0,-0.324542007,0.277590367,0,0,174,0,0,174,174,174,0,0,0.547349943,1.0003E-05,,,,,,,,,,,,
3.16,129,129,129,129,12.25511727,0.997099393,-0.000946045,0.000244141,0,1,0,2,0.035644531,0,0,0,0,,,,,2.013447523,0.324369252,-0.277792215,0,-0.324542007,0.277590367,0,0,132,0,0,132,132,132,0,0,0.361805779,1.05116E-05,,,,,,,,,,,,
3.17,195,195,195,195,11.98119984,0.997092256,-0.000946045,0.000244141,0,1,0,2,0.035644531,0,0,0,0,,,,,2.013447523,0.324369252,-0.277792215,0,-0.324542007,0.277590367,0,0,195,0,0,195,195,195,0,0,0.648870436,1.05116E-05,,,,,,,,,,,,
3.18,129,129,129,129,12.25441737,0.997076994,-0.000991821,0.000259399,0,1,0,2,0.035644531,0,0,0,0,,,,,2.050440073,0.324369252,-0.277792215,0,-0.324542007,0.277590367,0,0,132,0,0,132,132,132,0,0,0.360930757,1.10202E-05,,,,,,,,,,,,
3.19,194,194,194,194,11.9856693,0.997069857,-0.000991821,0.000259399,0,1,0,2,0.035644531,0,0,0,0,,,,,2.050440073,0.324369252,-0.277792215,0,-0.324542007,0.277590367,0,0,194,0,0,194,194,194,0,0,0.647991714,1.10202E-05,,,,,,,,,,,,
3.2,95,95,95,95,12.35763076,0.997054749,-0.001068115,0.000259399,0,1,0,2,0.035644531,0,0,0,0,,,,,2.103286505,0.324369252,-0.277792215,0,-0.324542007,0.277590367,0,0,98,0,0,98,98,98,0,0,0.236485229,1.18679E-05,,,,,,,,,,,,
3.21,194,194,194,194,11.98510055,0.997050694,-0.001068115,0.000259399,0,1,0,2,0.035644531,0,0,0,0,,,,,2.103286505,0.324369252,-0.277792215,0,-0.324542007,0.277590367,0,0,194,0,0,194,194,194,0,0,0.646407164,1.18679E-05,,,,,,,,,,,,
3.22,194,194,194,194,11.98459582,0.997035586,-0.001068115,0.000259399,0,1,0,2,0.035644531,0,0,0,0,,,,,2.103286505,0.324369252,-0.277792215,0,-0.324542007,0.277590367,0,0,194,0,0,194,194,194,0,0,0.646769253,1.18679E-05,,,,,,,,,,,,
3.23,128,128,128,128,12.25614692,0.997020479,-0.001113892,0.000274658,0,1,0,2,0.035644531,0,0,0,0,,,,,2.140278816,0.324369252,-0.277792215,0,-0.324542007,0.277590367,0,0,131,0,0,131,131,131,0,0,0.358820202,1.23766E-05,,,,,,,,,,,,
3.24,194,194,194,194,11.98391008,0.997013444,-0.001113892,0.000274658,0,1,0,2,0.035644531,0,0,0,0,,,,,2.140278816,0.324369252,-0.277792215,0,-0.324542007,0.277590367,0,0,194,0,0,194,194,194,0,0,0.645868082,1.23766E-05,,,,,,,,,,,,
3.25,163,163,163,163,12.12173946,0.996998336,-0.001144409,0.000274658,0,1,0,2,0.035644531,0,0,0,0,,,,,2.158775091,0.324369252,-0.277792215,0,-0.324542007,0.277590367,0,0,165,0,0,165,165,165,0,0,0.502069048,1.27157E-05,,,,,,,,,,,,
3.26,123,123,123,123,12.27219658,0.996987334,-0.001190186,0.000274658,0,1,0,2,0.035644531,0,0,0,0,,,,,2.198410034,0.324369252,-0.277792215,0,-0.324542007,0.277590367,0,0,126,0,0,126,126,126,0,0,0.336863018,1.32243E-05,,,,,,,,,,,,
3.27,194,194,194,194,11.98290686,0.996980806,-0.001190186,0.000274658,0,1,0,2,0.035644531,0,0,0,0,,,,,2.198410034,0.324369252,-0.277792215,0,-0.324542007,0.277590367,0,0,194,0,0,194,194,194,0,0,0.644384025,1.32243E-05,,,,,,,,,,,,
3.28,100,100,100,100,12.34151723,0.996965698,-0.001266479,0.000289917,0,1,0,2,0.035644531,0,0,0,0,,,,,2.248614073,0.324375391,-0.277783155,0,-0.324548141,0.277581303,0.000181274,0,103,0,0,103,103,103,0,0,0.25345336,1.4072E-05,,,,,,,,,,,,
3.29,193,193,193,193,11.98746951,0.996961248,-0.001266479,0.000289917,0,1,0,2,0.035644531,0,0,0,0,,,,,2.248614073,0.324375391,-0.277783155,0,-0.324548141,0.277581303,0,0,193,0,0,193,193,193,0,0,0.642878582,1.4072E-05,,,,,,,,,,,,
3.3,133,133,133,133,12.23614823,0.996946293,-0.001312256,0.000289917,0,1,0,2,0.035644531,0,0,0,0,,,,,2.28296423,0.324375391,-0.277783155,0,-0.324548141,0.277581303,0,0,136,0,0,136,136,136,0,0,0.375503824,1.45806E-05,,,,,,,,,,,,
3.31,193,193,193,193,11.98677301,0.996938732,-0.001312256,0.000289917,0,1,0,2,0.035644531,0,0,0,0,,,,,2.28296423,0.324375391,-0.277783155,0,-0.324548141,0.277581303,0,0,193,0,0,193,193,193,0,0,0.642057169,1.45806E-05,,,,,,,,,,,,
3.32,148,148,148,148,12.18225043,0.996923777,-0.001373291,0.000289917,0,1,0,2,0.035644531,0,0,0,0,,,,,2.309387445,0.324375391,-0.277783155,0,-0.324548141,0.277581303,0,0,150,0,0,150,150,150,0,0,0.436459208,1.52588E-05,,,,,,,,,,,,
3.33,193,193,193,193,11.98601475,0.996914637,-0.001373291,0.000289917,0,1,0,2,0.035644531,0,0,0,0,,,,,2.309387445,0.324375391,-0.277783155,0,-0.324548141,0.277581303,0,0,193,0,0,193,193,193,0,0,0.641575457,1.52588E-05,,,,,,,,,,,,
3.34,132,132,132,132,12.23829564,0.996899682,-0.001419067,0.000305176,0,1,0,2,0.035644531,0,0,0,0,,,,,2.343737602,0.324375391,-0.277783155,0,-0.324548141,0.277581303,0,0,135,0,0,135,135,135,0,0,0.374193103,1.57674E-05,,,,,,,,,,,,
3.35,193,193,193,193,11.98532518,0.996892228,-0.001419067,0.000305176,0,1,0,2,0.035644531,0,0,0,0,,,,,2.343737602,0.324375391,-0.277783155,0,-0.324548141,0.277581303,0,0,193,0,0,193,193,193,0,0,0.640738851,1.57674E-05,,,,,,,,,,,,
3.36,137,137,137,137,12.21933681,0.996877273,-0.001480103,0.000305176,0,1,0,2,0.035644531,0,0,0,0,,,,,2.375445366,0.324375391,-0.277783155,0,-0.324548141,0.277581303,0,0,140,0,0,140,140,140,0,0,0.393946519,1.64456E-05,,,,,,,,,,,,
3.37,193,193,193,193,11.98461523,0.996869277,-0.001480103,0.000305176,0,1,0,2,0.035644531,0,0,0,0,,,,,2.375445366,0.324375391,-0.277783155,0,-0.324548141,0.277581303,0,0,193,0,0,193,193,193,0,0,0.640009756,1.64456E-05,,,,,,,,,,,,
3.38,93,93,93,93,12.35660177,0.996854322,-0.001556396,0.000320435,0,1,0,2,0.035644531,0,0,0,0,,,,,2.428291798,0.324375391,-0.277783155,0,-0.324548141,0.277581303,0,0,96,0,0,96,96,96,0,0,0.228462645,1.72933E-05,,,,,,,,,,,,
3.39,193,193,193,193,11.98407005,0.996850421,-0.001556396,0.000320435,0,1,0,2,0.035644531,0,0,0,0,,,,,2.428291798,0.324375391,-0.277783155,0,-0.324548141,0.277581303,0,0,193,0,0,193,193,193,0,0,0.638343955,1.72933E-05,,,,,,,,,,,,
3.4,138,138,138,138,12.21808283,0.996835465,-0.001602173,0.000320435,0,1,0,2,0.035644531,0,0,0,0,,,,,2.459999561,0.324375391,-0.277783155,0,-0.324548141,0.277581303,0,0,140,0,0,140,140,140,0,0,0.391541054,1.78019E-05,,,,,,,,,,,,
3.41,192,192,192,192,11.98847798,0.996827469,-0.001602173,0.000320435,0,1,0,2,0.035644531,0,0,0,0,,,,,2.459999561,0.324375391,-0.277783155,0,-0.324548141,0.277581303,0,0,192,0,0,192,192,192,0,0,0.637593722,1.78019E-05,,,,,,,,,,,,
3.42,131,131,131,131,12.23922605,0.996812666,-0.001663208,0.000320435,0,1,0,2,0.035644531,0,0,0,0,,,,,2.494349718,0.324375391,-0.277783155,0,-0.324548141,0.277581303,0,0,134,0,0,134,134,134,0,0,0.370192541,1.84801E-05,,,,,,,,,,,,
3.43,192,192,192,192,11.98780356,0.996805318,-0.001663208,0.000320435,0,1,0,2,0.035644531,0,0,0,0,,,,,2.494349718,0.324375391,-0.277783155,0,-0.324548141,0.277581303,0,0,192,0,0,192,192,192,0,0,0.636719462,1.84801E-05,,,,,,,,,,,,
3.44,192,192,192,192,11.98731792,0.996790515,-0.001663208,0.000320435,0,1,0,2,0.035644531,0,0,0,0,,,,,2.494349718,0.324375391,-0.277783155,0,-0.324548141,0.277581303,0,0,192,0,0,192,192,192,0,0,0.637032668,1.84801E-05,,,,,,,,,,,,
3.45,110,110,110,110,12.30698775,0.996775711,-0.001739502,0.000335693,0,1,0,2,0.035644531,0,0,0,0,,,,,2.539269209,0.324375391,-0.277783155,0,-0.324548141,0.277581303,0,0,113,0,0,113,113,113,0,0,0.287251786,1.93278E-05,,,,,,,,,,,,
3.46,192,192,192,192,11.9867273,0.996770409,-0.001739502,0.000335693,0,1,0,2,0.035644531,0,0,0,0,,,,,2.539269209,0.324375391,-0.277783155,0,-0.324548141,0.277581303,0,0,192,0,0,192,192,192,0,0,0.635685431,1.93278E-05,,,,,,,,,,,,
3.47,131,131,131,131,12.23747697,0.996755606,-0.001800537,0.000335693,0,1,0,2,0.035644531,0,0,0,0,,,,,2.573619366,0.324382991,-0.277766943,0,-0.324555731,0.277565086,0.000324344,0,134,0,0,134,134,134,0,0,0.368274341,2.0006E-05,,,,,,,,,,,,
3.48,192,192,192,192,11.9860561,0.996748258,-0.001800537,0.000335693,0,1,0,2,0.035644531,0,0,0,0,,,,,2.573619366,0.324382991,-0.277766943,0,-0.324555731,0.277565086,0,0,192,0,0,192,192,192,0,0,0.634791354,2.0006E-05,,,,,,,,,,,,
3.49,125,125,125,125,12.25769386,0.996733454,-0.001861572,0.000350952,0,1,0,2,0.035644531,0,0,0,0,,,,,2.610611916,0.324382991,-0.277766943,0,-0.324555731,0.277565086,0,0,128,0,0,128,128,128,0,0,0.346781653,2.06841E-05,,,,,,,,,,,,
3.5,192,192,192,192,11.98541087,0.996726727,-0.001861572,0.000350952,0,1,0,2,0.035644531,0,0,0,0,,,,,2.610611916,0.324382991,-0.277766943,0,-0.324555731,0.277565086,0,0,192,0,0,192,192,192,0,0,0.633772589,2.06841E-05,,,,,,,,,,,,
3.51,135,135,135,135,12.22170528,0.996711923,-0.001922607,0.000350952,0,1,0,2,0.035644531,0,0,0,0,,,,,2.642319679,0.324382991,-0.277766943,0,-0.324555731,0.277565086,0,0,138,0,0,138,138,138,0,0,0.386946897,2.13623E-05,,,,,,,,,,,,
3.52,191,191,191,191,11.98981395,0.996704147,-0.001922607,0.000350952,0,1,0,2,0.035644531,0,0,0,0,,,,,2.642319679,0.324382991,-0.277766943,0,-0.324555731,0.277565086,0,0,191,0,0,191,191,191,0,0,0.632976776,2.13623E-05,,,,,,,,,,,,
3.53,103,103,103,103,12.32477246,0.996689494,-0.001998901,0.000366211,0,1,0,2,0.035644531,0,0,0,0,,,,,2.689881325,0.324382991,-0.277766943,0,-0.324555731,0.277565086,0,0,106,0,0,106,106,106,0,0,0.262584938,2.221E-05,,,,,,,,,,,,
3.54,191,191,191,191,11.98925823,0.996684796,-0.001998901,0.000366211,0,1,0,2,0.035644531,0,0,0,0,,,,,2.689881325,0.324382991,-0.277766943,0,-0.324555731,0.277565086,0,0,191,0,0,191,191,191,0,0,0.631476456,2.221E-05,,,,,,,,,,,,
3.55,141,141,141,141,12.2018023,0.996670144,-0.002059937,0.000366211,0,1,0,2,0.035644531,0,0,0,0,,,,,2.718946934,0.324382991,-0.277766943,0,-0.324555731,0.277565086,0,0,143,0,0,143,143,143,0,0,0.405233314,2.28882E-05,,,,,,,,,,,,
3.56,191,191,191,191,11.98855849,0.996661813,-0.002059937,0.000366211,0,1,0,2,0.035644531,0,0,0,0,,,,,2.718946934,0.324382991,-0.277766943,0,-0.324555731,0.277565086,0,0,191,0,0,191,191,191,0,0,0.630776915,2.28882E-05,,,,,,,,,,,,
3.57,169,169,169,169,12.0888131,0.996647161,-0.002090454,0.000366211,0,1,0,2,0.035644531,0,0,0,0,,,,,2.732158422,0.324382991,-0.277766943,0,-0.324555731,0.277565086,0,0,170,0,0,170,170,170,0,0,0.528094181,2.32273E-05,,,,,,,,,,,,
3.58,169,169,169,169,12.08845724,0.996635498,-0.002120972,0.000366211,0,1,0,2,0.035644531,0,0,0,0,,,,,2.74537015,0.324382991,-0.277766943,0,-0.324555731,0.277565086,0,0,170,0,0,170,170,170,0,0,0.527796975,2.35664E-05,,,,,,,,,,,,
3.59,191,191,191,191,11.98737147,0.996623834,-0.002120972,0.000366211,0,1,0,2,0.035644531,0,0,0,0,,,,,2.74537015,0.324382991,-0.277766943,0,-0.324555731,0.277565086,0,0,191,0,0,191,191,191,0,0,0.630469689,2.35664E-05,,,,,,,,,,,,
3.6,113,113,113,113,12.29283464,0.996609182,-0.002212524,0.00038147,0,1,0,2,0.035644531,0,0,0,0,,,,,2.787647247,0.324382991,-0.277766943,0,-0.324555731,0.277565086,0,0,116,0,0,116,116,116,0,0,0.301251745,2.45836E-05,,,,,,,,,,,,
3.61,191,191,191,191,11.98678528,0.996603609,-0.002212524,0.00038147,0,1,0,2,0.035644531,0,0,0,0,,,,,2.787647247,0.324382991,-0.277766943,0,-0.324555731,0.277565086,0,0,191,0,0,191,191,191,0,0,0.629175796,2.45836E-05,,,,,,,,,,,,
3.62,150,150,150,150,12.16405411,0.996588956,-0.002258301,0.00038147,0,1,0,2,0.035644531,0,0,0,0,,,,,2.81142807,0.324382991,-0.277766943,0,-0.324555731,0.277565086,0,0,152,0,0,152,152,152,0,0,0.444109067,2.50922E-05,,,,,,,,,,,,
3.63,191,191,191,191,11.98604828,0.996579579,-0.002258301,0.00038147,0,1,0,2,0.035644531,0,0,0,0,,,,,2.81142807,0.324382991,-0.277766943,0,-0.324555731,0.277565086,0,0,191,0,0,191,191,191,0,0,0.628684015,2.50922E-05,,,,,,,,,,,,
3.64,191,191,191,191,11.98557495,0.996564926,-0.002258301,0.00038147,0,1,0,2,0.035644531,0,0,0,0,,,,,2.81142807,0.324382991,-0.277766943,0,-0.324555731,0.277565086,0,0,191,0,0,191,191,191,0,0,0.628957586,2.50922E-05,,,,,,,,,,,,
3.65,119,119,119,119,12.27206565,0.996550274,-0.002349854,0.000396729,0,1,0,2,0.035644531,0,0,0,0,,,,,2.851062775,0.324382991,-0.277766943,0,-0.324555731,0.277565086,0,0,122,0,0,122,122,122,0,0,0.320325702,2.61095E-05,,,,,,,,,,,,
3.66,190,190,190,190,11.990032,0.996544138,-0.002349854,0.000396729,0,1,0,2,0.035644531,0,0,0,0,,,,,2.851062775,0.324382991,-0.277766943,0,-0.324555731,0.277565086,0,0,190,0,0,190,190,190,0,0,0.627763279,2.61095E-05,,,,,,,,,,,,
3.67,135,135,135,135,12.21984607,0.996529635,-0.002441406,0.000396729,0,1,0,2,0.035644531,0,0,0,0,,,,,2.882770777,0.324392945,-0.277738333,0,-0.324565667,0.277536469,0.000572328,0,137,0,0,137,137,137,0,0,0.380905673,2.71267E-05,,,,,,,,,,,,
3.68,190,190,190,190,11.98937256,0.996521967,-0.002441406,0.000396729,0,1,0,2,0.035644531,0,0,0,0,,,,,2.882770777,0.324392945,-0.277738333,0,-0.324565667,0.277536469,0,0,190,0,0,190,190,190,0,0,0.626907343,2.71267E-05,,,,,,,,,,,,
3.69,159,159,159,159,12.1241572,0.996507465,-0.002502441,0.000411987,0,1,0,2,0.035644531,0,0,0,0,,,,,2.901267052,0.324392945,-0.277738333,0,-0.324565667,0.277536469,0,0,161,0,0,161,161,161,0,0,0.483015498,2.78049E-05,,,,,,,,,,,,
3.7,190,190,190,190,11.98860175,0.996496976,-0.002502441,0.000411987,0,1,0,2,0.035644531,0,0,0,0,,,,,2.901267052,0.324392945,-0.277738333,0,-0.324565667,0.277536469,0,0,190,0,0,190,190,190,0,0,0.626623971,2.78049E-05,,,,,,,,,,,,
3.71,190,190,190,190,11.98813672,0.996482474,-0.002502441,0.000411987,0,1,0,2,0.035644531,0,0,0,0,,,,,2.901267052,0.324392945,-0.277738333,0,-0.324565667,0.277536469,0,0,190,0,0,190,190,190,0,0,0.626886312,2.78049E-05,,,,,,,,,,,,
3.72,159,159,159,159,12.12292249,0.996467972,-0.002563477,0.000411987,0,1,0,2,0.035644531,0,0,0,0,,,,,2.919763088,0.324392945,-0.277738333,0,-0.324565667,0.277536469,0,0,161,0,0,161,161,161,0,0,0.482994013,2.84831E-05,,,,,,,,,,,,
3.73,190,190,190,190,11.98736817,0.996457484,-0.002563477,0.000411987,0,1,0,2,0.035644531,0,0,0,0,,,,,2.919763088,0.324392945,-0.277738333,0,-0.324565667,0.277536469,0,0,190,0,0,190,190,190,0,0,0.626598326,2.84831E-05,,,,,,,,,,,,
3.74,140,140,140,140,12.19864905,0.996442981,-0.002655029,0.000427246,0,1,0,2,0.035644531,0,0,0,0,,,,,2.948828697,0.324392945,-0.277738333,0,-0.324565667,0.277536469,0,0,142,0,0,142,142,142,0,0,0.400326449,2.95003E-05,,,,,,,,,,,,
3.75,190,190,190,190,11.98669167,0.996434763,-0.002655029,0.000427246,0,1,0,2,0.035644531,0,0,0,0,,,,,2.948828697,0.324392945,-0.277738333,0,-0.324565667,0.277536469,0,0,190,0,0,190,190,190,0,0,0.625841315,2.95003E-05,,,,,,,,,,,,
3.76,158,158,158,158,12.12574396,0.996420261,-0.002716064,0.000427246,0,1,0,2,0.035644531,0,0,0,0,,,,,2.967324972,0.324392945,-0.277738333,0,-0.324565667,0.277536469,0,0,160,0,0,160,160,160,0,0,0.481941212,3.01785E-05,,,,,,,,,,,,
3.77,190,190,190,190,11.98593083,0.996409899,-0.002716064,0.000427246,0,1,0,2,0.035644531,0,0,0,0,,,,,2.967324972,0.324392945,-0.277738333,0,-0.324565667,0.277536469,0,0,190,0,0,190,190,190,0,0,0.625541428,3.01785E-05,,,,,,,,,,,,
3.78,168,168,168,168,12.08564043,0.996395397,-0.0027771,0.000427246,0,1,0,2,0.035644531,0,0,0,0,,,,,2.980536461,0.324392945,-0.277738333,0,-0.324565667,0.277536469,0,0,169,0,0,169,169,169,0,0,0.522827646,3.08567E-05,,,,,,,,,,,,
3.79,190,190,190,190,11.98512477,0.996383867,-0.0027771,0.000427246,0,1,0,2,0.035644531,0,0,0,0,,,,,2.980536461,0.324392945,-0.277738333,0,-0.324565667,0.277536469,0,0,190,0,0,190,190,190,0,0,0.625469117,3.08567E-05,,,,,,,,,,,,
3.8,190,190,190,190,11.98466293,0.996369365,-0.0027771,0.000427246,0,1,0,2,0.035644531,0,0,0,0,,,,,2.980536461,0.324392945,-0.277738333,0,-0.324565667,0.277536469,0,0,190,0,0,190,190,190,0,0,0.625721549,3.08567E-05,,,,,,,,,,,,
3.81,149,149,149,149,12.16090795,0.996354863,-0.002868652,0.000442505,0,1,0,2,0.035644531,0,0,0,0,,,,,3.004317522,0.324392945,-0.277738333,0,-0.324565667,0.277536469,0,0,151,0,0,151,151,151,0,0,0.440628851,3.18739E-05,,,,,,,,,,,,
3.82,190,190,190,190,11.98394988,0.996345605,-0.002868652,0.000442505,0,1,0,2,0.035644531,0,0,0,0,,,,,3.004317522,0.324392945,-0.277738333,0,-0.324565667,0.277536469,0,0,190,0,0,190,190,190,0,0,0.625181535,3.18739E-05,,,,,,,,,,,,
3.83,190,190,190,190,11.98348912,0.996331102,-0.002868652,0.000442505,0,1,0,2,0.035644531,0,0,0,0,,,,,3.004317522,0.324392945,-0.277738333,0,-0.324565667,0.277536469,0,0,190,0,0,190,190,190,0,0,0.625430995,3.18739E-05,,,,,,,,,,,,
3.84,149,149,149,149,12.15973522,0.9963166,-0.002975464,0.000457764,0,1,0,2,0.035644531,0,0,0,0,,,,,3.028098345,0.324392945,-0.277738333,0,-0.324565667,0.277536469,0,0,151,0,0,151,151,151,0,0,0.440337182,3.30607E-05,,,,,,,,,,,,
3.85,190,190,190,190,11.98277822,0.996307342,-0.002975464,0.000457764,0,1,0,2,0.035644531,0,0,0,0,,,,,3.028098345,0.324392945,-0.277738333,0,-0.324565667,0.277536469,0,0,190,0,0,190,190,190,0,0,0.624885046,3.30607E-05,,,,,,,,,,,,
3.86,190,190,190,190,11.98231854,0.99629284,-0.002975464,0.000457764,0,1,0,2,0.035644531,0,0,0,0,,,,,3.028098345,0.324392945,-0.277738333,0,-0.324565667,0.277536469,0,0,190,0,0,190,190,190,0,0,0.625131534,3.30607E-05,,,,,,,,,,,,
3.87,172,172,172,172,12.06385457,0.996278338,-0.003005981,0.000457764,0,1,0,2,0.035644531,0,0,0,0,,,,,3.038667679,0.324392945,-0.277738333,0,-0.324565667,0.277536469,0,0,173,0,0,173,173,173,0,0,0.543002614,3.33998E-05,,,,,,,,,,,,
3.88,158,158,158,158,12.12101315,0.996266269,-0.003097534,0.000457764,0,1,0,2,0.035644531,0,0,0,0,,,,,3.057163715,0.324404836,-0.277697325,0,-0.324577532,0.277495454,0.000820308,0,160,0,0,160,160,160,0,0,0.481005478,3.4417E-05,,,,,,,,,,,,
3.89,190,190,190,190,11.98120436,0.996255907,-0.003097534,0.000457764,0,1,0,2,0.035644531,0,0,0,0,,,,,3.057163715,0.324404836,-0.277697325,0,-0.324577532,0.277495454,0,0,190,0,0,190,190,190,0,0,0.624592616,3.4417E-05,,,,,,,,,,,,
3.9,149,149,149,149,12.15745256,0.996241405,-0.003189087,0.000473022,0,1,0,2,0.035644531,0,0,0,0,,,,,3.080944777,0.324404836,-0.277697325,0,-0.324577532,0.277495454,0,0,151,0,0,151,151,151,0,0,0.439490339,3.54343E-05,,,,,,,,,,,,
3.91,190,190,190,190,11.98049765,0.996232146,-0.003189087,0.000473022,0,1,0,2,0.035644531,0,0,0,0,,,,,3.080944777,0.324404836,-0.277697325,0,-0.324577532,0.277495454,0,0,190,0,0,190,190,190,0,0,0.624033445,3.54343E-05,,,,,,,,,,,,
3.92,190,190,190,190,11.98004006,0.996217644,-0.003189087,0.000473022,0,1,0,2,0.035644531,0,0,0,0,,,,,3.080944777,0.324404836,-0.277697325,0,-0.324577532,0.277495454,0,0,190,0,0,190,190,190,0,0,0.624273327,3.54343E-05,,,,,,,,,,,,
3.93,158,158,158,158,12.11909846,0.996203142,-0.003295898,0.000473022,0,1,0,2,0.035644531,0,0,0,0,,,,,3.099441051,0.324404836,-0.277697325,0,-0.324577532,0.277495454,0,0,160,0,0,160,160,160,0,0,0.48035671,3.66211E-05,,,,,,,,,,,,
3.94,190,190,190,190,11.97929142,0.99619278,-0.003295898,0.000473022,0,1,0,2,0.035644531,0,0,0,0,,,,,3.099441051,0.324404836,-0.277697325,0,-0.324577532,0.277495454,0,0,190,0,0,190,190,190,0,0,0.62394041,3.66211E-05,,,,,,,,,,,,
3.95,158,158,158,158,12.11835051,0.996178278,-0.003356934,0.000488281,0,1,0,2,0.035644531,0,0,0,0,,,,,3.117937088,0.324404836,-0.277697325,0,-0.324577532,0.277495454,0,0,160,0,0,160,160,160,0,0,0.480023339,3.72993E-05,,,,,,,,,,,,
3.96,190,190,190,190,11.97854416,0.996167916,-0.003356934,0.000488281,0,1,0,2,0.035644531,0,0,0,0,,,,,3.117937088,0.324404836,-0.277697325,0,-0.324577532,0.277495454,0,0,190,0,0,190,190,190,0,0,0.62360288,3.72993E-05,,,,,,,,,,,,
3.97,182,182,182,182,12.01763106,0.996153414,-0.00340271,0.000488281,0,1,0,2,0.035644531,0,0,0,0,,,,,3.123221874,0.324404836,-0.277697325,0,-0.324577532,0.277495454,0,0,182,0,0,182,182,182,0,0,0.582649505,3.78079E-05,,,,,,,,,,,,
3.98,168,168,168,168,12.077852,0.996140085,-0.003463745,0.000488281,0,1,0,2,0.035644531,0,0,0,0,,,,,3.136433363,0.324404836,-0.277697325,0,-0.324577532,0.277495454,0,0,169,0,0,169,169,169,0,0,0.52087333,3.84861E-05,,,,,,,,,,,,
3.99,190,190,190,190,11.9773435,0.996128556,-0.003463745,0.000488281,0,1,0,2,0.035644531,0,0,0,0,,,,,3.136433363,0.324404836,-0.277697325,0,-0.324577532,0.277495454,0,0,190,0,0,190,190,190,0,0,0.623495313,3.84861E-05,,,,,,,,,,,,
4,158,158,158,158,12.11640437,0.996114053,-0.003540039,0.00050354,0,1,0,2,0.035644531,0,0,0,0,,,,,3.154929638,0.324404836,-0.277697325,0,-0.324577532,0.277495454,0,0,160,0,0,160,160,160,0,0,0.47957176,3.93338E-05,,,,,,,,,,,,
4.01,190,190,190,190,11.9765998,0.996103692,-0.003540039,0.00050354,0,1,0,2,0.035644531,0,0,0,0,,,,,3.154929638,0.324404836,-0.277697325,0,-0.324577532,0.277495454,0,0,190,0,0,190,190,190,0,0,0.623148525,3.93338E-05,,,,,,,,,,,,
4.02,168,168,168,168,12.07631796,0.996089189,-0.003601074,0.00050354,0,1,0,2,0.035644531,0,0,0,0,,,,,3.168141365,0.324404836,-0.277697325,0,-0.324577532,0.277495454,0,0,169,0,0,169,169,169,0,0,0.520409435,4.00119E-05,,,,,,,,,,,,
4.03,190,190,190,190,11.97581086,0.99607766,-0.003601074,0.00050354,0,1,0,2,0.035644531,0,0,0,0,,,,,3.168141365,0.324404836,-0.277697325,0,-0.324577532,0.277495454,0,0,190,0,0,190,190,190,0,0,0.623029302,4.00119E-05,,,,,,,,,,,,
4.04,148,148,148,148,12.15606345,0.996063158,-0.003707886,0.000518799,0,1,0,2,0.035644531,0,0,0,0,,,,,3.191922188,0.324404836,-0.277697325,0,-0.324577532,0.277495454,0,0,150,0,0,150,150,150,0,0,0.437915011,4.11987E-05,,,,,,,,,,,,
4.05,189,189,189,189,11.98015462,0.996054018,-0.003707886,0.000518799,0,1,0,2,0.035644531,0,0,0,0,,,,,3.191922188,0.324404836,-0.277697325,0,-0.324577532,0.277495454,0,0,189,0,0,189,189,189,0,0,0.622442397,4.11987E-05,,,,,,,,,,,,
4.06,189,189,189,189,11.97970793,0.996039665,-0.003707886,0.000518799,0,1,0,2,0.035644531,0,0,0,0,,,,,3.191922188,0.324404836,-0.277697325,0,-0.324577532,0.277495454,0,0,189,0,0,189,189,189,0,0,0.622668407,4.11987E-05,,,,,,,,,,,,
4.07,190,190,190,190,11.97422579,0.996025313,-0.003707886,0.000518799,0,1,0,2,0.035644531,0,0,0,0,,,,,3.191922188,0.324404836,-0.277697325,0,-0.324577532,0.277495454,0,0,190,0,0,190,190,190,0,0,0.622894416,4.11987E-05,,,,,,,,,,,,
4.08,139,139,139,139,12.189279,0.99601081,-0.003814697,0.000518799,0,1,0,2,0.035644531,0,0,0,0,,,,,3.220987558,0.324419677,-0.277634382,0,-0.324592335,0.277432502,0.001259035,0,141,0,0,141,141,141,0,0,0.396590378,4.23855E-05,,,,,,,,,,,,
4.09,189,189,189,189,11.97861369,0.996002704,-0.003814697,0.000518799,0,1,0,2,0.035644531,0,0,0,0,,,,,3.220987558,0.324419677,-0.277634382,0,-0.324592335,0.277432502,0,0,189,0,0,189,189,189,0,0,0.622069376,4.23855E-05,,,,,,,,,,,,
4.1,139,139,139,139,12.18863761,0.995988351,-0.003921509,0.000534058,0,1,0,2,0.035644531,0,0,0,0,,,,,3.250053167,0.324419677,-0.277634382,0,-0.324592335,0.277432502,0,0,141,0,0,141,141,141,0,0,0.395759846,4.35723E-05,,,,,,,,,,,,
4.11,189,189,189,189,11.97797288,0.995980244,-0.003921509,0.000534058,0,1,0,2,0.035644531,0,0,0,0,,,,,3.250053167,0.324419677,-0.277634382,0,-0.324592335,0.277432502,0,0,189,0,0,189,189,189,0,0,0.621237059,4.35723E-05,,,,,,,,,,,,
4.12,167,167,167,167,12.0771423,0.995965891,-0.003997803,0.000534058,0,1,0,2,0.035644531,0,0,0,0,,,,,3.263264656,0.324419677,-0.277634382,0,-0.324592335,0.277432502,0,0,168,0,0,168,168,168,0,0,0.518487936,4.442E-05,,,,,,,,,,,,
4.13,189,189,189,189,11.97720191,0.995954495,-0.003997803,0.000534058,0,1,0,2,0.035644531,0,0,0,0,,,,,3.263264656,0.324419677,-0.277634382,0,-0.324592335,0.277432502,0,0,189,0,0,189,189,189,0,0,0.621094066,4.442E-05,,,,,,,,,,,,
4.14,138,138,138,138,12.19096082,0.995940142,-0.004104614,0.000549316,0,1,0,2,0.035644531,0,0,0,0,,,,,3.292330265,0.324419677,-0.277634382,0,-0.324592335,0.277432502,0,0,140,0,0,140,140,140,0,0,0.394779251,4.56068E-05,,,,,,,,,,,,
4.15,189,189,189,189,11.9765681,0.995932146,-0.004104614,0.000549316,0,1,0,2,0.035644531,0,0,0,0,,,,,3.292330265,0.324419677,-0.277634382,0,-0.324592335,0.277432502,0,0,189,0,0,189,189,189,0,0,0.62025118,4.56068E-05,,,,,,,,,,,,
4.16,157,157,157,157,12.11484303,0.995917793,-0.004180908,0.000549316,0,1,0,2,0.035644531,0,0,0,0,,,,,3.31082654,0.324419677,-0.277634382,0,-0.324592335,0.277432502,0,0,159,0,0,159,159,159,0,0,0.476308139,4.64545E-05,,,,,,,,,,,,
4.17,189,189,189,189,11.97584602,0.995907557,-0.004180908,0.000549316,0,1,0,2,0.035644531,0,0,0,0,,,,,3.31082654,0.324419677,-0.277634382,0,-0.324592335,0.277432502,0,0,189,0,0,189,189,189,0,0,0.619865417,4.64545E-05,,,,,,,,,,,,
4.18,177,177,177,177,12.03376064,0.995893205,-0.004211426,0.000564575,0,1,0,2,0.035644531,0,0,0,0,,,,,3.318753481,0.324419677,-0.277634382,0,-0.324592335,0.277432502,0,0,177,0,0,177,177,177,0,0,0.558295472,4.67936E-05,,,,,,,,,,,,
4.19,171,171,171,171,12.05657359,0.995880584,-0.004257202,0.000564575,0,1,0,2,0.035644531,0,0,0,0,,,,,3.329322815,0.324419677,-0.277634382,0,-0.324592335,0.277432502,0,0,172,0,0,172,172,172,0,0,0.537564013,4.73022E-05,,,,,,,,,,,,
4.2,189,189,189,189,11.97468466,0.995868651,-0.004257202,0.000564575,0,1,0,2,0.035644531,0,0,0,0,,,,,3.329322815,0.324419677,-0.277634382,0,-0.324592335,0.277432502,0,0,189,0,0,189,189,189,0,0,0.619685186,4.73022E-05,,,,,,,,,,,,
4.21,158,158,158,158,12.1129613,0.995854298,-0.004333496,0.000564575,0,1,0,2,0.035644531,0,0,0,0,,,,,3.34781909,0.324419677,-0.277634382,0,-0.324592335,0.277432502,0,0,159,0,0,159,159,159,0,0,0.475737522,4.815E-05,,,,,,,,,,,,
4.22,189,189,189,189,11.97396602,0.995844062,-0.004333496,0.000564575,0,1,0,2,0.035644531,0,0,0,0,,,,,3.34781909,0.324419677,-0.277634382,0,-0.324592335,0.277432502,0,0,189,0,0,189,189,189,0,0,0.619290175,4.815E-05,,,,,,,,,,,,
4.23,133,133,133,133,12.20599779,0.995829709,-0.004440308,0.000579834,0,1,0,2,0.035644531,0,0,0,0,,,,,3.379526854,0.324419677,-0.277634382,0,-0.324592335,0.277432502,0,0,135,0,0,135,135,135,0,0,0.372372333,4.93368E-05,,,,,,,,,,,,
4.24,189,189,189,189,11.97335978,0.995822255,-0.004440308,0.000579834,0,1,0,2,0.035644531,0,0,0,0,,,,,3.379526854,0.324419677,-0.277634382,0,-0.324592335,0.277432502,0,0,189,0,0,189,189,189,0,0,0.618310061,4.93368E-05,,,,,,,,,,,,
4.25,158,158,158,158,12.11163763,0.995807903,-0.004516602,0.000579834,0,1,0,2,0.035644531,0,0,0,0,,,,,3.398023129,0.324419677,-0.277634382,0,-0.324592335,0.277432502,0,0,159,0,0,159,159,159,0,0,0.474356121,5.01845E-05,,,,,,,,,,,,
4.26,189,189,189,189,11.97264356,0.995797667,-0.004516602,0.000579834,0,1,0,2,0.035644531,0,0,0,0,,,,,3.398023129,0.324419677,-0.277634382,0,-0.324592335,0.277432502,0,0,189,0,0,189,189,189,0,0,0.617902499,5.01845E-05,,,,,,,,,,,,
4.27,152,152,152,152,12.13171653,0.995783314,-0.004577637,0.000595093,0,1,0,2,0.035644531,0,0,0,0,,,,,3.419161558,0.324438334,-0.277542591,0,-0.324610934,0.2773407,0.001836055,0,154,0,0,154,154,154,0,0,0.453353789,5.08626E-05,,,,,,,,,,,,
4.28,188,188,188,188,11.97696256,0.995773695,-0.004577637,0.000595093,0,1,0,2,0.035644531,0,0,0,0,,,,,3.419161558,0.324438334,-0.277542591,0,-0.324610934,0.2773407,0,0,188,0,0,188,188,188,0,0,0.617374223,5.08626E-05,,,,,,,,,,,,
4.29,157,157,157,157,12.1144504,0.995759491,-0.004653931,0.000595093,0,1,0,2,0.035644531,0,0,0,0,,,,,3.437657833,0.324438334,-0.277542591,0,-0.324610934,0.2773407,0,0,158,0,0,158,158,158,0,0,0.473415329,5.17103E-05,,,,,,,,,,,,
4.3,188,188,188,188,11.97625983,0.99574938,-0.004653931,0.000595093,0,1,0,2,0.035644531,0,0,0,0,,,,,3.437657833,0.324438334,-0.277542591,0,-0.324610934,0.2773407,0,0,188,0,0,188,188,188,0,0,0.616956753,5.17103E-05,,,,,,,,,,,,
4.31,188,188,188,188,11.9758272,0.995735176,-0.004653931,0.000595093,0,1,0,2,0.035644531,0,0,0,0,,,,,3.437657833,0.324438334,-0.277542591,0,-0.324610934,0.2773407,0,0,188,0,0,188,188,188,0,0,0.617152046,5.17103E-05,,,,,,,,,,,,
4.32,147,147,147,147,12.15002861,0.995720971,-0.004760742,0.000610352,0,1,0,2,0.035644531,0,0,0,0,,,,,3.461438656,0.324438334,-0.277542591,0,-0.324610934,0.2773407,0,0,149,0,0,149,149,149,0,0,0.432004065,5.28971E-05,,,,,,,,,,,,
4.33,188,188,188,188,11.97517004,0.99571195,-0.004760742,0.000610352,0,1,0,2,0.035644531,0,0,0,0,,,,,3.461438656,0.324438334,-0.277542591,0,-0.324610934,0.2773407,0,0,188,0,0,188,188,188,0,0,0.616497761,5.28971E-05,,,,,,,,,,,,
4.34,157,157,157,157,12.11265952,0.995697746,-0.004837036,0.000610352,0,1,0,2,0.035644531,0,0,0,0,,,,,3.479934931,0.324438334,-0.277542591,0,-0.324610934,0.2773407,0,0,158,0,0,158,158,158,0,0,0.472533583,5.37448E-05,,,,,,,,,,,,
4.35,188,188,188,188,11.97447058,0.995687635,-0.004837036,0.000610352,0,1,0,2,0.035644531,0,0,0,0,,,,,3.479934931,0.324438334,-0.277542591,0,-0.324610934,0.2773407,0,0,188,0,0,188,188,188,0,0,0.616069722,5.37448E-05,,,,,,,,,,,,
4.36,166,166,166,166,12.07309565,0.995673431,-0.00491333,0.00062561,0,1,0,2,0.035644531,0,0,0,0,,,,,3.493146658,0.324438334,-0.277542591,0,-0.324610934,0.2773407,0,0,167,0,0,167,167,167,0,0,0.513290006,5.45926E-05,,,,,,,,,,,,
4.37,188,188,188,188,11.97372636,0.995662166,-0.00491333,0.00062561,0,1,0,2,0.035644531,0,0,0,0,,,,,3.493146658,0.324438334,-0.277542591,0,-0.324610934,0.2773407,0,0,188,0,0,188,188,188,0,0,0.615869248,5.45926E-05,,,,,,,,,,,,
4.38,147,147,147,147,12.14792968,0.995647962,-0.005020142,0.00062561,0,1,0,2,0.035644531,0,0,0,0,,,,,3.516927481,0.324438334,-0.277542591,0,-0.324610934,0.2773407,0,0,149,0,0,149,149,149,0,0,0.430714331,5.57794E-05,,,,,,,,,,,,
4.39,188,188,188,188,11.97307303,0.99563894,-0.005020142,0.00062561,0,1,0,2,0.035644531,0,0,0,0,,,,,3.516927481,0.324438334,-0.277542591,0,-0.324610934,0.2773407,0,0,188,0,0,188,188,188,0,0,0.615201091,5.57794E-05,,,,,,,,,,,,
4.4,157,157,157,157,12.11056442,0.995624736,-0.005096436,0.000640869,0,1,0,2,0.035644531,0,0,0,0,,,,,3.535423756,0.324438334,-0.277542591,0,-0.324610934,0.2773407,0,0,158,0,0,158,158,158,0,0,0.471229976,5.66271E-05,,,,,,,,,,,,
4.41,188,188,188,188,11.9723774,0.995614625,-0.005096436,0.000640869,0,1,0,2,0.035644531,0,0,0,0,,,,,3.535423756,0.324438334,-0.277542591,0,-0.324610934,0.2773407,0,0,188,0,0,188,188,188,0,0,0.614759179,5.66271E-05,,,,,,,,,,,,
4.42,188,188,188,188,11.97194832,0.995600421,-0.005096436,0.000640869,0,1,0,2,0.035644531,0,0,0,0,,,,,3.535423756,0.324438334,-0.277542591,0,-0.324610934,0.2773407,0,0,188,0,0,188,188,188,0,0,0.614942251,5.66271E-05,,,,,,,,,,,,
4.43,147,147,147,147,12.14615326,0.995586217,-0.005203247,0.000640869,0,1,0,2,0.035644531,0,0,0,0,,,,,3.559204578,0.324438334,-0.277542591,0,-0.324610934,0.2773407,0,0,149,0,0,149,149,149,0,0,0.429782049,5.78139E-05,,,,,,,,,,,,
4.44,188,188,188,188,11.97129823,0.995577196,-0.005203247,0.000640869,0,1,0,2,0.035644531,0,0,0,0,,,,,3.559204578,0.324438334,-0.277542591,0,-0.324610934,0.2773407,0,0,188,0,0,188,188,188,0,0,0.614263525,5.78139E-05,,,,,,,,,,,,
4.45,157,157,157,157,12.10879124,0.995562991,-0.005279541,0.000656128,0,1,0,2,0.035644531,0,0,0,0,,,,,3.577700853,0.324459493,-0.277427435,0,-0.324632022,0.27722553,0.002303386,0,158,0,0,158,158,158,0,0,0.470287126,5.86616E-05,,,,,,,,,,,,
4.46,188,188,188,188,11.97060584,0.99555288,-0.005279541,0.000656128,0,1,0,2,0.035644531,0,0,0,0,,,,,3.577700853,0.324459493,-0.277427435,0,-0.324632022,0.27722553,0,0,188,0,0,188,188,188,0,0,0.613811044,5.86616E-05,,,,,,,,,,,,
4.47,137,137,137,137,12.18307913,0.995538676,-0.005386353,0.000671387,0,1,0,2,0.035644531,0,0,0,0,,,,,3.606766224,0.324459493,-0.277427435,0,-0.324632022,0.27722553,0,0,139,0,0,139,139,139,0,0,0.387458783,5.98484E-05,,,,,,,,,,,,
4.48,188,188,188,188,11.97000353,0.99553079,-0.005386353,0.000671387,0,1,0,2,0.035644531,0,0,0,0,,,,,3.606766224,0.324459493,-0.277427435,0,-0.324632022,0.27722553,0,0,188,0,0,188,188,188,0,0,0.612889559,5.98484E-05,,,,,,,,,,,,
4.49,165,165,165,165,12.07305731,0.995516586,-0.005462646,0.000671387,0,1,0,2,0.035644531,0,0,0,0,,,,,3.619977951,0.324459493,-0.277427435,0,-0.324632022,0.27722553,0,0,166,0,0,166,166,166,0,0,0.510093989,6.06961E-05,,,,,,,,,,,,
4.5,188,188,188,188,11.96927269,0.995505453,-0.005462646,0.000671387,0,1,0,2,0.035644531,0,0,0,0,,,,,3.619977951,0.324459493,-0.277427435,0,-0.324632022,0.27722553,0,0,188,0,0,188,188,188,0,0,0.612657377,6.06961E-05,,,,,,,,,,,,
4.51,156,156,156,156,12.11095302,0.995491249,-0.00553894,0.000671387,0,1,0,2,0.035644531,0,0,0,0,,,,,3.638474226,0.324459493,-0.277427435,0,-0.324632022,0.27722553,0,0,157,0,0,157,157,157,0,0,0.468673381,6.15438E-05,,,,,,,,,,,,
4.52,187,187,187,187,11.97357164,0.995481262,-0.00553894,0.000671387,0,1,0,2,0.035644531,0,0,0,0,,,,,3.638474226,0.324459493,-0.277427435,0,-0.324632022,0.27722553,0,0,187,0,0,187,187,187,0,0,0.612189703,6.15438E-05,,,,,,,,,,,,
4.53,156,156,156,156,12.11027579,0.995467206,-0.005615234,0.000686646,0,1,0,2,0.035644531,0,0,0,0,,,,,3.656970501,0.324459493,-0.277427435,0,-0.324632022,0.27722553,0,0,157,0,0,157,157,157,0,0,0.468203395,6.23915E-05,,,,,,,,,,,,
4.54,187,187,187,187,11.97289504,0.995457219,-0.005615234,0.000686646,0,1,0,2,0.035644531,0,0,0,0,,,,,3.656970501,0.324459493,-0.277427435,0,-0.324632022,0.27722553,0,0,187,0,0,187,187,187,0,0,0.611717404,6.23915E-05,,,,,,,,,,,,
4.55,187,187,187,187,11.97247593,0.995443163,-0.005615234,0.000686646,0,1,0,2,0.035644531,0,0,0,0,,,,,3.656970501,0.324459493,-0.277427435,0,-0.324632022,0.27722553,0,0,187,0,0,187,187,187,0,0,0.611885283,6.23915E-05,,,,,,,,,,,,
4.56,156,156,156,156,12.10918108,0.995429106,-0.005691528,0.000686646,0,1,0,2,0.035644531,0,0,0,0,,,,,3.675466537,0.324459493,-0.277427435,0,-0.324632022,0.27722553,0,0,157,0,0,157,157,157,0,0,0.467898521,6.32392E-05,,,,,,,,,,,,
4.57,187,187,187,187,11.97180132,0.99541912,-0.005691528,0.000686646,0,1,0,2,0.035644531,0,0,0,0,,,,,3.675466537,0.324459493,-0.277427435,0,-0.324632022,0.27722553,0,0,187,0,0,187,187,187,0,0,0.61140837,6.32392E-05,,,,,,,,,,,,
4.58,156,156,156,156,12.10850709,0.995405063,-0.005767822,0.000701904,0,1,0,2,0.035644531,0,0,0,0,,,,,3.693962812,0.324459493,-0.277427435,0,-0.324632022,0.27722553,0,0,157,0,0,157,157,157,0,0,0.467417438,6.40869E-05,,,,,,,,,,,,
4.59,187,187,187,187,11.97112794,0.995395077,-0.005767822,0.000701904,0,1,0,2,0.035644531,0,0,0,0,,,,,3.693962812,0.324459493,-0.277427435,0,-0.324632022,0.27722553,0,0,187,0,0,187,187,187,0,0,0.610926824,6.40869E-05,,,,,,,,,,,,
4.6,136,136,136,136,12.18230906,0.99538102,-0.005874634,0.000717163,0,1,0,2,0.035644531,0,0,0,0,,,,,3.723028421,0.324459493,-0.277427435,0,-0.324632022,0.27722553,0,0,138,0,0,138,138,138,0,0,0.384558172,6.52737E-05,,,,,,,,,,,,
4.61,187,187,187,187,11.97054402,0.995373244,-0.005874634,0.000717163,0,1,0,2,0.035644531,0,0,0,0,,,,,3.723028421,0.324459493,-0.277427435,0,-0.324632022,0.27722553,0,0,187,0,0,187,187,187,0,0,0.609976263,6.52737E-05,,,,,,,,,,,,
4.62,165,165,165,165,12.06862505,0.995359187,-0.005950928,0.000717163,0,1,0,2,0.035644531,0,0,0,0,,,,,3.73623991,0.324459493,-0.277427435,0,-0.324632022,0.27722553,0,0,166,0,0,166,166,166,0,0,0.507168018,6.61214E-05,,,,,,,,,,,,
4.63,187,187,187,187,11.96982717,0.995348054,-0.005950928,0.000717163,0,1,0,2,0.035644531,0,0,0,0,,,,,3.73623991,0.324459493,-0.277427435,0,-0.324632022,0.27722553,0,0,187,0,0,187,187,187,0,0,0.609715026,6.61214E-05,,,,,,,,,,,,
4.64,156,156,156,156,12.10653473,0.995333998,-0.006027222,0.000717163,0,1,0,2,0.035644531,0,0,0,0,,,,,3.754736185,0.324459493,-0.277427435,0,-0.324632022,0.27722553,0,0,157,0,0,157,157,157,0,0,0.465716497,6.69691E-05,,,,,,,,,,,,
4.65,187,187,187,187,11.96915738,0.995324011,-0.006027222,0.000717163,0,1,0,2,0.035644531,0,0,0,0,,,,,3.754736185,0.324459493,-0.277427435,0,-0.324632022,0.27722553,0,0,187,0,0,187,187,187,0,0,0.609218286,6.69691E-05,,,,,,,,,,,,
4.66,150,150,150,150,12.12639427,0.995309955,-0.006103516,0.000732422,0,1,0,2,0.035644531,0,0,0,0,,,,,3.775874853,0.324486017,-0.277269602,0,-0.324658448,0.277067681,0.003156991,0,152,0,0,152,152,152,0,0,0.444623129,6.78168E-05,,,,,,,,,,,,
4.67,187,187,187,187,11.96851313,0.995300577,-0.006103516,0.000732422,0,1,0,2,0.035644531,0,0,0,0,,,,,3.775874853,0.324486017,-0.277269602,0,-0.324658448,0.277067681,0,0,187,0,0,187,187,187,0,0,0.608600822,6.78168E-05,,,,,,,,,,,,
4.68,187,187,187,187,11.96809801,0.995286521,-0.006103516,0.000732422,0,1,0,2,0.035644531,0,0,0,0,,,,,3.775874853,0.324486017,-0.277269602,0,-0.324658448,0.277067681,0,0,187,0,0,187,187,187,0,0,0.608753837,6.78168E-05,,,,,,,,,,,,
4.69,140,140,140,140,12.16440022,0.995272465,-0.006225586,0.000747681,0,1,0,2,0.035644531,0,0,0,0,,,,,3.802298069,0.324486017,-0.277269602,0,-0.324658448,0.277067681,0,0,142,0,0,142,142,142,0,0,0.402969263,6.91732E-05,,,,,,,,,,,,
4.7,188,188,188,188,11.96750197,0.995264246,-0.006225586,0.000747681,0,1,0,2,0.035644531,0,0,0,0,,,,,3.802298069,0.324486017,-0.277269602,0,-0.324658448,0.277067681,0,0,187,0,0,187,187,187,0,0,0.607898899,6.91732E-05,,,,,,,,,,,,
4.71,155,155,155,155,12.10837054,0.99525019,-0.00630188,0.000747681,0,1,0,2,0.035644531,0,0,0,0,,,,,3.820794106,0.324486017,-0.277269602,0,-0.324658448,0.277067681,0,0,156,0,0,156,156,156,0,0,0.463893971,7.00209E-05,,,,,,,,,,,,
4.72,186,186,186,186,11.97179746,0.995240327,-0.00630188,0.000747681,0,1,0,2,0.035644531,0,0,0,0,,,,,3.820794106,0.324486017,-0.277269602,0,-0.324658448,0.277067681,0,0,186,0,0,186,186,186,0,0,0.607385654,7.00209E-05,,,,,,,,,,,,
4.73,135,135,135,135,12.1816862,0.995226418,-0.006408691,0.000762939,0,1,0,2,0.035644531,0,0,0,0,,,,,3.849859715,0.324486017,-0.277269602,0,-0.324658448,0.277067681,0,0,137,0,0,137,137,137,0,0,0.381001149,7.12077E-05,,,,,,,,,,,,
4.74,186,186,186,186,11.97123153,0.995218749,-0.006408691,0.000762939,0,1,0,2,0.035644531,0,0,0,0,,,,,3.849859715,0.324486017,-0.277269602,0,-0.324658448,0.277067681,0,0,186,0,0,186,186,186,0,0,0.606403386,7.12077E-05,,,,,,,,,,,,
4.75,155,155,155,155,12.10715096,0.99520484,-0.006484985,0.000762939,0,1,0,2,0.035644531,0,0,0,0,,,,,3.868355989,0.324486017,-0.277269602,0,-0.324658448,0.277067681,0,0,156,0,0,156,156,156,0,0,0.462390654,7.20554E-05,,,,,,,,,,,,
4.76,186,186,186,186,11.97057898,0.995194977,-0.006484985,0.000762939,0,1,0,2,0.035644531,0,0,0,0,,,,,3.868355989,0.324486017,-0.277269602,0,-0.324658448,0.277067681,0,0,186,0,0,186,186,186,0,0,0.605878241,7.20554E-05,,,,,,,,,,,,
4.77,144,144,144,144,12.14662634,0.995181068,-0.006561279,0.000778198,0,1,0,2,0.035644531,0,0,0,0,,,,,3.892136812,0.324486017,-0.277269602,0,-0.324658448,0.277067681,0,0,146,0,0,146,146,146,0,0,0.420676423,7.29031E-05,,,,,,,,,,,,
4.78,168,168,168,168,12.0501634,0.995172395,-0.006607056,0.000778198,0,1,0,2,0.035644531,0,0,0,0,,,,,3.902706146,0.324486017,-0.277269602,0,-0.324658448,0.277067681,0,0,169,0,0,169,169,169,0,0,0.522740874,7.34117E-05,,,,,,,,,,,,
4.79,186,186,186,186,11.96966409,0.995160866,-0.006607056,0.000778198,0,1,0,2,0.035644531,0,0,0,0,,,,,3.902706146,0.324486017,-0.277269602,0,-0.324658448,0.277067681,0,0,186,0,0,186,186,186,0,0,0.604790375,7.34117E-05,,,,,,,,,,,,
4.8,155,155,155,155,12.10558494,0.995146956,-0.00668335,0.000778198,0,1,0,2,0.035644531,0,0,0,0,,,,,3.921202421,0.324486017,-0.277269602,0,-0.324658448,0.277067681,0,0,156,0,0,156,156,156,0,0,0.460771037,7.42594E-05,,,,,,,,,,,,
4.81,186,186,186,186,11.96901439,0.995137093,-0.00668335,0.000778198,0,1,0,2,0.035644531,0,0,0,0,,,,,3.921202421,0.324486017,-0.277269602,0,-0.324658448,0.277067681,0,0,186,0,0,186,186,186,0,0,0.604252018,7.42594E-05,,,,,,,,,,,,
4.82,155,155,155,155,12.10493583,0.995123184,-0.006759644,0.000793457,0,1,0,2,0.035644531,0,0,0,0,,,,,3.939698696,0.324486017,-0.277269602,0,-0.324658448,0.277067681,0,0,156,0,0,156,156,156,0,0,0.460230369,7.51072E-05,,,,,,,,,,,,
4.83,186,186,186,186,11.96836586,0.995113321,-0.006759644,0.000793457,0,1,0,2,0.035644531,0,0,0,0,,,,,3.939698696,0.324486017,-0.277269602,0,-0.324658448,0.277067681,0,0,186,0,0,186,186,186,0,0,0.603709037,7.51072E-05,,,,,,,,,,,,
4.84,129,129,129,129,12.19962353,0.995099411,-0.006866455,0.000808716,0,1,0,2,0.035644531,0,0,0,0,,,,,3.97140646,0.324517369,-0.277068853,0,-0.324689675,0.276866913,0.004015358,0,131,0,0,131,131,131,0,0,0.35671721,7.62939E-05,,,,,,,,,,,,
4.85,186,186,186,186,11.96783147,0.995092377,-0.006866455,0.000808716,0,1,0,2,0.035644531,0,0,0,0,,,,,3.97140646,0.324517369,-0.277068853,0,-0.324689675,0.276866913,0,0,186,0,0,186,186,186,0,0,0.602580953,7.62939E-05,,,,,,,,,,,,
4.86,154,154,154,154,12.1078863,0.995078468,-0.006942749,0.000808716,0,1,0,2,0.035644531,0,0,0,0,,,,,3.989902735,0.324517369,-0.277068853,0,-0.324689675,0.276866913,0,0,155,0,0,155,155,155,0,0,0.458553028,7.71417E-05,,,,,,,,,,,,
4.87,185,185,185,185,11.97211953,0.995068727,-0.006942749,0.000808716,0,1,0,2,0.035644531,0,0,0,0,,,,,3.989902735,0.324517369,-0.277068853,0,-0.324689675,0.276866913,0,0,185,0,0,185,185,185,0,0,0.602025421,7.71417E-05,,,,,,,,,,,,
4.88,185,185,185,185,11.97172182,0.995054964,-0.006942749,0.000808716,0,1,0,2,0.035644531,0,0,0,0,,,,,3.989902735,0.324517369,-0.277068853,0,-0.324689675,0.276866913,0,0,185,0,0,185,185,185,0,0,0.602151683,7.71417E-05,,,,,,,,,,,,
4.89,123,123,123,123,12.21846634,0.995041201,-0.007064819,0.000823975,0,1,0,2,0.035644531,0,0,0,0,,,,,4.024252892,0.324517369,-0.277068853,0,-0.324689675,0.276866913,0,0,125,0,0,125,125,125,0,0,0.334559264,7.8498E-05,,,,,,,,,,,,
4.9,185,185,185,185,11.97122029,0.995034773,-0.007064819,0.000823975,0,1,0,2,0.035644531,0,0,0,0,,,,,4.024252892,0.324517369,-0.277068853,0,-0.324689675,0.276866913,0,0,185,0,0,185,185,185,0,0,0.600894947,7.8498E-05,,,,,,,,,,,,
4.91,154,154,154,154,12.10635281,0.99502101,-0.007141113,0.000823975,0,1,0,2,0.035644531,0,0,0,0,,,,,4.042748928,0.324517369,-0.277068853,0,-0.324689675,0.276866913,0,0,155,0,0,155,155,155,0,0,0.456862275,7.93457E-05,,,,,,,,,,,,
4.92,185,185,185,185,11.97058743,0.995011269,-0.007141113,0.000823975,0,1,0,2,0.035644531,0,0,0,0,,,,,4.042748928,0.324517369,-0.277068853,0,-0.324689675,0.276866913,0,0,185,0,0,185,185,185,0,0,0.600326215,7.93457E-05,,,,,,,,,,,,
4.93,154,154,154,154,12.10572052,0.994997506,-0.007217407,0.000839233,0,1,0,2,0.035644531,0,0,0,0,,,,,4.061245441,0.324517369,-0.277068853,0,-0.324689675,0.276866913,0,0,155,0,0,155,155,155,0,0,0.456287514,8.01934E-05,,,,,,,,,,,,
4.94,167,167,167,167,12.04969218,0.994987766,-0.007263184,0.000839233,0,1,0,2,0.035644531,0,0,0,0,,,,,4.071814537,0.324517369,-0.277068853,0,-0.324689675,0.276866913,0,0,168,0,0,168,168,168,0,0,0.517379287,8.0702E-05,,,,,,,,,,,,
4.95,172,172,172,172,12.03132031,0.994976369,-0.007293701,0.000839233,0,1,0,2,0.035644531,0,0,0,0,,,,,4.079741478,0.324517369,-0.277068853,0,-0.324689675,0.276866913,0,0,172,0,0,172,172,172,0,0,0.53762471,8.10411E-05,,,,,,,,,,,,
4.96,185,185,185,185,11.96933201,0.994964436,-0.007293701,0.000839233,0,1,0,2,0.035644531,0,0,0,0,,,,,4.079741478,0.324517369,-0.277068853,0,-0.324689675,0.276866913,0,0,185,0,0,185,185,185,0,0,0.599173535,8.10411E-05,,,,,,,,,,,,
4.97,153,153,153,153,12.10857198,0.994950673,-0.007369995,0.000854492,0,1,0,2,0.035644531,0,0,0,0,,,,,4.098237991,0.324517369,-0.277068853,0,-0.324689675,0.276866913,0,0,154,0,0,154,154,154,0,0,0.45513021,8.18888E-05,,,,,,,,,,,,
4.98,158,158,158,158,12.08754813,0.994941055,-0.007415771,0.000854492,0,1,0,2,0.035644531,0,0,0,0,,,,,4.114091873,0.324517369,-0.277068853,0,-0.324689675,0.276866913,0,0,159,0,0,159,159,159,0,0,0.475028726,8.23975E-05,,,,,,,,,,,,
4.99,172,172,172,172,12.0301195,0.994930819,-0.007446289,0.000854492,0,1,0,2,0.035644531,0,0,0,0,,,,,4.122018814,0.324517369,-0.277068853,0,-0.324689675,0.276866913,0,0,172,0,0,172,172,172,0,0,0.536225958,8.27365E-05,,,,,,,,,,,,
5,167,167,167,167,12.04786875,0.994918886,-0.007492065,0.000854492,0,1,0,2,0.035644531,0,0,0,0,,,,,4.13258791,0.324517369,-0.277068853,0,-0.324689675,0.276866913,0,0,168,0,0,168,168,168,0,0,0.515395948,8.32452E-05,,,,,,,,,,,,
5.01,172,172,172,172,12.02949853,0.994907489,-0.007537842,0.000869751,0,1,0,2,0.035644531,0,0,0,0,,,,,4.140514851,0.324517369,-0.277068853,0,-0.324689675,0.276866913,0,0,172,0,0,172,172,172,0,0,0.535633775,8.37538E-05,,,,,,,,,,,,
5.02,153,153,153,153,12.10714704,0.994895556,-0.007614136,0.000869751,0,1,0,2,0.035644531,0,0,0,0,,,,,4.159010887,0.324517369,-0.277068853,0,-0.324689675,0.276866913,0,0,154,0,0,154,154,154,0,0,0.453020362,8.46015E-05,,,,,,,,,,,,
5.03,184,184,184,184,11.97218675,0.994885937,-0.007614136,0.000869751,0,1,0,2,0.035644531,0,0,0,0,,,,,4.159010887,0.324517369,-0.277068853,0,-0.324689675,0.276866913,0,0,184,0,0,184,184,184,0,0,0.596469768,8.46015E-05,,,,,,,,,,,,
5.04,153,153,153,153,12.10653141,0.99487232,-0.00769043,0.000869751,0,1,0,2,0.035644531,0,0,0,0,,,,,4.177507401,0.32455194,-0.276834965,0,-0.3247241,0.276633003,0.004678202,0,154,0,0,154,154,154,0,0,0.452416535,8.54492E-05,,,,,,,,,,,,
5.05,184,184,184,184,11.97157168,0.994862701,-0.00769043,0.000869751,0,1,0,2,0.035644531,0,0,0,0,,,,,4.177507401,0.32455194,-0.276834965,0,-0.3247241,0.276633003,0,0,184,0,0,184,184,184,0,0,0.595867325,8.54492E-05,,,,,,,,,,,,
5.06,132,132,132,132,12.18245115,0.994849084,-0.007797241,0.00088501,0,1,0,2,0.035644531,0,0,0,0,,,,,4.206573009,0.32455194,-0.276834965,0,-0.3247241,0.276633003,0,0,134,0,0,134,134,134,0,0,0.36943823,8.6636E-05,,,,,,,,,,,,
5.07,184,184,184,184,11.97104839,0.994841736,-0.007797241,0.00088501,0,1,0,2,0.035644531,0,0,0,0,,,,,4.206573009,0.32455194,-0.276834965,0,-0.3247241,0.276633003,0,0,184,0,0,184,184,184,0,0,0.594795878,8.6636E-05,,,,,,,,,,,,
5.08,184,184,184,184,11.9706619,0.994828119,-0.007797241,0.00088501,0,1,0,2,0.035644531,0,0,0,0,,,,,4.206573009,0.32455194,-0.276834965,0,-0.3247241,0.276633003,0,0,184,0,0,184,184,184,0,0,0.594895056,8.6636E-05,,,,,,,,,,,,
5.09,152,152,152,152,12.1090871,0.994814501,-0.007873535,0.000900269,0,1,0,2,0.035644531,0,0,0,0,,,,,4.225069046,0.32455194,-0.276834965,0,-0.3247241,0.276633003,0,0,153,0,0,153,153,153,0,0,0.450839594,8.74837E-05,,,,,,,,,,,,
5.1,184,184,184,184,11.97005441,0.994805003,-0.007873535,0.000900269,0,1,0,2,0.035644531,0,0,0,0,,,,,4.225069046,0.32455194,-0.276834965,0,-0.3247241,0.276633003,0,0,184,0,0,184,184,184,0,0,0.594280744,8.74837E-05,,,,,,,,,,,,
5.11,121,121,121,121,12.21849816,0.994791386,-0.007995605,0.000900269,0,1,0,2,0.035644531,0,0,0,0,,,,,4.259419441,0.32455194,-0.276834965,0,-0.3247241,0.276633003,0,0,123,0,0,123,123,123,0,0,0.32665707,8.88401E-05,,,,,,,,,,,,
5.12,184,184,184,184,11.96957837,0.994785153,-0.007995605,0.000900269,0,1,0,2,0.035644531,0,0,0,0,,,,,4.259419441,0.32455194,-0.276834965,0,-0.3247241,0.276633003,0,0,184,0,0,184,184,184,0,0,0.592965206,8.88401E-05,,,,,,,,,,,,
5.13,184,184,184,184,11.9691932,0.994771536,-0.007995605,0.000900269,0,1,0,2,0.035644531,0,0,0,0,,,,,4.259419441,0.32455194,-0.276834965,0,-0.3247241,0.276633003,0,0,184,0,0,184,184,184,0,0,0.593057778,8.88401E-05,,,,,,,,,,,,
5.14,152,152,152,152,12.10761973,0.994757918,-0.008071899,0.000915527,0,1,0,2,0.035644531,0,0,0,0,,,,,4.277915478,0.32455194,-0.276834965,0,-0.3247241,0.276633003,0,0,153,0,0,153,153,153,0,0,0.44899571,8.96878E-05,,,,,,,,,,,,
5.15,184,184,184,184,11.96858837,0.994748421,-0.008071899,0.000915527,0,1,0,2,0.035644531,0,0,0,0,,,,,4.277915478,0.32455194,-0.276834965,0,-0.3247241,0.276633003,0,0,184,0,0,184,184,184,0,0,0.592430254,8.96878E-05,,,,,,,,,,,,
5.16,152,152,152,152,12.10701545,0.994734803,-0.008148193,0.000915527,0,1,0,2,0.035644531,0,0,0,0,,,,,4.296411514,0.32455194,-0.276834965,0,-0.3247241,0.276633003,0,0,153,0,0,153,153,153,0,0,0.448365874,9.05355E-05,,,,,,,,,,,,
5.17,183,183,183,183,11.97286104,0.994725305,-0.008148193,0.000915527,0,1,0,2,0.035644531,0,0,0,0,,,,,4.296411514,0.32455194,-0.276834965,0,-0.3247241,0.276633003,0,0,183,0,0,183,183,183,0,0,0.591798105,9.05355E-05,,,,,,,,,,,,
5.18,136,136,136,136,12.16441665,0.994711833,-0.008270264,0.000930786,0,1,0,2,0.035644531,0,0,0,0,,,,,4.322834969,0.32455194,-0.276834965,0,-0.3247241,0.276633003,0,0,138,0,0,138,138,138,0,0,0.385946606,9.18918E-05,,,,,,,,,,,,
5.19,183,183,183,183,11.97233288,0.994704056,-0.008270264,0.000930786,0,1,0,2,0.035644531,0,0,0,0,,,,,4.322834969,0.32455194,-0.276834965,0,-0.3247241,0.276633003,0,0,183,0,0,183,183,183,0,0,0.590813022,9.18918E-05,,,,,,,,,,,,
5.2,146,146,146,146,12.12588758,0.994690583,-0.008346558,0.000946045,0,1,0,2,0.035644531,0,0,0,0,,,,,4.343973637,0.32455194,-0.276834965,0,-0.3247241,0.276633003,0,0,148,0,0,148,148,148,0,0,0.426146852,9.27395E-05,,,,,,,,,,,,
5.21,160,160,160,160,12.07231815,0.994681679,-0.008392334,0.000946045,0,1,0,2,0.035644531,0,0,0,0,,,,,4.357184887,0.32455194,-0.276834965,0,-0.3247241,0.276633003,0,0,161,0,0,161,161,161,0,0,0.487087525,9.32482E-05,,,,,,,,,,,,
5.22,170,170,170,170,12.03247777,0.994671191,-0.00843811,0.000946045,0,1,0,2,0.035644531,0,0,0,0,,,,,4.365111828,0.324591428,-0.276554823,0,-0.324763414,0.276352836,0.005603327,0,170,0,0,170,170,170,0,0,0.527773976,9.37568E-05,,,,,,,,,,,,
5.23,165,165,165,165,12.05003128,0.994659527,-0.008468628,0.000946045,0,1,0,2,0.035644531,0,0,0,0,,,,,4.3756814,0.324591428,-0.276554823,0,-0.324763414,0.276352836,0,0,166,0,0,166,166,166,0,0,0.506909863,9.40959E-05,,,,,,,,,,,,
5.24,165,165,165,165,12.04974822,0.994648394,-0.008514404,0.000961304,0,1,0,2,0.035644531,0,0,0,0,,,,,4.386250496,0.324591428,-0.276554823,0,-0.324763414,0.276352836,0,0,166,0,0,166,166,166,0,0,0.50652854,9.46045E-05,,,,,,,,,,,,
5.25,151,151,151,151,12.10862003,0.994637261,-0.008590698,0.000961304,0,1,0,2,0.035644531,0,0,0,0,,,,,4.404747009,0.324591428,-0.276554823,0,-0.324763414,0.276352836,0,0,152,0,0,152,152,152,0,0,0.444357392,9.54522E-05,,,,,,,,,,,,
5.26,183,183,183,183,11.97042002,0.994627884,-0.008590698,0.000961304,0,1,0,2,0.035644531,0,0,0,0,,,,,4.404747009,0.324591428,-0.276554823,0,-0.324763414,0.276352836,0,0,183,0,0,183,183,183,0,0,0.587779778,9.54522E-05,,,,,,,,,,,,
5.27,140,140,140,140,12.14709617,0.994614411,-0.008666992,0.000976563,0,1,0,2,0.035644531,0,0,0,0,,,,,4.428527832,0.324591428,-0.276554823,0,-0.324763414,0.276352836,0,0,142,0,0,142,142,142,0,0,0.402510911,9.62999E-05,,,,,,,,,,,,
5.28,182,182,182,182,11.97472845,0.994606193,-0.008666992,0.000976563,0,1,0,2,0.035644531,0,0,0,0,,,,,4.428527832,0.324591428,-0.276554823,0,-0.324763414,0.276352836,0,0,182,0,0,182,182,182,0,0,0.586883721,9.62999E-05,,,,,,,,,,,,
5.29,151,151,151,151,12.10749664,0.994592864,-0.008743286,0.000976563,0,1,0,2,0.035644531,0,0,0,0,,,,,4.447023869,0.324591428,-0.276554823,0,-0.324763414,0.276352836,0,0,152,0,0,152,152,152,0,0,0.442800514,9.71476E-05,,,,,,,,,,,,
5.3,182,182,182,182,11.97414748,0.994583486,-0.008743286,0.000976563,0,1,0,2,0.035644531,0,0,0,0,,,,,4.447023869,0.324591428,-0.276554823,0,-0.324763414,0.276352836,0,0,182,0,0,182,182,182,0,0,0.586213919,9.71476E-05,,,,,,,,,,,,
5.31,150,150,150,150,12.11094222,0.994570158,-0.008834839,0.000991821,0,1,0,2,0.035644531,0,0,0,0,,,,,4.465520382,0.324591428,-0.276554823,0,-0.324763414,0.276352836,0,0,151,0,0,151,151,151,0,0,0.442124684,9.81649E-05,,,,,,,,,,,,
5.32,182,182,182,182,11.97357233,0.9945609,-0.008834839,0.000991821,0,1,0,2,0.035644531,0,0,0,0,,,,,4.465520382,0.324591428,-0.276554823,0,-0.324763414,0.276352836,0,0,182,0,0,182,182,182,0,0,0.585539473,9.81649E-05,,,,,,,,,,,,
5.33,169,169,169,169,12.03383333,0.994547571,-0.008865356,0.000991821,0,1,0,2,0.035644531,0,0,0,0,,,,,4.473447323,0.324591428,-0.276554823,0,-0.324763414,0.276352836,0,0,169,0,0,169,169,169,0,0,0.523825192,9.8504E-05,,,,,,,,,,,,
5.34,164,164,164,164,12.05128871,0.994536041,-0.008911133,0.000991821,0,1,0,2,0.035644531,0,0,0,0,,,,,4.484016418,0.324591428,-0.276554823,0,-0.324763414,0.276352836,0,0,165,0,0,165,165,165,0,0,0.502951253,9.90126E-05,,,,,,,,,,,,
5.35,182,182,182,182,11.97263252,0.994525039,-0.008911133,0.000991821,0,1,0,2,0.035644531,0,0,0,0,,,,,4.484016418,0.324591428,-0.276554823,0,-0.324763414,0.276352836,0,0,182,0,0,182,182,182,0,0,0.584926242,9.90126E-05,,,,,,,,,,,,
5.36,129,129,129,129,12.18436843,0.99451171,-0.009033203,0.00100708,0,1,0,2,0.035644531,0,0,0,0,,,,,4.513082027,0.324591428,-0.276554823,0,-0.324763414,0.276352836,0,0,131,0,0,131,131,131,0,0,0.358458834,0.000100369,,,,,,,,,,,,
5.37,182,182,182,182,11.97214889,0.994504676,-0.009033203,0.00100708,0,1,0,2,0.035644531,0,0,0,0,,,,,4.513082027,0.324591428,-0.276554823,0,-0.324763414,0.276352836,0,0,182,0,0,182,182,182,0,0,0.583778168,0.000100369,,,,,,,,,,,,
5.38,150,150,150,150,12.10894543,0.994491347,-0.009109497,0.00100708,0,1,0,2,0.035644531,0,0,0,0,,,,,4.531578064,0.324591428,-0.276554823,0,-0.324763414,0.276352836,0,0,151,0,0,151,151,151,0,0,0.439684392,0.000101217,,,,,,,,,,,,
5.39,182,182,182,182,11.97157734,0.994482089,-0.009109497,0.00100708,0,1,0,2,0.035644531,0,0,0,0,,,,,4.531578064,0.324591428,-0.276554823,0,-0.324763414,0.276352836,0,0,182,0,0,182,182,182,0,0,0.583087228,0.000101217,,,,,,,,,,,,
5.4,159,159,159,159,12.07118353,0.99446876,-0.009185791,0.001022339,0,1,0,2,0.035644531,0,0,0,0,,,,,4.544789791,0.324591428,-0.276554823,0,-0.324763414,0.276352836,0,0,160,0,0,160,160,160,0,0,0.480176057,0.000102064,,,,,,,,,,,,
5.41,182,182,182,182,11.97096276,0.994458398,-0.009185791,0.001022339,0,1,0,2,0.035644531,0,0,0,0,,,,,4.544789791,0.324591428,-0.276554823,0,-0.324763414,0.276352836,0,0,182,0,0,182,182,182,0,0,0.582623843,0.000102064,,,,,,,,,,,,
5.42,150,150,150,150,12.10776037,0.99444507,-0.009262085,0.001022339,0,1,0,2,0.035644531,0,0,0,0,,,,,4.563285828,0.324636161,-0.276226044,0,-0.324807943,0.276024029,0.00657614,0,151,0,0,151,151,151,0,0,0.438526104,0.000102912,,,,,,,,,,,,
5.43,181,181,181,181,11.9752166,0.994435812,-0.009262085,0.001022339,0,1,0,2,0.035644531,0,0,0,0,,,,,4.563285828,0.324636161,-0.276226044,0,-0.324807943,0.276024029,0,0,181,0,0,181,181,181,0,0,0.581924976,0.000102912,,,,,,,,,,,,
5.44,159,159,159,159,12.07000632,0.994422626,-0.009338379,0.001037598,0,1,0,2,0.035644531,0,0,0,0,,,,,4.576497555,0.324636161,-0.276226044,0,-0.324807943,0.276024029,0,0,160,0,0,160,160,160,0,0,0.479009841,0.00010376,,,,,,,,,,,,
5.45,181,181,181,181,11.97460985,0.994412264,-0.009338379,0.001037598,0,1,0,2,0.035644531,0,0,0,0,,,,,4.576497555,0.324636161,-0.276226044,0,-0.324807943,0.276024029,0,0,181,0,0,181,181,181,0,0,0.581453664,0.00010376,,,,,,,,,,,,
5.46,154,154,154,154,12.09032746,0.994399079,-0.009414673,0.001037598,0,1,0,2,0.035644531,0,0,0,0,,,,,4.592351437,0.324636161,-0.276226044,0,-0.324807943,0.276024029,0,0,155,0,0,155,155,155,0,0,0.45794442,0.000104607,,,,,,,,,,,,
5.47,181,181,181,181,11.974029,0.994389338,-0.009414673,0.001037598,0,1,0,2,0.035644531,0,0,0,0,,,,,4.592351437,0.324636161,-0.276226044,0,-0.324807943,0.276024029,0,0,181,0,0,181,181,181,0,0,0.58086296,0.000104607,,,,,,,,,,,,
5.48,133,133,133,133,12.16681287,0.994376152,-0.009536743,0.001052856,0,1,0,2,0.035644531,0,0,0,0,,,,,4.618774891,0.324636161,-0.276226044,0,-0.324807943,0.276024029,0,0,135,0,0,135,135,135,0,0,0.374974468,0.000105964,,,,,,,,,,,,
5.49,181,181,181,181,11.9735405,0.994368699,-0.009536743,0.001052856,0,1,0,2,0.035644531,0,0,0,0,,,,,4.618774891,0.324636161,-0.276226044,0,-0.324807943,0.276024029,0,0,181,0,0,181,181,181,0,0,0.579803892,0.000105964,,,,,,,,,,,,
5.5,154,154,154,154,12.08925906,0.994355513,-0.009613037,0.001068115,0,1,0,2,0.035644531,0,0,0,0,,,,,4.634628773,0.324636161,-0.276226044,0,-0.324807943,0.276024029,0,0,155,0,0,155,155,155,0,0,0.456289362,0.000106812,,,,,,,,,,,,
5.51,181,181,181,181,11.97296156,0.994345772,-0.009613037,0.001068115,0,1,0,2,0.035644531,0,0,0,0,,,,,4.634628773,0.324636161,-0.276226044,0,-0.324807943,0.276024029,0,0,181,0,0,181,181,181,0,0,0.579202618,0.000106812,,,,,,,,,,,,
5.52,149,149,149,149,12.10894363,0.994332587,-0.009689331,0.001068115,0,1,0,2,0.035644531,0,0,0,0,,,,,4.653124809,0.324636161,-0.276226044,0,-0.324807943,0.276024029,0,0,150,0,0,150,150,150,0,0,0.435093649,0.000107659,,,,,,,,,,,,
5.53,181,181,181,181,11.97240768,0.994323447,-0.009689331,0.001068115,0,1,0,2,0.035644531,0,0,0,0,,,,,4.653124809,0.324636161,-0.276226044,0,-0.324807943,0.276024029,0,0,181,0,0,181,181,181,0,0,0.578481291,0.000107659,,,,,,,,,,,,
5.54,181,181,181,181,11.97205031,0.994310262,-0.009689331,0.001068115,0,1,0,2,0.035644531,0,0,0,0,,,,,4.653124809,0.324636161,-0.276226044,0,-0.324807943,0.276024029,0,0,181,0,0,181,181,181,0,0,0.578524651,0.000107659,,,,,,,,,,,,
5.55,138,138,138,138,12.14656606,0.994297076,-0.009811401,0.001083374,0,1,0,2,0.035644531,0,0,0,0,,,,,4.676905632,0.324636161,-0.276226044,0,-0.324807943,0.276024029,0,0,140,0,0,140,140,140,0,0,0.393224736,0.000109016,,,,,,,,,,,,
5.56,181,181,181,181,11.97154372,0.99428908,-0.009811401,0.001083374,0,1,0,2,0.035644531,0,0,0,0,,,,,4.676905632,0.324636161,-0.276226044,0,-0.324807943,0.276024029,0,0,181,0,0,181,181,181,0,0,0.5775665,0.000109016,,,,,,,,,,,,
5.57,148,148,148,148,12.11149993,0.994275894,-0.009887695,0.001083374,0,1,0,2,0.035644531,0,0,0,0,,,,,4.695402145,0.324636161,-0.276226044,0,-0.324807943,0.276024029,0,0,149,0,0,149,149,149,0,0,0.433448529,0.000109863,,,,,,,,,,,,
5.58,180,180,180,180,11.97579377,0.994266873,-0.009887695,0.001083374,0,1,0,2,0.035644531,0,0,0,0,,,,,4.695402145,0.324636161,-0.276226044,0,-0.324807943,0.276024029,0,0,180,0,0,180,180,180,0,0,0.576834583,0.000109863,,,,,,,,,,,,
5.59,148,148,148,148,12.11095947,0.99425383,-0.009963989,0.001098633,0,1,0,2,0.035644531,0,0,0,0,,,,,4.713898182,0.324636161,-0.276226044,0,-0.324807943,0.276024029,0,0,149,0,0,149,149,149,0,0,0.432718017,0.000110711,,,,,,,,,,,,
5.6,180,180,180,180,11.9752538,0.994244808,-0.009963989,0.001098633,0,1,0,2,0.035644531,0,0,0,0,,,,,4.713898182,0.324636161,-0.276226044,0,-0.324807943,0.276024029,0,0,180,0,0,180,180,180,0,0,0.576098062,0.000110711,,,,,,,,,,,,
5.61,157,157,157,157,12.07370746,0.994231765,-0.010040283,0.001098633,0,1,0,2,0.035644531,0,0,0,0,,,,,4.727109909,0.32468614,-0.275847673,0,-0.324857686,0.275645628,0.007568026,0,158,0,0,158,158,158,0,0,0.473164101,0.000111559,,,,,,,,,,,,
5.62,180,180,180,180,11.9746713,0.994221654,-0.010040283,0.001098633,0,1,0,2,0.035644531,0,0,0,0,,,,,4.727109909,0.32468614,-0.275847673,0,-0.324857686,0.275645628,0,0,180,0,0,180,180,180,0,0,0.575589098,0.000111559,,,,,,,,,,,,
5.63,127,127,127,127,12.18371483,0.994208611,-0.010162354,0.001113892,0,1,0,2,0.035644531,0,0,0,0,,,,,4.756175518,0.32468614,-0.275847673,0,-0.324857686,0.275645628,0,0,129,0,0,129,129,129,0,0,0.349091302,0.000112915,,,,,,,,,,,,
5.64,180,180,180,180,11.97422087,0.994201782,-0.010162354,0.001113892,0,1,0,2,0.035644531,0,0,0,0,,,,,4.756175518,0.32468614,-0.275847673,0,-0.324857686,0.275645628,0,0,180,0,0,180,180,180,0,0,0.57438025,0.000112915,,,,,,,,,,,,
5.65,157,157,157,157,12.07267546,0.994188738,-0.010238647,0.00112915,0,1,0,2,0.035644531,0,0,0,0,,,,,4.769386768,0.32468614,-0.275847673,0,-0.324857686,0.275645628,0,0,158,0,0,158,158,158,0,0,0.47144472,0.000113763,,,,,,,,,,,,
5.66,180,180,180,180,11.97364023,0.994178627,-0.010238647,0.00112915,0,1,0,2,0.035644531,0,0,0,0,,,,,4.769386768,0.32468614,-0.275847673,0,-0.324857686,0.275645628,0,0,180,0,0,180,180,180,0,0,0.573860737,0.000113763,,,,,,,,,,,,
5.67,180,180,180,180,11.97329174,0.994165584,-0.010238647,0.00112915,0,1,0,2,0.035644531,0,0,0,0,,,,,4.769386768,0.32468614,-0.275847673,0,-0.324857686,0.275645628,0,0,180,0,0,180,180,180,0,0,0.573889563,0.000113763,,,,,,,,,,,,
5.68,137,137,137,137,12.14672682,0.994152541,-0.010360718,0.00112915,0,1,0,2,0.035644531,0,0,0,0,,,,,4.793168068,0.32468614,-0.275847673,0,-0.324857686,0.275645628,0,0,139,0,0,139,139,139,0,0,0.3885714,0.000115119,,,,,,,,,,,,
5.69,180,180,180,180,11.9728016,0.994144655,-0.010360718,0.00112915,0,1,0,2,0.035644531,0,0,0,0,,,,,4.793168068,0.32468614,-0.275847673,0,-0.324857686,0.275645628,0,0,180,0,0,180,180,180,0,0,0.572902326,0.000115119,,,,,,,,,,,,
5.7,157,157,157,157,12.07125746,0.994131612,-0.010437012,0.001144409,0,1,0,2,0.035644531,0,0,0,0,,,,,4.806379318,0.32468614,-0.275847673,0,-0.324857686,0.275645628,0,0,158,0,0,158,158,158,0,0,0.469962172,0.000115967,,,,,,,,,,,,
5.71,161,161,161,161,12.05401949,0.994121501,-0.010467529,0.001144409,0,1,0,2,0.035644531,0,0,0,0,,,,,4.816948891,0.32468614,-0.275847673,0,-0.324857686,0.275645628,0,0,162,0,0,162,162,162,0,0,0.489996299,0.000116306,,,,,,,,,,,,
5.72,161,161,161,161,12.05376918,0.994110885,-0.010513306,0.001144409,0,1,0,2,0.035644531,0,0,0,0,,,,,4.827517986,0.32468614,-0.275847673,0,-0.324857686,0.275645628,0,0,162,0,0,162,162,162,0,0,0.489559817,0.000116815,,,,,,,,,,,,
5.73,179,179,179,179,11.97649321,0.994100269,-0.010513306,0.001144409,0,1,0,2,0.035644531,0,0,0,0,,,,,4.827517986,0.32468614,-0.275847673,0,-0.324857686,0.275645628,0,0,179,0,0,179,179,179,0,0,0.571491868,0.000116815,,,,,,,,,,,,
5.74,156,156,156,156,12.07437106,0.994087367,-0.0105896,0.001159668,0,1,0,2,0.035644531,0,0,0,0,,,,,4.840729713,0.32468614,-0.275847673,0,-0.324857686,0.275645628,0,0,157,0,0,157,157,157,0,0,0.468543704,0.000117662,,,,,,,,,,,,
5.75,179,179,179,179,11.97592765,0.994077381,-0.0105896,0.001159668,0,1,0,2,0.035644531,0,0,0,0,,,,,4.840729713,0.32468614,-0.275847673,0,-0.324857686,0.275645628,0,0,179,0,0,179,179,179,0,0,0.570954499,0.000117662,,,,,,,,,,,,
5.76,147,147,147,147,12.11027936,0.994064479,-0.01071167,0.001174927,0,1,0,2,0.035644531,0,0,0,0,,,,,4.85922575,0.32468614,-0.275847673,0,-0.324857686,0.275645628,0,0,148,0,0,148,148,148,0,0,0.426819767,0.000119019,,,,,,,,,,,,
5.77,179,179,179,179,11.97540632,0.994055575,-0.01071167,0.001174927,0,1,0,2,0.035644531,0,0,0,0,,,,,4.85922575,0.32468614,-0.275847673,0,-0.324857686,0.275645628,0,0,179,0,0,179,179,179,0,0,0.570181646,0.000119019,,,,,,,,,,,,
5.78,156,156,156,156,12.07328514,0.994042673,-0.010787964,0.001174927,0,1,0,2,0.035644531,0,0,0,0,,,,,4.872437477,0.3247419,-0.275413036,0,-0.324913176,0.275210956,0.008693433,0,157,0,0,157,157,157,0,0,0.467229519,0.000119866,,,,,,,,,,,,
5.79,179,179,179,179,11.97484271,0.994032686,-0.010787964,0.001174927,0,1,0,2,0.035644531,0,0,0,0,,,,,4.872437477,0.3247419,-0.275413036,0,-0.324913176,0.275210956,0,0,179,0,0,179,179,179,0,0,0.56963635,0.000119866,,,,,,,,,,,,
5.8,179,179,179,179,11.97450308,0.994019784,-0.010787964,0.001174927,0,1,0,2,0.035644531,0,0,0,0,,,,,4.872437477,0.3247419,-0.275413036,0,-0.324913176,0.275210956,0,0,179,0,0,179,179,179,0,0,0.569652295,0.000119866,,,,,,,,,,,,
5.81,136,136,136,136,12.14685745,0.994006883,-0.010894775,0.001190186,0,1,0,2,0.035644531,0,0,0,0,,,,,4.8962183,0.3247419,-0.275413036,0,-0.324913176,0.275210956,0,0,138,0,0,138,138,138,0,0,0.384324967,0.000121053,,,,,,,,,,,,
5.82,179,179,179,179,11.97402932,0.993999106,-0.010894775,0.001190186,0,1,0,2,0.035644531,0,0,0,0,,,,,4.8962183,0.3247419,-0.275413036,0,-0.324913176,0.275210956,0,0,179,0,0,179,179,179,0,0,0.568639316,0.000121053,,,,,,,,,,,,
5.83,151,151,151,151,12.0924381,0.993986204,-0.010971069,0.001205444,0,1,0,2,0.035644531,0,0,0,0,,,,,4.912072182,0.3247419,-0.275413036,0,-0.324913176,0.275210956,0,0,152,0,0,152,152,152,0,0,0.445090106,0.000121901,,,,,,,,,,,,
5.84,179,179,179,179,11.9734925,0.993976827,-0.010971069,0.001205444,0,1,0,2,0.035644531,0,0,0,0,,,,,4.912072182,0.3247419,-0.275413036,0,-0.324913176,0.275210956,0,0,179,0,0,179,179,179,0,0,0.567968681,0.000121901,,,,,,,,,,,,
5.85,146,146,146,146,12.11176612,0.993963925,-0.011047363,0.001205444,0,1,0,2,0.035644531,0,0,0,0,,,,,4.930568218,0.3247419,-0.275413036,0,-0.324913176,0.275210956,0,0,147,0,0,147,147,147,0,0,0.423825032,0.000122748,,,,,,,,,,,,
5.86,174,174,174,174,11.99643208,0.993955137,-0.01109314,0.001205444,0,1,0,2,0.035644531,0,0,0,0,,,,,4.93321085,0.3247419,-0.275413036,0,-0.324913176,0.275210956,0,0,174,0,0,174,174,174,0,0,0.546581819,0.000123257,,,,,,,,,,,,
5.87,178,178,178,178,11.97741353,0.993942931,-0.01109314,0.001205444,0,1,0,2,0.035644531,0,0,0,0,,,,,4.93321085,0.3247419,-0.275413036,0,-0.324913176,0.275210956,0,0,178,0,0,178,178,178,0,0,0.567070562,0.000123257,,,,,,,,,,,,
5.88,140,140,140,140,12.13014997,0.99393017,-0.011169434,0.001220703,0,1,1,2,0.035644531,0,0,0,0,,,,,4.954349518,0.3247419,-0.275413036,0,-0.324913176,0.275210956,0,0,142,0,0,142,142,142,0,0,0.402328095,0.000124105,,,,,,,,,,,,
5.89,178,178,178,178,11.97693104,0.993921952,-0.011169434,0.001220703,0,1,1,2,0.035644531,0,0,0,0,,,,,4.954349518,0.3247419,-0.275413036,0,-0.324913176,0.275210956,0,0,178,0,0,178,178,178,0,0,0.566158479,0.000124105,,,,,,,,,,,,
5.9,155,155,155,155,12.07423372,0.993909191,-0.011245728,0.001220703,0,1,1,2,0.035644531,0,0,0,0,,,,,4.967560768,0.3247419,-0.275413036,0,-0.324913176,0.275210956,0,0,156,0,0,156,156,156,0,0,0.463198178,0.000124953,,,,,,,,,,,,
5.91,178,178,178,178,11.97638373,0.993899328,-0.011245728,0.001220703,0,1,1,2,0.035644531,0,0,0,0,,,,,4.967560768,0.3247419,-0.275413036,0,-0.324913176,0.275210956,0,0,178,0,0,178,178,178,0,0,0.565589422,0.000124953,,,,,,,,,,,,
5.92,146,146,146,146,12.1099211,0.993886567,-0.011322021,0.001235962,0,1,1,2,0.035644531,0,0,0,0,,,,,4.986057281,0.3247419,-0.275413036,0,-0.324913176,0.275210956,0,0,147,0,0,147,147,147,0,0,0.42143512,0.0001258,,,,,,,,,,,,
5.93,178,178,178,178,11.97588034,0.993877779,-0.011322021,0.001235962,0,1,1,2,0.035644531,0,0,0,0,,,,,4.986057281,0.3247419,-0.275413036,0,-0.324913176,0.275210956,0,0,178,0,0,178,178,178,0,0,0.564784842,0.0001258,,,,,,,,,,,,
5.94,135,135,135,135,12.14715379,0.993865018,-0.011444092,0.001251221,0,1,1,2,0.035644531,0,0,0,0,,,,,5.009838104,0.3247419,-0.275413036,0,-0.324913176,0.275210956,0,0,137,0,0,137,137,137,0,0,0.379443311,0.000127157,,,,,,,,,,,,
5.95,178,178,178,178,11.97542254,0.99385735,-0.011444092,0.001251221,0,1,1,2,0.035644531,0,0,0,0,,,,,5.009838104,0.3247419,-0.275413036,0,-0.324913176,0.275210956,0,0,178,0,0,178,178,178,0,0,0.563743457,0.000127157,,,,,,,,,,,,
5.96,145,145,145,145,12.11285391,0.993844589,-0.011520386,0.001251221,0,1,1,2,0.035644531,0,0,0,0,,,,,5.028334141,0.3247419,-0.275413036,0,-0.324913176,0.275210956,0,0,146,0,0,146,146,146,0,0,0.419587587,0.000128004,,,,,,,,,,,,
5.97,178,178,178,178,11.97492547,0.993835916,-0.011520386,0.001251221,0,1,1,2,0.035644531,0,0,0,0,,,,,5.028334141,0.3247419,-0.275413036,0,-0.324913176,0.275210956,0,0,178,0,0,178,178,178,0,0,0.562928328,0.000128004,,,,,,,,,,,,
5.98,145,145,145,145,12.11235728,0.993823155,-0.01159668,0.001266479,0,1,1,2,0.035644531,0,0,0,0,,,,,5.046830654,0.324804246,-0.274915934,0,-0.324975213,0.274713815,0.009942829,0,146,0,0,146,146,146,0,0,0.418766429,0.000128852,,,,,,,,,,,,
5.99,177,177,177,177,11.97914624,0.993814483,-0.01159668,0.001266479,0,1,1,2,0.035644531,0,0,0,0,,,,,5.046830654,0.324804246,-0.274915934,0,-0.324975213,0.274713815,0,0,177,0,0,177,177,177,0,0,0.562108554,0.000128852,,,,,,,,,,,,
6,154,154,154,154,12.07587211,0.993801862,-0.011672974,0.001266479,0,1,0,2,0.035644531,0,0,0,0,,,,,5.060041904,0.324804246,-0.274915934,0,-0.324975213,0.274713815,0,0,155,0,0,155,155,155,0,0,0.459136693,0.0001297,,,,,,,,,,,,
6.01,177,177,177,177,11.97861387,0.993792121,-0.011672974,0.001266479,0,1,0,2,0.035644531,0,0,0,0,,,,,5.060041904,0.324804246,-0.274915934,0,-0.324975213,0.274713815,0,0,177,0,0,177,177,177,0,0,0.561516377,0.0001297,,,,,,,,,,,,
6.02,139,139,139,139,12.13040237,0.9937795,-0.011749268,0.001281738,0,1,0,2,0.035644531,0,0,0,0,,,,,5.081180573,0.324804246,-0.274915934,0,-0.324975213,0.274713815,0,0,141,0,0,141,141,141,0,0,0.396758057,0.000130547,,,,,,,,,,,,
6.03,163,163,163,163,12.03704984,0.993771394,-0.011795044,0.001281738,0,1,0,2,0.035644531,0,0,0,0,,,,,5.089107513,0.324804246,-0.274915934,0,-0.324975213,0.274713815,0,0,164,0,0,164,164,164,0,0,0.498791495,0.000131056,,,,,,,,,,,,
6.04,158,158,158,158,12.05825552,0.993760521,-0.01184082,0.001296997,0,1,0,2,0.035644531,0,0,0,0,,,,,5.099677086,0.324804246,-0.274915934,0,-0.324975213,0.274713815,0,0,159,0,0,159,159,159,0,0,0.477836883,0.000131565,,,,,,,,,,,,
6.05,177,177,177,177,11.97766706,0.993750285,-0.01184082,0.001296997,0,1,0,2,0.035644531,0,0,0,0,,,,,5.099677086,0.324804246,-0.274915934,0,-0.324975213,0.274713815,0,0,177,0,0,177,177,177,0,0,0.55973861,0.000131565,,,,,,,,,,,,
6.06,154,154,154,154,12.07439425,0.993737664,-0.011917114,0.001296997,0,1,0,2,0.035644531,0,0,0,0,,,,,5.112888336,0.324804246,-0.274915934,0,-0.324975213,0.274713815,0,0,155,0,0,155,155,155,0,0,0.456760143,0.000132412,,,,,,,,,,,,
6.07,177,177,177,177,11.97713733,0.993727923,-0.011917114,0.001296997,0,1,0,2,0.035644531,0,0,0,0,,,,,5.112888336,0.324804246,-0.274915934,0,-0.324975213,0.274713815,0,0,177,0,0,177,177,177,0,0,0.559133221,0.000132412,,,,,,,,,,,,
6.08,133,133,133,133,12.15093073,0.993715302,-0.012023926,0.001312256,0,1,0,2,0.035644531,0,0,0,0,,,,,5.136669159,0.324804246,-0.274915934,0,-0.324975213,0.274713815,0,0,135,0,0,135,135,135,0,0,0.373775837,0.000133599,,,,,,,,,,,,
6.09,177,177,177,177,11.97669985,0.993707848,-0.012023926,0.001312256,0,1,0,2,0.035644531,0,0,0,0,,,,,5.136669159,0.324804246,-0.274915934,0,-0.324975213,0.274713815,0,0,177,0,0,177,177,177,0,0,0.558060129,0.000133599,,,,,,,,,,,,
6.1,144,144,144,144,12.11328949,0.993695227,-0.01210022,0.001312256,0,1,0,2,0.035644531,0,0,0,0,,,,,5.155165672,0.324804246,-0.274915934,0,-0.324975213,0.274713815,0,0,145,0,0,145,145,145,0,0,0.413884689,0.000134447,,,,,,,,,,,,
6.11,176,176,176,176,11.98090945,0.99368667,-0.01210022,0.001312256,0,1,0,2,0.035644531,0,0,0,0,,,,,5.155165672,0.324804246,-0.274915934,0,-0.324975213,0.274713815,0,0,176,0,0,176,176,176,0,0,0.557213272,0.000134447,,,,,,,,,,,,
6.12,153,153,153,153,12.07705884,0.993674188,-0.012176514,0.001327515,0,1,0,2,0.035644531,0,0,0,0,,,,,5.168377399,0.324804246,-0.274915934,0,-0.324975213,0.274713815,0,0,154,0,0,154,154,154,0,0,0.454224152,0.000135295,,,,,,,,,,,,
6.13,176,176,176,176,11.98039271,0.993664569,-0.012176514,0.001327515,0,1,0,2,0.035644531,0,0,0,0,,,,,5.168377399,0.324804246,-0.274915934,0,-0.324975213,0.274713815,0,0,176,0,0,176,176,176,0,0,0.55659399,0.000135295,,,,,,,,,,,,
6.14,144,144,144,144,12.11229841,0.993652087,-0.012252808,0.001342773,0,1,0,2,0.035644531,0,0,0,0,,,,,5.186873436,0.324804246,-0.274915934,0,-0.324975213,0.274713815,0,0,145,0,0,145,145,145,0,0,0.412418302,0.000136142,,,,,,,,,,,,
6.15,176,176,176,176,11.97991925,0.993643529,-0.012252808,0.001342773,0,1,0,2,0.035644531,0,0,0,0,,,,,5.186873436,0.324804246,-0.274915934,0,-0.324975213,0.274713815,0,0,176,0,0,176,176,176,0,0,0.555739226,0.000136142,,,,,,,,,,,,
6.16,148,148,148,148,12.09619964,0.993631048,-0.01234436,0.001342773,0,1,0,2,0.035644531,0,0,0,0,,,,,5.202727318,0.324873477,-0.274353504,0,-0.325044094,0.274151343,0.011249448,0,149,0,0,149,149,149,0,0,0.432153684,0.00013716,,,,,,,,,,,,
6.17,176,176,176,176,11.97942813,0.993622026,-0.01234436,0.001342773,0,1,0,2,0.035644531,0,0,0,0,,,,,5.202727318,0.324873477,-0.274353504,0,-0.325044094,0.274151343,0,0,176,0,0,176,176,176,0,0,0.554995928,0.00013716,,,,,,,,,,,,
6.18,143,143,143,143,12.11517469,0.993609544,-0.012420654,0.001358032,0,1,0,2,0.035644531,0,0,0,0,,,,,5.221223831,0.324873477,-0.274353504,0,-0.325044094,0.274151343,0,0,144,0,0,144,144,144,0,0,0.41081223,0.000138007,,,,,,,,,,,,
6.19,176,176,176,176,11.97896094,0.993601101,-0.012420654,0.001358032,0,1,0,2,0.035644531,0,0,0,0,,,,,5.221223831,0.324873477,-0.274353504,0,-0.325044094,0.274151343,0,0,176,0,0,176,176,176,0,0,0.554132555,0.000138007,,,,,,,,,,,,
6.2,121,121,121,121,12.18920923,0.993588619,-0.012542725,0.001358032,0,1,0,2,0.035644531,0,0,0,0,,,,,5.250288963,0.324873477,-0.274353504,0,-0.325044094,0.274151343,0,0,123,0,0,123,123,123,0,0,0.327576712,0.000139364,,,,,,,,,,,,
6.21,175,175,175,175,11.98324665,0.993582386,-0.012542725,0.001358032,0,1,0,2,0.035644531,0,0,0,0,,,,,5.250288963,0.324873477,-0.274353504,0,-0.325044094,0.274151343,0,0,175,0,0,175,175,175,0,0,0.5528002,0.000139364,,,,,,,,,,,,
6.22,152,152,152,152,12.078819,0.993570043,-0.012619019,0.001373291,0,1,0,2,0.035644531,0,0,0,0,,,,,5.26350069,0.324873477,-0.274353504,0,-0.325044094,0.274151343,0,0,153,0,0,153,153,153,0,0,0.44979919,0.000140211,,,,,,,,,,,,
6.23,175,175,175,175,11.98274439,0.993560545,-0.012619019,0.001373291,0,1,0,2,0.035644531,0,0,0,0,,,,,5.26350069,0.324873477,-0.274353504,0,-0.325044094,0.274151343,0,0,175,0,0,175,175,175,0,0,0.552157138,0.000140211,,,,,,,,,,,,
6.24,142,142,142,142,12.11764729,0.993548202,-0.012695313,0.00138855,0,1,0,2,0.035644531,0,0,0,0,,,,,5.281996727,0.324873477,-0.274353504,0,-0.325044094,0.274151343,0,0,143,0,0,143,143,143,0,0,0.407969559,0.000141059,,,,,,,,,,,,
6.25,175,175,175,175,11.98228962,0.993539871,-0.012695313,0.00138855,0,1,0,2,0.035644531,0,0,0,0,,,,,5.281996727,0.324873477,-0.274353504,0,-0.325044094,0.274151343,0,0,175,0,0,175,175,175,0,0,0.551278593,0.000141059,,,,,,,,,,,,
6.26,142,142,142,142,12.11719293,0.993527528,-0.012771606,0.00138855,0,1,0,2,0.035644531,0,0,0,0,,,,,5.30049324,0.324873477,-0.274353504,0,-0.325044094,0.274151343,0,0,143,0,0,143,143,143,0,0,0.407084986,0.000141907,,,,,,,,,,,,
6.27,175,175,175,175,11.98183566,0.993519197,-0.012771606,0.00138855,0,1,0,2,0.035644531,0,0,0,0,,,,,5.30049324,0.324873477,-0.274353504,0,-0.325044094,0.274151343,0,0,175,0,0,175,175,175,0,0,0.550395403,0.000141907,,,,,,,,,,,,
6.28,142,142,142,142,12.11673937,0.993506854,-0.012863159,0.001403809,0,1,0,2,0.035644531,0,0,0,0,,,,,5.318989277,0.324873477,-0.274353504,0,-0.325044094,0.274151343,0,0,143,0,0,143,143,143,0,0,0.406203201,0.000142924,,,,,,,,,,,,
6.29,175,175,175,175,11.9813825,0.993498523,-0.012863159,0.001403809,0,1,0,2,0.035644531,0,0,0,0,,,,,5.318989277,0.324873477,-0.274353504,0,-0.325044094,0.274151343,0,0,175,0,0,175,175,175,0,0,0.54950761,0.000142924,,,,,,,,,,,,
6.3,156,156,156,156,12.06048038,0.99348618,-0.012893677,0.001403809,0,1,0,2,0.035644531,0,0,0,0,,,,,5.329558849,0.324873477,-0.274353504,0,-0.325044094,0.274151343,0,0,157,0,0,157,157,157,0,0,0.467090471,0.000143263,,,,,,,,,,,,
6.31,160,160,160,160,12.043367,0.993476193,-0.012939453,0.001403809,0,1,0,2,0.035644531,0,0,0,0,,,,,5.33748579,0.324873477,-0.274353504,0,-0.325044094,0.274151343,0,0,161,0,0,161,161,161,0,0,0.487182371,0.000143772,,,,,,,,,,,,
6.32,156,156,156,156,12.06003642,0.993465704,-0.012985229,0.001403809,0,1,0,2,0.035644531,0,0,0,0,,,,,5.348054886,0.324873477,-0.274353504,0,-0.325044094,0.274151343,0,0,157,0,0,157,157,157,0,0,0.466200428,0.00014428,,,,,,,,,,,,
6.33,141,141,141,141,12.11941783,0.993455718,-0.013061523,0.001419067,0,1,0,2,0.035644531,0,0,0,0,,,,,5.366551399,0.324873477,-0.274353504,0,-0.325044094,0.274151343,0,0,142,0,0,142,142,142,0,0,0.403909055,0.000145128,,,,,,,,,,,,
6.34,166,166,166,166,12.02105799,0.993447499,-0.0131073,0.001419067,0,1,0,2,0.035644531,0,0,0,0,,,,,5.371835709,0.324873477,-0.274353504,0,-0.325044094,0.274151343,0,0,166,0,0,166,166,166,0,0,0.506026298,0.000145637,,,,,,,,,,,,
6.35,160,160,160,160,12.04252543,0.993436366,-0.013137817,0.001434326,0,1,0,2,0.035644531,0,0,0,0,,,,,5.37976265,0.324950069,-0.273720264,0,-0.325120292,0.273518055,0.012665745,0,161,0,0,161,161,161,0,0,0.485152125,0.000145976,,,,,,,,,,,,
6.36,155,155,155,155,12.06335448,0.993425878,-0.013183594,0.001434326,0,1,0,2,0.035644531,0,0,0,0,,,,,5.390332222,0.324950069,-0.273720264,0,-0.325120292,0.273518055,0,0,156,0,0,156,156,156,0,0,0.464161181,0.000146484,,,,,,,,,,,,
6.37,160,160,160,160,12.04208828,0.993416014,-0.01322937,0.001434326,0,1,0,2,0.035644531,0,0,0,0,,,,,5.398259163,0.324950069,-0.273720264,0,-0.325120292,0.273518055,0,0,161,0,0,161,161,161,0,0,0.484245485,0.000146993,,,,,,,,,,,,
6.38,174,174,174,174,11.98399176,0.993405526,-0.01322937,0.001434326,0,1,0,2,0.035644531,0,0,0,0,,,,,5.398259163,0.324950069,-0.273720264,0,-0.325120292,0.273518055,0,0,174,0,0,174,174,174,0,0,0.545629494,0.000146993,,,,,,,,,,,,
6.39,141,141,141,141,12.11805278,0.99339332,-0.013305664,0.001449585,0,1,0,2,0.035644531,0,0,0,0,,,,,5.416755199,0.324950069,-0.273720264,0,-0.325120292,0.273518055,0,0,142,0,0,142,142,142,0,0,0.401425071,0.000147841,,,,,,,,,,,,
6.4,174,174,174,174,11.98355297,0.993385102,-0.013305664,0.001449585,0,1,0,2,0.035644531,0,0,0,0,,,,,5.416755199,0.324950069,-0.273720264,0,-0.325120292,0.273518055,0,0,174,0,0,174,174,174,0,0,0.54471726,0.000147841,,,,,,,,,,,,
6.41,146,146,146,146,12.09841437,0.993372896,-0.013381958,0.001449585,0,1,0,2,0.035644531,0,0,0,0,,,,,5.432609081,0.324950069,-0.273720264,0,-0.325120292,0.273518055,0,0,147,0,0,147,147,147,0,0,0.421102983,0.000148688,,,,,,,,,,,,
6.42,174,174,174,174,11.9830922,0.993364108,-0.013381958,0.001449585,0,1,0,2,0.035644531,0,0,0,0,,,,,5.432609081,0.324950069,-0.273720264,0,-0.325120292,0.273518055,0,0,174,0,0,174,174,174,0,0,0.543916491,0.000148688,,,,,,,,,,,,
6.43,140,140,140,140,12.12091429,0.993351903,-0.013473511,0.001464844,0,1,0,2,0.035644531,0,0,0,0,,,,,5.451105595,0.324950069,-0.273720264,0,-0.325120292,0.273518055,0,0,141,0,0,141,141,141,0,0,0.399704058,0.000149706,,,,,,,,,,,,
6.44,173,173,173,173,11.98727011,0.993343796,-0.013473511,0.001464844,0,1,0,2,0.035644531,0,0,0,0,,,,,5.451105595,0.324950069,-0.273720264,0,-0.325120292,0.273518055,0,0,173,0,0,173,173,173,0,0,0.542995649,0.000149706,,,,,,,,,,,,
6.45,150,150,150,150,12.08168877,0.993331727,-0.013549805,0.001464844,0,1,0,2,0.035644531,0,0,0,0,,,,,5.464316845,0.324950069,-0.273720264,0,-0.325120292,0.273518055,0,0,151,0,0,151,151,151,0,0,0.439973253,0.000150553,,,,,,,,,,,,
6.46,173,173,173,173,11.98679762,0.993322469,-0.013549805,0.001464844,0,1,0,2,0.035644531,0,0,0,0,,,,,5.464316845,0.324950069,-0.273720264,0,-0.325120292,0.273518055,0,0,173,0,0,173,173,173,0,0,0.542302403,0.000150553,,,,,,,,,,,,
6.47,145,145,145,145,12.10094819,0.9933104,-0.013626099,0.001480103,0,1,0,2,0.035644531,0,0,0,0,,,,,5.480170727,0.324950069,-0.273720264,0,-0.325120292,0.273518055,0,0,146,0,0,146,146,146,0,0,0.418682181,0.000151401,,,,,,,,,,,,
6.48,173,173,173,173,11.98634934,0.993301727,-0.013626099,0.001480103,0,1,0,2,0.035644531,0,0,0,0,,,,,5.480170727,0.324950069,-0.273720264,0,-0.325120292,0.273518055,0,0,173,0,0,173,173,173,0,0,0.541489744,0.000151401,,,,,,,,,,,,
6.49,134,134,134,134,12.1379702,0.993289659,-0.013748169,0.001495361,0,1,0,2,0.035644531,0,0,0,0,,,,,5.501309395,0.324950069,-0.273720264,0,-0.325120292,0.273518055,0,0,136,0,0,136,136,136,0,0,0.376678907,0.000152757,,,,,,,,,,,,
6.5,173,173,173,173,11.98594624,0.993282098,-0.013748169,0.001495361,0,1,0,2,0.035644531,0,0,0,0,,,,,5.501309395,0.324950069,-0.273720264,0,-0.325120292,0.273518055,0,0,173,0,0,173,173,173,0,0,0.540440921,0.000152757,,,,,,,,,,,,
6.51,134,134,134,134,12.13756746,0.993270029,-0.013839722,0.001495361,0,1,0,2,0.035644531,0,0,0,0,,,,,5.522448063,0.324950069,-0.273720264,0,-0.325120292,0.273518055,0,0,136,0,0,136,136,136,0,0,0.375627442,0.000153775,,,,,,,,,,,,
6.52,173,173,173,173,11.98554386,0.993262469,-0.013839722,0.001495361,0,1,0,2,0.035644531,0,0,0,0,,,,,5.522448063,0.324950069,-0.273720264,0,-0.325120292,0.273518055,0,0,173,0,0,173,173,173,0,0,0.539386813,0.000153775,,,,,,,,,,,,
6.53,149,149,149,149,12.08396348,0.9932504,-0.013916016,0.00151062,0,1,0,2,0.035644531,0,0,0,0,,,,,5.53565979,0.324950069,-0.273720264,0,-0.325120292,0.273518055,0,0,150,0,0,150,150,150,0,0,0.436351783,0.000154622,,,,,,,,,,,,
6.54,173,173,173,173,11.98507914,0.99324126,-0.013916016,0.00151062,0,1,0,2,0.035644531,0,0,0,0,,,,,5.53565979,0.324950069,-0.273720264,0,-0.325120292,0.273518055,0,0,173,0,0,173,173,173,0,0,0.538675711,0.000154622,,,,,,,,,,,,
6.55,149,149,149,149,12.08349918,0.993229191,-0.014007568,0.00151062,0,1,0,2,0.035644531,0,0,0,0,,,,,5.54887104,0.325033724,-0.273019791,0,-0.325203511,0.27281753,0.014010514,0,150,0,0,150,150,150,0,0,0.435642746,0.00015564,,,,,,,,,,,,
6.56,172,172,172,172,11.98919934,0.993220052,-0.014007568,0.00151062,0,1,0,2,0.035644531,0,0,0,0,,,,,5.54887104,0.325033724,-0.273019791,0,-0.325203511,0.27281753,0,0,172,0,0,172,172,172,0,0,0.537961327,0.00015564,,,,,,,,,,,,
6.57,117,117,117,117,12.19384307,0.993208119,-0.014129639,0.001525879,0,1,0,2,0.035644531,0,0,0,0,,,,,5.577936649,0.325033724,-0.273019791,0,-0.325203511,0.27281753,0,0,119,0,0,119,119,119,0,0,0.311360811,0.000156996,,,,,,,,,,,,
6.58,172,172,172,172,11.98887297,0.993202268,-0.014129639,0.001525879,0,1,0,2,0.035644531,0,0,0,0,,,,,5.577936649,0.325033724,-0.273019791,0,-0.325203511,0.27281753,0,0,172,0,0,172,172,172,0,0,0.536547039,0.000156996,,,,,,,,,,,,
6.59,172,172,172,172,11.98858854,0.993190335,-0.014129639,0.001525879,0,1,0,2,0.035644531,0,0,0,0,,,,,5.577936649,0.325033724,-0.273019791,0,-0.325203511,0.27281753,0,0,172,0,0,172,172,172,0,0,0.536474797,0.000156996,,,,,,,,,,,,
6.6,148,148,148,148,12.08640375,0.993178402,-0.014221191,0.001541138,0,1,0,2,0.035644531,0,0,0,0,,,,,5.591148376,0.325033724,-0.273019791,0,-0.325203511,0.27281753,0,0,149,0,0,149,149,149,0,0,0.43343283,0.000158013,,,,,,,,,,,,
6.61,172,172,172,172,11.98813668,0.993169381,-0.014221191,0.001541138,0,1,0,2,0.035644531,0,0,0,0,,,,,5.591148376,0.325033724,-0.273019791,0,-0.325203511,0.27281753,0,0,172,0,0,172,172,172,0,0,0.535749822,0.000158013,,,,,,,,,,,,
6.62,143,143,143,143,12.10541802,0.993157448,-0.014297485,0.001541138,0,1,0,2,0.035644531,0,0,0,0,,,,,5.607002258,0.325033724,-0.273019791,0,-0.325203511,0.27281753,0,0,144,0,0,144,144,144,0,0,0.412113746,0.000158861,,,,,,,,,,,,
6.63,172,172,172,172,11.98770867,0.993149004,-0.014297485,0.001541138,0,1,0,2,0.035644531,0,0,0,0,,,,,5.607002258,0.325033724,-0.273019791,0,-0.325203511,0.27281753,0,0,172,0,0,172,172,172,0,0,0.534905455,0.000158861,,,,,,,,,,,,
6.64,122,122,122,122,12.17620977,0.993137071,-0.014419556,0.001556396,0,1,0,2,0.035644531,0,0,0,0,,,,,5.633425713,0.325033724,-0.273019791,0,-0.325203511,0.27281753,0,0,124,0,0,124,124,124,0,0,0.328890132,0.000160217,,,,,,,,,,,,
6.65,171,171,171,171,11.99192331,0.993130741,-0.014419556,0.001556396,0,1,0,2,0.035644531,0,0,0,0,,,,,5.633425713,0.325033724,-0.273019791,0,-0.325203511,0.27281753,0,0,171,0,0,171,171,171,0,0,0.533592724,0.000160217,,,,,,,,,,,,
6.66,163,163,163,163,12.027149,0.993118944,-0.014465332,0.001556396,0,1,0,2,0.035644531,0,0,0,0,,,,,5.638710022,0.325033724,-0.273019791,0,-0.325203511,0.27281753,0,0,163,0,0,163,163,163,0,0,0.492328629,0.000160726,,,,,,,,,,,,
6.67,148,148,148,148,12.08495209,0.9931082,-0.014541626,0.001571655,0,1,0,2,0.035644531,0,0,0,0,,,,,5.651921749,0.325033724,-0.273019791,0,-0.325203511,0.27281753,0,0,149,0,0,149,149,149,0,0,0.430232464,0.000161574,,,,,,,,,,,,
6.68,171,171,171,171,11.9912438,0.993099178,-0.014541626,0.001571655,0,1,0,2,0.035644531,0,0,0,0,,,,,5.651921749,0.325033724,-0.273019791,0,-0.325203511,0.27281753,0,0,171,0,0,171,171,171,0,0,0.532541859,0.000161574,,,,,,,,,,,,
6.69,152,152,152,152,12.06845764,0.993087381,-0.014587402,0.001571655,0,1,0,2,0.035644531,0,0,0,0,,,,,5.662490845,0.325033724,-0.273019791,0,-0.325203511,0.27281753,0,0,153,0,0,153,153,153,0,0,0.45008682,0.000162082,,,,,,,,,,,,
6.7,147,147,147,147,12.08826983,0.993077883,-0.014663696,0.001586914,0,1,0,2,0.035644531,0,0,0,0,,,,,5.675702572,0.325033724,-0.273019791,0,-0.325203511,0.27281753,0,0,148,0,0,148,148,148,0,0,0.428944775,0.00016293,,,,,,,,,,,,
6.71,171,171,171,171,11.99062047,0.993068978,-0.014663696,0.001586914,0,1,0,2,0.035644531,0,0,0,0,,,,,5.675702572,0.325033724,-0.273019791,0,-0.325203511,0.27281753,0,0,171,0,0,171,171,171,0,0,0.531251198,0.00016293,,,,,,,,,,,,
6.72,126,126,126,126,12.16117741,0.993057181,-0.014785767,0.001602173,0,1,0,2,0.035644531,0,0,0,0,,,,,5.699483395,0.325125098,-0.27224493,0,-0.325294403,0.272042613,0.015498342,0,128,0,0,128,128,128,0,0,0.345823461,0.000164286,,,,,,,,,,,,
6.73,171,171,171,171,11.99027001,0.993050453,-0.014785767,0.001602173,0,1,0,2,0.035644531,0,0,0,0,,,,,5.699483395,0.325125098,-0.27224493,0,-0.325294403,0.272042613,0,0,171,0,0,171,171,171,0,0,0.530037402,0.000164286,,,,,,,,,,,,
6.74,171,171,171,171,11.98999376,0.993038655,-0.014785767,0.001602173,0,1,0,2,0.035644531,0,0,0,0,,,,,5.699483395,0.325125098,-0.27224493,0,-0.325294403,0.272042613,0,0,171,0,0,171,171,171,0,0,0.529949967,0.000164286,,,,,,,,,,,,
6.75,126,126,126,126,12.16055126,0.993026858,-0.014907837,0.001602173,0,1,0,2,0.035644531,0,0,0,0,,,,,5.723264217,0.325125098,-0.27224493,0,-0.325294403,0.272042613,0,0,128,0,0,128,128,128,0,0,0.344519258,0.000165643,,,,,,,,,,,,
6.76,170,170,170,170,11.99417534,0.99302013,-0.014907837,0.001602173,0,1,0,2,0.035644531,0,0,0,0,,,,,5.723264217,0.325125098,-0.27224493,0,-0.325294403,0.272042613,0,0,170,0,0,170,170,170,0,0,0.528730226,0.000165643,,,,,,,,,,,,
6.77,137,137,137,137,12.12486363,0.993008467,-0.014984131,0.001617432,0,1,0,2,0.035644531,0,0,0,0,,,,,5.741760731,0.325125098,-0.27224493,0,-0.325294403,0.272042613,0,0,138,0,0,138,138,138,0,0,0.384481461,0.00016649,,,,,,,,,,,,
6.78,170,170,170,170,11.99379008,0.99300069,-0.014984131,0.001617432,0,1,0,2,0.035644531,0,0,0,0,,,,,5.741760731,0.325125098,-0.27224493,0,-0.325294403,0.272042613,0,0,170,0,0,170,170,170,0,0,0.527736719,0.00016649,,,,,,,,,,,,
6.79,170,170,170,170,11.99352008,0.992989027,-0.014984131,0.001617432,0,1,0,2,0.035644531,0,0,0,0,,,,,5.741760731,0.325125098,-0.27224493,0,-0.325294403,0.272042613,0,0,170,0,0,170,170,170,0,0,0.527643999,0.00016649,,,,,,,,,,,,
6.8,125,125,125,125,12.16294113,0.992977364,-0.015106201,0.00163269,0,1,0,2,0.035644531,0,0,0,0,,,,,5.765541553,0.325125098,-0.27224493,0,-0.325294403,0.272042613,0,0,127,0,0,127,127,127,0,0,0.342208005,0.000167847,,,,,,,,,,,,
6.81,170,170,170,170,11.99318186,0.992970737,-0.015106201,0.00163269,0,1,0,2,0.035644531,0,0,0,0,,,,,5.765541553,0.325125098,-0.27224493,0,-0.325294403,0.272042613,0,0,170,0,0,170,170,170,0,0,0.526413689,0.000167847,,,,,,,,,,,,
6.82,146,146,146,146,12.08978936,0.992959074,-0.015182495,0.00163269,0,1,0,2,0.035644531,0,0,0,0,,,,,5.778753281,0.325125098,-0.27224493,0,-0.325294403,0.272042613,0,0,147,0,0,147,147,147,0,0,0.423348272,0.000168694,,,,,,,,,,,,
6.83,170,170,170,170,11.99275796,0.992950286,-0.015182495,0.00163269,0,1,0,2,0.035644531,0,0,0,0,,,,,5.778753281,0.325125098,-0.27224493,0,-0.325294403,0.272042613,0,0,170,0,0,170,170,170,0,0,0.525641813,0.000168694,,,,,,,,,,,,
6.84,151,151,151,151,12.06950147,0.992938623,-0.015228271,0.001647949,0,1,0,2,0.035644531,0,0,0,0,,,,,5.789322376,0.325125098,-0.27224493,0,-0.325294403,0.272042613,0,0,152,0,0,152,152,152,0,0,0.44317092,0.000169203,,,,,,,,,,,,
6.85,146,146,146,146,12.08918822,0.992929245,-0.015304565,0.001647949,0,1,0,2,0.035644531,0,0,0,0,,,,,5.802534103,0.325125098,-0.27224493,0,-0.325294403,0.272042613,0,0,147,0,0,147,147,147,0,0,0.422013021,0.000170051,,,,,,,,,,,,
6.86,169,169,169,169,11.99666171,0.992920457,-0.015304565,0.001647949,0,1,0,2,0.035644531,0,0,0,0,,,,,5.802534103,0.325125098,-0.27224493,0,-0.325294403,0.272042613,0,0,169,0,0,169,169,169,0,0,0.52430359,0.000170051,,,,,,,,,,,,
6.87,141,141,141,141,12.10797108,0.992908928,-0.015380859,0.001663208,0,1,0,2,0.035644531,0,0,0,0,,,,,5.818387985,0.325125098,-0.27224493,0,-0.325294403,0.272042613,0,0,142,0,0,142,142,142,0,0,0.400641091,0.000170898,,,,,,,,,,,,
6.88,169,169,169,169,11.99626768,0.992900709,-0.015380859,0.001663208,0,1,0,2,0.035644531,0,0,0,0,,,,,5.818387985,0.325125098,-0.27224493,0,-0.325294403,0.272042613,0,0,169,0,0,169,169,169,0,0,0.523406376,0.000170898,,,,,,,,,,,,
6.89,169,169,169,169,11.9960048,0.99288918,-0.015380859,0.001663208,0,1,0,2,0.035644531,0,0,0,0,,,,,5.818387985,0.325125098,-0.27224493,0,-0.325294403,0.272042613,0,0,169,0,0,169,169,169,0,0,0.523304078,0.000170898,,,,,,,,,,,,
6.9,107,107,107,107,12.2173726,0.992877651,-0.015548706,0.001678467,0,1,0,2,0.035644531,0,0,0,0,,,,,5.850095749,0.325125098,-0.27224493,0,-0.325294403,0.272042613,0,0,109,0,0,109,109,109,0,0,0.276077415,0.000172763,,,,,,,,,,,,
6.91,169,169,169,169,11.99574232,0.992872698,-0.015548706,0.001678467,0,1,0,2,0.035644531,0,0,0,0,,,,,5.850095749,0.325125098,-0.27224493,0,-0.325294403,0.272042613,0,0,169,0,0,169,169,169,0,0,0.521706321,0.000172763,,,,,,,,,,,,
6.92,145,145,145,145,12.09174564,0.992861169,-0.015625,0.001693726,0,1,0,2,0.035644531,0,0,0,0,,,,,5.863307476,0.325224608,-0.271391869,0,-0.325393382,0.271189489,0.017062468,0,146,0,0,146,146,146,0,0,0.418630335,0.000173611,,,,,,,,,,,,
6.93,169,169,169,169,11.99533175,0.992852496,-0.015625,0.001693726,0,1,0,2,0.035644531,0,0,0,0,,,,,5.863307476,0.325224608,-0.271391869,0,-0.325393382,0.271189489,0,0,169,0,0,169,169,169,0,0,0.520913307,0.000173611,,,,,,,,,,,,
6.94,124,124,124,124,12.16361778,0.992840967,-0.01574707,0.001693726,0,1,0,2,0.035644531,0,0,0,0,,,,,5.887088299,0.325224608,-0.271391869,0,-0.325393382,0.271189489,0,0,126,0,0,126,126,126,0,0,0.33546212,0.000174967,,,,,,,,,,,,
6.95,168,168,168,168,11.99948533,0.99283444,-0.01574707,0.001693726,0,1,0,2,0.035644531,0,0,0,0,,,,,5.887088299,0.325224608,-0.271391869,0,-0.325393382,0.271189489,0,0,168,0,0,168,168,168,0,0,0.51965261,0.000174967,,,,,,,,,,,,
6.96,135,135,135,135,12.1284867,0.992823043,-0.015838623,0.001708984,0,1,0,2,0.035644531,0,0,0,0,,,,,5.905584335,0.325224608,-0.271391869,0,-0.325393382,0.271189489,0,0,136,0,0,136,136,136,0,0,0.375387083,0.000175985,,,,,,,,,,,,
6.97,168,168,168,168,11.99912573,0.992815483,-0.015838623,0.001708984,0,1,0,2,0.035644531,0,0,0,0,,,,,5.905584335,0.325224608,-0.271391869,0,-0.325393382,0.271189489,0,0,168,0,0,168,168,168,0,0,0.518618168,0.000175985,,,,,,,,,,,,
6.98,158,158,158,158,12.03797378,0.992804086,-0.015884399,0.001708984,0,1,0,2,0.035644531,0,0,0,0,,,,,5.910869122,0.325224608,-0.271391869,0,-0.325393382,0.271189489,0,0,159,0,0,159,159,159,0,0,0.477316337,0.000176493,,,,,,,,,,,,
6.99,149,149,149,149,12.07471587,0.99279385,-0.015914917,0.001724243,0,1,0,2,0.035644531,0,0,0,0,,,,,5.921438217,0.325224608,-0.271391869,0,-0.325393382,0.271189489,0,0,150,0,0,150,150,150,0,0,0.435786023,0.000176832,,,,,,,,,,,,
7,144,144,144,144,12.09414883,0.992784711,-0.01600647,0.001724243,0,1,0,2,0.035644531,0,0,0,0,,,,,5.934649944,0.325224608,-0.271391869,0,-0.325393382,0.271189489,0,0,145,0,0,145,145,145,0,0,0.41461161,0.00017785,,,,,,,,,,,,
7.01,168,168,168,168,11.99835201,0.992776153,-0.01600647,0.001724243,0,1,0,2,0.035644531,0,0,0,0,,,,,5.934649944,0.325224608,-0.271391869,0,-0.325393382,0.271189489,0,0,168,0,0,168,168,168,0,0,0.516885664,0.00017785,,,,,,,,,,,,
7.02,144,144,144,144,12.09375105,0.992764756,-0.016082764,0.001739502,0,1,0,2,0.035644531,0,0,0,0,,,,,5.947861671,0.325224608,-0.271391869,0,-0.325393382,0.271189489,0,0,145,0,0,145,145,145,0,0,0.413799108,0.000178697,,,,,,,,,,,,
7.03,168,168,168,168,11.99795458,0.992756198,-0.016082764,0.001739502,0,1,0,2,0.035644531,0,0,0,0,,,,,5.947861671,0.325224608,-0.271391869,0,-0.325393382,0.271189489,0,0,168,0,0,168,168,168,0,0,0.516071511,0.000178697,,,,,,,,,,,,
7.04,168,168,168,168,11.99769943,0.992744802,-0.016082764,0.001739502,0,1,0,2,0.035644531,0,0,0,0,,,,,5.947861671,0.325224608,-0.271391869,0,-0.325393382,0.271189489,0,0,168,0,0,168,168,168,0,0,0.515953028,0.000178697,,,,,,,,,,,,
7.05,134,134,134,134,12.1303032,0.992733405,-0.016159058,0.001739502,0,1,0,2,0.035644531,0,0,0,0,,,,,5.966357708,0.325224608,-0.271391869,0,-0.325393382,0.271189489,0,0,135,0,0,135,135,135,0,0,0.371679905,0.000179545,,,,,,,,,,,,
7.06,167,167,167,167,12.00179843,0.992725952,-0.016159058,0.001739502,0,1,0,2,0.035644531,0,0,0,0,,,,,5.966357708,0.325224608,-0.271391869,0,-0.325393382,0.271189489,0,0,167,0,0,167,167,167,0,0,0.514903393,0.000179545,,,,,,,,,,,,
7.07,138,138,138,138,12.1153938,0.992714687,-0.01625061,0.001754761,0,1,0,2,0.035644531,0,0,0,0,,,,,5.98221159,0.325224608,-0.271391869,0,-0.325393382,0.271189489,0,0,139,0,0,139,139,139,0,0,0.391220416,0.000180562,,,,,,,,,,,,
7.08,167,167,167,167,12.00143485,0.992706801,-0.01625061,0.001754761,0,1,0,2,0.035644531,0,0,0,0,,,,,5.98221159,0.325224608,-0.271391869,0,-0.325393382,0.271189489,0,0,167,0,0,167,167,167,0,0,0.513965224,0.000180562,,,,,,,,,,,,
7.09,133,133,133,133,12.13316755,0.992695537,-0.016357422,0.00177002,0,1,0,2,0.035644531,0,0,0,0,,,,,6.000708103,0.325224608,-0.271391869,0,-0.325393382,0.271189489,0,0,134,0,0,134,134,134,0,0,0.36968409,0.000181749,,,,,,,,,,,,
7.1,167,167,167,167,12.00109338,0.992688189,-0.016357422,0.00177002,0,1,0,2,0.035644531,0,0,0,0,,,,,6.000708103,0.325224608,-0.271391869,0,-0.325393382,0.271189489,0,0,167,0,0,167,167,167,0,0,0.51290698,0.000181749,,,,,,,,,,,,
7.11,143,143,143,143,12.09588797,0.992676925,-0.016448975,0.00177002,0,1,0,2,0.035644531,0,0,0,0,,,,,6.013919353,0.325332403,-0.27045989,0,-0.325500597,0.270257444,0.018640902,0,144,0,0,144,144,144,0,0,0.409815884,0.000182766,,,,,,,,,,,,
7.12,167,167,167,167,12.00070874,0.992668481,-0.016448975,0.00177002,0,1,0,2,0.035644531,0,0,0,0,,,,,6.013919353,0.325332403,-0.27045989,0,-0.325500597,0.270257444,0,0,167,0,0,167,167,167,0,0,0.512076334,0.000182766,,,,,,,,,,,,
7.13,143,143,143,143,12.09550367,0.992657217,-0.016525269,0.001785278,0,1,0,2,0.035644531,0,0,0,0,,,,,6.027131081,0.325332403,-0.27045989,0,-0.325500597,0.270257444,0,0,144,0,0,144,144,144,0,0,0.40897987,0.000183614,,,,,,,,,,,,
7.14,167,167,167,167,12.00032477,0.992648773,-0.016525269,0.001785278,0,1,0,2,0.035644531,0,0,0,0,,,,,6.027131081,0.325332403,-0.27045989,0,-0.325500597,0.270257444,0,0,167,0,0,167,167,167,0,0,0.511242364,0.000183614,,,,,,,,,,,,
7.15,126,126,126,126,12.15294592,0.992637508,-0.016647339,0.001800537,0,1,0,2,0.035644531,0,0,0,0,,,,,6.048269749,0.325332403,-0.27045989,0,-0.325500597,0.270257444,0,0,128,0,0,128,128,128,0,0,0.346363157,0.00018497,,,,,,,,,,,,
7.16,166,166,166,166,12.00443462,0.992630781,-0.016647339,0.001800537,0,1,0,2,0.035644531,0,0,0,0,,,,,6.048269749,0.325332403,-0.27045989,0,-0.325500597,0.270257444,0,0,166,0,0,166,166,166,0,0,0.510056801,0.00018497,,,,,,,,,,,,
7.17,152,152,152,152,12.05929408,0.992619647,-0.016723633,0.001800537,0,1,0,2,0.035644531,0,0,0,0,,,,,6.05619669,0.325332403,-0.27045989,0,-0.325500597,0.270257444,0,0,153,0,0,153,153,153,0,0,0.448144676,0.000185818,,,,,,,,,,,,
7.18,166,166,166,166,12.00401502,0.99261015,-0.016723633,0.001800537,0,1,0,2,0.035644531,0,0,0,0,,,,,6.05619669,0.325332403,-0.27045989,0,-0.325500597,0.270257444,0,0,166,0,0,166,166,166,0,0,0.509446444,0.000185818,,,,,,,,,,,,
7.19,142,142,142,142,12.09820495,0.992599016,-0.016799927,0.001815796,0,1,0,2,0.035644531,0,0,0,0,,,,,6.069408417,0.325332403,-0.27045989,0,-0.325500597,0.270257444,0,0,143,0,0,143,143,143,0,0,0.406344695,0.000186666,,,,,,,,,,,,
7.2,166,166,166,166,12.00364275,0.992590686,-0.016799927,0.001815796,0,1,0,2,0.035644531,0,0,0,0,,,,,6.069408417,0.325332403,-0.27045989,0,-0.325500597,0.270257444,0,0,166,0,0,166,166,166,0,0,0.508601904,0.000186666,,,,,,,,,,,,
7.21,137,137,137,137,12.11650151,0.992579553,-0.016891479,0.001815796,0,1,0,2,0.035644531,0,0,0,0,,,,,6.085262299,0.325332403,-0.27045989,0,-0.325500597,0.270257444,0,0,138,0,0,138,138,138,0,0,0.384906046,0.000187683,,,,,,,,,,,,
7.22,166,166,166,166,12.00329324,0.992571776,-0.016891479,0.001815796,0,1,0,2,0.035644531,0,0,0,0,,,,,6.085262299,0.325332403,-0.27045989,0,-0.325500597,0.270257444,0,0,166,0,0,166,166,166,0,0,0.507637972,0.000187683,,,,,,,,,,,,
7.23,142,142,142,142,12.09748379,0.992560643,-0.016967773,0.001831055,0,1,0,2,0.035644531,0,0,0,0,,,,,6.098473549,0.325332403,-0.27045989,0,-0.325500597,0.270257444,0,0,143,0,0,143,143,143,0,0,0.404536307,0.000188531,,,,,,,,,,,,
7.24,166,166,166,166,12.00292222,0.992552312,-0.016967773,0.001831055,0,1,0,2,0.035644531,0,0,0,0,,,,,6.098473549,0.325332403,-0.27045989,0,-0.325500597,0.270257444,0,0,166,0,0,166,166,166,0,0,0.506786187,0.000188531,,,,,,,,,,,,
7.25,146,146,146,146,12.08169995,0.992541179,-0.017059326,0.001846313,0,1,0,2,0.035644531,0,0,0,0,,,,,6.109043121,0.325332403,-0.27045989,0,-0.325500597,0.270257444,0,0,147,0,0,147,147,147,0,0,0.424271612,0.000189548,,,,,,,,,,,,
7.26,166,166,166,166,12.00253358,0.992532391,-0.017059326,0.001846313,0,1,0,2,0.035644531,0,0,0,0,,,,,6.109043121,0.325332403,-0.27045989,0,-0.325500597,0.270257444,0,0,166,0,0,166,166,166,0,0,0.506047168,0.000189548,,,,,,,,,,,,
7.27,141,141,141,141,12.10051165,0.992521258,-0.01713562,0.001846313,0,1,0,2,0.035644531,0,0,0,0,,,,,6.122254848,0.325332403,-0.27045989,0,-0.325500597,0.270257444,0,0,142,0,0,142,142,142,0,0,0.402938814,0.000190396,,,,,,,,,,,,
7.28,165,165,165,165,12.00656643,0.99251304,-0.01713562,0.001846313,0,1,0,2,0.035644531,0,0,0,0,,,,,6.122254848,0.325332403,-0.27045989,0,-0.325500597,0.270257444,0,0,165,0,0,165,165,165,0,0,0.505189417,0.000190396,,,,,,,,,,,,
7.29,155,155,155,155,12.04471778,0.992502037,-0.017181396,0.001846313,0,1,0,2,0.035644531,0,0,0,0,,,,,6.127539158,0.325332403,-0.27045989,0,-0.325500597,0.270257444,0,0,156,0,0,156,156,156,0,0,0.463864219,0.000190904,,,,,,,,,,,,
7.3,141,141,141,141,12.09996228,0.992492174,-0.01725769,0.001861572,0,1,0,2,0.035644531,0,0,0,0,,,,,6.140750885,0.325448394,-0.269449472,0,-0.325615959,0.269246954,0.020209798,0,142,0,0,142,142,142,0,0,0.40170695,0.000191752,,,,,,,,,,,,
7.31,165,165,165,165,12.00601754,0.992483955,-0.01725769,0.001861572,0,1,0,2,0.035644531,0,0,0,0,,,,,6.140750885,0.325448394,-0.269449472,0,-0.325615959,0.269246954,0,0,165,0,0,165,165,165,0,0,0.503955242,0.000191752,,,,,,,,,,,,
7.32,146,146,146,146,12.08040355,0.992472953,-0.017333984,0.001876831,0,1,0,2,0.035644531,0,0,0,0,,,,,6.151319981,0.325448394,-0.269449472,0,-0.325615959,0.269246954,0,0,147,0,0,147,147,147,0,0,0.421439098,0.0001926,,,,,,,,,,,,
7.33,160,160,160,160,12.02722807,0.992464165,-0.017379761,0.001876831,0,1,0,2,0.035644531,0,0,0,0,,,,,6.153962612,0.325448394,-0.269449472,0,-0.325615959,0.269246954,0,0,160,0,0,160,160,160,0,0,0.4826095,0.000193108,,,,,,,,,,,,
7.34,145,145,145,145,12.08394144,0.992453803,-0.017425537,0.001876831,0,1,0,2,0.035644531,0,0,0,0,,,,,6.164531708,0.325448394,-0.269449472,0,-0.325615959,0.269246954,0,0,146,0,0,146,146,146,0,0,0.420572099,0.000193617,,,,,,,,,,,,
7.35,155,155,155,155,12.04367275,0.99244513,-0.017456055,0.00189209,0,1,0,2,0.035644531,0,0,0,0,,,,,6.169816494,0.325448394,-0.269449472,0,-0.325615959,0.269246954,0,0,156,0,0,156,156,156,0,0,0.461148391,0.000193956,,,,,,,,,,,,
7.36,155,155,155,155,12.04348397,0.992435267,-0.017501831,0.00189209,0,1,0,2,0.035644531,0,0,0,0,,,,,6.175100803,0.325448394,-0.269449472,0,-0.325615959,0.269246954,0,0,156,0,0,156,156,156,0,0,0.46077434,0.000194465,,,,,,,,,,,,
7.37,165,165,165,165,12.00490864,0.992425404,-0.017501831,0.00189209,0,1,0,2,0.035644531,0,0,0,0,,,,,6.175100803,0.325448394,-0.269449472,0,-0.325615959,0.269246954,0,0,165,0,0,165,165,165,0,0,0.50158085,0.000194465,,,,,,,,,,,,
7.38,140,140,140,140,12.10225588,0.992414401,-0.017623901,0.001907349,0,1,0,2,0.035644531,0,0,0,0,,,,,6.188312531,0.325448394,-0.269449472,0,-0.325615959,0.269246954,0,0,141,0,0,141,141,141,0,0,0.398464239,0.000195821,,,,,,,,,,,,
7.39,164,164,164,164,12.00892808,0.992406294,-0.017623901,0.001907349,0,1,0,2,0.035644531,0,0,0,0,,,,,6.188312531,0.325448394,-0.269449472,0,-0.325615959,0.269246954,0,0,164,0,0,164,164,164,0,0,0.500706585,0.000195821,,,,,,,,,,,,
7.4,150,150,150,150,12.06311071,0.992395421,-0.017700195,0.001907349,0,1,0,2,0.035644531,0,0,0,0,,,,,6.196239471,0.325448394,-0.269449472,0,-0.325615959,0.269246954,0,0,151,0,0,151,151,151,0,0,0.438776955,0.000196669,,,,,,,,,,,,
7.41,164,164,164,164,12.00853585,0.992386163,-0.017700195,0.001907349,0,1,0,2,0.035644531,0,0,0,0,,,,,6.196239471,0.325448394,-0.269449472,0,-0.325615959,0.269246954,0,0,164,0,0,164,164,164,0,0,0.500061217,0.000196669,,,,,,,,,,,,
7.42,145,145,145,145,12.08245031,0.99237529,-0.017776489,0.001922607,0,1,0,2,0.035644531,0,0,0,0,,,,,6.206809044,0.325448394,-0.269449472,0,-0.325615959,0.269246954,0,0,146,0,0,146,146,146,0,0,0.417534421,0.000197517,,,,,,,,,,,,
7.43,164,164,164,164,12.00816768,0.992366618,-0.017776489,0.001922607,0,1,0,2,0.035644531,0,0,0,0,,,,,6.206809044,0.325448394,-0.269449472,0,-0.325615959,0.269246954,0,0,164,0,0,164,164,164,0,0,0.499297756,0.000197517,,,,,,,,,,,,
7.44,145,145,145,145,12.08208246,0.992355745,-0.017852783,0.001922607,0,1,0,2,0.035644531,0,0,0,0,,,,,6.217378139,0.325448394,-0.269449472,0,-0.325615959,0.269246954,0,0,146,0,0,146,146,146,0,0,0.416773356,0.000198364,,,,,,,,,,,,
7.45,164,164,164,164,12.00780015,0.992347072,-0.017852783,0.001922607,0,1,0,2,0.035644531,0,0,0,0,,,,,6.217378139,0.325448394,-0.269449472,0,-0.325615959,0.269246954,0,0,164,0,0,164,164,164,0,0,0.498531675,0.000198364,,,,,,,,,,,,
7.46,159,159,159,159,12.02903151,0.9923362,-0.017944336,0.001937866,0,1,0,2,0.035644531,0,0,0,0,,,,,6.220020294,0.325448394,-0.269449472,0,-0.325615959,0.269246954,0,0,159,0,0,159,159,159,0,0,0.477787044,0.000199382,,,,,,,,,,,,
7.47,164,164,164,164,12.00737084,0.992325963,-0.017944336,0.001937866,0,1,0,2,0.035644531,0,0,0,0,,,,,6.220020294,0.325448394,-0.269449472,0,-0.325615959,0.269246954,0,0,164,0,0,164,164,164,0,0,0.49811124,0.000199382,,,,,,,,,,,,
7.48,144,144,144,144,12.08515288,0.992315091,-0.01802063,0.001953125,0,1,0,2,0.035644531,0,0,0,0,,,,,6.230589867,0.32557267,-0.268359661,0,-0.325739557,0.268157066,0.021797769,0,145,0,0,145,145,145,0,0,0.415581472,0.000200229,,,,,,,,,,,,
7.49,164,164,164,164,12.00700928,0.992306533,-0.01802063,0.001953125,0,1,0,2,0.035644531,0,0,0,0,,,,,6.230589867,0.32557267,-0.268359661,0,-0.325739557,0.268157066,0,0,164,0,0,164,164,164,0,0,0.497341835,0.000200229,,,,,,,,,,,,
7.5,164,164,164,164,12.0067825,0.99229566,-0.01802063,0.001953125,0,1,0,2,0.035644531,0,0,0,0,,,,,6.230589867,0.32557267,-0.268359661,0,-0.325739557,0.268157066,0,0,164,0,0,164,164,164,0,0,0.497188011,0.000200229,,,,,,,,,,,,
7.51,129,129,129,129,12.13937475,0.992284787,-0.018188477,0.001968384,0,1,0,2,0.035644531,0,0,0,0,,,,,6.249085903,0.32557267,-0.268359661,0,-0.325739557,0.268157066,0,0,130,0,0,130,130,130,0,0,0.352879546,0.000202094,,,,,,,,,,,,
7.52,163,163,163,163,12.01083181,0.992277856,-0.018188477,0.001968384,0,1,0,2,0.035644531,0,0,0,0,,,,,6.249085903,0.32557267,-0.268359661,0,-0.325739557,0.268157066,0,0,163,0,0,163,163,163,0,0,0.496067694,0.000202094,,,,,,,,,,,,
7.53,163,163,163,163,12.01061063,0.992267112,-0.018188477,0.001968384,0,1,0,2,0.035644531,0,0,0,0,,,,,6.249085903,0.32557267,-0.268359661,0,-0.325739557,0.268157066,0,0,163,0,0,163,163,163,0,0,0.495911558,0.000202094,,,,,,,,,,,,
7.54,153,153,153,153,12.04829802,0.992256368,-0.018264771,0.001968384,0,1,0,2,0.035644531,0,0,0,0,,,,,6.254370689,0.32557267,-0.268359661,0,-0.325739557,0.268157066,0,0,154,0,0,154,154,154,0,0,0.454566789,0.000202942,,,,,,,,,,,,
7.55,153,153,153,153,12.04812214,0.992246749,-0.018310547,0.001983643,0,1,0,2,0.035644531,0,0,0,0,,,,,6.259654999,0.32557267,-0.268359661,0,-0.325739557,0.268157066,0,0,154,0,0,154,154,154,0,0,0.45418217,0.000203451,,,,,,,,,,,,
7.56,159,159,159,159,12.02715195,0.99223713,-0.018356323,0.001983643,0,1,0,2,0.035644531,0,0,0,0,,,,,6.26229763,0.32557267,-0.268359661,0,-0.325739557,0.268157066,0,0,159,0,0,159,159,159,0,0,0.474381936,0.000203959,,,,,,,,,,,,
7.57,153,153,153,153,12.0477462,0.992226894,-0.018386841,0.001983643,0,1,0,2,0.035644531,0,0,0,0,,,,,6.267582417,0.32557267,-0.268359661,0,-0.325739557,0.268157066,0,0,154,0,0,154,154,154,0,0,0.45351591,0.000204298,,,,,,,,,,,,
7.58,163,163,163,163,12.00966242,0.992217275,-0.018432617,0.001983643,0,1,0,2,0.035644531,0,0,0,0,,,,,6.267582417,0.32557267,-0.268359661,0,-0.325739557,0.268157066,0,0,163,0,0,163,163,163,0,0,0.494314556,0.000204807,,,,,,,,,,,,
7.59,153,153,153,153,12.04735063,0.992206531,-0.018478394,0.001998901,0,1,0,2,0.035644531,0,0,0,0,,,,,6.272866726,0.32557267,-0.268359661,0,-0.325739557,0.268157066,0,0,154,0,0,154,154,154,0,0,0.452971191,0.000205315,,,,,,,,,,,,
7.6,153,153,153,153,12.04717558,0.992196912,-0.018508911,0.001998901,0,1,0,2,0.035644531,0,0,0,0,,,,,6.278151512,0.32557267,-0.268359661,0,-0.325739557,0.268157066,0,0,154,0,0,154,154,154,0,0,0.452576848,0.000205655,,,,,,,,,,,,
7.61,158,158,158,158,12.03041825,0.992187293,-0.018585205,0.00201416,0,1,0,2,0.035644531,0,0,0,0,,,,,6.280793667,0.32557267,-0.268359661,0,-0.325739557,0.268157066,0,0,158,0,0,158,158,158,0,0,0.472781714,0.000206502,,,,,,,,,,,,
7.62,153,153,153,153,12.04680627,0.992177182,-0.018630981,0.00201416,0,1,0,2,0.035644531,0,0,0,0,,,,,6.286078453,0.32557267,-0.268359661,0,-0.325739557,0.268157066,0,0,154,0,0,154,154,154,0,0,0.451909681,0.000207011,,,,,,,,,,,,
7.63,163,163,163,163,12.00872331,0.992167563,-0.018630981,0.00201416,0,1,0,2,0.035644531,0,0,0,0,,,,,6.286078453,0.32557267,-0.268359661,0,-0.325739557,0.268157066,0,0,163,0,0,163,163,163,0,0,0.492706014,0.000207011,,,,,,,,,,,,
7.64,153,153,153,153,12.04641233,0.99215682,-0.018707275,0.002029419,0,1,0,2,0.035644531,0,0,0,0,,,,,6.291363239,0.32557267,-0.268359661,0,-0.325739557,0.268157066,0,0,154,0,0,154,154,154,0,0,0.451356621,0.000207859,,,,,,,,,,,,
7.65,163,163,163,163,12.00832971,0.992147201,-0.018707275,0.002029419,0,1,0,2,0.035644531,0,0,0,0,,,,,6.291363239,0.32557267,-0.268359661,0,-0.325739557,0.268157066,0,0,163,0,0,163,163,163,0,0,0.492152294,0.000207859,,,,,,,,,,,,
7.66,152,152,152,152,12.05009825,0.992136457,-0.018798828,0.002029419,0,1,0,2,0.035644531,0,0,0,0,,,,,6.296647549,0.32557267,-0.268359661,0,-0.325739557,0.268157066,0,0,153,0,0,153,153,153,0,0,0.450805957,0.000208876,,,,,,,,,,,,
7.67,162,162,162,162,12.01225998,0.992126959,-0.018798828,0.002029419,0,1,0,2,0.035644531,0,0,0,0,,,,,6.296647549,0.32557267,-0.268359661,0,-0.325739557,0.268157066,0,0,162,0,0,162,162,162,0,0,0.491597274,0.000208876,,,,,,,,,,,,
7.68,152,152,152,152,12.04971563,0.992116343,-0.018875122,0.002044678,0,1,0,2,0.035644531,0,0,0,0,,,,,6.301932335,0.325705409,-0.267188549,0,-0.325871568,0.266985871,0.023423888,0,153,0,0,153,153,153,0,0,0.45024656,0.000209724,,,,,,,,,,,,
7.69,162,162,162,162,12.01187769,0.992106845,-0.018875122,0.002044678,0,1,0,2,0.035644531,0,0,0,0,,,,,6.301932335,0.325705409,-0.267188549,0,-0.325871568,0.266985871,0,0,162,0,0,162,162,162,0,0,0.491040912,0.000209724,,,,,,,,,,,,
7.7,158,158,158,158,12.02867208,0.992096229,-0.018951416,0.002044678,0,1,0,2,0.035644531,0,0,0,0,,,,,6.30457449,0.325705409,-0.267188549,0,-0.325871568,0.266985871,0,0,158,0,0,158,158,158,0,0,0.470285712,0.000210571,,,,,,,,,,,,
7.71,162,162,162,162,12.01147158,0.992086118,-0.018951416,0.002044678,0,1,0,2,0.035644531,0,0,0,0,,,,,6.30457449,0.325705409,-0.267188549,0,-0.325871568,0.266985871,0,0,162,0,0,162,162,162,0,0,0.490599339,0.000210571,,,,,,,,,,,,
7.72,152,152,152,152,12.04892792,0.992075503,-0.019073486,0.002059937,0,1,0,2,0.035644531,0,0,0,0,,,,,6.309859276,0.325705409,-0.267188549,0,-0.325871568,0.266985871,0,0,153,0,0,153,153,153,0,0,0.449247634,0.000211928,,,,,,,,,,,,
7.73,162,162,162,162,12.01109067,0.992066005,-0.019073486,0.002059937,0,1,0,2,0.035644531,0,0,0,0,,,,,6.309859276,0.325705409,-0.267188549,0,-0.325871568,0.266985871,0,0,162,0,0,162,162,162,0,0,0.490040995,0.000211928,,,,,,,,,,,,
7.74,152,152,152,152,12.04854733,0.992055389,-0.019165039,0.002075195,0,1,0,2,0.035644531,0,0,0,0,,,,,6.315144062,0.325705409,-0.267188549,0,-0.325871568,0.266985871,0,0,153,0,0,153,153,153,0,0,0.44868863,0.000212945,,,,,,,,,,,,
7.75,162,162,162,162,12.01071041,0.992045891,-0.019165039,0.002075195,0,1,0,2,0.035644531,0,0,0,0,,,,,6.315144062,0.325705409,-0.267188549,0,-0.325871568,0.266985871,0,0,162,0,0,162,162,162,0,0,0.48948133,0.000212945,,,,,,,,,,,,
7.76,152,152,152,152,12.04816741,0.992035275,-0.019241333,0.002075195,0,1,0,2,0.035644531,0,0,0,0,,,,,6.320428371,0.325705409,-0.267188549,0,-0.325871568,0.266985871,0,0,153,0,0,153,153,153,0,0,0.44813202,0.000213793,,,,,,,,,,,,
7.77,162,162,162,162,12.01033081,0.992025777,-0.019241333,0.002075195,0,1,0,2,0.035644531,0,0,0,0,,,,,6.320428371,0.325705409,-0.267188549,0,-0.325871568,0.266985871,0,0,162,0,0,162,162,162,0,0,0.488920365,0.000213793,,,,,,,,,,,,
7.78,157,157,157,157,12.03131201,0.992015162,-0.019317627,0.002090454,0,1,0,2,0.035644531,0,0,0,0,,,,,6.323071003,0.325705409,-0.267188549,0,-0.325871568,0.266985871,0,0,157,0,0,157,157,157,0,0,0.468159136,0.00021464,,,,,,,,,,,,
7.79,162,162,162,162,12.00993235,0.992005175,-0.019363403,0.002090454,0,1,0,2,0.035644531,0,0,0,0,,,,,6.323071003,0.325705409,-0.267188549,0,-0.325871568,0.266985871,0,0,162,0,0,162,162,162,0,0,0.488474147,0.000215149,,,,,,,,,,,,
7.8,162,162,162,162,12.00972082,0.991994559,-0.01940918,0.002105713,0,1,0,2,0.035644531,0,0,0,0,,,,,6.323071003,0.325705409,-0.267188549,0,-0.325871568,0.266985871,0,0,162,0,0,162,162,162,0,0,0.488308763,0.000215658,,,,,,,,,,,,
7.81,162,162,162,162,12.00950948,0.991983943,-0.019439697,0.002105713,0,1,0,2,0.035644531,0,0,0,0,,,,,6.323071003,0.325705409,-0.267188549,0,-0.325871568,0.266985871,0,0,162,0,0,162,162,162,0,0,0.488143379,0.000215997,,,,,,,,,,,,
7.82,162,162,162,162,12.00929831,0.991973327,-0.019439697,0.002105713,0,1,0,2,0.035644531,0,0,0,0,,,,,6.323071003,0.325705409,-0.267188549,0,-0.325871568,0.266985871,0,0,162,0,0,162,162,162,0,0,0.487977995,0.000215997,,,,,,,,,,,,
7.83,151,151,151,151,12.05080914,0.991962712,-0.019561768,0.002120972,0,1,0,2,0.035644531,0,0,0,0,,,,,6.328355312,0.325705409,-0.267188549,0,-0.325871568,0.266985871,0,0,152,0,0,152,152,152,0,0,0.446627695,0.000217353,,,,,,,,,,,,
7.84,162,162,162,162,12.00892598,0.991953334,-0.019561768,0.002120972,0,1,0,2,0.035644531,0,0,0,0,,,,,6.328355312,0.325705409,-0.267188549,0,-0.325871568,0.266985871,0,0,162,0,0,162,162,162,0,0,0.487415048,0.000217353,,,,,,,,,,,,
7.85,151,151,151,151,12.05043712,0.991942718,-0.01965332,0.002120972,0,1,0,2,0.035644531,0,0,0,0,,,,,6.333640099,0.325846732,-0.265935659,0,-0.326012111,0.265732894,0.025059546,0,152,0,0,152,152,152,0,0,0.446060371,0.00021837,,,,,,,,,,,,
7.86,161,161,161,161,12.01284605,0.991933341,-0.01965332,0.002120972,0,1,0,2,0.035644531,0,0,0,0,,,,,6.333640099,0.325846732,-0.265935659,0,-0.326012111,0.265732894,0,0,161,0,0,161,161,161,0,0,0.486850759,0.00021837,,,,,,,,,,,,
7.87,161,161,161,161,12.0126408,0.991922852,-0.019683838,0.00213623,0,1,0,2,0.035644531,0,0,0,0,,,,,6.333640099,0.325846732,-0.265935659,0,-0.326012111,0.265732894,0,0,161,0,0,161,161,161,0,0,0.486684054,0.000218709,,,,,,,,,,,,
7.88,161,161,161,161,12.01243573,0.991912364,-0.019729614,0.00213623,0,1,0,2,0.035644531,0,0,0,0,,,,,6.333640099,0.325846732,-0.265935659,0,-0.326012111,0.265732894,0,0,161,0,0,161,161,161,0,0,0.486517349,0.000219218,,,,,,,,,,,,
7.89,161,161,161,161,12.01223084,0.991901876,-0.019729614,0.00213623,0,1,0,2,0.035644531,0,0,0,0,,,,,6.333640099,0.325846732,-0.265935659,0,-0.326012111,0.265732894,0,0,161,0,0,161,161,161,0,0,0.486350644,0.000219218,,,,,,,,,,,,
7.9,161,161,161,161,12.01202613,0.991891387,-0.019775391,0.00213623,0,1,0,2,0.035644531,0,0,0,0,,,,,6.333640099,0.325846732,-0.265935659,0,-0.326012111,0.265732894,0,0,161,0,0,161,161,161,0,0,0.486183939,0.000219727,,,,,,,,,,,,
7.91,151,151,151,151,12.04925163,0.991880899,-0.019851685,0.002151489,0,1,0,2,0.035644531,0,0,0,0,,,,,6.338924885,0.325846732,-0.265935659,0,-0.326012111,0.265732894,0,0,152,0,0,152,152,152,0,0,0.444828601,0.000220574,,,,,,,,,,,,
7.92,161,161,161,161,12.01166159,0.991871521,-0.019851685,0.002151489,0,1,0,2,0.035644531,0,0,0,0,,,,,6.338924885,0.325846732,-0.265935659,0,-0.326012111,0.265732894,0,0,161,0,0,161,161,161,0,0,0.485618329,0.000220574,,,,,,,,,,,,
7.93,161,161,161,161,12.01145737,0.991861033,-0.019973755,0.002166748,0,1,0,2,0.035644531,0,0,0,0,,,,,6.338924885,0.325846732,-0.265935659,0,-0.326012111,0.265732894,0,0,161,0,0,161,161,161,0,0,0.485450963,0.000221931,,,,,,,,,,,,
7.94,161,161,161,161,12.01125333,0.991850544,-0.019973755,0.002166748,0,1,0,2,0.035644531,0,0,0,0,,,,,6.338924885,0.325846732,-0.265935659,0,-0.326012111,0.265732894,0,0,161,0,0,161,161,161,0,0,0.485283597,0.000221931,,,,,,,,,,,,
7.95,161,161,161,161,12.01104947,0.991840056,-0.019973755,0.002166748,0,1,0,2,0.035644531,0,0,0,0,,,,,6.338924885,0.325846732,-0.265935659,0,-0.326012111,0.265732894,0,0,161,0,0,161,161,161,0,0,0.485116232,0.000221931,,,,,,,,,,,,
7.96,161,161,161,161,12.01084578,0.991829567,-0.020095825,0.002182007,0,1,0,2,0.035644531,0,0,0,0,,,,,6.338924885,0.325846732,-0.265935659,0,-0.326012111,0.265732894,0,0,161,0,0,161,161,161,0,0,0.484948866,0.000223287,,,,,,,,,,,,
7.97,161,161,161,161,12.01064227,0.991819079,-0.020126343,0.002182007,0,1,0,2,0.035644531,0,0,0,0,,,,,6.338924885,0.325846732,-0.265935659,0,-0.326012111,0.265732894,0,0,161,0,0,161,161,161,0,0,0.484781501,0.000223626,,,,,,,,,,,,
7.98,161,161,161,161,12.01043894,0.991808591,-0.020172119,0.002182007,0,1,0,2,0.035644531,0,0,0,0,,,,,6.338924885,0.325846732,-0.265935659,0,-0.326012111,0.265732894,0,0,161,0,0,161,161,161,0,0,0.484614135,0.000224135,,,,,,,,,,,,
7.99,161,161,161,161,12.01023579,0.991798102,-0.020172119,0.002182007,0,1,0,2,0.035644531,0,0,0,0,,,,,6.338924885,0.325846732,-0.265935659,0,-0.326012111,0.265732894,0,0,161,0,0,161,161,161,0,0,0.484446769,0.000224135,,,,,,,,,,,,
8,161,161,161,161,12.01003281,0.991787614,-0.020294189,0.002197266,0,1,0,2,0.035644531,0,0,0,0,,,,,6.338924885,0.325846732,-0.265935659,0,-0.326012111,0.265732894,0,0,161,0,0,161,161,161,0,0,0.484279404,0.000225491,,,,,,,,,,,,
8.01,161,161,161,161,12.00983001,0.991777125,-0.020324707,0.002197266,0,1,0,2,0.035644531,0,0,0,0,,,,,6.338924885,0.325846732,-0.265935659,0,-0.326012111,0.265732894,0,0,161,0,0,161,161,161,0,0,0.484112038,0.00022583,,,,,,,,,,,,
8.02,161,161,161,161,12.00962739,0.991766637,-0.020370483,0.002212524,0,1,0,2,0.035644531,0,0,0,0,,,,,6.338924885,0.325846732,-0.265935659,0,-0.326012111,0.265732894,0,0,161,0,0,161,161,161,0,0,0.483944673,0.000226339,,,,,,,,,,,,
8.03,161,161,161,161,12.00942494,0.991756149,-0.020370483,0.002212524,0,1,0,2,0.035644531,0,0,0,0,,,,,6.338924885,0.325846732,-0.265935659,0,-0.326012111,0.265732894,0,0,161,0,0,161,161,161,0,0,0.483777307,0.000226339,,,,,,,,,,,,
8.04,161,161,161,161,12.00922267,0.99174566,-0.020446777,0.002212524,0,1,0,2,0.035644531,0,0,0,0,,,,,6.338924885,0.325997204,-0.264595509,0,-0.326161749,0.26439265,0.026804884,0,161,0,0,161,161,161,0,0,0.483609941,0.000227186,,,,,,,,,,,,
8.05,161,161,161,161,12.00902058,0.991735172,-0.020446777,0.002212524,0,1,0,2,0.035644531,0,0,0,0,,,,,6.338924885,0.325997204,-0.264595509,0,-0.326161749,0.26439265,0,0,161,0,0,161,161,161,0,0,0.483442576,0.000227186,,,,,,,,,,,,
8.06,161,161,161,161,12.00881866,0.991724683,-0.02053833,0.002227783,0,1,0,2,0.035644531,0,0,0,0,,,,,6.338924885,0.325997204,-0.264595509,0,-0.326161749,0.26439265,0,0,161,0,0,161,161,161,0,0,0.48327521,0.000228204,,,,,,,,,,,,
8.07,161,161,161,161,12.00861691,0.991714195,-0.02053833,0.002227783,0,1,0,2,0.035644531,0,0,0,0,,,,,6.338924885,0.325997204,-0.264595509,0,-0.326161749,0.26439265,0,0,161,0,0,161,161,161,0,0,0.483107844,0.000228204,,,,,,,,,,,,
8.08,169,169,169,169,11.97333714,0.991703707,-0.020614624,0.002243042,0,1,0,2,0.035644531,0,0,0,0,,,,,6.333640099,0.325997204,-0.264595509,0,-0.326161749,0.26439265,0,0,169,0,0,169,169,169,0,0,0.524129112,0.000229051,,,,,,,,,,,,
8.09,161,161,161,161,12.00817239,0.991692177,-0.020614624,0.002243042,0,1,0,2,0.035644531,0,0,0,0,,,,,6.333640099,0.325997204,-0.264595509,0,-0.326161749,0.26439265,0,0,161,0,0,161,161,161,0,0,0.483005314,0.000229051,,,,,,,,,,,,
8.1,161,161,161,161,12.00797121,0.991681689,-0.020706177,0.002243042,0,1,0,2,0.035644531,0,0,0,0,,,,,6.333640099,0.325997204,-0.264595509,0,-0.326161749,0.26439265,0,0,161,0,0,161,161,161,0,0,0.482838609,0.000230069,,,,,,,,,,,,
8.11,161,161,161,161,12.00777021,0.9916712,-0.020706177,0.002243042,0,1,0,2,0.035644531,0,0,0,0,,,,,6.333640099,0.325997204,-0.264595509,0,-0.326161749,0.26439265,0,0,161,0,0,161,161,161,0,0,0.482671904,0.000230069,,,,,,,,,,,,
8.12,160,160,160,160,12.01183457,0.991660712,-0.020782471,0.002258301,0,1,0,2,0.035644531,0,0,0,0,,,,,6.333640099,0.325997204,-0.264595509,0,-0.326161749,0.26439265,0,0,160,0,0,160,160,160,0,0,0.482505199,0.000230916,,,,,,,,,,,,
8.13,160,160,160,160,12.01163897,0.99165035,-0.020782471,0.002258301,0,1,0,2,0.035644531,0,0,0,0,,,,,6.333640099,0.325997204,-0.264595509,0,-0.326161749,0.26439265,0,0,160,0,0,160,160,160,0,0,0.482338493,0.000230916,,,,,,,,,,,,
8.14,169,169,169,169,11.97210015,0.991639988,-0.020904541,0.00227356,0,1,0,2,0.035644531,0,0,0,0,,,,,6.328355312,0.325997204,-0.264595509,0,-0.326161749,0.26439265,0,0,169,0,0,169,169,169,0,0,0.523360421,0.000232273,,,,,,,,,,,,
8.15,160,160,160,160,12.01120166,0.991628459,-0.020904541,0.00227356,0,1,0,2,0.035644531,0,0,0,0,,,,,6.328355312,0.325997204,-0.264595509,0,-0.326161749,0.26439265,0,0,160,0,0,160,160,160,0,0,0.482237284,0.000232273,,,,,,,,,,,,
8.16,160,160,160,160,12.01100661,0.991618097,-0.020950317,0.00227356,0,1,0,2,0.035644531,0,0,0,0,,,,,6.328355312,0.325997204,-0.264595509,0,-0.326161749,0.26439265,0,0,160,0,0,160,160,160,0,0,0.482071239,0.000232781,,,,,,,,,,,,
8.17,169,169,169,169,11.97146834,0.991607735,-0.021026611,0.002288818,0,1,0,2,0.035644531,0,0,0,0,,,,,6.323071003,0.325997204,-0.264595509,0,-0.326161749,0.26439265,0,0,169,0,0,169,169,169,0,0,0.523090111,0.000233629,,,,,,,,,,,,
8.18,160,160,160,160,12.01057041,0.991596206,-0.021026611,0.002288818,0,1,0,2,0.035644531,0,0,0,0,,,,,6.323071003,0.325997204,-0.264595509,0,-0.326161749,0.26439265,0,0,160,0,0,160,160,160,0,0,0.48197133,0.000233629,,,,,,,,,,,,
8.19,160,160,160,160,12.01037591,0.991585844,-0.021026611,0.002288818,0,1,0,2,0.035644531,0,0,0,0,,,,,6.323071003,0.325997204,-0.264595509,0,-0.326161749,0.26439265,0,0,160,0,0,160,160,160,0,0,0.481805946,0.000233629,,,,,,,,,,,,
8.2,165,165,165,165,11.98858988,0.991575482,-0.021148682,0.002304077,0,1,0,2,0.035644531,0,0,0,0,,,,,6.320428371,0.325997204,-0.264595509,0,-0.326161749,0.26439265,0,0,165,0,0,165,165,165,0,0,0.502236737,0.000234985,,,,,,,,,,,,
8.21,160,160,160,160,12.00996183,0.991564479,-0.021148682,0.002304077,0,1,0,2,0.035644531,0,0,0,0,,,,,6.320428371,0.325997204,-0.264595509,0,-0.326161749,0.26439265,0,0,160,0,0,160,160,160,0,0,0.481591289,0.000234985,,,,,,,,,,,,
8.22,160,160,160,160,12.00976786,0.991554118,-0.021224976,0.002304077,0,1,0,2,0.035644531,0,0,0,0,,,,,6.320428371,0.325997204,-0.264595509,0,-0.326161749,0.26439265,0,0,160,0,0,160,160,160,0,0,0.481426235,0.000235833,,,,,,,,,,,,
8.23,160,160,160,160,12.00957406,0.991543756,-0.021224976,0.002304077,0,1,0,2,0.035644531,0,0,0,0,,,,,6.320428371,0.325997204,-0.264595509,0,-0.326161749,0.26439265,0,0,160,0,0,160,160,160,0,0,0.481261182,0.000235833,,,,,,,,,,,,
8.24,169,169,169,169,11.97003704,0.991533394,-0.021316528,0.002319336,0,1,0,2,0.035644531,0,0,0,0,,,,,6.315144062,0.326157093,-0.263167143,0,-0.32632075,0.262964185,0.028569298,0,169,0,0,169,169,169,0,0,0.522281045,0.00023685,,,,,,,,,,,,
8.25,160,160,160,160,12.00914035,0.991521865,-0.021316528,0.002319336,0,1,0,2,0.035644531,0,0,0,0,,,,,6.315144062,0.326157093,-0.263167143,0,-0.32632075,0.262964185,0,0,160,0,0,160,160,160,0,0,0.481163254,0.00023685,,,,,,,,,,,,
8.26,169,169,169,169,11.9696037,0.991511503,-0.021392822,0.002319336,0,1,0,2,0.035644531,0,0,0,0,,,,,6.309859276,0.326157093,-0.263167143,0,-0.32632075,0.262964185,0,0,169,0,0,169,169,169,0,0,0.522187494,0.000237698,,,,,,,,,,,,
8.27,160,160,160,160,12.00870739,0.991499973,-0.021392822,0.002319336,0,1,0,2,0.035644531,0,0,0,0,,,,,6.309859276,0.326157093,-0.263167143,0,-0.32632075,0.262964185,0,0,160,0,0,160,160,160,0,0,0.481066668,0.000237698,,,,,,,,,,,,
8.28,169,169,169,169,11.96917112,0.991489611,-0.021469116,0.002334595,0,1,0,2,0.035644531,0,0,0,0,,,,,6.30457449,0.326157093,-0.263167143,0,-0.32632075,0.262964185,0,0,169,0,0,169,169,169,0,0,0.522091569,0.000238546,,,,,,,,,,,,
8.29,160,160,160,160,12.00827519,0.991478082,-0.021469116,0.002334595,0,1,0,2,0.035644531,0,0,0,0,,,,,6.30457449,0.326157093,-0.263167143,0,-0.32632075,0.262964185,0,0,160,0,0,160,160,160,0,0,0.480971404,0.000238546,,,,,,,,,,,,
8.3,165,165,165,165,11.986491,0.99146772,-0.021591187,0.002349854,0,1,0,2,0.035644531,0,0,0,0,,,,,6.301932335,0.326157093,-0.263167143,0,-0.32632075,0.262964185,0,0,165,0,0,165,165,165,0,0,0.50140079,0.000239902,,,,,,,,,,,,
8.31,160,160,160,160,12.00786478,0.991456718,-0.021591187,0.002349854,0,1,0,2,0.035644531,0,0,0,0,,,,,6.301932335,0.326157093,-0.263167143,0,-0.32632075,0.262964185,0,0,160,0,0,160,160,160,0,0,0.48076135,0.000239902,,,,,,,,,,,,
8.32,169,169,169,169,11.96832924,0.991446356,-0.02166748,0.002365112,0,1,0,2,0.035644531,0,0,0,0,,,,,6.296647549,0.326157093,-0.263167143,0,-0.32632075,0.262964185,0,0,169,0,0,169,169,169,0,0,0.521787241,0.00024075,,,,,,,,,,,,
8.33,160,160,160,160,12.00743404,0.991434826,-0.02166748,0.002365112,0,1,0,2,0.035644531,0,0,0,0,,,,,6.296647549,0.326157093,-0.263167143,0,-0.32632075,0.262964185,0,0,160,0,0,160,160,160,0,0,0.480668067,0.00024075,,,,,,,,,,,,
8.34,169,169,169,169,11.96789888,0.991424464,-0.021743774,0.002365112,0,1,0,2,0.035644531,0,0,0,0,,,,,6.291363239,0.326157093,-0.263167143,0,-0.32632075,0.262964185,0,0,169,0,0,169,169,169,0,0,0.521690903,0.000241597,,,,,,,,,,,,
8.35,160,160,160,160,12.00700406,0.991412935,-0.021743774,0.002365112,0,1,0,2,0.035644531,0,0,0,0,,,,,6.291363239,0.326157093,-0.263167143,0,-0.32632075,0.262964185,0,0,160,0,0,160,160,160,0,0,0.480576084,0.000241597,,,,,,,,,,,,
8.36,169,169,169,169,11.96746928,0.991402573,-0.021835327,0.002380371,0,1,0,2,0.035644531,0,0,0,0,,,,,6.286078453,0.326157093,-0.263167143,0,-0.32632075,0.262964185,0,0,169,0,0,169,169,169,0,0,0.521603297,0.000242615,,,,,,,,,,,,
8.37,160,160,160,160,12.00657483,0.991391044,-0.021835327,0.002380371,0,1,0,2,0.035644531,0,0,0,0,,,,,6.286078453,0.326157093,-0.263167143,0,-0.32632075,0.262964185,0,0,160,0,0,160,160,160,0,0,0.480485444,0.000242615,,,,,,,,,,,,
8.38,169,169,169,169,11.96704042,0.991380682,-0.021911621,0.002380371,0,1,0,2,0.035644531,0,0,0,0,,,,,6.280793667,0.326157093,-0.263167143,0,-0.32632075,0.262964185,0,0,169,0,0,169,169,169,0,0,0.521513317,0.000243462,,,,,,,,,,,,
8.39,160,160,160,160,12.00614635,0.991369153,-0.021911621,0.002380371,0,1,0,2,0.035644531,0,0,0,0,,,,,6.280793667,0.326157093,-0.263167143,0,-0.32632075,0.262964185,0,0,160,0,0,160,160,160,0,0,0.480396125,0.000243462,,,,,,,,,,,,
8.4,174,174,174,174,11.94843542,0.991358791,-0.021987915,0.00239563,0,1,0,2,0.035644531,0,0,0,0,,,,,6.272866726,0.326157093,-0.263167143,0,-0.32632075,0.262964185,0,0,173,0,0,173,173,173,0,0,0.542017117,0.00024431,,,,,,,,,,,,
8.41,160,160,160,160,12.00569707,0.991346722,-0.022033691,0.00239563,0,1,0,2,0.035644531,0,0,0,0,,,,,6.272866726,0.326157093,-0.263167143,0,-0.32632075,0.262964185,0,0,160,0,0,160,160,160,0,0,0.480424216,0.000244819,,,,,,,,,,,,
8.42,169,169,169,169,11.96616343,0.99133636,-0.022079468,0.002410889,0,1,0,2,0.035644531,0,0,0,0,,,,,6.267582417,0.326326698,-0.261646986,0,-0.326489409,0.261443923,0.030405242,0,169,0,0,169,169,169,0,0,0.521450024,0.000245327,,,,,,,,,,,,
8.43,160,160,160,160,12.00527012,0.991324831,-0.022079468,0.002410889,0,1,0,2,0.035644531,0,0,0,0,,,,,6.267582417,0.326326698,-0.261646986,0,-0.326489409,0.261443923,0,0,160,0,0,160,160,160,0,0,0.480338179,0.000245327,,,,,,,,,,,,
8.44,169,169,169,169,11.96573685,0.991314469,-0.022155762,0.002410889,0,1,0,2,0.035644531,0,0,0,0,,,,,6.26229763,0.326326698,-0.261646986,0,-0.326489409,0.261443923,0,0,169,0,0,169,169,169,0,0,0.521368364,0.000246175,,,,,,,,,,,,
8.45,160,160,160,160,12.00484391,0.991302939,-0.022155762,0.002410889,0,1,0,2,0.035644531,0,0,0,0,,,,,6.26229763,0.326326698,-0.261646986,0,-0.326489409,0.261443923,0,0,160,0,0,160,160,160,0,0,0.480253484,0.000246175,,,,,,,,,,,,
8.46,174,174,174,174,11.94713413,0.991292577,-0.022247314,0.002426147,0,1,0,2,0.035644531,0,0,0,0,,,,,6.254370689,0.326326698,-0.261646986,0,-0.326489409,0.261443923,0,0,173,0,0,173,173,173,0,0,0.541876788,0.000247192,,,,,,,,,,,,
8.47,160,160,160,160,12.00439691,0.991280509,-0.022247314,0.002426147,0,1,0,2,0.035644531,0,0,0,0,,,,,6.254370689,0.326326698,-0.261646986,0,-0.326489409,0.261443923,0,0,160,0,0,160,160,160,0,0,0.480286199,0.000247192,,,,,,,,,,,,
8.48,169,169,169,169,11.9648644,0.991270147,-0.022323608,0.002426147,0,1,0,2,0.035644531,0,0,0,0,,,,,6.249085903,0.326326698,-0.261646986,0,-0.326489409,0.261443923,0,0,169,0,0,169,169,169,0,0,0.521318036,0.00024804,,,,,,,,,,,,
8.49,160,160,160,160,12.00397223,0.991258617,-0.022323608,0.002426147,0,1,0,2,0.035644531,0,0,0,0,,,,,6.249085903,0.326326698,-0.261646986,0,-0.326489409,0.261443923,0,0,160,0,0,160,160,160,0,0,0.480204807,0.00024804,,,,,,,,,,,,
8.5,170,170,170,170,11.96444009,0.991248256,-0.022369385,0.002441406,0,1,0,2,0.035644531,0,0,0,0,,,,,6.243801117,0.326326698,-0.261646986,0,-0.326489409,0.261443923,0,0,169,0,0,169,169,169,0,0,0.521237304,0.000248549,,,,,,,,,,,,
8.51,174,174,174,174,11.94602801,0.991236726,-0.022491455,0.002456665,0,1,0,2,0.035644531,0,0,0,0,,,,,6.235874176,0.326326698,-0.261646986,0,-0.326489409,0.261443923,0,0,173,0,0,173,173,173,0,0,0.541905827,0.000249905,,,,,,,,,,,,
8.52,160,160,160,160,12.00329176,0.991224657,-0.022491455,0.002456665,0,1,0,2,0.035644531,0,0,0,0,,,,,6.235874176,0.326326698,-0.261646986,0,-0.326489409,0.261443923,0,0,160,0,0,160,160,160,0,0,0.48031755,0.000249905,,,,,,,,,,,,
8.53,178,178,178,178,11.92698125,0.991214295,-0.022567749,0.002456665,0,1,0,2,0.035644531,0,0,0,0,,,,,6.22530508,0.326326698,-0.261646986,0,-0.326489409,0.261443923,0,0,177,0,0,177,177,177,0,0,0.562536616,0.000250753,,,,,,,,,,,,
8.54,170,170,170,170,11.96348204,0.991201674,-0.022613525,0.002471924,0,1,0,2,0.035644531,0,0,0,0,,,,,6.220020294,0.326326698,-0.261646986,0,-0.326489409,0.261443923,0,0,169,0,0,169,169,169,0,0,0.521661594,0.000251261,,,,,,,,,,,,
8.55,160,160,160,160,12.00259107,0.991190145,-0.022659302,0.002471924,0,1,0,2,0.035644531,0,0,0,0,,,,,6.220020294,0.326326698,-0.261646986,0,-0.326489409,0.261443923,0,0,160,0,0,160,160,160,0,0,0.480551999,0.00025177,,,,,,,,,,,,
8.56,174,174,174,174,11.94488326,0.991179783,-0.022735596,0.002487183,0,1,0,2,0.035644531,0,0,0,0,,,,,6.212093353,0.326326698,-0.261646986,0,-0.326489409,0.261443923,0,0,173,0,0,173,173,173,0,0,0.542180587,0.000252618,,,,,,,,,,,,
8.57,160,160,160,160,12.00214801,0.991167714,-0.022735596,0.002487183,0,1,0,2,0.035644531,0,0,0,0,,,,,6.212093353,0.326326698,-0.261646986,0,-0.326489409,0.261443923,0,0,160,0,0,160,160,160,0,0,0.480595284,0.000252618,,,,,,,,,,,,
8.58,170,170,170,170,11.96261747,0.991157353,-0.02281189,0.002487183,0,1,0,2,0.035644531,0,0,0,0,,,,,6.206809044,0.326326698,-0.261646986,0,-0.326489409,0.261443923,0,0,169,0,0,169,169,169,0,0,0.521628688,0.000253465,,,,,,,,,,,,
8.59,160,160,160,160,12.00172725,0.991145823,-0.02281189,0.002487183,0,1,0,2,0.035644531,0,0,0,0,,,,,6.206809044,0.326326698,-0.261646986,0,-0.326489409,0.261443923,0,0,160,0,0,160,160,160,0,0,0.48052444,0.000253465,,,,,,,,,,,,
8.6,178,178,178,178,11.92541812,0.991135461,-0.022888184,0.002502441,0,1,0,2,0.035644531,0,0,0,0,,,,,6.196239471,0.326506436,-0.2600317,0,-0.326668142,0.259828525,0.032307948,0,177,0,0,177,177,177,0,0,0.562750854,0.000254313,,,,,,,,,,,,
8.61,160,160,160,160,12.00126366,0.99112284,-0.022888184,0.002502441,0,1,0,2,0.035644531,0,0,0,0,,,,,6.196239471,0.326506436,-0.2600317,0,-0.326668142,0.259828525,0,0,160,0,0,160,160,160,0,0,0.480687138,0.000254313,,,,,,,,,,,,
8.62,160,160,160,160,12.00107728,0.991112479,-0.022888184,0.002502441,0,1,0,2,0.035644531,0,0,0,0,,,,,6.196239471,0.326506436,-0.2600317,0,-0.326668142,0.259828525,0,0,160,0,0,160,160,160,0,0,0.480537608,0.000254313,,,,,,,,,,,,
8.63,174,174,174,174,11.94337078,0.991102117,-0.022964478,0.002502441,0,1,0,2,0.035644531,0,0,0,0,,,,,6.188312531,0.326506436,-0.2600317,0,-0.326668142,0.259828525,0,0,173,0,0,173,173,173,0,0,0.542169169,0.000255161,,,,,,,,,,,,
8.64,160,160,160,160,12.00063685,0.991090048,-0.022964478,0.002502441,0,1,0,2,0.035644531,0,0,0,0,,,,,6.188312531,0.326506436,-0.2600317,0,-0.326668142,0.259828525,0,0,160,0,0,160,160,160,0,0,0.480586838,0.000255161,,,,,,,,,,,,
8.65,179,179,179,179,11.91961171,0.991079686,-0.023040771,0.0025177,0,1,0,2,0.035644531,0,0,0,0,,,,,6.177743435,0.326506436,-0.2600317,0,-0.326668142,0.259828525,0,0,178,0,0,178,178,178,0,0,0.562811848,0.000256009,,,,,,,,,,,,
8.66,160,160,160,160,12.00016957,0.991066925,-0.023040771,0.0025177,0,1,0,2,0.035644531,0,0,0,0,,,,,6.177743435,0.326506436,-0.2600317,0,-0.326668142,0.259828525,0,0,160,0,0,160,160,160,0,0,0.48075414,0.000256009,,,,,,,,,,,,
8.67,165,165,165,165,11.97839244,0.991056563,-0.023132324,0.002532959,0,1,0,2,0.035644531,0,0,0,0,,,,,6.175100803,0.326506436,-0.2600317,0,-0.326668142,0.259828525,0,0,165,0,0,165,165,165,0,0,0.501203096,0.000257026,,,,,,,,,,,,
8.68,179,179,179,179,11.91893398,0.991045561,-0.023208618,0.002532959,0,1,0,2,0.035644531,0,0,0,0,,,,,6.164531708,0.326506436,-0.2600317,0,-0.326668142,0.259828525,0,0,178,0,0,178,178,178,0,0,0.562949364,0.000257874,,,,,,,,,,,,
8.69,160,160,160,160,11.99949243,0.9910328,-0.023208618,0.002532959,0,1,0,2,0.035644531,0,0,0,0,,,,,6.164531708,0.326506436,-0.2600317,0,-0.326668142,0.259828525,0,0,160,0,0,160,160,160,0,0,0.480893306,0.000257874,,,,,,,,,,,,
8.7,179,179,179,179,11.91846829,0.991022438,-0.023284912,0.002548218,0,1,0,2,0.035644531,0,0,0,0,,,,,6.153962612,0.326506436,-0.2600317,0,-0.326668142,0.259828525,0,0,178,0,0,178,178,178,0,0,0.563121289,0.000258721,,,,,,,,,,,,
8.71,160,160,160,160,11.99902715,0.991009677,-0.023284912,0.002548218,0,1,0,2,0.035644531,0,0,0,0,,,,,6.153962612,0.326506436,-0.2600317,0,-0.326668142,0.259828525,0,0,160,0,0,160,160,160,0,0,0.481066553,0.000258721,,,,,,,,,,,,
8.72,165,165,165,165,11.97725103,0.990999315,-0.023361206,0.002563477,0,1,0,2,0.035644531,0,0,0,0,,,,,6.151319981,0.326506436,-0.2600317,0,-0.326668142,0.259828525,0,0,165,0,0,165,165,165,0,0,0.501518482,0.000259569,,,,,,,,,,,,
8.73,160,160,160,160,11.99863287,0.990988313,-0.023361206,0.002563477,0,1,0,2,0.035644531,0,0,0,0,,,,,6.151319981,0.326506436,-0.2600317,0,-0.326668142,0.259828525,0,0,160,0,0,160,160,160,0,0,0.480894173,0.000259569,,,,,,,,,,,,
8.74,188,188,188,188,11.87891716,0.990977951,-0.023483276,0.002578735,0,1,0,2,0.035644531,0,0,0,0,,,,,6.135466099,0.326506436,-0.2600317,0,-0.326668142,0.259828525,0,0,186,0,0,186,186,186,0,0,0.60431244,0.000260925,,,,,,,,,,,,
8.75,160,160,160,160,11.99812324,0.990964042,-0.023483276,0.002578735,0,1,0,2,0.035644531,0,0,0,0,,,,,6.135466099,0.326506436,-0.2600317,0,-0.326668142,0.259828525,0,0,160,0,0,160,160,160,0,0,0.481302923,0.000260925,,,,,,,,,,,,
8.76,174,174,174,174,11.94041933,0.99095368,-0.023574829,0.002578735,0,1,0,2,0.035644531,0,0,0,0,,,,,6.127539158,0.326506436,-0.2600317,0,-0.326668142,0.259828525,0,0,173,0,0,173,173,173,0,0,0.542942081,0.000261943,,,,,,,,,,,,
8.77,160,160,160,160,11.99768798,0.990941611,-0.023574829,0.002578735,0,1,0,2,0.035644531,0,0,0,0,,,,,6.127539158,0.326506436,-0.2600317,0,-0.326668142,0.259828525,0,0,160,0,0,160,160,160,0,0,0.481367346,0.000261943,,,,,,,,,,,,
8.78,179,179,179,179,11.91666541,0.990931249,-0.023651123,0.002593994,0,1,0,2,0.035644531,0,0,0,0,,,,,6.116970062,0.326506436,-0.2600317,0,-0.326668142,0.259828525,0,0,178,0,0,178,178,178,0,0,0.563599954,0.00026279,,,,,,,,,,,,
8.79,160,160,160,160,11.99722584,0.990918488,-0.023651123,0.002593994,0,1,0,2,0.035644531,0,0,0,0,,,,,6.116970062,0.326506436,-0.2600317,0,-0.326668142,0.259828525,0,0,160,0,0,160,160,160,0,0,0.481549841,0.00026279,,,,,,,,,,,,
8.8,174,174,174,174,11.93952271,0.990908126,-0.023742676,0.002593994,0,1,0,2,0.035644531,0,0,0,0,,,,,6.109043121,0.326697081,-0.258314371,0,-0.326857719,0.258111078,0.034348946,0,173,0,0,173,173,173,0,0,0.543191311,0.000263808,,,,,,,,,,,,
8.81,160,160,160,160,11.99679214,0.990896057,-0.023742676,0.002593994,0,1,0,2,0.035644531,0,0,0,0,,,,,6.109043121,0.326697081,-0.258314371,0,-0.326857719,0.258111078,0,0,160,0,0,160,160,160,0,0,0.481618889,0.000263808,,,,,,,,,,,,
8.82,179,179,179,179,11.91577036,0.990885696,-0.02381897,0.002609253,0,1,0,2,0.035644531,0,0,0,0,,,,,6.098473549,0.326697081,-0.258314371,0,-0.326857719,0.258111078,0,0,178,0,0,178,178,178,0,0,0.563857524,0.000264655,,,,,,,,,,,,
8.83,160,160,160,160,11.99633157,0.990872935,-0.02381897,0.002609253,0,1,0,2,0.035644531,0,0,0,0,,,,,6.098473549,0.326697081,-0.258314371,0,-0.326857719,0.258111078,0,0,160,0,0,160,160,160,0,0,0.481806029,0.000264655,,,,,,,,,,,,
8.84,175,175,175,175,11.93401856,0.990862573,-0.023910522,0.002624512,0,1,0,2,0.035644531,0,0,0,0,,,,,6.090546608,0.326697081,-0.258314371,0,-0.326857719,0.258111078,0,0,174,0,0,174,174,174,0,0,0.543449811,0.000265672,,,,,,,,,,,,
8.85,170,170,170,170,11.95655057,0.990850367,-0.02394104,0.002624512,0,1,0,2,0.035644531,0,0,0,0,,,,,6.085262299,0.326697081,-0.258314371,0,-0.326857719,0.258111078,0,0,169,0,0,169,169,169,0,0,0.523064617,0.000266012,,,,,,,,,,,,
8.86,160,160,160,160,11.99566566,0.990838838,-0.023986816,0.002624512,0,1,0,2,0.035644531,0,0,0,0,,,,,6.085262299,0.326697081,-0.258314371,0,-0.326857719,0.258111078,0,0,160,0,0,160,160,160,0,0,0.481975561,0.00026652,,,,,,,,,,,,
8.87,160,160,160,160,11.99548417,0.990828476,-0.023986816,0.002624512,0,1,0,2,0.035644531,0,0,0,0,,,,,6.085262299,0.326697081,-0.258314371,0,-0.326857719,0.258111078,0,0,160,0,0,160,160,160,0,0,0.481839903,0.00026652,,,,,,,,,,,,
8.88,179,179,179,179,11.91446352,0.990818114,-0.02406311,0.002639771,0,1,0,2,0.035644531,0,0,0,0,,,,,6.074692726,0.326697081,-0.258314371,0,-0.326857719,0.258111078,0,0,178,0,0,178,178,178,0,0,0.564081511,0.000267368,,,,,,,,,,,,
8.89,160,160,160,160,11.99502587,0.990805353,-0.02406311,0.002639771,0,1,0,2,0.035644531,0,0,0,0,,,,,6.074692726,0.326697081,-0.258314371,0,-0.326857719,0.258111078,0,0,160,0,0,160,160,160,0,0,0.482032988,0.000267368,,,,,,,,,,,,
8.9,184,184,184,184,11.89487206,0.990794991,-0.024200439,0.002655029,0,1,0,2,0.035644531,0,0,0,0,,,,,6.061481476,0.326697081,-0.258314371,0,-0.326857719,0.258111078,0,0,182,0,0,182,182,182,0,0,0.58486466,0.000268894,,,,,,,,,,,,
8.91,160,160,160,160,11.9945457,0.990781663,-0.024200439,0.002655029,0,1,0,2,0.035644531,0,0,0,0,,,,,6.061481476,0.326697081,-0.258314371,0,-0.326857719,0.258111078,0,0,160,0,0,160,160,160,0,0,0.482344784,0.000268894,,,,,,,,,,,,
8.92,179,179,179,179,11.91352588,0.990771301,-0.024276733,0.002655029,0,1,0,2,0.035644531,0,0,0,0,,,,,6.050911903,0.326697081,-0.258314371,0,-0.326857719,0.258111078,0,0,178,0,0,178,178,178,0,0,0.564589365,0.000269741,,,,,,,,,,,,
8.93,160,160,160,160,11.99408905,0.99075854,-0.024276733,0.002655029,0,1,0,2,0.035644531,0,0,0,0,,,,,6.050911903,0.326697081,-0.258314371,0,-0.326857719,0.258111078,0,0,160,0,0,160,160,160,0,0,0.482543815,0.000269741,,,,,,,,,,,,
8.94,175,175,175,175,11.93177799,0.990748178,-0.024353027,0.002670288,0,1,0,2,0.035644531,0,0,0,0,,,,,6.042984962,0.326697081,-0.258314371,0,-0.326857719,0.258111078,0,0,174,0,0,174,174,174,0,0,0.544193542,0.000270589,,,,,,,,,,,,
8.95,160,160,160,160,11.99365535,0.990735972,-0.024353027,0.002670288,0,1,0,2,0.035644531,0,0,0,0,,,,,6.042984962,0.326697081,-0.258314371,0,-0.326857719,0.258111078,0,0,160,0,0,160,160,160,0,0,0.482629377,0.000270589,,,,,,,,,,,,
8.96,179,179,179,179,11.9126363,0.99072561,-0.02444458,0.002685547,0,1,0,2,0.035644531,0,0,0,0,,,,,6.032415867,0.326697081,-0.258314371,0,-0.326857719,0.258111078,0,0,178,0,0,178,178,178,0,0,0.564872553,0.000271606,,,,,,,,,,,,
8.97,161,161,161,161,11.98893506,0.99071285,-0.02444458,0.002685547,0,1,0,2,0.035644531,0,0,0,0,,,,,6.032415867,0.326697081,-0.258314371,0,-0.326857719,0.258111078,0,0,161,0,0,161,161,161,0,0,0.48283301,0.000271606,,,,,,,,,,,,
8.98,175,175,175,175,11.93088492,0.990702361,-0.024520874,0.002685547,0,1,0,2,0.035644531,0,0,0,0,,,,,6.024488926,0.326899201,-0.256491661,0,-0.327058705,0.256288243,0.036456709,0,174,0,0,174,174,174,0,0,0.544485049,0.000272454,,,,,,,,,,,,
8.99,161,161,161,161,11.98849786,0.990690155,-0.024520874,0.002685547,0,1,0,2,0.035644531,0,0,0,0,,,,,6.024488926,0.326899201,-0.256491661,0,-0.327058705,0.256288243,0,0,161,0,0,161,161,161,0,0,0.482923196,0.000272454,,,,,,,,,,,,
9,179,179,179,179,11.91173973,0.990679667,-0.024597168,0.002700806,0,1,0,2,0.035644531,0,0,0,0,,,,,6.013919353,0.326899201,-0.256491661,0,-0.327058705,0.256288243,0,0,178,0,0,178,178,178,0,0,0.565172401,0.000273302,,,,,,,,,,,,
9.01,161,161,161,161,11.98803926,0.990666906,-0.024597168,0.002700806,0,1,0,2,0.035644531,0,0,0,0,,,,,6.013919353,0.326899201,-0.256491661,0,-0.327058705,0.256288243,0,0,161,0,0,161,161,161,0,0,0.483131474,0.000273302,,,,,,,,,,,,
9.02,175,175,175,175,11.9299899,0.990656418,-0.024673462,0.002716064,0,1,0,2,0.035644531,0,0,0,0,,,,,6.005992413,0.326899201,-0.256491661,0,-0.327058705,0.256288243,0,0,174,0,0,174,174,174,0,0,0.544785826,0.00027415,,,,,,,,,,,,
9.03,161,161,161,161,11.98760363,0.990644212,-0.024673462,0.002716064,0,1,0,2,0.035644531,0,0,0,0,,,,,6.005992413,0.326899201,-0.256491661,0,-0.327058705,0.256288243,0,0,161,0,0,161,161,161,0,0,0.483226285,0.00027415,,,,,,,,,,,,
9.04,179,179,179,179,11.91084627,0.990633724,-0.024749756,0.002716064,0,1,0,2,0.035644531,0,0,0,0,,,,,5.995423317,0.326899201,-0.256491661,0,-0.327058705,0.256288243,0,0,178,0,0,178,178,178,0,0,0.565474085,0.000274997,,,,,,,,,,,,
9.05,161,161,161,161,11.98714659,0.990620963,-0.024749756,0.002716064,0,1,0,2,0.035644531,0,0,0,0,,,,,5.995423317,0.326899201,-0.256491661,0,-0.327058705,0.256288243,0,0,161,0,0,161,161,161,0,0,0.483439166,0.000274997,,,,,,,,,,,,
9.06,184,184,184,184,11.89125606,0.990610474,-0.024871826,0.002731323,0,1,0,2,0.035644531,0,0,0,0,,,,,5.98221159,0.326899201,-0.256491661,0,-0.327058705,0.256288243,0,0,182,0,0,182,182,182,0,0,0.586284462,0.000276354,,,,,,,,,,,,
9.07,161,161,161,161,11.98666767,0.990597146,-0.024871826,0.002731323,0,1,0,2,0.035644531,0,0,0,0,,,,,5.98221159,0.326899201,-0.256491661,0,-0.327058705,0.256288243,0,0,161,0,0,161,161,161,0,0,0.483770801,0.000276354,,,,,,,,,,,,
9.08,179,179,179,179,11.90991113,0.990586657,-0.02494812,0.002746582,0,1,0,2,0.035644531,0,0,0,0,,,,,5.971642494,0.326899201,-0.256491661,0,-0.327058705,0.256288243,0,0,178,0,0,178,178,178,0,0,0.566021574,0.000277201,,,,,,,,,,,,
9.09,161,161,161,161,11.98621227,0.990573896,-0.02494812,0.002746582,0,1,0,2,0.035644531,0,0,0,0,,,,,5.971642494,0.326899201,-0.256491661,0,-0.327058705,0.256288243,0,0,161,0,0,161,161,161,0,0,0.483989627,0.000277201,,,,,,,,,,,,
9.1,161,161,161,161,11.98603024,0.990563408,-0.02494812,0.002746582,0,1,0,2,0.035644531,0,0,0,0,,,,,5.971642494,0.326899201,-0.256491661,0,-0.327058705,0.256288243,0,0,161,0,0,161,161,161,0,0,0.483868172,0.000277201,,,,,,,,,,,,
9.11,184,184,184,184,11.89014069,0.990552919,-0.02507019,0.002761841,0,1,0,2,0.035644531,0,0,0,0,,,,,5.958430767,0.326899201,-0.256491661,0,-0.327058705,0.256288243,0,0,182,0,0,182,182,182,0,0,0.586716441,0.000278558,,,,,,,,,,,,
9.12,161,161,161,161,11.98555327,0.990539591,-0.02507019,0.002761841,0,1,0,2,0.035644531,0,0,0,0,,,,,5.958430767,0.326899201,-0.256491661,0,-0.327058705,0.256288243,0,0,161,0,0,161,161,161,0,0,0.484205752,0.000278558,,,,,,,,,,,,
9.13,189,189,189,189,11.86514926,0.990529102,-0.025192261,0.0027771,0,1,0,2,0.035644531,0,0,0,0,,,,,5.942576885,0.326899201,-0.256491661,0,-0.327058705,0.256288243,0,0,187,0,0,187,187,187,0,0,0.60764813,0.000279914,,,,,,,,,,,,
9.14,161,161,161,161,11.98504809,0.990515046,-0.025192261,0.0027771,0,1,0,2,0.035644531,0,0,0,0,,,,,5.942576885,0.326899201,-0.256491661,0,-0.327058705,0.256288243,0,0,161,0,0,161,161,161,0,0,0.484662724,0.000279914,,,,,,,,,,,,
9.15,165,165,165,165,11.96754058,0.990504558,-0.025222778,0.0027771,0,1,0,2,0.035644531,0,0,0,0,,,,,5.939934731,0.326899201,-0.256491661,0,-0.327058705,0.256288243,0,0,165,0,0,165,165,165,0,0,0.50513736,0.000280253,,,,,,,,,,,,
9.16,171,171,171,171,11.94508314,0.990493555,-0.025268555,0.0027771,0,1,0,2,0.035644531,0,0,0,0,,,,,5.934649944,0.326899201,-0.256491661,0,-0.327058705,0.256288243,0,0,170,0,0,170,170,170,0,0,0.525731802,0.000280762,,,,,,,,,,,,
9.17,161,161,161,161,11.98443813,0.990481892,-0.025268555,0.0027771,0,1,0,2,0.035644531,0,0,0,0,,,,,5.934649944,0.326899201,-0.256491661,0,-0.327058705,0.256288243,0,0,161,0,0,161,161,161,0,0,0.484657878,0.000280762,,,,,,,,,,,,
9.18,179,179,179,179,11.90768353,0.990471403,-0.025344849,0.002792358,0,1,0,2,0.035644531,0,0,0,0,,,,,5.924080849,0.327112913,-0.254560947,0,-0.327271216,0.254357397,0.038616925,0,178,0,0,178,178,178,0,0,0.566914596,0.000281609,,,,,,,,,,,,
9.19,161,161,161,161,11.9839866,0.990458643,-0.025344849,0.002792358,0,1,0,2,0.035644531,0,0,0,0,,,,,5.924080849,0.327112913,-0.254560947,0,-0.327271216,0.254357397,0,0,161,0,0,161,161,161,0,0,0.484888595,0.000281609,,,,,,,,,,,,
9.2,185,185,185,185,11.883249,0.990448154,-0.025466919,0.002807617,0,1,0,2,0.035644531,0,0,0,0,,,,,5.910869122,0.327112913,-0.254560947,0,-0.327271216,0.254357397,0,0,183,0,0,183,183,183,0,0,0.587742809,0.000282966,,,,,,,,,,,,
9.21,161,161,161,161,11.98350744,0.990434681,-0.025466919,0.002807617,0,1,0,2,0.035644531,0,0,0,0,,,,,5.910869122,0.327112913,-0.254560947,0,-0.327271216,0.254357397,0,0,161,0,0,161,161,161,0,0,0.485238065,0.000282966,,,,,,,,,,,,
9.22,175,175,175,175,11.92546203,0.990424193,-0.025543213,0.002822876,0,1,0,2,0.035644531,0,0,0,0,,,,,5.902942181,0.327112913,-0.254560947,0,-0.327271216,0.254357397,0,0,174,0,0,174,174,174,0,0,0.546905298,0.000283813,,,,,,,,,,,,
9.23,161,161,161,161,11.9830797,0.990411987,-0.025543213,0.002822876,0,1,0,2,0.035644531,0,0,0,0,,,,,5.902942181,0.327112913,-0.254560947,0,-0.327271216,0.254357397,0,0,161,0,0,161,161,161,0,0,0.485358638,0.000283813,,,,,,,,,,,,
9.24,179,179,179,179,11.90632629,0.990401499,-0.025634766,0.002822876,0,1,0,2,0.035644531,0,0,0,0,,,,,5.892372608,0.327112913,-0.254560947,0,-0.327271216,0.254357397,0,0,178,0,0,178,178,178,0,0,0.567623036,0.000284831,,,,,,,,,,,,
9.25,161,161,161,161,11.98263054,0.990388738,-0.025634766,0.002822876,0,1,0,2,0.035644531,0,0,0,0,,,,,5.892372608,0.327112913,-0.254560947,0,-0.327271216,0.254357397,0,0,161,0,0,161,161,161,0,0,0.485597303,0.000284831,,,,,,,,,,,,
9.26,180,180,180,180,11.90113399,0.99037825,-0.02571106,0.002838135,0,1,0,2,0.035644531,0,0,0,0,,,,,5.881803513,0.327112913,-0.254560947,0,-0.327271216,0.254357397,0,0,179,0,0,179,179,179,0,0,0.567859306,0.000285678,,,,,,,,,,,,
9.27,161,161,161,161,11.98217654,0.990365348,-0.02571106,0.002838135,0,1,0,2,0.035644531,0,0,0,0,,,,,5.881803513,0.327112913,-0.254560947,0,-0.327271216,0.254357397,0,0,161,0,0,161,161,161,0,0,0.485838589,0.000285678,,,,,,,,,,,,
9.28,175,175,175,175,11.92413228,0.99035486,-0.025787354,0.002853394,0,1,0,2,0.035644531,0,0,0,0,,,,,5.873876572,0.327112913,-0.254560947,0,-0.327271216,0.254357397,0,0,174,0,0,174,174,174,0,0,0.547509455,0.000286526,,,,,,,,,,,,
9.29,161,161,161,161,11.98175111,0.990342654,-0.025787354,0.002853394,0,1,0,2,0.035644531,0,0,0,0,,,,,5.873876572,0.327112913,-0.254560947,0,-0.327271216,0.254357397,0,0,161,0,0,161,161,161,0,0,0.485966428,0.000286526,,,,,,,,,,,,
9.3,161,161,161,161,11.98157297,0.990332165,-0.025787354,0.002853394,0,1,0,2,0.035644531,0,0,0,0,,,,,5.873876572,0.327112913,-0.254560947,0,-0.327271216,0.254357397,0,0,161,0,0,161,161,161,0,0,0.485857194,0.000286526,,,,,,,,,,,,
9.31,185,185,185,185,11.88083747,0.990321677,-0.025924683,0.002868652,0,1,0,2,0.035644531,0,0,0,0,,,,,5.860664845,0.327112913,-0.254560947,0,-0.327271216,0.254357397,0,0,183,0,0,183,183,183,0,0,0.588717683,0.000288052,,,,,,,,,,,,
9.32,161,161,161,161,11.981098,0.990308204,-0.025924683,0.002868652,0,1,0,2,0.035644531,0,0,0,0,,,,,5.860664845,0.327112913,-0.254560947,0,-0.327271216,0.254357397,0,0,161,0,0,161,161,161,0,0,0.486219215,0.000288052,,,,,,,,,,,,
9.33,189,189,189,189,11.86069786,0.990297716,-0.026046753,0.002883911,0,1,0,2,0.035644531,0,0,0,0,,,,,5.844810963,0.327112913,-0.254560947,0,-0.327271216,0.254357397,0,0,187,0,0,187,187,187,0,0,0.609673814,0.000289408,,,,,,,,,,,,
9.34,161,161,161,161,11.98060057,0.99028366,-0.026046753,0.002883911,0,1,0,2,0.035644531,0,0,0,0,,,,,5.844810963,0.327112913,-0.254560947,0,-0.327271216,0.254357397,0,0,161,0,0,161,161,161,0,0,0.486700629,0.000289408,,,,,,,,,,,,
9.35,176,176,176,176,11.91792045,0.990273171,-0.026123047,0.002883911,0,1,0,2,0.035644531,0,0,0,0,,,,,5.836884022,0.327338934,-0.252517462,0,-0.327495965,0.252313771,0.040872517,0,175,0,0,175,175,175,0,0,0.548376118,0.000290256,,,,,,,,,,,,
9.36,161,161,161,161,11.98017239,0.990260828,-0.026123047,0.002883911,0,1,0,2,0.035644531,0,0,0,0,,,,,5.836884022,0.327338934,-0.252517462,0,-0.327495965,0.252313771,0,0,161,0,0,161,161,161,0,0,0.486837716,0.000290256,,,,,,,,,,,,
9.37,161,161,161,161,11.97999562,0.99025034,-0.026123047,0.002883911,0,1,0,2,0.035644531,0,0,0,0,,,,,5.836884022,0.327338934,-0.252517462,0,-0.327495965,0.252313771,0,0,161,0,0,161,161,161,0,0,0.486733105,0.000290256,,,,,,,,,,,,
9.38,189,189,189,189,11.85959644,0.990239851,-0.026260376,0.00289917,0,1,0,2,0.035644531,0,0,0,0,,,,,5.82103014,0.327338934,-0.252517462,0,-0.327495965,0.252313771,0,0,187,0,0,187,187,187,0,0,0.610190677,0.000291782,,,,,,,,,,,,
9.39,162,162,162,162,11.97520833,0.990225795,-0.026260376,0.00289917,0,1,0,2,0.035644531,0,0,0,0,,,,,5.82103014,0.327338934,-0.252517462,0,-0.327495965,0.252313771,0,0,162,0,0,162,162,162,0,0,0.487220464,0.000291782,,,,,,,,,,,,
9.4,167,167,167,167,11.95759426,0.990215179,-0.026290894,0.00289917,0,1,0,2,0.035644531,0,0,0,0,,,,,5.818387985,0.327338934,-0.252517462,0,-0.327495965,0.252313771,0,0,166,0,0,166,166,166,0,0,0.507710294,0.000292121,,,,,,,,,,,,
9.41,189,189,189,189,11.8588945,0.990204046,-0.026382446,0.002914429,0,1,0,2,0.035644531,0,0,0,0,,,,,5.802534103,0.327338934,-0.252517462,0,-0.327495965,0.252313771,0,0,187,0,0,187,187,187,0,0,0.610693479,0.000293138,,,,,,,,,,,,
9.42,162,162,162,162,11.974507,0.99018999,-0.026382446,0.002914429,0,1,0,2,0.035644531,0,0,0,0,,,,,5.802534103,0.327338934,-0.252517462,0,-0.327495965,0.252313771,0,0,162,0,0,162,162,162,0,0,0.487725578,0.000293138,,,,,,,,,,,,
9.43,185,185,185,185,11.8780606,0.990179374,-0.026504517,0.002929688,0,1,0,2,0.035644531,0,0,0,0,,,,,5.789322376,0.327338934,-0.252517462,0,-0.327495965,0.252313771,0,0,183,0,0,183,183,183,0,0,0.590594985,0.000294495,,,,,,,,,,,,
9.44,162,162,162,162,11.97403179,0.990165901,-0.026504517,0.002929688,0,1,0,2,0.035644531,0,0,0,0,,,,,5.789322376,0.327338934,-0.252517462,0,-0.327495965,0.252313771,0,0,162,0,0,162,162,162,0,0,0.488105434,0.000294495,,,,,,,,,,,,
9.45,162,162,162,162,11.97385154,0.990155286,-0.026504517,0.002929688,0,1,0,2,0.035644531,0,0,0,0,,,,,5.789322376,0.327338934,-0.252517462,0,-0.327495965,0.252313771,0,0,162,0,0,162,162,162,0,0,0.488006769,0.000294495,,,,,,,,,,,,
9.46,181,181,181,181,11.89664557,0.99014467,-0.026580811,0.002944946,0,1,0,2,0.035644531,0,0,0,0,,,,,5.778753281,0.327338934,-0.252517462,0,-0.327495965,0.252313771,0,0,179,0,0,179,179,179,0,0,0.570281653,0.000295342,,,,,,,,,,,,
9.47,162,162,162,162,11.97340026,0.990131768,-0.026580811,0.002944946,0,1,0,2,0.035644531,0,0,0,0,,,,,5.778753281,0.327338934,-0.252517462,0,-0.327495965,0.252313771,0,0,162,0,0,162,162,162,0,0,0.488273818,0.000295342,,,,,,,,,,,,
9.48,194,194,194,194,11.83719953,0.990121152,-0.026702881,0.002960205,0,1,0,2,0.035644531,0,0,0,0,,,,,5.760256767,0.327338934,-0.252517462,0,-0.327495965,0.252313771,0,0,191,0,0,191,191,191,0,0,0.632334831,0.000296699,,,,,,,,,,,,
9.49,162,162,162,162,11.97287987,0.9901065,-0.026702881,0.002960205,0,1,0,2,0.035644531,0,0,0,0,,,,,5.760256767,0.327338934,-0.252517462,0,-0.327495965,0.252313771,0,0,162,0,0,162,162,162,0,0,0.48889182,0.000296699,,,,,,,,,,,,
9.5,172,172,172,172,11.9328789,0.990095884,-0.026748657,0.002960205,0,1,0,2,0.035644531,0,0,0,0,,,,,5.754971981,0.327338934,-0.252517462,0,-0.327495965,0.252313771,0,0,171,0,0,171,171,171,0,0,0.529985421,0.000297207,,,,,,,,,,,,
9.51,176,176,176,176,11.91426315,0.990084086,-0.026779175,0.002960205,0,1,0,2,0.035644531,0,0,0,0,,,,,5.74704504,0.327338934,-0.252517462,0,-0.327495965,0.252313771,0,0,175,0,0,175,175,175,0,0,0.550715048,0.000297546,,,,,,,,,,,,
9.52,162,162,162,162,11.97222651,0.990071743,-0.026779175,0.002960205,0,1,0,2,0.035644531,0,0,0,0,,,,,5.74704504,0.327338934,-0.252517462,0,-0.327495965,0.252313771,0,0,162,0,0,162,162,162,0,0,0.489187875,0.000297546,,,,,,,,,,,,
9.53,185,185,185,185,11.87578209,0.990061127,-0.026901245,0.002975464,0,1,0,2,0.035644531,0,0,0,0,,,,,5.73383379,0.327338934,-0.252517462,0,-0.327495965,0.252313771,0,0,183,0,0,183,183,183,0,0,0.592060502,0.000298903,,,,,,,,,,,,
9.54,162,162,162,162,11.97175526,0.990047655,-0.026901245,0.002975464,0,1,0,2,0.035644531,0,0,0,0,,,,,5.73383379,0.327338934,-0.252517462,0,-0.327495965,0.252313771,0,0,162,0,0,162,162,162,0,0,0.489581583,0.000298903,,,,,,,,,,,,
9.55,190,190,190,190,11.8506635,0.990037039,-0.026992798,0.002990723,0,1,0,2,0.035644531,0,0,0,0,,,,,5.717979908,0.327576816,-0.250365973,0,-0.327732509,0.250162134,0.043032737,0,188,0,0,188,188,188,0,0,0.613052036,0.00029992,,,,,,,,,,,,
9.56,162,162,162,162,11.97125563,0.990022835,-0.026992798,0.002990723,0,1,0,2,0.035644531,0,0,0,0,,,,,5.717979908,0.327576816,-0.250365973,0,-0.327732509,0.250162134,0,0,162,0,0,162,162,162,0,0,0.490094705,0.00029992,,,,,,,,,,,,
9.57,176,176,176,176,11.91286659,0.990012219,-0.027069092,0.003005981,0,1,0,2,0.035644531,0,0,0,0,,,,,5.710052967,0.327576816,-0.250365973,0,-0.327732509,0.250162134,0,0,175,0,0,175,175,175,0,0,0.551786048,0.000300768,,,,,,,,,,,,
9.58,162,162,162,162,11.97083116,0.989999876,-0.027069092,0.003005981,0,1,0,2,0.035644531,0,0,0,0,,,,,5.710052967,0.327576816,-0.250365973,0,-0.327732509,0.250162134,0,0,162,0,0,162,162,162,0,0,0.4902635,0.000300768,,,,,,,,,,,,
9.59,190,190,190,190,11.84974021,0.98998926,-0.027145386,0.003005981,0,1,0,2,0.035644531,0,0,0,0,,,,,5.694198608,0.327576816,-0.250365973,0,-0.327732509,0.250162134,0,0,188,0,0,188,188,188,0,0,0.613740642,0.000301615,,,,,,,,,,,,
9.6,162,162,162,162,11.97033314,0.989975056,-0.027145386,0.003005981,0,1,0,2,0.035644531,0,0,0,0,,,,,5.694198608,0.327576816,-0.250365973,0,-0.327732509,0.250162134,0,0,162,0,0,162,162,162,0,0,0.490782587,0.000301615,,,,,,,,,,,,
9.61,176,176,176,176,11.91194491,0.98996444,-0.02722168,0.00302124,0,1,0,2,0.035644531,0,0,0,0,,,,,5.686271667,0.327576816,-0.250365973,0,-0.327732509,0.250162134,0,0,175,0,0,175,175,175,0,0,0.552476904,0.000302463,,,,,,,,,,,,
9.62,162,162,162,162,11.96991028,0.989952097,-0.02722168,0.00302124,0,1,0,2,0.035644531,0,0,0,0,,,,,5.686271667,0.327576816,-0.250365973,0,-0.327732509,0.250162134,0,0,162,0,0,162,162,162,0,0,0.490957328,0.000302463,,,,,,,,,,,,
9.63,195,195,195,195,11.82862359,0.989941481,-0.02734375,0.003036499,0,1,0,2,0.035644531,0,0,0,0,,,,,5.667775631,0.327576816,-0.250365973,0,-0.327732509,0.250162134,0,0,192,0,0,192,192,192,0,0,0.635026184,0.000303819,,,,,,,,,,,,
9.64,162,162,162,162,11.96938993,0.989926677,-0.02734375,0.003036499,0,1,0,2,0.035644531,0,0,0,0,,,,,5.667775631,0.327576816,-0.250365973,0,-0.327732509,0.250162134,0,0,162,0,0,162,162,162,0,0,0.491598429,0.000303819,,,,,,,,,,,,
9.65,182,182,182,182,11.88741775,0.989916062,-0.027420044,0.003051758,0,1,0,2,0.035644531,0,0,0,0,,,,,5.657206535,0.327576816,-0.250365973,0,-0.327732509,0.250162134,0,0,180,0,0,180,180,180,0,0,0.573888507,0.000304667,,,,,,,,,,,,
9.66,163,163,163,163,11.96462243,0.989903018,-0.027420044,0.003051758,0,1,0,2,0.035644531,0,0,0,0,,,,,5.657206535,0.327576816,-0.250365973,0,-0.327732509,0.250162134,0,0,163,0,0,163,163,163,0,0,0.491895865,0.000304667,,,,,,,,,,,,
9.67,186,186,186,186,11.8676177,0.989892274,-0.027496338,0.003051758,0,1,0,2,0.035644531,0,0,0,0,,,,,5.643994808,0.327576816,-0.250365973,0,-0.327732509,0.250162134,0,0,184,0,0,184,184,184,0,0,0.594783438,0.000305515,,,,,,,,,,,,
9.68,163,163,163,163,11.96414602,0.989878657,-0.027496338,0.003051758,0,1,0,2,0.035644531,0,0,0,0,,,,,5.643994808,0.327576816,-0.250365973,0,-0.327732509,0.250162134,0,0,163,0,0,163,163,163,0,0,0.492312054,0.000305515,,,,,,,,,,,,
9.69,182,182,182,182,11.88648786,0.989867913,-0.027572632,0.003067017,0,1,0,2,0.035644531,0,0,0,0,,,,,5.633425713,0.327576816,-0.250365973,0,-0.327732509,0.250162134,0,0,180,0,0,180,180,180,0,0,0.574605104,0.000306363,,,,,,,,,,,,
9.7,163,163,163,163,11.96369336,0.98985487,-0.027572632,0.003067017,0,1,0,2,0.035644531,0,0,0,0,,,,,5.633425713,0.327576816,-0.250365973,0,-0.327732509,0.250162134,0,0,163,0,0,163,163,163,0,0,0.492615434,0.000306363,,,,,,,,,,,,
9.71,186,186,186,186,11.86668943,0.989844126,-0.027648926,0.003082275,0,1,0,2,0.035644531,0,0,0,0,,,,,5.620213985,0.327576816,-0.250365973,0,-0.327732509,0.250162134,0,0,184,0,0,184,184,184,0,0,0.59550598,0.00030721,,,,,,,,,,,,
9.72,164,164,164,164,11.96321856,0.989830509,-0.027648926,0.003082275,0,1,0,2,0.035644531,0,0,0,0,,,,,5.620213985,0.327576816,-0.250365973,0,-0.327732509,0.250162134,0,0,163,0,0,163,163,163,0,0,0.493037568,0.00030721,,,,,,,,,,,,
9.73,164,164,164,164,11.96303885,0.989819765,-0.027648926,0.003082275,0,1,0,2,0.035644531,0,0,0,0,,,,,5.620213985,0.327576816,-0.250365973,0,-0.327732509,0.250162134,0,0,163,0,0,163,163,163,0,0,0.492960042,0.00030721,,,,,,,,,,,,
9.74,195,195,195,195,11.8260676,0.989809021,-0.027770996,0.003097534,0,1,0,2,0.035644531,0,0,0,0,,,,,5.601717472,0.327827156,-0.248101473,0,-0.32798144,0.247897479,0.045293099,0,192,0,0,192,192,192,0,0,0.637040872,0.000308567,,,,,,,,,,,,
9.75,173,173,173,173,11.92245694,0.989794217,-0.027816772,0.003097534,0,1,0,2,0.035644531,0,0,0,0,,,,,5.596433163,0.327827156,-0.248101473,0,-0.32798144,0.247897479,0,0,172,0,0,172,172,172,0,0,0.534802595,0.000309075,,,,,,,,,,,,
9.76,182,182,182,182,11.88481363,0.989782284,-0.027862549,0.003097534,0,1,0,2,0.035644531,0,0,0,0,,,,,5.58586359,0.327827156,-0.248101473,0,-0.32798144,0.247897479,0,0,180,0,0,180,180,180,0,0,0.576151909,0.000309584,,,,,,,,,,,,
9.77,168,168,168,168,11.94448148,0.989769241,-0.027893066,0.003112793,0,1,0,2,0.035644531,0,0,0,0,,,,,5.583221436,0.327827156,-0.248101473,0,-0.32798144,0.247897479,0,0,167,0,0,167,167,167,0,0,0.514756948,0.000309923,,,,,,,,,,,,
9.78,173,173,173,173,11.92176024,0.989757977,-0.027938843,0.003112793,0,1,0,2,0.035644531,0,0,0,0,,,,,5.577936649,0.327827156,-0.248101473,0,-0.32798144,0.247897479,0,0,172,0,0,172,172,172,0,0,0.535395979,0.000310432,,,,,,,,,,,,
9.79,164,164,164,164,11.96159519,0.989746044,-0.027938843,0.003112793,0,1,0,2,0.035644531,0,0,0,0,,,,,5.577936649,0.327827156,-0.248101473,0,-0.32798144,0.247897479,0,0,163,0,0,163,163,163,0,0,0.494366644,0.000310432,,,,,,,,,,,,
9.8,186,186,186,186,11.86459309,0.9897353,-0.028015137,0.003128052,0,1,0,2,0.035644531,0,0,0,0,,,,,5.564725399,0.327827156,-0.248101473,0,-0.32798144,0.247897479,0,0,184,0,0,184,184,184,0,0,0.59726041,0.000311279,,,,,,,,,,,,
9.81,164,164,164,164,11.96112404,0.989721683,-0.028015137,0.003128052,0,1,0,2,0.035644531,0,0,0,0,,,,,5.564725399,0.327827156,-0.248101473,0,-0.32798144,0.247897479,0,0,163,0,0,163,163,163,0,0,0.494802629,0.000311279,,,,,,,,,,,,
9.82,182,182,182,182,11.88346851,0.989710939,-0.028106689,0.003128052,0,1,0,2,0.035644531,0,0,0,0,,,,,5.554155827,0.327827156,-0.248101473,0,-0.32798144,0.247897479,0,0,180,0,0,180,180,180,0,0,0.577109304,0.000312297,,,,,,,,,,,,
9.83,164,164,164,164,11.96067663,0.989697895,-0.028106689,0.003128052,0,1,0,2,0.035644531,0,0,0,0,,,,,5.554155827,0.327827156,-0.248101473,0,-0.32798144,0.247897479,0,0,163,0,0,163,163,163,0,0,0.495125848,0.000312297,,,,,,,,,,,,
9.84,187,187,187,187,11.85877235,0.989687151,-0.02822876,0.003143311,0,1,0,2,0.035644531,0,0,0,0,,,,,5.540944099,0.327827156,-0.248101473,0,-0.32798144,0.247897479,0,0,185,0,0,185,185,185,0,0,0.598026303,0.000313653,,,,,,,,,,,,
9.85,164,164,164,164,11.96020127,0.989673389,-0.02822876,0.003143311,0,1,0,2,0.035644531,0,0,0,0,,,,,5.540944099,0.327827156,-0.248101473,0,-0.32798144,0.247897479,0,0,163,0,0,163,163,163,0,0,0.4955678,0.000313653,,,,,,,,,,,,
9.86,192,192,192,192,11.83841976,0.989662645,-0.028320313,0.003158569,0,1,0,2,0.035644531,0,0,0,0,,,,,5.525090218,0.327827156,-0.248101473,0,-0.32798144,0.247897479,0,0,189,0,0,189,189,189,0,0,0.619062364,0.00031467,,,,,,,,,,,,
9.87,164,164,164,164,11.95970318,0.989648292,-0.028320313,0.003158569,0,1,0,2,0.035644531,0,0,0,0,,,,,5.525090218,0.327827156,-0.248101473,0,-0.32798144,0.247897479,0,0,163,0,0,163,163,163,0,0,0.496129144,0.00031467,,,,,,,,,,,,
9.88,177,177,177,177,11.90096986,0.989637548,-0.028396606,0.003173828,0,1,0,2,0.035644531,0,0,0,0,,,,,5.517163277,0.327827156,-0.248101473,0,-0.32798144,0.247897479,0,0,176,0,0,176,176,176,0,0,0.557844599,0.000315518,,,,,,,,,,,,
9.89,164,164,164,164,11.95928066,0.989625066,-0.028396606,0.003173828,0,1,0,2,0.035644531,0,0,0,0,,,,,5.517163277,0.327827156,-0.248101473,0,-0.32798144,0.247897479,0,0,163,0,0,163,163,163,0,0,0.496346161,0.000315518,,,,,,,,,,,,
9.9,164,164,164,164,11.95910438,0.989614322,-0.028396606,0.003173828,0,1,0,2,0.035644531,0,0,0,0,,,,,5.517163277,0.327827156,-0.248101473,0,-0.32798144,0.247897479,0,0,163,0,0,163,163,163,0,0,0.496281516,0.000315518,,,,,,,,,,,,
9.91,192,192,192,192,11.83732381,0.989603578,-0.028518677,0.003189087,0,1,0,2,0.035644531,0,0,0,0,,,,,5.501309395,0.327827156,-0.248101473,0,-0.32798144,0.247897479,0,0,189,0,0,189,189,189,0,0,0.619779053,0.000316874,,,,,,,,,,,,
9.92,165,165,165,165,11.95426327,0.989589225,-0.028518677,0.003189087,0,1,0,2,0.035644531,0,0,0,0,,,,,5.501309395,0.327827156,-0.248101473,0,-0.32798144,0.247897479,0,0,164,0,0,164,164,164,0,0,0.496848805,0.000316874,,,,,,,,,,,,
9.93,179,179,179,179,11.89518028,0.989578353,-0.028610229,0.003189087,0,1,0,2,0.035644531,0,0,0,0,,,,,5.493382454,0.328091055,-0.245714426,0,-0.328243854,0.245510268,0.047744211,0,177,0,0,177,177,177,0,0,0.558567232,0.000317891,,,,,,,,,,,,
9.94,165,165,165,165,11.95383195,0.989565732,-0.028610229,0.003189087,0,1,0,2,0.035644531,0,0,0,0,,,,,5.493382454,0.328091055,-0.245714426,0,-0.328243854,0.245510268,0,0,164,0,0,164,164,164,0,0,0.497071767,0.000317891,,,,,,,,,,,,
9.95,196,196,196,196,11.81608912,0.989554859,-0.0287323,0.003204346,0,1,0,2,0.035644531,0,0,0,0,,,,,5.474886417,0.328091055,-0.245714426,0,-0.328243854,0.245510268,0,0,193,0,0,193,193,193,0,0,0.641164735,0.000319248,,,,,,,,,,,,
9.96,165,165,165,165,11.95330817,0.989539903,-0.0287323,0.003204346,0,1,0,2,0.035644531,0,0,0,0,,,,,5.474886417,0.328091055,-0.245714426,0,-0.328243854,0.245510268,0,0,164,0,0,164,164,164,0,0,0.497761091,0.000319248,,,,,,,,,,,,
9.97,183,183,183,183,11.87519874,0.989529031,-0.028808594,0.003219604,0,1,0,2,0.035644531,0,0,0,0,,,,,5.464316845,0.328091055,-0.245714426,0,-0.328243854,0.245510268,0,0,181,0,0,181,181,181,0,0,0.580078996,0.000320095,,,,,,,,,,,,
9.98,165,165,165,165,11.95285596,0.989515845,-0.028808594,0.003219604,0,1,0,2,0.035644531,0,0,0,0,,,,,5.464316845,0.328091055,-0.245714426,0,-0.328243854,0.245510268,0,0,164,0,0,164,164,164,0,0,0.49810677,0.000320095,,,,,,,,,,,,
9.99,179,179,179,179,11.89377419,0.989504972,-0.028884888,0.003234863,0,1,0,2,0.035644531,0,0,0,0,,,,,5.456389904,0.328091055,-0.245714426,0,-0.328243854,0.245510268,0,0,177,0,0,177,177,177,0,0,0.559829822,0.000320943,,,,,,,,,,,,
10,174,174,174,174,11.91212701,0.989492351,-0.028930664,0.003234863,0,1,0,2,0.035644531,0,0,0,0,,,,,5.451105595,0.328091055,-0.245714426,0,-0.328243854,0.245510268,0,0,173,0,0,173,173,173,0,0,0.539523898,0.000321452,,,,,,,,,,,,
10.01,183,183,183,183,11.87427067,0.989480282,-0.02897644,0.003234863,0,1,0,2,0.035644531,0,0,0,0,,,,,5.440536022,0.328091055,-0.245714426,0,-0.328243854,0.245510268,0,0,181,0,0,181,181,181,0,0,0.580891378,0.00032196,,,,,,,,,,,,
10.02,179,179,179,179,11.89302655,0.989467097,-0.029052734,0.003250122,0,1,0,2,0.035644531,0,0,0,0,,,,,5.432609081,0.328091055,-0.245714426,0,-0.328243854,0.245510268,0,0,177,0,0,177,177,177,0,0,0.560703215,0.000322808,,,,,,,,,,,,
10.03,165,165,165,165,11.95168009,0.989454476,-0.029052734,0.003250122,0,1,0,2,0.035644531,0,0,0,0,,,,,5.432609081,0.328091055,-0.245714426,0,-0.328243854,0.245510268,0,0,164,0,0,164,164,164,0,0,0.499215347,0.000322808,,,,,,,,,,,,
10.04,183,183,183,183,11.87357208,0.989443603,-0.029129028,0.003265381,0,1,0,2,0.035644531,0,0,0,0,,,,,5.422039986,0.328091055,-0.245714426,0,-0.328243854,0.245510268,0,0,181,0,0,181,181,181,0,0,0.58153482,0.000323656,,,,,,,,,,,,
10.05,165,165,165,165,11.95123071,0.989430417,-0.029129028,0.003265381,0,1,0,2,0.035644531,0,0,0,0,,,,,5.422039986,0.328091055,-0.245714426,0,-0.328243854,0.245510268,0,0,164,0,0,164,164,164,0,0,0.499571574,0.000323656,,,,,,,,,,,,
10.06,179,179,179,179,11.89215035,0.989419544,-0.029205322,0.003265381,0,1,0,2,0.035644531,0,0,0,0,,,,,5.414113045,0.328091055,-0.245714426,0,-0.328243854,0.245510268,0,0,177,0,0,177,177,177,0,0,0.561299911,0.000324504,,,,,,,,,,,,
10.07,165,165,165,165,11.95080465,0.989406924,-0.029205322,0.003265381,0,1,0,2,0.035644531,0,0,0,0,,,,,5.414113045,0.328091055,-0.245714426,0,-0.328243854,0.245510268,0,0,164,0,0,164,164,164,0,0,0.499814354,0.000324504,,,,,,,,,,,,
10.08,183,183,183,183,11.87269739,0.989396051,-0.029281616,0.00328064,0,1,0,2,0.035644531,0,0,0,0,,,,,5.403543472,0.328091055,-0.245714426,0,-0.328243854,0.245510268,0,0,181,0,0,181,181,181,0,0,0.582139856,0.000325351,,,,,,,,,,,,
10.09,165,165,165,165,11.95035678,0.989382865,-0.029281616,0.00328064,0,1,0,2,0.035644531,0,0,0,0,,,,,5.403543472,0.328091055,-0.245714426,0,-0.328243854,0.245510268,0,0,164,0,0,164,164,164,0,0,0.500175227,0.000325351,,,,,,,,,,,,
10.1,179,179,179,179,11.89127717,0.989371992,-0.02935791,0.003295898,0,1,0,2,0.035644531,0,0,0,0,,,,,5.395616531,0.328368723,-0.243203163,0,-0.32851996,0.242998833,0.050228703,0,177,0,0,177,177,177,0,0,0.561905875,0.000326199,,,,,,,,,,,,
10.11,165,165,165,165,11.94993222,0.989359371,-0.02935791,0.003295898,0,1,0,2,0.035644531,0,0,0,0,,,,,5.395616531,0.328368723,-0.243203163,0,-0.32851996,0.242998833,0,0,164,0,0,164,164,164,0,0,0.500422631,0.000326199,,,,,,,,,,,,
10.12,193,193,193,193,11.82745977,0.989348498,-0.029449463,0.003295898,0,1,0,2,0.035644531,0,0,0,0,,,,,5.37976265,0.328368723,-0.243203163,0,-0.32851996,0.242998833,0,0,190,0,0,190,190,190,0,0,0.623935361,0.000327216,,,,,,,,,,,,
10.13,166,166,166,166,11.94506181,0.989333996,-0.029449463,0.003295898,0,1,0,2,0.035644531,0,0,0,0,,,,,5.37976265,0.328368723,-0.243203163,0,-0.32851996,0.242998833,0,0,165,0,0,165,165,165,0,0,0.501020307,0.000327216,,,,,,,,,,,,
10.14,179,179,179,179,11.89034931,0.989322993,-0.029525757,0.003311157,0,1,0,2,0.035644531,0,0,0,0,,,,,5.371835709,0.328368723,-0.243203163,0,-0.32851996,0.242998833,0,0,177,0,0,177,177,177,0,0,0.562753928,0.000328064,,,,,,,,,,,,
10.15,166,166,166,166,11.94463368,0.989310373,-0.029525757,0.003311157,0,1,0,2,0.035644531,0,0,0,0,,,,,5.371835709,0.328368723,-0.243203163,0,-0.32851996,0.242998833,0,0,165,0,0,165,165,165,0,0,0.501273656,0.000328064,,,,,,,,,,,,
10.16,184,184,184,184,11.86607104,0.98929937,-0.029602051,0.003326416,0,1,0,2,0.035644531,0,0,0,0,,,,,5.361266613,0.328368723,-0.243203163,0,-0.32851996,0.242998833,0,0,182,0,0,182,182,182,0,0,0.583600726,0.000328912,,,,,,,,,,,,
10.17,166,166,166,166,11.94417803,0.989286041,-0.029602051,0.003326416,0,1,0,2,0.035644531,0,0,0,0,,,,,5.361266613,0.328368723,-0.243203163,0,-0.32851996,0.242998833,0,0,165,0,0,165,165,165,0,0,0.501645077,0.000328912,,,,,,,,,,,,
10.18,180,180,180,180,11.88474935,0.989275039,-0.029678345,0.003326416,0,1,0,2,0.035644531,0,0,0,0,,,,,5.353339672,0.328368723,-0.243203163,0,-0.32851996,0.242998833,0,0,178,0,0,178,178,178,0,0,0.56338101,0.000329759,,,,,,,,,,,,
10.19,166,166,166,166,11.94374585,0.989262278,-0.029678345,0.003326416,0,1,0,2,0.035644531,0,0,0,0,,,,,5.353339672,0.328368723,-0.243203163,0,-0.32851996,0.242998833,0,0,165,0,0,165,165,165,0,0,0.50190305,0.000329759,,,,,,,,,,,,
10.2,184,184,184,184,11.86518397,0.989251275,-0.029769897,0.003341675,0,1,0,2,0.035644531,0,0,0,0,,,,,5.3427701,0.328368723,-0.243203163,0,-0.32851996,0.242998833,0,0,182,0,0,182,182,182,0,0,0.584236148,0.000330777,,,,,,,,,,,,
10.21,166,166,166,166,11.94329173,0.989237946,-0.029769897,0.003341675,0,1,0,2,0.035644531,0,0,0,0,,,,,5.3427701,0.328368723,-0.243203163,0,-0.32851996,0.242998833,0,0,165,0,0,165,165,165,0,0,0.502279116,0.000330777,,,,,,,,,,,,
10.22,188,188,188,188,11.84517149,0.989226944,-0.029846191,0.003356934,0,1,0,2,0.035644531,0,0,0,0,,,,,5.329558849,0.328368723,-0.243203163,0,-0.32851996,0.242998833,0,0,186,0,0,186,186,186,0,0,0.605202277,0.000331624,,,,,,,,,,,,
10.23,166,166,166,166,11.94281523,0.989213035,-0.029846191,0.003356934,0,1,0,2,0.035644531,0,0,0,0,,,,,5.329558849,0.328368723,-0.243203163,0,-0.32851996,0.242998833,0,0,165,0,0,165,165,165,0,0,0.502773892,0.000331624,,,,,,,,,,,,
10.24,184,184,184,184,11.86425416,0.989202032,-0.029922485,0.003356934,0,1,0,2,0.035644531,0,0,0,0,,,,,5.318989277,0.328368723,-0.243203163,0,-0.32851996,0.242998833,0,0,182,0,0,182,182,182,0,0,0.585109963,0.000332472,,,,,,,,,,,,
10.25,166,166,166,166,11.94236274,0.989188703,-0.029922485,0.003356934,0,1,0,2,0.035644531,0,0,0,0,,,,,5.318989277,0.328368723,-0.243203163,0,-0.32851996,0.242998833,0,0,165,0,0,165,165,165,0,0,0.503155903,0.000332472,,,,,,,,,,,,
10.26,180,180,180,180,11.88293562,0.989177701,-0.030014038,0.003372192,0,1,0,2,0.035644531,0,0,0,0,,,,,5.311062336,0.328368723,-0.243203163,0,-0.32851996,0.242998833,0,0,178,0,0,178,178,178,0,0,0.564897121,0.000333489,,,,,,,,,,,,
10.27,184,184,184,184,11.86355251,0.98916494,-0.030090332,0.003387451,0,1,0,2,0.035644531,0,0,0,0,,,,,5.30049324,0.328368723,-0.243203163,0,-0.32851996,0.242998833,0,0,182,0,0,182,182,182,0,0,0.585797995,0.000334337,,,,,,,,,,,,
10.28,166,166,166,166,11.94166169,0.989151611,-0.030090332,0.003387451,0,1,0,2,0.035644531,0,0,0,0,,,,,5.30049324,0.328368723,-0.243203163,0,-0.32851996,0.242998833,0,0,165,0,0,165,165,165,0,0,0.503849943,0.000334337,,,,,,,,,,,,
10.29,166,166,166,166,11.9414828,0.989140608,-0.030090332,0.003387451,0,1,0,2,0.035644531,0,0,0,0,,,,,5.30049324,0.328368723,-0.243203163,0,-0.32851996,0.242998833,0,0,165,0,0,165,165,165,0,0,0.503812381,0.000334337,,,,,,,,,,,,
10.3,188,188,188,188,11.84336412,0.989129606,-0.030212402,0.00340271,0,1,0,2,0.035644531,0,0,0,0,,,,,5.287281513,0.328660309,-0.240567923,0,-0.328809906,0.240363412,0.052708429,0,186,0,0,186,186,186,0,0,0.606744544,0.000335693,,,,,,,,,,,,
10.31,166,166,166,166,11.94100943,0.989115697,-0.030212402,0.00340271,0,1,0,2,0.035644531,0,0,0,0,,,,,5.287281513,0.328660309,-0.240567923,0,-0.328809906,0.240363412,0,0,165,0,0,165,165,165,0,0,0.504317748,0.000335693,,,,,,,,,,,,
10.32,184,184,184,184,11.86244992,0.989104694,-0.030303955,0.00340271,0,1,0,2,0.035644531,0,0,0,0,,,,,5.276712418,0.328660309,-0.240567923,0,-0.328809906,0.240363412,0,0,182,0,0,182,182,182,0,0,0.586655387,0.000336711,,,,,,,,,,,,
10.33,166,166,166,166,11.94056005,0.989091365,-0.030303955,0.00340271,0,1,0,2,0.035644531,0,0,0,0,,,,,5.276712418,0.328660309,-0.240567923,0,-0.328809906,0.240363412,0,0,165,0,0,165,165,165,0,0,0.504710307,0.000336711,,,,,,,,,,,,
10.34,175,175,175,175,11.89984287,0.989080363,-0.030380249,0.003417969,0,1,0,2,0.035644531,0,0,0,0,,,,,5.271427631,0.328660309,-0.240567923,0,-0.328809906,0.240363412,0,0,174,0,0,174,174,174,0,0,0.545864351,0.000337558,,,,,,,,,,,,
10.35,166,166,166,166,11.94015628,0.989068157,-0.030380249,0.003417969,0,1,0,2,0.035644531,0,0,0,0,,,,,5.271427631,0.328660309,-0.240567923,0,-0.328809906,0.240363412,0,0,165,0,0,165,165,165,0,0,0.50487333,0.000337558,,,,,,,,,,,,
10.36,180,180,180,180,11.88073107,0.989057154,-0.030456543,0.003433228,0,1,0,2,0.035644531,0,0,0,0,,,,,5.26350069,0.328660309,-0.240567923,0,-0.328809906,0.240363412,0,0,178,0,0,178,178,178,0,0,0.566620492,0.000338406,,,,,,,,,,,,
10.37,166,166,166,166,11.93973104,0.989044393,-0.030456543,0.003433228,0,1,0,2,0.035644531,0,0,0,0,,,,,5.26350069,0.328660309,-0.240567923,0,-0.328809906,0.240363412,0,0,165,0,0,165,165,165,0,0,0.505153763,0.000338406,,,,,,,,,,,,
10.38,190,190,190,190,11.83665775,0.989033391,-0.030593872,0.003448486,0,1,0,2,0.035644531,0,0,0,0,,,,,5.250288963,0.328660309,-0.240567923,0,-0.328809906,0.240363412,0,0,187,0,0,187,187,187,0,0,0.608090549,0.000339932,,,,,,,,,,,,
10.39,167,167,167,167,11.93485676,0.989019335,-0.030593872,0.003448486,0,1,0,2,0.035644531,0,0,0,0,,,,,5.250288963,0.328660309,-0.240567923,0,-0.328809906,0.240363412,0,0,166,0,0,166,166,166,0,0,0.505668378,0.000339932,,,,,,,,,,,,
10.4,167,167,167,167,11.93467472,0.989008201,-0.030593872,0.003448486,0,1,0,2,0.035644531,0,0,0,0,,,,,5.250288963,0.328660309,-0.240567923,0,-0.328809906,0.240363412,0,0,166,0,0,166,166,166,0,0,0.505637092,0.000339932,,,,,,,,,,,,
10.41,185,185,185,185,11.85565991,0.988997068,-0.030670166,0.003448486,0,1,0,2,0.035644531,0,0,0,0,,,,,5.239719868,0.328660309,-0.240567923,0,-0.328809906,0.240363412,0,0,183,0,0,183,183,183,0,0,0.587979355,0.00034078,,,,,,,,,,,,
10.42,167,167,167,167,11.93421773,0.988983596,-0.030670166,0.003448486,0,1,0,2,0.035644531,0,0,0,0,,,,,5.239719868,0.328660309,-0.240567923,0,-0.328809906,0.240363412,0,0,166,0,0,166,166,166,0,0,0.506038899,0.00034078,,,,,,,,,,,,
10.43,190,190,190,190,11.83553825,0.988972462,-0.030792236,0.003463745,0,1,0,2,0.035644531,0,0,0,0,,,,,5.226508141,0.328660309,-0.240567923,0,-0.328809906,0.240363412,0,0,187,0,0,187,187,187,0,0,0.608978658,0.000342136,,,,,,,,,,,,
10.44,167,167,167,167,11.93373822,0.988958406,-0.030792236,0.003463745,0,1,0,2,0.035644531,0,0,0,0,,,,,5.226508141,0.328660309,-0.240567923,0,-0.328809906,0.240363412,0,0,166,0,0,166,166,166,0,0,0.506559459,0.000342136,,,,,,,,,,,,
10.45,185,185,185,185,11.85472422,0.988947273,-0.03086853,0.003479004,0,1,0,2,0.035644531,0,0,0,0,,,,,5.215939045,0.328660309,-0.240567923,0,-0.328809906,0.240363412,0,0,183,0,0,183,183,183,0,0,0.588904695,0.000342984,,,,,,,,,,,,
10.46,167,167,167,167,11.93328285,0.9889338,-0.03086853,0.003479004,0,1,0,2,0.035644531,0,0,0,0,,,,,5.215939045,0.328660309,-0.240567923,0,-0.328809906,0.240363412,0,0,166,0,0,166,166,166,0,0,0.506967212,0.000342984,,,,,,,,,,,,
10.47,176,176,176,176,11.896961,0.988922667,-0.030914307,0.003479004,0,1,0,2,0.035644531,0,0,0,0,,,,,5.210654259,0.328660309,-0.240567923,0,-0.328809906,0.240363412,0,0,174,0,0,174,174,174,0,0,0.548128852,0.000343492,,,,,,,,,,,,
10.48,171,171,171,171,11.91502085,0.988910462,-0.030944824,0.003494263,0,1,0,2,0.035644531,0,0,0,0,,,,,5.208012104,0.328660309,-0.240567923,0,-0.328809906,0.240363412,0,0,170,0,0,170,170,170,0,0,0.527737886,0.000343831,,,,,,,,,,,,
10.49,167,167,167,167,11.93267736,0.988898798,-0.030944824,0.003494263,0,1,0,2,0.035644531,0,0,0,0,,,,,5.208012104,0.328660309,-0.240567923,0,-0.328809906,0.240363412,0,0,166,0,0,166,166,166,0,0,0.507235185,0.000343831,,,,,,,,,,,,
10.5,194,194,194,194,11.81390897,0.988887665,-0.031066895,0.003509521,0,1,0,2,0.035644531,0,0,0,0,,,,,5.192158222,0.328966618,-0.237801552,0,-0.329114494,0.237596851,0.055331216,0,191,0,0,191,191,191,0,0,0.630771366,0.000345188,,,,,,,,,,,,
10.51,167,167,167,167,11.93217671,0.988873013,-0.031066895,0.003509521,0,1,0,2,0.035644531,0,0,0,0,,,,,5.192158222,0.328966618,-0.237801552,0,-0.329114494,0.237596851,0,0,166,0,0,166,166,166,0,0,0.507879762,0.000345188,,,,,,,,,,,,
10.52,177,177,177,177,11.89121858,0.98886188,-0.031143188,0.003509521,0,1,0,2,0.035644531,0,0,0,0,,,,,5.186873436,0.328966618,-0.237801552,0,-0.329114494,0.237596851,0,0,175,0,0,175,175,175,0,0,0.549044375,0.000346035,,,,,,,,,,,,
10.53,167,167,167,167,11.93176911,0.988849536,-0.031143188,0.003509521,0,1,0,2,0.035644531,0,0,0,0,,,,,5.186873436,0.328966618,-0.237801552,0,-0.329114494,0.237596851,0,0,166,0,0,166,166,166,0,0,0.508063923,0.000346035,,,,,,,,,,,,
10.54,190,190,190,190,11.83309175,0.988838403,-0.031265259,0.00352478,0,1,0,2,0.035644531,0,0,0,0,,,,,5.173661709,0.328966618,-0.237801552,0,-0.329114494,0.237596851,0,0,187,0,0,187,187,187,0,0,0.611010288,0.000347392,,,,,,,,,,,,
10.55,167,167,167,167,11.93129383,0.988824347,-0.031265259,0.00352478,0,1,0,2,0.035644531,0,0,0,0,,,,,5.173661709,0.328966618,-0.237801552,0,-0.329114494,0.237596851,0,0,166,0,0,166,166,166,0,0,0.508597695,0.000347392,,,,,,,,,,,,
10.56,181,181,181,181,11.87152179,0.988813214,-0.031341553,0.003540039,0,1,0,2,0.035644531,0,0,0,0,,,,,5.165734768,0.328966618,-0.237801552,0,-0.329114494,0.237596851,0,0,179,0,0,179,179,179,0,0,0.570357078,0.000348239,,,,,,,,,,,,
10.57,167,167,167,167,11.93086547,0.988800312,-0.031341553,0.003540039,0,1,0,2,0.035644531,0,0,0,0,,,,,5.165734768,0.328966618,-0.237801552,0,-0.329114494,0.237596851,0,0,166,0,0,166,166,166,0,0,0.508902569,0.000348239,,,,,,,,,,,,
10.58,167,167,167,167,11.93068688,0.988789179,-0.031341553,0.003540039,0,1,0,2,0.035644531,0,0,0,0,,,,,5.165734768,0.328966618,-0.237801552,0,-0.329114494,0.237596851,0,0,166,0,0,166,166,166,0,0,0.508881853,0.000348239,,,,,,,,,,,,
10.59,185,185,185,185,11.8516755,0.988778046,-0.031433105,0.003555298,0,1,0,2,0.035644531,0,0,0,0,,,,,5.155165672,0.328966618,-0.237801552,0,-0.329114494,0.237596851,0,0,183,0,0,183,183,183,0,0,0.591234685,0.000349257,,,,,,,,,,,,
10.6,167,167,167,167,11.93023675,0.988764573,-0.031433105,0.003555298,0,1,0,2,0.035644531,0,0,0,0,,,,,5.155165672,0.328966618,-0.237801552,0,-0.329114494,0.237596851,0,0,166,0,0,166,166,166,0,0,0.509304799,0.000349257,,,,,,,,,,,,
10.61,190,190,190,190,11.83156071,0.98875344,-0.031539917,0.003570557,0,1,0,2,0.035644531,0,0,0,0,,,,,5.141953945,0.328966618,-0.237801552,0,-0.329114494,0.237596851,0,0,187,0,0,187,187,187,0,0,0.612255127,0.000350444,,,,,,,,,,,,
10.62,167,167,167,167,11.92976411,0.988739384,-0.031539917,0.003570557,0,1,0,2,0.035644531,0,0,0,0,,,,,5.141953945,0.328966618,-0.237801552,0,-0.329114494,0.237596851,0,0,166,0,0,166,166,166,0,0,0.509846497,0.000350444,,,,,,,,,,,,
10.63,185,185,185,185,11.85075353,0.988728251,-0.03163147,0.003570557,0,1,0,2,0.035644531,0,0,0,0,,,,,5.13138485,0.328966618,-0.237801552,0,-0.329114494,0.237596851,0,0,183,0,0,183,183,183,0,0,0.592202303,0.000351461,,,,,,,,,,,,
10.64,167,167,167,167,11.92931558,0.988714778,-0.03163147,0.003570557,0,1,0,2,0.035644531,0,0,0,0,,,,,5.13138485,0.328966618,-0.237801552,0,-0.329114494,0.237596851,0,0,166,0,0,166,166,166,0,0,0.510275389,0.000351461,,,,,,,,,,,,
10.65,181,181,181,181,11.86954525,0.988703645,-0.031707764,0.003585815,0,1,0,2,0.035644531,0,0,0,0,,,,,5.123457909,0.328966618,-0.237801552,0,-0.329114494,0.237596851,0,0,179,0,0,179,179,179,0,0,0.572040057,0.000352308,,,,,,,,,,,,
10.66,168,168,168,168,11.92446599,0.988690743,-0.031707764,0.003585815,0,1,0,2,0.035644531,0,0,0,0,,,,,5.123457909,0.328966618,-0.237801552,0,-0.329114494,0.237596851,0,0,167,0,0,167,167,167,0,0,0.510590832,0.000352308,,,,,,,,,,,,
10.67,186,186,186,186,11.84499915,0.988679479,-0.031784058,0.003601074,0,1,0,2,0.035644531,0,0,0,0,,,,,5.112888336,0.329287142,-0.234909773,0,-0.329433219,0.234704873,0.057839556,0,184,0,0,184,184,184,0,0,0.592952666,0.000353156,,,,,,,,,,,,
10.68,168,168,168,168,11.92400795,0.988665861,-0.031784058,0.003601074,0,1,0,2,0.035644531,0,0,0,0,,,,,5.112888336,0.329287142,-0.234909773,0,-0.329433219,0.234704873,0,0,167,0,0,167,167,167,0,0,0.511024368,0.000353156,,,,,,,,,,,,
10.69,186,186,186,186,11.84454151,0.988654597,-0.03187561,0.003601074,0,1,0,2,0.035644531,0,0,0,0,,,,,5.102319241,0.329287142,-0.234909773,0,-0.329433219,0.234704873,0,0,184,0,0,184,184,184,0,0,0.593383807,0.000354173,,,,,,,,,,,,
10.7,168,168,168,168,11.9235507,0.98864098,-0.031906128,0.003616333,0,1,0,2,0.035644531,0,0,0,0,,,,,5.102319241,0.329287142,-0.234909773,0,-0.329433219,0.234704873,0,0,167,0,0,167,167,167,0,0,0.511460526,0.000354513,,,,,,,,,,,,
10.71,182,182,182,182,11.86343081,0.988629715,-0.031997681,0.003616333,0,1,0,2,0.035644531,0,0,0,0,,,,,5.0943923,0.329287142,-0.234909773,0,-0.329433219,0.234704873,0,0,180,0,0,180,180,180,0,0,0.573228827,0.00035553,,,,,,,,,,,,
10.72,168,168,168,168,11.92311716,0.988616672,-0.031997681,0.003616333,0,1,0,2,0.035644531,0,0,0,0,,,,,5.0943923,0.329287142,-0.234909773,0,-0.329433219,0.234704873,0,0,167,0,0,167,167,167,0,0,0.511783236,0.00035553,,,,,,,,,,,,
10.73,186,186,186,186,11.84365149,0.988605407,-0.032073975,0.003631592,0,1,0,2,0.035644531,0,0,0,0,,,,,5.083823204,0.329287142,-0.234909773,0,-0.329433219,0.234704873,0,0,184,0,0,184,184,184,0,0,0.594144987,0.000356377,,,,,,,,,,,,
10.74,168,168,168,168,11.92266144,0.98859179,-0.032073975,0.003631592,0,1,0,2,0.035644531,0,0,0,0,,,,,5.083823204,0.329287142,-0.234909773,0,-0.329433219,0.234704873,0,0,167,0,0,167,167,167,0,0,0.512224018,0.000356377,,,,,,,,,,,,
10.75,182,182,182,182,11.86254232,0.988580526,-0.032150269,0.003646851,0,1,0,2,0.035644531,0,0,0,0,,,,,5.075896263,0.329287142,-0.234909773,0,-0.329433219,0.234704873,0,0,180,0,0,180,180,180,0,0,0.573994631,0.000357225,,,,,,,,,,,,
10.76,168,168,168,168,11.92222944,0.988567482,-0.032150269,0.003646851,0,1,0,2,0.035644531,0,0,0,0,,,,,5.075896263,0.329287142,-0.234909773,0,-0.329433219,0.234704873,0,0,167,0,0,167,167,167,0,0,0.512551352,0.000357225,,,,,,,,,,,,
10.77,178,178,178,178,11.88103165,0.988556218,-0.032241821,0.003646851,0,1,0,2,0.035644531,0,0,0,0,,,,,5.070611477,0.329287142,-0.234909773,0,-0.329433219,0.234704873,0,0,176,0,0,176,176,176,0,0,0.553730498,0.000358242,,,,,,,,,,,,
10.78,168,168,168,168,11.92182059,0.988543736,-0.032241821,0.003646851,0,1,0,2,0.035644531,0,0,0,0,,,,,5.070611477,0.329287142,-0.234909773,0,-0.329433219,0.234704873,0,0,167,0,0,167,167,167,0,0,0.512764578,0.000358242,,,,,,,,,,,,
10.79,186,186,186,186,11.84235603,0.988532472,-0.032318115,0.003662109,0,1,0,2,0.035644531,0,0,0,0,,,,,5.060041904,0.329287142,-0.234909773,0,-0.329433219,0.234704873,0,0,184,0,0,184,184,184,0,0,0.595133017,0.00035909,,,,,,,,,,,,
10.8,168,168,168,168,11.9213671,0.988518854,-0.032318115,0.003662109,0,1,0,2,0.035644531,0,0,0,0,,,,,5.060041904,0.329287142,-0.234909773,0,-0.329433219,0.234704873,0,0,167,0,0,167,167,167,0,0,0.513211326,0.00035909,,,,,,,,,,,,
10.81,182,182,182,182,11.86124909,0.98850759,-0.032409668,0.003677368,0,1,0,2,0.035644531,0,0,0,0,,,,,5.052114964,0.329287142,-0.234909773,0,-0.329433219,0.234704873,0,0,180,0,0,180,180,180,0,0,0.574984912,0.000360107,,,,,,,,,,,,
10.82,168,168,168,168,11.92093731,0.988494547,-0.032409668,0.003677368,0,1,0,2,0.035644531,0,0,0,0,,,,,5.052114964,0.329287142,-0.234909773,0,-0.329433219,0.234704873,0,0,167,0,0,167,167,167,0,0,0.513544605,0.000360107,,,,,,,,,,,,
10.83,186,186,186,186,11.84147351,0.988483282,-0.032485962,0.003677368,0,1,1,2,0.035644531,0,0,0,0,,,,,5.041545868,0.329287142,-0.234909773,0,-0.329433219,0.234704873,0,0,184,0,0,184,184,184,0,0,0.59591164,0.000360955,,,,,,,,,,,,
10.84,173,173,173,173,11.89796354,0.988469665,-0.032531738,0.003692627,0,1,1,3,0.035644531,0,0,0,0,,,,,5.038903713,0.329287142,-0.234909773,0,-0.329433219,0.234704873,0,0,172,0,0,172,172,172,0,0,0.534588414,0.000361464,,,,,,,,,,,,
10.85,168,168,168,168,11.92027995,0.988457732,-0.032562256,0.003692627,1,1,1,3,0.035644531,0,0,0,0,,,,,5.038903713,0.329287142,-0.234909773,0,-0.329433219,0.234704873,0,0,167,0,0,167,167,167,0,0,0.514106853,0.000361803,,,,,,,,,,,,
10.86,186,186,186,186,11.84081672,0.988446468,-0.032653809,0.003707886,1,1,1,3,0.035644531,0,0,0,0,,,,,5.028334141,0.329622716,-0.231885672,0,-0.329766911,0.231680564,0.060486189,0,184,0,0,184,184,184,0,0,0.596479255,0.00036282,,,,,,,,,,,,
10.87,168,168,168,168,11.91982911,0.98843285,-0.032653809,0.003707886,1,1,1,3,0.035644531,0,0,0,0,,,,,5.028334141,0.329622716,-0.231885672,0,-0.329766911,0.231680564,0,0,167,0,0,167,167,167,0,0,0.514561527,0.00036282,,,,,,,,,,,,
10.88,178,178,178,178,11.8786334,0.988421586,-0.032730103,0.003707886,1,1,1,3,0.035644531,0,0,0,0,,,,,5.023049831,0.329622716,-0.231885672,0,-0.329766911,0.231680564,0,0,176,0,0,176,176,176,0,0,0.555742902,0.000363668,,,,,,,,,,,,
10.89,168,168,168,168,11.91942439,0.988409104,-0.032730103,0.003707886,1,1,1,3,0.035644531,0,0,0,0,,,,,5.023049831,0.329622716,-0.231885672,0,-0.329766911,0.231680564,0,0,167,0,0,167,167,167,0,0,0.514786623,0.000363668,,,,,,,,,,,,
10.9,182,182,182,182,11.85930805,0.98839784,-0.032821655,0.003723145,1,1,1,3,0.035644531,0,0,0,0,,,,,5.01512289,0.329622716,-0.231885672,0,-0.329766911,0.231680564,0,0,180,0,0,180,180,180,0,0,0.576564833,0.000364685,,,,,,,,,,,,
10.91,169,169,169,169,11.91454672,0.988384796,-0.032821655,0.003723145,1,1,1,3,0.035644531,0,0,0,0,,,,,5.01512289,0.329622716,-0.231885672,0,-0.329766911,0.231680564,0,0,168,0,0,168,168,168,0,0,0.515129151,0.000364685,,,,,,,,,,,,
10.92,178,178,178,178,11.87779765,0.9883734,-0.032897949,0.003738403,1,1,1,3,0.035644531,0,0,0,0,,,,,5.009838104,0.329622716,-0.231885672,0,-0.329766911,0.231680564,0,0,176,0,0,176,176,176,0,0,0.556315893,0.000365533,,,,,,,,,,,,
10.93,169,169,169,169,11.91413815,0.988360918,-0.032897949,0.003738403,1,1,1,3,0.035644531,0,0,0,0,,,,,5.009838104,0.329622716,-0.231885672,0,-0.329766911,0.231680564,0,0,168,0,0,168,168,168,0,0,0.51535757,0.000365533,,,,,,,,,,,,
10.94,188,188,188,188,11.83421932,0.988349522,-0.032974243,0.003738403,1,1,1,3,0.035644531,0,0,0,0,,,,,4.999268532,0.329622716,-0.231885672,0,-0.329766911,0.231680564,0,0,185,0,0,185,185,185,0,0,0.597733606,0.00036638,,,,,,,,,,,,
10.95,169,169,169,169,11.91367913,0.988335759,-0.032974243,0.003738403,1,1,1,3,0.035644531,0,0,0,0,,,,,4.999268532,0.329622716,-0.231885672,0,-0.329766911,0.231680564,0,0,168,0,0,168,168,168,0,0,0.515819511,0.00036638,,,,,,,,,,,,
10.96,183,183,183,183,11.85321315,0.988324362,-0.033096313,0.003753662,1,1,1,3,0.035644531,0,0,0,0,,,,,4.991341591,0.329622716,-0.231885672,0,-0.329766911,0.231680564,0,0,181,0,0,181,181,181,0,0,0.577600694,0.000367737,,,,,,,,,,,,
10.97,169,169,169,169,11.91324394,0.988311177,-0.033096313,0.003753662,1,1,1,3,0.035644531,0,0,0,0,,,,,4.991341591,0.329622716,-0.231885672,0,-0.329766911,0.231680564,0,0,168,0,0,168,168,168,0,0,0.516167984,0.000367737,,,,,,,,,,,,
10.98,178,178,178,178,11.87649599,0.98829978,-0.033172607,0.003768921,1,1,1,3,0.035644531,0,0,0,0,,,,,4.986057281,0.329622716,-0.231885672,0,-0.329766911,0.231680564,0,0,176,0,0,176,176,176,0,0,0.557353983,0.000368585,,,,,,,,,,,,
10.99,169,169,169,169,11.9128376,0.988287298,-0.033172607,0.003768921,1,1,1,3,0.035644531,0,0,0,0,,,,,4.986057281,0.329622716,-0.231885672,0,-0.329766911,0.231680564,0,0,168,0,0,168,168,168,0,0,0.516402328,0.000368585,,,,,,,,,,,,
11,188,188,188,188,11.83291989,0.988275902,-0.033248901,0.00378418,1,1,1,3,0.035644531,0,0,0,0,,,,,4.975487709,0.329622716,-0.231885672,0,-0.329766911,0.231680564,0,0,185,0,0,185,185,185,0,0,0.598781337,0.000369432,,,,,,,,,,,,
11.01,169,169,169,169,11.91238081,0.988262139,-0.033248901,0.00378418,1,1,1,3,0.035644531,0,0,0,0,,,,,4.975487709,0.329622716,-0.231885672,0,-0.329766911,0.231680564,0,0,168,0,0,168,168,168,0,0,0.516870214,0.000369432,,,,,,,,,,,,
11.02,174,174,174,174,11.89412938,0.988250742,-0.033325195,0.003799438,1,1,1,3,0.035644531,0,0,0,0,,,,,4.972845554,0.329622716,-0.231885672,0,-0.329766911,0.231680564,0,0,172,0,0,172,172,172,0,0,0.537465737,0.00037028,,,,,,,,,,,,
11.03,169,169,169,169,11.91199786,0.988238809,-0.033325195,0.003799438,1,1,1,3,0.035644531,0,0,0,0,,,,,4.972845554,0.329622716,-0.231885672,0,-0.329766911,0.231680564,0,0,168,0,0,168,168,168,0,0,0.516992432,0.00037028,,,,,,,,,,,,
11.04,179,179,179,179,11.87056059,0.988227413,-0.033416748,0.003799438,1,1,1,3,0.035644531,0,0,0,0,,,,,4.967560768,0.329973996,-0.228723764,0,-0.330116224,0.228518439,0.063242502,0,177,0,0,177,177,177,0,0,0.558184459,0.000371297,,,,,,,,,,,,
11.05,169,169,169,169,11.91158809,0.988214792,-0.033416748,0.003799438,1,1,1,3,0.035644531,0,0,0,0,,,,,4.967560768,0.329973996,-0.228723764,0,-0.330116224,0.228518439,0,0,168,0,0,168,168,168,0,0,0.517231421,0.000371297,,,,,,,,,,,,
11.06,188,188,188,188,11.83167145,0.988203395,-0.033493042,0.003814697,1,1,1,3,0.035644531,0,0,0,0,,,,,4.956991673,0.329973996,-0.228723764,0,-0.330116224,0.228518439,0,0,185,0,0,185,185,185,0,0,0.599609025,0.000372145,,,,,,,,,,,,
11.07,169,169,169,169,11.91113344,0.988189633,-0.033493042,0.003814697,1,1,1,3,0.035644531,0,0,0,0,,,,,4.956991673,0.329973996,-0.228723764,0,-0.330116224,0.228518439,0,0,168,0,0,168,168,168,0,0,0.51770391,0.000372145,,,,,,,,,,,,
11.08,169,169,169,169,11.91095366,0.988178236,-0.033493042,0.003814697,1,1,1,3,0.035644531,0,0,0,0,,,,,4.956991673,0.329973996,-0.228723764,0,-0.330116224,0.228518439,0,0,168,0,0,168,168,168,0,0,0.517709286,0.000372145,,,,,,,,,,,,
11.09,183,183,183,183,11.85049001,0.988166839,-0.033615112,0.003829956,1,1,1,3,0.035644531,0,0,0,0,,,,,4.949064732,0.329973996,-0.228723764,0,-0.330116224,0.228518439,0,0,181,0,0,181,181,181,0,0,0.579495754,0.000373501,,,,,,,,,,,,
11.1,169,169,169,169,11.91052313,0.988153654,-0.033615112,0.003829956,1,1,1,3,0.035644531,0,0,0,0,,,,,4.949064732,0.329973996,-0.228723764,0,-0.330116224,0.228518439,0,0,168,0,0,168,168,168,0,0,0.518068328,0.000373501,,,,,,,,,,,,
11.11,179,179,179,179,11.86908712,0.988142257,-0.033691406,0.003845215,1,1,1,3,0.035644531,0,0,0,0,,,,,4.943779945,0.329973996,-0.228723764,0,-0.330116224,0.228518439,0,0,177,0,0,177,177,177,0,0,0.559263328,0.000374349,,,,,,,,,,,,
11.12,169,169,169,169,11.91011588,0.988129636,-0.033691406,0.003845215,1,1,1,3,0.035644531,0,0,0,0,,,,,4.943779945,0.329973996,-0.228723764,0,-0.330116224,0.228518439,0,0,168,0,0,168,168,168,0,0,0.518313263,0.000374349,,,,,,,,,,,,
11.13,188,188,188,188,11.8302005,0.98811824,-0.033813477,0.003860474,1,1,1,3,0.035644531,0,0,0,0,,,,,4.93321085,0.329973996,-0.228723764,0,-0.330116224,0.228518439,0,0,185,0,0,185,185,185,0,0,0.60069384,0.000375705,,,,,,,,,,,,
11.14,169,169,169,169,11.90966374,0.988104477,-0.033813477,0.003860474,1,1,1,3,0.035644531,0,0,0,0,,,,,4.93321085,0.329973996,-0.228723764,0,-0.330116224,0.228518439,0,0,168,0,0,168,168,168,0,0,0.518791697,0.000375705,,,,,,,,,,,,
11.15,175,175,175,175,11.88683055,0.98809308,-0.033843994,0.003860474,1,1,1,3,0.035644531,0,0,0,0,,,,,4.930568218,0.329973996,-0.228723764,0,-0.330116224,0.228518439,0,0,173,0,0,173,173,173,0,0,0.539396221,0.000376044,,,,,,,,,,,,
11.16,179,179,179,179,11.86802326,0.988081012,-0.033889771,0.003860474,1,1,1,3,0.035644531,0,0,0,0,,,,,4.925283909,0.329973996,-0.228723764,0,-0.330116224,0.228518439,0,0,177,0,0,177,177,177,0,0,0.560109422,0.000376553,,,,,,,,,,,,
11.17,169,169,169,169,11.90905293,0.988068391,-0.033935547,0.003875732,1,1,1,3,0.035644531,0,0,0,0,,,,,4.925283909,0.329973996,-0.228723764,0,-0.330116224,0.228518439,0,0,168,0,0,168,168,168,0,0,0.519165363,0.000377062,,,,,,,,,,,,
11.18,188,188,188,188,11.82913845,0.988056994,-0.034011841,0.003875732,1,1,1,3,0.035644531,0,0,0,0,,,,,4.914714336,0.329973996,-0.228723764,0,-0.330116224,0.228518439,0,0,185,0,0,185,185,185,0,0,0.601551969,0.000377909,,,,,,,,,,,,
11.19,169,169,169,169,11.9086026,0.988043231,-0.034057617,0.003890991,1,1,1,3,0.035644531,0,0,0,0,,,,,4.914714336,0.329973996,-0.228723764,0,-0.330116224,0.228518439,0,0,168,0,0,168,168,168,0,0,0.519648443,0.000378418,,,,,,,,,,,,
11.2,169,169,169,169,11.90842499,0.988031835,-0.034057617,0.003890991,1,1,1,3,0.035644531,0,0,0,0,,,,,4.914714336,0.329973996,-0.228723764,0,-0.330116224,0.228518439,0,0,168,0,0,168,168,168,0,0,0.519659104,0.000378418,,,,,,,,,,,,
11.21,175,175,175,175,11.88559285,0.988020438,-0.034133911,0.003890991,1,1,1,3,0.035644531,0,0,0,0,,,,,4.912072182,0.329973996,-0.228723764,0,-0.330116224,0.228518439,0,0,173,0,0,173,173,173,0,0,0.540262223,0.000379266,,,,,,,,,,,,
11.22,170,170,170,170,11.90356558,0.988008369,-0.034133911,0.003890991,1,1,1,3,0.035644531,0,0,0,0,,,,,4.912072182,0.329973996,-0.228723764,0,-0.330116224,0.228518439,0,0,169,0,0,169,169,169,0,0,0.519796515,0.000379266,,,,,,,,,,,,
11.23,170,170,170,170,11.90338313,0.98799684,-0.034133911,0.003890991,1,1,1,3,0.035644531,0,0,0,0,,,,,4.912072182,0.329973996,-0.228723764,0,-0.330116224,0.228518439,0,0,169,0,0,169,169,169,0,0,0.519807506,0.000379266,,,,,,,,,,,,
11.24,188,188,188,188,11.82794215,0.98798531,-0.034255981,0.00390625,1,1,1,3,0.035644531,0,0,0,0,,,,,4.901503086,0.330340624,-0.225428104,0,-0.330480802,0.225222551,0.065917749,0,185,0,0,185,185,185,0,0,0.602192046,0.000380622,,,,,,,,,,,,
11.25,170,170,170,170,11.90292953,0.987971548,-0.034255981,0.00390625,1,1,1,3,0.035644531,0,0,0,0,,,,,4.901503086,0.330340624,-0.225428104,0,-0.330480802,0.225222551,0,0,169,0,0,169,169,169,0,0,0.520293867,0.000380622,,,,,,,,,,,,
11.26,179,179,179,179,11.86596866,0.987960018,-0.034347534,0.003921509,1,1,1,3,0.035644531,0,0,0,0,,,,,4.8962183,0.330340624,-0.225428104,0,-0.330480802,0.225222551,0,0,177,0,0,177,177,177,0,0,0.561494812,0.000381639,,,,,,,,,,,,
11.27,170,170,170,170,11.9025223,0.987947397,-0.034347534,0.003921509,1,1,1,3,0.035644531,0,0,0,0,,,,,4.8962183,0.330340624,-0.225428104,0,-0.330480802,0.225222551,0,0,169,0,0,169,169,169,0,0,0.520550692,0.000381639,,,,,,,,,,,,
11.28,179,179,179,179,11.86556178,0.987935868,-0.034378052,0.003921509,1,1,1,3,0.035644531,0,0,0,0,,,,,4.890933514,0.330340624,-0.225428104,0,-0.330480802,0.225222551,0,0,177,0,0,177,177,177,0,0,0.561752298,0.000381978,,,,,,,,,,,,
11.29,175,175,175,175,11.88393887,0.987923247,-0.034469604,0.003936768,1,1,1,3,0.035644531,0,0,0,0,,,,,4.888291359,0.330340624,-0.225428104,0,-0.330480802,0.225222551,0,0,173,0,0,173,173,173,0,0,0.541401296,0.000382996,,,,,,,,,,,,
11.3,170,170,170,170,11.90191301,0.987911178,-0.034500122,0.003936768,1,1,1,3,0.035644531,0,0,0,0,,,,,4.888291359,0.330340624,-0.225428104,0,-0.330480802,0.225222551,0,0,169,0,0,169,169,169,0,0,0.520938561,0.000383335,,,,,,,,,,,,
11.31,179,179,179,179,11.86495301,0.987899649,-0.034545898,0.003952026,1,1,1,3,0.035644531,0,0,0,0,,,,,4.883006573,0.330340624,-0.225428104,0,-0.330480802,0.225222551,0,0,177,0,0,177,177,177,0,0,0.562141157,0.000383843,,,,,,,,,,,,
11.32,179,179,179,179,11.86472855,0.987887028,-0.034622192,0.003952026,1,1,1,3,0.035644531,0,0,0,0,,,,,4.877722263,0.330340624,-0.225428104,0,-0.330480802,0.225222551,0,0,177,0,0,177,177,177,0,0,0.562383605,0.000384691,,,,,,,,,,,,
11.33,170,170,170,170,11.90128324,0.987874407,-0.034622192,0.003952026,1,1,1,3,0.035644531,0,0,0,0,,,,,4.877722263,0.330340624,-0.225428104,0,-0.330480802,0.225222551,0,0,169,0,0,169,169,169,0,0,0.521445492,0.000384691,,,,,,,,,,,,
11.34,179,179,179,179,11.86432378,0.987862877,-0.034713745,0.003967285,1,1,1,3,0.035644531,0,0,0,0,,,,,4.872437477,0.330340624,-0.225428104,0,-0.330480802,0.225222551,0,0,177,0,0,177,177,177,0,0,0.562649409,0.000385708,,,,,,,,,,,,
11.35,170,170,170,170,11.90087882,0.987850256,-0.034713745,0.003967285,1,1,1,3,0.035644531,0,0,0,0,,,,,4.872437477,0.330340624,-0.225428104,0,-0.330480802,0.225222551,0,0,169,0,0,169,169,169,0,0,0.521708261,0.000385708,,,,,,,,,,,,
11.36,175,175,175,175,11.88252177,0.987838727,-0.034790039,0.003982544,1,1,1,3,0.035644531,0,0,0,0,,,,,4.869795322,0.330340624,-0.225428104,0,-0.330480802,0.225222551,0,0,173,0,0,173,173,173,0,0,0.542316665,0.000386556,,,,,,,,,,,,
11.37,170,170,170,170,11.90049711,0.987826658,-0.034790039,0.003982544,1,1,1,3,0.035644531,0,0,0,0,,,,,4.869795322,0.330340624,-0.225428104,0,-0.330480802,0.225222551,0,0,169,0,0,169,169,169,0,0,0.521856242,0.000386556,,,,,,,,,,,,
11.38,180,180,180,180,11.85882136,0.987815129,-0.034881592,0.003982544,1,1,1,3,0.035644531,0,0,0,0,,,,,4.864510536,0.330340624,-0.225428104,0,-0.330480802,0.225222551,0,0,178,0,0,178,178,178,0,0,0.56306115,0.000387573,,,,,,,,,,,,
11.39,170,170,170,170,11.90008843,0.987802368,-0.034881592,0.003982544,1,1,1,3,0.035644531,0,0,0,0,,,,,4.864510536,0.330340624,-0.225428104,0,-0.330480802,0.225222551,0,0,169,0,0,169,169,169,0,0,0.522120993,0.000387573,,,,,,,,,,,,
11.4,180,180,180,180,11.85841303,0.987790838,-0.034957886,0.003997803,1,1,1,3,0.035644531,0,0,0,0,,,,,4.85922575,0.330340624,-0.225428104,0,-0.330480802,0.225222551,0,0,178,0,0,178,178,178,0,0,0.563326562,0.000388421,,,,,,,,,,,,
11.41,170,170,170,170,11.89968044,0.987778077,-0.034957886,0.003997803,1,1,1,3,0.035644531,0,0,0,0,,,,,4.85922575,0.330340624,-0.225428104,0,-0.330480802,0.225222551,0,0,169,0,0,169,169,169,0,0,0.522387066,0.000388421,,,,,,,,,,,,
11.42,170,170,170,170,11.8995013,0.987766548,-0.03503418,0.004013062,1,1,1,3,0.035644531,0,0,0,0,,,,,4.85922575,0.330723614,-0.221990347,0,-0.330861653,0.221784556,0.068759902,0,169,0,0,169,169,169,0,0,0.522404663,0.000389269,,,,,,,,,,,,
11.43,170,170,170,170,11.89932231,0.987755019,-0.03503418,0.004013062,1,1,1,3,0.035644531,0,0,0,0,,,,,4.85922575,0.330723614,-0.221990347,0,-0.330861653,0.221784556,0,0,169,0,0,169,169,169,0,0,0.522422259,0.000389269,,,,,,,,,,,,
11.44,180,180,180,180,11.85764755,0.987743489,-0.035125732,0.004013062,1,1,1,3,0.035644531,0,0,0,0,,,,,4.853940964,0.330723614,-0.221990347,0,-0.330861653,0.221784556,0,0,178,0,0,178,178,178,0,0,0.563628489,0.000390286,,,,,,,,,,,,
11.45,170,170,170,170,11.89891562,0.987730728,-0.035125732,0.004013062,1,1,1,3,0.035644531,0,0,0,0,,,,,4.853940964,0.330723614,-0.221990347,0,-0.330861653,0.221784556,0,0,169,0,0,169,169,169,0,0,0.522689653,0.000390286,,,,,,,,,,,,
11.46,180,180,180,180,11.85724121,0.987719199,-0.035202026,0.00402832,1,1,1,3,0.035644531,0,0,0,0,,,,,4.848656654,0.330723614,-0.221990347,0,-0.330861653,0.221784556,0,0,178,0,0,178,178,178,0,0,0.563892827,0.000391134,,,,,,,,,,,,
11.47,170,170,170,170,11.89850961,0.987706438,-0.035202026,0.00402832,1,1,1,3,0.035644531,0,0,0,0,,,,,4.848656654,0.330723614,-0.221990347,0,-0.330861653,0.221784556,0,0,169,0,0,169,169,169,0,0,0.522958347,0.000391134,,,,,,,,,,,,
11.48,176,176,176,176,11.87554392,0.987694908,-0.03527832,0.004043579,1,1,1,3,0.035644531,0,0,0,0,,,,,4.846014023,0.330723614,-0.221990347,0,-0.330861653,0.221784556,0,0,174,0,0,174,174,174,0,0,0.54357344,0.000391981,,,,,,,,,,,,
11.49,170,170,170,170,11.89812647,0.987682703,-0.035324097,0.004043579,1,1,1,3,0.035644531,0,0,0,0,,,,,4.846014023,0.330723614,-0.221990347,0,-0.330861653,0.221784556,0,0,169,0,0,169,169,169,0,0,0.523112294,0.00039249,,,,,,,,,,,,
11.5,180,180,180,180,11.85645272,0.987671173,-0.035400391,0.004058838,1,1,1,3,0.035644531,0,0,0,0,,,,,4.840729713,0.330723614,-0.221990347,0,-0.330861653,0.221784556,0,0,178,0,0,178,178,178,0,0,0.564316459,0.000393338,,,,,,,,,,,,
11.51,170,170,170,170,11.8977218,0.987658412,-0.035400391,0.004058838,1,1,1,3,0.035644531,0,0,0,0,,,,,4.840729713,0.330723614,-0.221990347,0,-0.330861653,0.221784556,0,0,169,0,0,169,169,169,0,0,0.52338297,0.000393338,,,,,,,,,,,,
11.52,170,170,170,170,11.89754432,0.987646883,-0.035476685,0.004058838,1,1,1,3,0.035644531,0,0,0,0,,,,,4.840729713,0.330723614,-0.221990347,0,-0.330861653,0.221784556,0,0,169,0,0,169,169,169,0,0,0.523402878,0.000394185,,,,,,,,,,,,
11.53,170,170,170,170,11.89736698,0.987635354,-0.035476685,0.004058838,1,1,1,3,0.035644531,0,0,0,0,,,,,4.840729713,0.330723614,-0.221990347,0,-0.330861653,0.221784556,0,0,169,0,0,169,169,169,0,0,0.523422787,0.000394185,,,,,,,,,,,,
11.54,180,180,180,180,11.85569388,0.987623824,-0.035552979,0.004074097,1,1,1,3,0.035644531,0,0,0,0,,,,,4.835444927,0.330723614,-0.221990347,0,-0.330861653,0.221784556,0,0,178,0,0,178,178,178,0,0,0.564631329,0.000395033,,,,,,,,,,,,
11.55,170,170,170,170,11.8969636,0.987611063,-0.035598755,0.004074097,1,1,1,3,0.035644531,0,0,0,0,,,,,4.835444927,0.330723614,-0.221990347,0,-0.330861653,0.221784556,0,0,169,0,0,169,169,169,0,0,0.523694805,0.000395542,,,,,,,,,,,,
11.56,170,170,170,170,11.89678676,0.987599534,-0.035598755,0.004074097,1,1,1,3,0.035644531,0,0,0,0,,,,,4.835444927,0.330723614,-0.221990347,0,-0.330861653,0.221784556,0,0,169,0,0,169,169,169,0,0,0.523715374,0.000395542,,,,,,,,,,,,
11.57,180,180,180,180,11.85511414,0.987588004,-0.035675049,0.004089355,1,1,1,3,0.035644531,0,0,0,0,,,,,4.830160141,0.330723614,-0.221990347,0,-0.330861653,0.221784556,0,0,178,0,0,178,178,178,0,0,0.564924577,0.000396389,,,,,,,,,,,,
11.58,170,170,170,170,11.89638435,0.987575243,-0.035720825,0.004089355,1,1,1,3,0.035644531,0,0,0,0,,,,,4.830160141,0.330723614,-0.221990347,0,-0.330861653,0.221784556,0,0,169,0,0,169,169,169,0,0,0.523988713,0.000396898,,,,,,,,,,,,
11.59,176,176,176,176,11.87342046,0.987563714,-0.035797119,0.004104614,1,1,1,3,0.035644531,0,0,0,0,,,,,4.827517986,0.330723614,-0.221990347,0,-0.330861653,0.221784556,0,0,174,0,0,174,174,174,0,0,0.544602402,0.000397746,,,,,,,,,,,,
11.6,170,170,170,170,11.8960048,0.987551508,-0.035842896,0.004104614,1,1,1,3,0.035644531,0,0,0,0,,,,,4.827517986,0.331123114,-0.218409538,0,-0.331258925,0.2182035,0.07162113,0,169,0,0,169,169,169,0,0,0.524147263,0.000398254,,,,,,,,,,,,
11.61,170,170,170,170,11.89582876,0.987539979,-0.035873413,0.004119873,1,1,1,3,0.035644531,0,0,0,0,,,,,4.827517986,0.331123114,-0.218409538,0,-0.331258925,0.2182035,0,0,169,0,0,169,169,169,0,0,0.524168823,0.000398593,,,,,,,,,,,,
11.62,170,170,170,170,11.89565288,0.987528449,-0.035873413,0.004119873,1,1,1,3,0.035644531,0,0,0,0,,,,,4.827517986,0.331123114,-0.218409538,0,-0.331258925,0.2182035,0,0,169,0,0,169,169,169,0,0,0.524190384,0.000398593,,,,,,,,,,,,
11.63,180,180,180,180,11.85398122,0.98751692,-0.035949707,0.004119873,1,1,1,3,0.035644531,0,0,0,0,,,,,4.8222332,0.331123114,-0.218409538,0,-0.331258925,0.2182035,0,0,178,0,0,178,178,178,0,0,0.565400577,0.000399441,,,,,,,,,,,,
11.64,172,172,172,172,11.89074802,0.987504159,-0.035949707,0.004119873,1,1,1,3,0.035644531,0,0,0,0,,,,,4.8222332,0.331123114,-0.218409538,0,-0.331258925,0.2182035,0,0,170,0,0,170,170,170,0,0,0.524465704,0.000399441,,,,,,,,,,,,
11.65,172,172,172,172,11.89056729,0.987492496,-0.03604126,0.004135132,1,1,1,3,0.035644531,0,0,0,0,,,,,4.8222332,0.331123114,-0.218409538,0,-0.331258925,0.2182035,0,0,170,0,0,170,170,170,0,0,0.524487925,0.000400458,,,,,,,,,,,,
11.66,172,172,172,172,11.8903867,0.987480833,-0.03604126,0.004135132,1,1,1,3,0.035644531,0,0,0,0,,,,,4.8222332,0.331123114,-0.218409538,0,-0.331258925,0.2182035,0,0,170,0,0,170,170,170,0,0,0.524510146,0.000400458,,,,,,,,,,,,
11.67,172,172,172,172,11.89020627,0.98746917,-0.03604126,0.004135132,1,1,1,3,0.035644531,0,0,0,0,,,,,4.8222332,0.331123114,-0.218409538,0,-0.331258925,0.2182035,0,0,170,0,0,170,170,170,0,0,0.524532367,0.000400458,,,,,,,,,,,,
11.68,180,180,180,180,11.85303443,0.987457507,-0.036148071,0.004150391,1,1,1,3,0.035644531,0,0,0,0,,,,,4.816948891,0.331123114,-0.218409538,0,-0.331258925,0.2182035,0,0,178,0,0,178,178,178,0,0,0.565739504,0.000401645,,,,,,,,,,,,
11.69,172,172,172,172,11.88980203,0.987444746,-0.036148071,0.004150391,1,1,1,3,0.035644531,0,0,0,0,,,,,4.816948891,0.331123114,-0.218409538,0,-0.331258925,0.2182035,0,0,170,0,0,170,170,170,0,0,0.524808988,0.000401645,,,,,,,,,,,,
11.7,172,172,172,172,11.88962209,0.987433083,-0.036239624,0.004165649,1,1,1,3,0.035644531,0,0,0,0,,,,,4.816948891,0.331123114,-0.218409538,0,-0.331258925,0.2182035,0,0,170,0,0,170,170,170,0,0,0.524831869,0.000402662,,,,,,,,,,,,
11.71,172,172,172,172,11.8894423,0.98742142,-0.036239624,0.004165649,1,1,1,3,0.035644531,0,0,0,0,,,,,4.816948891,0.331123114,-0.218409538,0,-0.331258925,0.2182035,0,0,170,0,0,170,170,170,0,0,0.524854751,0.000402662,,,,,,,,,,,,
11.72,180,180,180,180,11.85227111,0.987409756,-0.036315918,0.004165649,1,1,1,3,0.035644531,0,0,0,0,,,,,4.811664104,0.331123114,-0.218409538,0,-0.331258925,0.2182035,0,0,178,0,0,178,178,178,0,0,0.566066265,0.00040351,,,,,,,,,,,,
11.73,172,172,172,172,11.88903935,0.987396996,-0.036361694,0.004180908,1,1,1,3,0.035644531,0,0,0,0,,,,,4.811664104,0.331123114,-0.218409538,0,-0.331258925,0.2182035,0,0,170,0,0,170,170,170,0,0,0.525132714,0.000404019,,,,,,,,,,,,
11.74,172,172,172,172,11.88886005,0.987385332,-0.036361694,0.004180908,1,1,1,3,0.035644531,0,0,0,0,,,,,4.811664104,0.331123114,-0.218409538,0,-0.331258925,0.2182035,0,0,170,0,0,170,170,170,0,0,0.525156256,0.000404019,,,,,,,,,,,,
11.75,172,172,172,172,11.88868091,0.987373669,-0.036437988,0.004180908,1,1,1,3,0.035644531,0,0,0,0,,,,,4.811664104,0.331123114,-0.218409538,0,-0.331258925,0.2182035,0,0,170,0,0,170,170,170,0,0,0.525179798,0.000404867,,,,,,,,,,,,
11.76,172,172,172,172,11.88850191,0.987362006,-0.036437988,0.004180908,1,1,1,3,0.035644531,0,0,0,0,,,,,4.811664104,0.331123114,-0.218409538,0,-0.331258925,0.2182035,0,0,170,0,0,170,170,170,0,0,0.52520334,0.000404867,,,,,,,,,,,,
11.77,172,172,172,172,11.88832306,0.987350343,-0.036529541,0.004196167,1,1,1,3,0.035644531,0,0,0,0,,,,,4.811664104,0.331123114,-0.218409538,0,-0.331258925,0.2182035,0,0,170,0,0,170,170,170,0,0,0.525226882,0.000405884,,,,,,,,,,,,
11.78,172,172,172,172,11.88814437,0.98733868,-0.036560059,0.004196167,1,1,1,3,0.035644531,0,0,0,0,,,,,4.811664104,0.331123114,-0.218409538,0,-0.331258925,0.2182035,0,0,170,0,0,170,170,170,0,0,0.525250424,0.000406223,,,,,,,,,,,,
11.79,172,172,172,172,11.88796582,0.987327017,-0.036560059,0.004196167,1,1,1,3,0.035644531,0,0,0,0,,,,,4.811664104,0.331123114,-0.218409538,0,-0.331258925,0.2182035,0,0,170,0,0,170,170,170,0,0,0.525273966,0.000406223,,,,,,,,,,,,
11.8,180,180,180,180,11.85079586,0.987315354,-0.036697388,0.004211426,1,1,1,3,0.035644531,0,0,0,0,,,,,4.806379318,0.331539482,-0.214683056,0,-0.331672975,0.214476759,0.074534814,0,178,0,0,178,178,178,0,0,0.566486141,0.000407749,,,,,,,,,,,,
11.81,172,172,172,172,11.88756535,0.987302593,-0.036697388,0.004211426,1,1,1,3,0.035644531,0,0,0,0,,,,,4.806379318,0.331539482,-0.214683056,0,-0.331672975,0.214476759,0,0,170,0,0,170,170,170,0,0,0.52555325,0.000407749,,,,,,,,,,,,
11.82,172,172,172,172,11.88738729,0.98729093,-0.036773682,0.004226685,1,1,1,3,0.035644531,0,0,0,0,,,,,4.806379318,0.331539482,-0.214683056,0,-0.331672975,0.214476759,0,0,170,0,0,170,170,170,0,0,0.525577453,0.000408596,,,,,,,,,,,,
11.83,172,172,172,172,11.88720938,0.987279267,-0.036773682,0.004226685,1,1,1,3,0.035644531,0,0,0,0,,,,,4.806379318,0.331539482,-0.214683056,0,-0.331672975,0.214476759,0,0,170,0,0,170,170,170,0,0,0.525601655,0.000408596,,,,,,,,,,,,
11.84,172,172,172,172,11.88703162,0.987267604,-0.036773682,0.004226685,1,1,1,3,0.035644531,0,0,0,0,,,,,4.806379318,0.331539482,-0.214683056,0,-0.331672975,0.214476759,0,0,170,0,0,170,170,170,0,0,0.525625858,0.000408596,,,,,,,,,,,,
11.85,172,172,172,172,11.886854,0.98725594,-0.036895752,0.004241943,1,1,1,3,0.035644531,0,0,0,0,,,,,4.806379318,0.331539482,-0.214683056,0,-0.331672975,0.214476759,0,0,170,0,0,170,170,170,0,0,0.52565006,0.000409953,,,,,,,,,,,,
11.86,172,172,172,172,11.88667654,0.987244277,-0.036941528,0.004241943,1,1,1,3,0.035644531,0,0,0,0,,,,,4.806379318,0.331539482,-0.214683056,0,-0.331672975,0.214476759,0,0,170,0,0,170,170,170,0,0,0.525674263,0.000410461,,,,,,,,,,,,
11.87,172,172,172,172,11.88649922,0.987232614,-0.036987305,0.004257202,1,1,1,3,0.035644531,0,0,0,0,,,,,4.806379318,0.331539482,-0.214683056,0,-0.331672975,0.214476759,0,0,170,0,0,170,170,170,0,0,0.525698466,0.00041097,,,,,,,,,,,,
11.88,172,172,172,172,11.88632206,0.987220951,-0.037017822,0.004257202,1,1,1,3,0.035644531,0,0,0,0,,,,,4.806379318,0.331539482,-0.214683056,0,-0.331672975,0.214476759,0,0,170,0,0,170,170,170,0,0,0.525722668,0.000411309,,,,,,,,,,,,
11.89,172,172,172,172,11.88614504,0.987209288,-0.037109375,0.004272461,1,1,1,3,0.035644531,0,0,0,0,,,,,4.806379318,0.331539482,-0.214683056,0,-0.331672975,0.214476759,0,0,170,0,0,170,170,170,0,0,0.525746871,0.000412326,,,,,,,,,,,,
11.9,172,172,172,172,11.88596816,0.987197625,-0.037109375,0.004272461,1,1,1,3,0.035644531,0,0,0,0,,,,,4.806379318,0.331539482,-0.214683056,0,-0.331672975,0.214476759,0,0,170,0,0,170,170,170,0,0,0.525771073,0.000412326,,,,,,,,,,,,
11.91,172,172,172,172,11.88579144,0.987185962,-0.037139893,0.004272461,1,1,1,3,0.035644531,0,0,0,0,,,,,4.806379318,0.331539482,-0.214683056,0,-0.331672975,0.214476759,0,0,170,0,0,170,170,170,0,0,0.525795276,0.000412665,,,,,,,,,,,,
11.92,172,172,172,172,11.88561486,0.987174299,-0.037139893,0.004272461,1,1,1,3,0.035644531,0,0,0,0,,,,,4.806379318,0.331539482,-0.214683056,0,-0.331672975,0.214476759,0,0,170,0,0,170,170,170,0,0,0.525819478,0.000412665,,,,,,,,,,,,
11.93,172,172,172,172,11.88543843,0.987162636,-0.037231445,0.00428772,1,1,1,3,0.035644531,0,0,0,0,,,,,4.806379318,0.331539482,-0.214683056,0,-0.331672975,0.214476759,0,0,170,0,0,170,170,170,0,0,0.525843681,0.000413683,,,,,,,,,,,,
11.94,172,172,172,172,11.88526215,0.987150973,-0.037231445,0.00428772,1,1,1,3,0.035644531,0,0,0,0,,,,,4.806379318,0.331539482,-0.214683056,0,-0.331672975,0.214476759,0,0,170,0,0,170,170,170,0,0,0.525867884,0.000413683,,,,,,,,,,,,
11.95,172,172,172,172,11.88508601,0.987139309,-0.037231445,0.00428772,1,1,1,3,0.035644531,0,0,0,0,,,,,4.806379318,0.331539482,-0.214683056,0,-0.331672975,0.214476759,0,0,170,0,0,170,170,170,0,0,0.525892086,0.000413683,,,,,,,,,,,,
11.96,172,172,172,172,11.88491002,0.987127646,-0.037353516,0.004302979,1,1,1,3,0.035644531,0,0,0,0,,,,,4.806379318,0.331539482,-0.214683056,0,-0.331672975,0.214476759,0,0,170,0,0,170,170,170,0,0,0.525916289,0.000415039,,,,,,,,,,,,
11.97,172,172,172,172,11.88473418,0.987115983,-0.037353516,0.004302979,1,1,1,3,0.035644531,0,0,0,0,,,,,4.806379318,0.331539482,-0.214683056,0,-0.331672975,0.214476759,0,0,170,0,0,170,170,170,0,0,0.525940491,0.000415039,,,,,,,,,,,,
11.98,172,172,172,172,11.88455849,0.98710432,-0.037475586,0.004318237,1,1,1,3,0.035644531,0,0,0,0,,,,,4.806379318,0.331972748,-0.210811377,0,-0.332103833,0.210604811,0.077438962,0,170,0,0,170,170,170,0,0,0.525964694,0.000416395,,,,,,,,,,,,
11.99,172,172,172,172,11.88438294,0.987092657,-0.037475586,0.004318237,1,1,1,3,0.035644531,0,0,0,0,,,,,4.806379318,0.331972748,-0.210811377,0,-0.332103833,0.210604811,0,0,170,0,0,170,170,170,0,0,0.525988897,0.000416395,,,,,,,,,,,,
12,172,172,172,172,11.88420754,0.987080994,-0.03755188,0.004318237,1,1,1,3,0.035644531,0,0,0,0,,,,,4.806379318,0.331972748,-0.210811377,0,-0.332103833,0.210604811,0,0,170,0,0,170,170,170,0,0,0.526013099,0.000417243,,,,,,,,,,,,
12.01,172,172,172,172,11.88403228,0.987069331,-0.037643433,0.004333496,1,1,1,3,0.035644531,0,0,0,0,,,,,4.806379318,0.331972748,-0.210811377,0,-0.332103833,0.210604811,0,0,170,0,0,170,170,170,0,0,0.526037302,0.00041826,,,,,,,,,,,,
12.02,172,172,172,172,11.88385717,0.987057668,-0.037643433,0.004333496,1,1,1,3,0.035644531,0,0,0,0,,,,,4.806379318,0.331972748,-0.210811377,0,-0.332103833,0.210604811,0,0,170,0,0,170,170,170,0,0,0.526061504,0.00041826,,,,,,,,,,,,
12.03,172,172,172,172,11.8836822,0.987046005,-0.037719727,0.004348755,1,1,1,3,0.035644531,0,0,0,0,,,,,4.806379318,0.331972748,-0.210811377,0,-0.332103833,0.210604811,0,0,170,0,0,170,170,170,0,0,0.526085707,0.000419108,,,,,,,,,,,,
12.04,172,172,172,172,11.88350739,0.987034341,-0.037811279,0.004348755,1,1,1,3,0.035644531,0,0,0,0,,,,,4.806379318,0.331972748,-0.210811377,0,-0.332103833,0.210604811,0,0,170,0,0,170,170,170,0,0,0.52610991,0.000420125,,,,,,,,,,,,
12.05,172,172,172,172,11.88333271,0.987022678,-0.037841797,0.004364014,1,1,1,3,0.035644531,0,0,0,0,,,,,4.806379318,0.331972748,-0.210811377,0,-0.332103833,0.210604811,0,0,170,0,0,170,170,170,0,0,0.526134112,0.000420464,,,,,,,,,,,,
12.06,172,172,172,172,11.88315818,0.987011015,-0.037887573,0.004364014,1,1,1,3,0.035644531,0,0,0,0,,,,,4.806379318,0.331972748,-0.210811377,0,-0.332103833,0.210604811,0,0,170,0,0,170,170,170,0,0,0.526158315,0.000420973,,,,,,,,,,,,
12.07,162,162,162,162,11.92256636,0.986999352,-0.03793335,0.004364014,1,1,1,3,0.035644531,0,0,0,0,,,,,4.811664104,0.331972748,-0.210811377,0,-0.332103833,0.210604811,0,0,161,0,0,161,161,161,0,0,0.484993884,0.000421482,,,,,,,,,,,,
12.08,172,172,172,172,11.88285646,0.986988864,-0.037979126,0.004379272,1,1,1,3,0.035644531,0,0,0,0,,,,,4.811664104,0.331972748,-0.210811377,0,-0.332103833,0.210604811,0,0,170,0,0,170,170,170,0,0,0.52597452,0.00042199,,,,,,,,,,,,
12.09,172,172,172,172,11.88268232,0.986977201,-0.038009644,0.004379272,1,1,1,3,0.035644531,0,0,0,0,,,,,4.811664104,0.331972748,-0.210811377,0,-0.332103833,0.210604811,0,0,170,0,0,170,170,170,0,0,0.525998062,0.000422329,,,,,,,,,,,,
12.1,172,172,172,172,11.88250833,0.986965538,-0.03805542,0.004379272,1,1,1,3,0.035644531,0,0,0,0,,,,,4.811664104,0.331972748,-0.210811377,0,-0.332103833,0.210604811,0,0,170,0,0,170,170,170,0,0,0.526021604,0.000422838,,,,,,,,,,,,
12.11,172,172,172,172,11.88233449,0.986953874,-0.038101196,0.004394531,1,1,1,3,0.035644531,0,0,0,0,,,,,4.811664104,0.331972748,-0.210811377,0,-0.332103833,0.210604811,0,0,170,0,0,170,170,170,0,0,0.526045146,0.000423347,,,,,,,,,,,,
12.12,172,172,172,172,11.88216078,0.986942211,-0.038101196,0.004394531,1,1,1,3,0.035644531,0,0,0,0,,,,,4.811664104,0.331972748,-0.210811377,0,-0.332103833,0.210604811,0,0,170,0,0,170,170,170,0,0,0.526068687,0.000423347,,,,,,,,,,,,
12.13,172,172,172,172,11.88198723,0.986930548,-0.038192749,0.004394531,1,1,1,3,0.035644531,0,0,0,0,,,,,4.811664104,0.331972748,-0.210811377,0,-0.332103833,0.210604811,0,0,170,0,0,170,170,170,0,0,0.526092229,0.000424364,,,,,,,,,,,,
12.14,172,172,172,172,11.88181381,0.986918885,-0.038192749,0.004394531,1,1,1,3,0.035644531,0,0,0,0,,,,,4.811664104,0.331972748,-0.210811377,0,-0.332103833,0.210604811,0,0,170,0,0,170,170,170,0,0,0.526115771,0.000424364,,,,,,,,,,,,
12.15,162,162,162,162,11.9212231,0.986907222,-0.038269043,0.00440979,1,1,1,3,0.035644531,0,0,0,0,,,,,4.816948891,0.331972748,-0.210811377,0,-0.332103833,0.210604811,0,0,161,0,0,161,161,161,0,0,0.484950681,0.000425212,,,,,,,,,,,,
12.16,172,172,172,172,11.88151431,0.986896734,-0.038269043,0.00440979,1,1,1,3,0.035644531,0,0,0,0,,,,,4.816948891,0.331972748,-0.210811377,0,-0.332103833,0.210604811,0,0,170,0,0,170,170,170,0,0,0.525930655,0.000425212,,,,,,,,,,,,
12.17,172,172,172,172,11.88134129,0.98688507,-0.038360596,0.004425049,1,1,1,3,0.035644531,0,0,0,0,,,,,4.816948891,0.332423091,-0.206793547,0,-0.332551676,0.206586701,0.080362186,0,170,0,0,170,170,170,0,0,0.525953537,0.000426229,,,,,,,,,,,,
12.18,172,172,172,172,11.88116841,0.986873407,-0.038391113,0.004425049,1,1,1,3,0.035644531,0,0,0,0,,,,,4.816948891,0.332423091,-0.206793547,0,-0.332551676,0.206586701,0,0,170,0,0,170,170,170,0,0,0.525976418,0.000426568,,,,,,,,,,,,
12.19,172,172,172,172,11.88099567,0.986861744,-0.03843689,0.004425049,1,1,1,3,0.035644531,0,0,0,0,,,,,4.816948891,0.332423091,-0.206793547,0,-0.332551676,0.206586701,0,0,170,0,0,170,170,170,0,0,0.525999299,0.000427077,,,,,,,,,,,,
12.2,172,172,172,172,11.88082308,0.986850081,-0.038528442,0.004440308,1,1,1,3,0.035644531,0,0,0,0,,,,,4.816948891,0.332423091,-0.206793547,0,-0.332551676,0.206586701,0,0,170,0,0,170,170,170,0,0,0.526022181,0.000428094,,,,,,,,,,,,
12.21,172,172,172,172,11.88065063,0.986838418,-0.038528442,0.004440308,1,1,1,3,0.035644531,0,0,0,0,,,,,4.816948891,0.332423091,-0.206793547,0,-0.332551676,0.206586701,0,0,170,0,0,170,170,170,0,0,0.526045062,0.000428094,,,,,,,,,,,,
12.22,172,172,172,172,11.88047832,0.986826755,-0.03855896,0.004440308,1,1,1,3,0.035644531,0,0,0,0,,,,,4.816948891,0.332423091,-0.206793547,0,-0.332551676,0.206586701,0,0,170,0,0,170,170,170,0,0,0.526067943,0.000428433,,,,,,,,,,,,
12.23,162,162,162,162,11.91988872,0.986815092,-0.038604736,0.004455566,1,1,1,3,0.035644531,0,0,0,0,,,,,4.8222332,0.332423091,-0.206793547,0,-0.332551676,0.206586701,0,0,161,0,0,161,161,161,0,0,0.484905908,0.000428942,,,,,,,,,,,,
12.24,172,172,172,172,11.88018103,0.986804603,-0.038604736,0.004455566,1,1,1,3,0.035644531,0,0,0,0,,,,,4.8222332,0.332423091,-0.206793547,0,-0.332551676,0.206586701,0,0,170,0,0,170,170,170,0,0,0.525881527,0.000428942,,,,,,,,,,,,
12.25,172,172,172,172,11.88000911,0.98679294,-0.038726807,0.004470825,1,1,1,3,0.035644531,0,0,0,0,,,,,4.8222332,0.332423091,-0.206793547,0,-0.332551676,0.206586701,0,0,170,0,0,170,170,170,0,0,0.525903748,0.000430298,,,,,,,,,,,,
12.26,172,172,172,172,11.87983733,0.986781277,-0.038726807,0.004470825,1,1,1,3,0.035644531,0,0,0,0,,,,,4.8222332,0.332423091,-0.206793547,0,-0.332551676,0.206586701,0,0,170,0,0,170,170,170,0,0,0.525925969,0.000430298,,,,,,,,,,,,
12.27,172,172,172,172,11.87966569,0.986769614,-0.038818359,0.004470825,1,1,1,3,0.035644531,0,0,0,0,,,,,4.8222332,0.332423091,-0.206793547,0,-0.332551676,0.206586701,0,0,170,0,0,170,170,170,0,0,0.525948189,0.000431315,,,,,,,,,,,,
12.28,172,172,172,172,11.87949419,0.986757951,-0.038818359,0.004470825,1,1,1,3,0.035644531,0,0,0,0,,,,,4.8222332,0.332423091,-0.206793547,0,-0.332551676,0.206586701,0,0,170,0,0,170,170,170,0,0,0.52597041,0.000431315,,,,,,,,,,,,
12.29,162,162,162,162,11.9189054,0.986746288,-0.038894653,0.004486084,1,1,1,3,0.035644531,0,0,0,0,,,,,4.827517986,0.332423091,-0.206793547,0,-0.332551676,0.206586701,0,0,161,0,0,161,161,161,0,0,0.484803998,0.000432163,,,,,,,,,,,,
12.3,172,172,172,172,11.87919853,0.9867358,-0.038894653,0.004486084,1,1,1,3,0.035644531,0,0,0,0,,,,,4.827517986,0.332423091,-0.206793547,0,-0.332551676,0.206586701,0,0,170,0,0,170,170,170,0,0,0.525782652,0.000432163,,,,,,,,,,,,
12.31,172,172,172,172,11.87902741,0.986724136,-0.038986206,0.004501343,1,1,1,3,0.035644531,0,0,0,0,,,,,4.827517986,0.332423091,-0.206793547,0,-0.332551676,0.206586701,0,0,170,0,0,170,170,170,0,0,0.525804212,0.00043318,,,,,,,,,,,,
12.32,172,172,172,172,11.87885644,0.986712473,-0.038986206,0.004501343,1,1,1,3,0.035644531,0,0,0,0,,,,,4.827517986,0.332423091,-0.206793547,0,-0.332551676,0.206586701,0,0,170,0,0,170,170,170,0,0,0.525825772,0.00043318,,,,,,,,,,,,
12.33,166,166,166,166,11.90094167,0.98670081,-0.039077759,0.004501343,1,1,1,3,0.035644531,0,0,0,0,,,,,4.830160141,0.332423091,-0.206793547,0,-0.332551676,0.206586701,0,0,165,0,0,165,165,165,0,0,0.505254874,0.000434197,,,,,,,,,,,,
12.34,172,172,172,172,11.87854129,0.986689808,-0.039154053,0.004516602,1,1,1,3,0.035644531,0,0,0,0,,,,,4.830160141,0.332890332,-0.20263052,0,-0.333016327,0.202423385,0.083266334,0,170,0,0,170,170,170,0,0,0.525752803,0.000435045,,,,,,,,,,,,
12.35,172,172,172,172,11.87837072,0.986678144,-0.039199829,0.004516602,1,1,1,3,0.035644531,0,0,0,0,,,,,4.830160141,0.332890332,-0.20263052,0,-0.333016327,0.202423385,0,0,170,0,0,170,170,170,0,0,0.525774033,0.000435554,,,,,,,,,,,,
12.36,172,172,172,172,11.8782003,0.986666481,-0.039199829,0.004516602,1,1,1,3,0.035644531,0,0,0,0,,,,,4.830160141,0.332890332,-0.20263052,0,-0.333016327,0.202423385,0,0,170,0,0,170,170,170,0,0,0.525795263,0.000435554,,,,,,,,,,,,
12.37,162,162,162,162,11.91761257,0.986654818,-0.039276123,0.00453186,1,1,1,3,0.035644531,0,0,0,0,,,,,4.835444927,0.332890332,-0.20263052,0,-0.333016327,0.202423385,0,0,161,0,0,161,161,161,0,0,0.48462786,0.000436401,,,,,,,,,,,,
12.38,172,172,172,172,11.87790676,0.98664433,-0.039276123,0.00453186,1,1,1,3,0.035644531,0,0,0,0,,,,,4.835444927,0.332890332,-0.20263052,0,-0.333016327,0.202423385,0,0,170,0,0,170,170,170,0,0,0.525605523,0.000436401,,,,,,,,,,,,
12.39,172,172,172,172,11.87773671,0.986632667,-0.039367676,0.004547119,1,1,1,3,0.035644531,0,0,0,0,,,,,4.835444927,0.332890332,-0.20263052,0,-0.333016327,0.202423385,0,0,170,0,0,170,170,170,0,0,0.525626092,0.000437419,,,,,,,,,,,,
12.4,172,172,172,172,11.8775668,0.986621004,-0.039367676,0.004547119,1,1,1,3,0.035644531,0,0,0,0,,,,,4.835444927,0.332890332,-0.20263052,0,-0.333016327,0.202423385,0,0,170,0,0,170,170,170,0,0,0.525646661,0.000437419,,,,,,,,,,,,
12.41,162,162,162,162,11.91697959,0.986609341,-0.039459229,0.004547119,1,1,1,3,0.035644531,0,0,0,0,,,,,4.840729713,0.332890332,-0.20263052,0,-0.333016327,0.202423385,0,0,161,0,0,161,161,161,0,0,0.484478598,0.000438436,,,,,,,,,,,,
12.42,172,172,172,172,11.8772743,0.986598852,-0.039459229,0.004547119,1,1,1,3,0.035644531,0,0,0,0,,,,,4.840729713,0.332890332,-0.20263052,0,-0.333016327,0.202423385,0,0,170,0,0,170,170,170,0,0,0.5254556,0.000438436,,,,,,,,,,,,
12.43,172,172,172,172,11.87710476,0.986587189,-0.039535522,0.004562378,1,1,1,3,0.035644531,0,0,0,0,,,,,4.840729713,0.332890332,-0.20263052,0,-0.333016327,0.202423385,0,0,170,0,0,170,170,170,0,0,0.525475509,0.000439284,,,,,,,,,,,,
12.44,172,172,172,172,11.87693537,0.986575526,-0.039535522,0.004562378,1,1,1,3,0.035644531,0,0,0,0,,,,,4.840729713,0.332890332,-0.20263052,0,-0.333016327,0.202423385,0,0,170,0,0,170,170,170,0,0,0.525495418,0.000439284,,,,,,,,,,,,
12.45,162,162,162,162,11.91634868,0.986563863,-0.039627075,0.004577637,1,1,1,3,0.035644531,0,0,0,0,,,,,4.846014023,0.332890332,-0.20263052,0,-0.333016327,0.202423385,0,0,161,0,0,161,161,161,0,0,0.48433041,0.000440301,,,,,,,,,,,,
12.46,172,172,172,172,11.87664391,0.986553374,-0.039657593,0.004577637,1,1,1,3,0.035644531,0,0,0,0,,,,,4.846014023,0.332890332,-0.20263052,0,-0.333016327,0.202423385,0,0,170,0,0,170,170,170,0,0,0.525303056,0.00044064,,,,,,,,,,,,
12.47,172,172,172,172,11.87647489,0.986541711,-0.039703369,0.004577637,1,1,1,3,0.035644531,0,0,0,0,,,,,4.846014023,0.332890332,-0.20263052,0,-0.333016327,0.202423385,0,0,170,0,0,170,170,170,0,0,0.525322304,0.000441149,,,,,,,,,,,,
12.48,166,166,166,166,11.89856207,0.986530048,-0.039749146,0.004592896,1,1,1,3,0.035644531,0,0,0,0,,,,,4.848656654,0.332890332,-0.20263052,0,-0.333016327,0.202423385,0,0,165,0,0,165,165,165,0,0,0.504745378,0.000441657,,,,,,,,,,,,
12.49,172,172,172,172,11.87616365,0.986519046,-0.039794922,0.004592896,1,1,1,3,0.035644531,0,0,0,0,,,,,4.848656654,0.332890332,-0.20263052,0,-0.333016327,0.202423385,0,0,170,0,0,170,170,170,0,0,0.52524469,0.000442166,,,,,,,,,,,,
12.5,172,172,172,172,11.87599503,0.986507382,-0.039825439,0.004592896,1,1,1,3,0.035644531,0,0,0,0,,,,,4.848656654,0.332890332,-0.20263052,0,-0.333016327,0.202423385,0,0,170,0,0,170,170,170,0,0,0.525263608,0.000442505,,,,,,,,,,,,
12.51,172,172,172,172,11.87582655,0.986495719,-0.039825439,0.004592896,1,1,1,3,0.035644531,0,0,0,0,,,,,4.848656654,0.332890332,-0.20263052,0,-0.333016327,0.202423385,0,0,170,0,0,170,170,170,0,0,0.525282526,0.000442505,,,,,,,,,,,,
12.52,162,162,162,162,11.91524077,0.986484056,-0.039916992,0.004608154,1,1,1,3,0.035644531,0,0,0,0,,,,,4.853940964,0.332890332,-0.20263052,0,-0.333016327,0.202423385,0,0,161,0,0,161,161,161,0,0,0.484116527,0.000443522,,,,,,,,,,,,
12.53,172,172,172,172,11.8755369,0.986473568,-0.039916992,0.004608154,1,1,1,3,0.035644531,0,0,0,0,,,,,4.853940964,0.332890332,-0.20263052,0,-0.333016327,0.202423385,0,0,170,0,0,170,170,170,0,0,0.525088182,0.000443522,,,,,,,,,,,,
12.54,172,172,172,172,11.87536879,0.986461905,-0.040008545,0.004623413,1,1,1,3,0.035644531,0,0,0,0,,,,,4.853940964,0.333374858,-0.19832015,0,-0.333498171,0.198112715,0.086213402,0,170,0,0,170,170,170,0,0,0.52510644,0.000444539,,,,,,,,,,,,
12.55,172,172,172,172,11.87520082,0.986450242,-0.040008545,0.004623413,1,1,1,3,0.035644531,0,0,0,0,,,,,4.853940964,0.333374858,-0.19832015,0,-0.333498171,0.198112715,0,0,170,0,0,170,170,170,0,0,0.525124697,0.000444539,,,,,,,,,,,,
12.56,162,162,162,162,11.91461555,0.986438579,-0.040084839,0.004623413,1,1,1,3,0.035644531,0,0,0,0,,,,,4.85922575,0.333374858,-0.19832015,0,-0.333498171,0.198112715,0,0,161,0,0,161,161,161,0,0,0.483954321,0.000445387,,,,,,,,,,,,
12.57,172,172,172,172,11.87491219,0.98642809,-0.040084839,0.004623413,1,1,1,3,0.035644531,0,0,0,0,,,,,4.85922575,0.333374858,-0.19832015,0,-0.333498171,0.198112715,0,0,170,0,0,170,170,170,0,0,0.524929011,0.000445387,,,,,,,,,,,,
12.58,162,162,162,162,11.91432716,0.986416427,-0.040176392,0.004638672,1,1,1,3,0.035644531,0,0,0,0,,,,,4.864510536,0.333374858,-0.19832015,0,-0.333498171,0.198112715,0,0,161,0,0,161,161,161,0,0,0.483757975,0.000446404,,,,,,,,,,,,
12.59,172,172,172,172,11.87462403,0.986405939,-0.040222168,0.004638672,1,1,1,3,0.035644531,0,0,0,0,,,,,4.864510536,0.333374858,-0.19832015,0,-0.333498171,0.198112715,0,0,170,0,0,170,170,170,0,0,0.524732005,0.000446913,,,,,,,,,,,,
12.6,172,172,172,172,11.87445667,0.986394276,-0.040222168,0.004638672,1,1,1,3,0.035644531,0,0,0,0,,,,,4.864510536,0.333374858,-0.19832015,0,-0.333498171,0.198112715,0,0,170,0,0,170,170,170,0,0,0.524748941,0.000446913,,,,,,,,,,,,
12.61,162,162,162,162,11.913872,0.986382612,-0.040298462,0.004653931,1,1,1,3,0.035644531,0,0,0,0,,,,,4.869795322,0.333374858,-0.19832015,0,-0.333498171,0.198112715,0,0,161,0,0,161,161,161,0,0,0.483577244,0.000447761,,,,,,,,,,,,
12.62,172,172,172,172,11.87416925,0.986372124,-0.040344238,0.004653931,1,1,1,3,0.035644531,0,0,0,0,,,,,4.869795322,0.333374858,-0.19832015,0,-0.333498171,0.198112715,0,0,170,0,0,170,170,170,0,0,0.524550613,0.000448269,,,,,,,,,,,,
12.63,172,172,172,172,11.87400226,0.986360461,-0.040390015,0.004669189,1,1,1,3,0.035644531,0,0,0,0,,,,,4.869795322,0.333374858,-0.19832015,0,-0.333498171,0.198112715,0,0,170,0,0,170,170,170,0,0,0.524566889,0.000448778,,,,,,,,,,,,
12.64,172,172,172,172,11.8738354,0.986348798,-0.040390015,0.004669189,1,1,1,3,0.035644531,0,0,0,0,,,,,4.869795322,0.333374858,-0.19832015,0,-0.333498171,0.198112715,0,0,170,0,0,170,170,170,0,0,0.524583164,0.000448778,,,,,,,,,,,,
12.65,166,166,166,166,11.89592473,0.986337135,-0.040512085,0.004684448,1,1,1,3,0.035644531,0,0,0,0,,,,,4.872437477,0.333374858,-0.19832015,0,-0.333498171,0.198112715,0,0,165,0,0,165,165,165,0,0,0.504006981,0.000450134,,,,,,,,,,,,
12.66,172,172,172,172,11.87352847,0.986326132,-0.040512085,0.004684448,1,1,1,3,0.035644531,0,0,0,0,,,,,4.872437477,0.333374858,-0.19832015,0,-0.333498171,0.198112715,0,0,170,0,0,170,170,170,0,0,0.524499626,0.000450134,,,,,,,,,,,,
12.67,162,162,162,162,11.91294456,0.986314469,-0.040603638,0.004699707,1,1,1,3,0.035644531,0,0,0,0,,,,,4.877722263,0.333374858,-0.19832015,0,-0.333498171,0.198112715,0,0,161,0,0,161,161,161,0,0,0.483326938,0.000451152,,,,,,,,,,,,
12.68,171,171,171,171,11.87774692,0.986303981,-0.040603638,0.004699707,1,1,1,3,0.035644531,0,0,0,0,,,,,4.877722263,0.333374858,-0.19832015,0,-0.333498171,0.198112715,0,0,169,0,0,169,169,169,0,0,0.524299316,0.000451152,,,,,,,,,,,,
12.69,162,162,162,162,11.91266422,0.986292451,-0.040679932,0.004699707,1,1,1,3,0.035644531,0,0,0,0,,,,,4.883006573,0.333374858,-0.19832015,0,-0.333498171,0.198112715,0,0,161,0,0,161,161,161,0,0,0.483129684,0.000451999,,,,,,,,,,,,
12.7,171,171,171,171,11.87746681,0.986281963,-0.040679932,0.004699707,1,1,1,3,0.035644531,0,0,0,0,,,,,4.883006573,0.333374858,-0.19832015,0,-0.333498171,0.198112715,0,0,169,0,0,169,169,169,0,0,0.524097706,0.000451999,,,,,,,,,,,,
12.71,171,171,171,171,11.87730613,0.986270433,-0.040771484,0.004714966,1,1,1,3,0.035644531,0,0,0,0,,,,,4.883006573,0.333374858,-0.19832015,0,-0.333498171,0.198112715,0,0,169,0,0,169,169,169,0,0,0.52411233,0.000453016,,,,,,,,,,,,
12.72,171,171,171,171,11.87714559,0.986258904,-0.040771484,0.004714966,1,1,1,3,0.035644531,0,0,0,0,,,,,4.883006573,0.333374858,-0.19832015,0,-0.333498171,0.198112715,0,0,169,0,0,169,169,169,0,0,0.524126954,0.000453016,,,,,,,,,,,,
12.73,162,162,162,162,11.91206337,0.986247374,-0.040863037,0.004730225,1,1,1,3,0.035644531,0,0,0,0,,,,,4.888291359,0.333876669,-0.193861723,0,-0.333997209,0.193653976,0.089174775,0,161,0,0,161,161,161,0,0,0.482952946,0.000454034,,,,,,,,,,,,
12.74,171,171,171,171,11.87686645,0.986236886,-0.040863037,0.004730225,1,1,1,3,0.035644531,0,0,0,0,,,,,4.888291359,0.333876669,-0.193861723,0,-0.333997209,0.193653976,0,0,169,0,0,169,169,169,0,0,0.523924002,0.000454034,,,,,,,,,,,,
12.75,166,166,166,166,11.89445795,0.986225357,-0.040939331,0.004730225,1,1,1,3,0.035644531,0,0,0,0,,,,,4.890933514,0.333876669,-0.193861723,0,-0.333997209,0.193653976,0,0,165,0,0,165,165,165,0,0,0.503345508,0.000454881,,,,,,,,,,,,
12.76,171,171,171,171,11.87656723,0.986214354,-0.040939331,0.004730225,1,1,1,3,0.035644531,0,0,0,0,,,,,4.890933514,0.333876669,-0.193861723,0,-0.333997209,0.193653976,0,0,169,0,0,169,169,169,0,0,0.52383584,0.000454881,,,,,,,,,,,,
12.77,162,162,162,162,11.91148549,0.986202825,-0.041030884,0.004745483,1,1,1,3,0.035644531,0,0,0,0,,,,,4.8962183,0.333876669,-0.193861723,0,-0.333997209,0.193653976,0,0,161,0,0,161,161,161,0,0,0.48266084,0.000455899,,,,,,,,,,,,
12.78,171,171,171,171,11.87628903,0.986192336,-0.041107178,0.004760742,1,1,1,3,0.035644531,0,0,0,0,,,,,4.8962183,0.333876669,-0.193861723,0,-0.333997209,0.193653976,0,0,169,0,0,169,169,169,0,0,0.523630906,0.000456746,,,,,,,,,,,,
12.79,171,171,171,171,11.8761293,0.986180807,-0.041107178,0.004760742,1,1,1,3,0.035644531,0,0,0,0,,,,,4.8962183,0.333876669,-0.193861723,0,-0.333997209,0.193653976,0,0,169,0,0,169,169,169,0,0,0.523643879,0.000456746,,,,,,,,,,,,
12.8,161,161,161,161,11.9153131,0.986169277,-0.04119873,0.004760742,1,1,1,3,0.035644531,0,0,0,0,,,,,4.901503086,0.333876669,-0.193861723,0,-0.333997209,0.193653976,0,0,160,0,0,160,160,160,0,0,0.482468219,0.000457764,,,,,,,,,,,,
12.81,171,171,171,171,11.87585686,0.986158915,-0.04119873,0.004760742,1,1,1,3,0.035644531,0,0,0,0,,,,,4.901503086,0.333876669,-0.193861723,0,-0.333997209,0.193653976,0,0,169,0,0,169,169,169,0,0,0.523437624,0.000457764,,,,,,,,,,,,
12.82,161,161,161,161,11.91504088,0.986147386,-0.041290283,0.004776001,1,1,1,3,0.035644531,0,0,0,0,,,,,4.906787395,0.333876669,-0.193861723,0,-0.333997209,0.193653976,0,0,160,0,0,160,160,160,0,0,0.48226502,0.000458781,,,,,,,,,,,,
12.83,171,171,171,171,11.87558485,0.986137024,-0.041290283,0.004776001,1,1,1,3,0.035644531,0,0,0,0,,,,,4.906787395,0.333876669,-0.193861723,0,-0.333997209,0.193653976,0,0,169,0,0,169,169,169,0,0,0.523230069,0.000458781,,,,,,,,,,,,
12.84,161,161,161,161,11.91476909,0.986125495,-0.041366577,0.00479126,1,1,1,3,0.035644531,0,0,0,0,,,,,4.912072182,0.333876669,-0.193861723,0,-0.333997209,0.193653976,0,0,160,0,0,160,160,160,0,0,0.482053088,0.000459629,,,,,,,,,,,,
12.85,171,171,171,171,11.87531328,0.986115133,-0.041366577,0.00479126,1,1,1,3,0.035644531,0,0,0,0,,,,,4.912072182,0.333876669,-0.193861723,0,-0.333997209,0.193653976,0,0,169,0,0,169,169,169,0,0,0.523021172,0.000459629,,,,,,,,,,,,
12.86,171,171,171,171,11.87515434,0.986103604,-0.04145813,0.00479126,1,1,1,3,0.035644531,0,0,0,0,,,,,4.912072182,0.333876669,-0.193861723,0,-0.333997209,0.193653976,0,0,169,0,0,169,169,169,0,0,0.523032163,0.000460646,,,,,,,,,,,,
12.87,171,171,171,171,11.87499553,0.986092074,-0.04145813,0.00479126,1,1,1,3,0.035644531,0,0,0,0,,,,,4.912072182,0.333876669,-0.193861723,0,-0.333997209,0.193653976,0,0,169,0,0,169,169,169,0,0,0.523043154,0.000460646,,,,,,,,,,,,
12.88,166,166,166,166,11.89258854,0.986080545,-0.041549683,0.004806519,1,1,1,3,0.035644531,0,0,0,0,,,,,4.914714336,0.333876669,-0.193861723,0,-0.333997209,0.193653976,0,0,165,0,0,165,165,165,0,0,0.502461686,0.000461663,,,,,,,,,,,,
12.89,171,171,171,171,11.87469932,0.986069542,-0.041549683,0.004806519,1,1,1,3,0.035644531,0,0,0,0,,,,,4.914714336,0.333876669,-0.193861723,0,-0.333997209,0.193653976,0,0,169,0,0,169,169,169,0,0,0.522949046,0.000461663,,,,,,,,,,,,
12.9,161,161,161,161,11.91388427,0.986058013,-0.041625977,0.004821777,1,1,1,3,0.035644531,0,0,0,0,,,,,4.919999123,0.333876669,-0.193861723,0,-0.333997209,0.193653976,0,0,160,0,0,160,160,160,0,0,0.481771074,0.000462511,,,,,,,,,,,,
12.91,171,171,171,171,11.87442918,0.986047651,-0.041671753,0.004821777,1,1,1,3,0.035644531,0,0,0,0,,,,,4.919999123,0.333876669,-0.193861723,0,-0.333997209,0.193653976,0,0,169,0,0,169,169,169,0,0,0.522738167,0.000463019,,,,,,,,,,,,
12.92,161,161,161,161,11.91361435,0.986036121,-0.041763306,0.004837036,1,1,1,3,0.035644531,0,0,0,0,,,,,4.925283909,0.334395766,-0.189256191,0,-0.334513441,0.189048122,0.092117075,0,160,0,0,160,160,160,0,0,0.481559534,0.000464037,,,,,,,,,,,,
12.93,171,171,171,171,11.87415947,0.98602576,-0.041763306,0.004837036,1,1,1,3,0.035644531,0,0,0,0,,,,,4.925283909,0.334395766,-0.189256191,0,-0.334513441,0.189048122,0,0,169,0,0,169,169,169,0,0,0.522525967,0.000464037,,,,,,,,,,,,
12.94,161,161,161,161,11.91334485,0.98601423,-0.0418396,0.004837036,1,1,1,3,0.035644531,0,0,0,0,,,,,4.930568218,0.334395766,-0.189256191,0,-0.334513441,0.189048122,0,0,160,0,0,160,160,160,0,0,0.48135039,0.000464884,,,,,,,,,,,,
12.95,171,171,171,171,11.87389019,0.986003868,-0.0418396,0.004837036,1,1,1,3,0.035644531,0,0,0,0,,,,,4.930568218,0.334395766,-0.189256191,0,-0.334513441,0.189048122,0,0,169,0,0,169,169,169,0,0,0.522312467,0.000464884,,,,,,,,,,,,
12.96,171,171,171,171,11.87373239,0.985992339,-0.041931152,0.004852295,1,1,1,3,0.035644531,0,0,0,0,,,,,4.930568218,0.334395766,-0.189256191,0,-0.334513441,0.189048122,0,0,169,0,0,169,169,169,0,0,0.522321146,0.000465902,,,,,,,,,,,,
12.97,167,167,167,167,11.89132642,0.985980809,-0.041976929,0.004852295,1,1,1,3,0.035644531,0,0,0,0,,,,,4.93321085,0.334395766,-0.189256191,0,-0.334513441,0.189048122,0,0,165,0,0,165,165,165,0,0,0.50173365,0.00046641,,,,,,,,,,,,
12.98,171,171,171,171,11.87343822,0.985969807,-0.042022705,0.004852295,1,1,1,3,0.035644531,0,0,0,0,,,,,4.93321085,0.334395766,-0.189256191,0,-0.334513441,0.189048122,0,0,169,0,0,169,169,169,0,0,0.522222393,0.000466919,,,,,,,,,,,,
12.99,171,171,171,171,11.87328079,0.985958277,-0.042022705,0.004852295,1,1,1,3,0.035644531,0,0,0,0,,,,,4.93321085,0.334395766,-0.189256191,0,-0.334513441,0.189048122,0,0,169,0,0,169,169,169,0,0,0.522230742,0.000466919,,,,,,,,,,,,
13,161,161,161,161,11.91246687,0.985946748,-0.042098999,0.004867554,1,1,1,3,0.035644531,0,0,0,0,,,,,4.938495636,0.334395766,-0.189256191,0,-0.334513441,0.189048122,0,0,160,0,0,160,160,160,0,0,0.481050457,0.000467767,,,,,,,,,,,,
13.01,171,171,171,171,11.87301292,0.985936386,-0.042098999,0.004867554,1,1,1,3,0.035644531,0,0,0,0,,,,,4.938495636,0.334395766,-0.189256191,0,-0.334513441,0.189048122,0,0,169,0,0,169,169,169,0,0,0.522015239,0.000467767,,,,,,,,,,,,
13.02,161,161,161,161,11.91219922,0.985924857,-0.042190552,0.004882813,1,1,1,3,0.035644531,0,0,0,0,,,,,4.943779945,0.334395766,-0.189256191,0,-0.334513441,0.189048122,0,0,160,0,0,160,160,160,0,0,0.48083801,0.000468784,,,,,,,,,,,,
13.03,171,171,171,171,11.87274548,0.985914495,-0.042190552,0.004882813,1,1,1,3,0.035644531,0,0,0,0,,,,,4.943779945,0.334395766,-0.189256191,0,-0.334513441,0.189048122,0,0,169,0,0,169,169,169,0,0,0.521798435,0.000468784,,,,,,,,,,,,
13.04,161,161,161,161,11.911932,0.985902965,-0.042266846,0.004882813,1,1,1,3,0.035644531,0,0,0,0,,,,,4.949064732,0.334395766,-0.189256191,0,-0.334513441,0.189048122,0,0,160,0,0,160,160,160,0,0,0.48061683,0.000469632,,,,,,,,,,,,
13.05,171,171,171,171,11.87247847,0.985892604,-0.042266846,0.004882813,1,1,1,3,0.035644531,0,0,0,0,,,,,4.949064732,0.334395766,-0.189256191,0,-0.334513441,0.189048122,0,0,169,0,0,169,169,169,0,0,0.52158029,0.000469632,,,,,,,,,,,,
13.06,171,171,171,171,11.87232181,0.985881074,-0.042358398,0.004898071,1,1,1,3,0.035644531,0,0,0,0,,,,,4.949064732,0.334395766,-0.189256191,0,-0.334513441,0.189048122,0,0,169,0,0,169,169,169,0,0,0.521586657,0.000470649,,,,,,,,,,,,
13.07,171,171,171,171,11.87216527,0.985869545,-0.042358398,0.004898071,1,1,1,3,0.035644531,0,0,0,0,,,,,4.949064732,0.334395766,-0.189256191,0,-0.334513441,0.189048122,0,0,169,0,0,169,169,169,0,0,0.521593024,0.000470649,,,,,,,,,,,,
13.08,156,156,156,156,11.93227959,0.985858015,-0.042495728,0.00491333,1,1,1,3,0.035644531,0,0,0,0,,,,,4.956991673,0.334395766,-0.189256191,0,-0.334513441,0.189048122,0,0,155,0,0,155,155,155,0,0,0.4598183,0.000472175,,,,,,,,,,,,
13.09,171,171,171,171,11.87192399,0.985848275,-0.042526245,0.00491333,1,1,1,3,0.035644531,0,0,0,0,,,,,4.956991673,0.334395766,-0.189256191,0,-0.334513441,0.189048122,0,0,169,0,0,169,169,169,0,0,0.521257468,0.000472514,,,,,,,,,,,,
13.1,171,171,171,171,11.87176777,0.985836745,-0.042526245,0.00491333,1,1,1,3,0.035644531,0,0,0,0,,,,,4.956991673,0.334395766,-0.189256191,0,-0.334513441,0.189048122,0,0,169,0,0,169,169,169,0,0,0.521262844,0.000472514,,,,,,,,,,,,
13.11,161,161,161,161,11.91095507,0.985825216,-0.042617798,0.004928589,1,1,1,3,0.035644531,0,0,0,0,,,,,4.962276459,0.334932208,-0.184502125,0,-0.335046925,0.184293723,0.095087986,0,160,0,0,160,160,160,0,0,0.480079587,0.000473531,,,,,,,,,,,,
13.12,171,171,171,171,11.87150232,0.985814854,-0.042617798,0.004928589,1,1,1,3,0.035644531,0,0,0,0,,,,,4.962276459,0.334932208,-0.184502125,0,-0.335046925,0.184293723,0,0,169,0,0,169,169,169,0,0,0.521041396,0.000473531,,,,,,,,,,,,
13.13,161,161,161,161,11.91068983,0.985803324,-0.042709351,0.004943848,1,1,1,3,0.035644531,0,0,0,0,,,,,4.967560768,0.334932208,-0.184502125,0,-0.335046925,0.184293723,0,0,160,0,0,160,160,160,0,0,0.479861195,0.000474548,,,,,,,,,,,,
13.14,171,171,171,171,11.87123729,0.985792963,-0.042709351,0.004943848,1,1,1,3,0.035644531,0,0,0,0,,,,,4.967560768,0.334932208,-0.184502125,0,-0.335046925,0.184293723,0,0,169,0,0,169,169,169,0,0,0.520818647,0.000474548,,,,,,,,,,,,
13.15,161,161,161,161,11.91042501,0.985781433,-0.042785645,0.004943848,1,1,1,3,0.035644531,0,0,0,0,,,,,4.972845554,0.334932208,-0.184502125,0,-0.335046925,0.184293723,0,0,160,0,0,160,160,160,0,0,0.479634069,0.000475396,,,,,,,,,,,,
13.16,171,171,171,171,11.87097269,0.985771071,-0.042785645,0.004943848,1,1,1,3,0.035644531,0,0,0,0,,,,,4.972845554,0.334932208,-0.184502125,0,-0.335046925,0.184293723,0,0,169,0,0,169,169,169,0,0,0.520594557,0.000475396,,,,,,,,,,,,
13.17,165,165,165,165,11.89294041,0.985759542,-0.042877197,0.004959106,1,1,1,3,0.035644531,0,0,0,0,,,,,4.975487709,0.334932208,-0.184502125,0,-0.335046925,0.184293723,0,0,164,0,0,164,164,164,0,0,0.500005493,0.000476413,,,,,,,,,,,,
13.18,171,171,171,171,11.8706881,0.985748669,-0.042877197,0.004959106,1,1,1,3,0.035644531,0,0,0,0,,,,,4.975487709,0.334932208,-0.184502125,0,-0.335046925,0.184293723,0,0,169,0,0,169,169,169,0,0,0.520485256,0.000476413,,,,,,,,,,,,
13.19,161,161,161,161,11.90987626,0.98573714,-0.042953491,0.004974365,1,1,1,3,0.035644531,0,0,0,0,,,,,4.980772495,0.334932208,-0.184502125,0,-0.335046925,0.184293723,0,0,160,0,0,160,160,160,0,0,0.479299687,0.000477261,,,,,,,,,,,,
13.2,171,171,171,171,11.87042437,0.985726778,-0.042953491,0.004974365,1,1,1,3,0.035644531,0,0,0,0,,,,,4.980772495,0.334932208,-0.184502125,0,-0.335046925,0.184293723,0,0,169,0,0,169,169,169,0,0,0.520259183,0.000477261,,,,,,,,,,,,
13.21,171,171,171,171,11.87026934,0.985715248,-0.043045044,0.004989624,1,1,1,3,0.035644531,0,0,0,0,,,,,4.980772495,0.334932208,-0.184502125,0,-0.335046925,0.184293723,0,0,169,0,0,169,169,169,0,0,0.520261587,0.000478278,,,,,,,,,,,,
13.22,171,171,171,171,11.87011444,0.985703719,-0.043045044,0.004989624,1,1,1,3,0.035644531,0,0,0,0,,,,,4.980772495,0.334932208,-0.184502125,0,-0.335046925,0.184293723,0,0,169,0,0,169,169,169,0,0,0.52026399,0.000478278,,,,,,,,,,,,
13.23,161,161,161,161,11.90930306,0.985692189,-0.043136597,0.004989624,1,1,1,3,0.035644531,0,0,0,0,,,,,4.986057281,0.334932208,-0.184502125,0,-0.335046925,0.184293723,0,0,160,0,0,160,160,160,0,0,0.479077761,0.000479296,,,,,,,,,,,,
13.24,171,171,171,171,11.86985164,0.985681828,-0.043136597,0.004989624,1,1,1,3,0.035644531,0,0,0,0,,,,,4.986057281,0.334932208,-0.184502125,0,-0.335046925,0.184293723,0,0,169,0,0,169,169,169,0,0,0.520036597,0.000479296,,,,,,,,,,,,
13.25,171,171,171,171,11.86969707,0.985670298,-0.043136597,0.004989624,1,1,1,3,0.035644531,0,0,0,0,,,,,4.986057281,0.334932208,-0.184502125,0,-0.335046925,0.184293723,0,0,169,0,0,169,169,169,0,0,0.52003834,0.000479296,,,,,,,,,,,,
13.26,151,151,151,151,11.95007633,0.985658769,-0.043258667,0.005004883,1,1,1,3,0.035644531,0,0,0,0,,,,,4.996626377,0.334932208,-0.184502125,0,-0.335046925,0.184293723,0,0,150,0,0,150,150,150,0,0,0.437666533,0.000480652,,,,,,,,,,,,
13.27,170,170,170,170,11.87396151,0.985649629,-0.043258667,0.005004883,1,1,1,3,0.035644531,0,0,0,0,,,,,4.996626377,0.334932208,-0.184502125,0,-0.335046925,0.184293723,0,0,168,0,0,168,168,168,0,0,0.519577446,0.000480652,,,,,,,,,,,,
13.28,165,165,165,165,11.89145794,0.985638233,-0.04335022,0.005020142,1,1,1,3,0.035644531,0,0,0,0,,,,,4.999268532,0.334932208,-0.184502125,0,-0.335046925,0.184293723,0,0,164,0,0,164,164,164,0,0,0.498985409,0.000481669,,,,,,,,,,,,
13.29,170,170,170,170,11.87368459,0.98562736,-0.04335022,0.005020142,1,1,1,3,0.035644531,0,0,0,0,,,,,4.999268532,0.334932208,-0.184502125,0,-0.335046925,0.184293723,0,0,168,0,0,168,168,168,0,0,0.5194622,0.000481669,,,,,,,,,,,,
13.3,161,161,161,161,11.90840145,0.985615963,-0.043426514,0.0050354,1,1,1,3,0.035644531,0,0,0,0,,,,,5.004553318,0.335486323,-0.179596901,0,-0.335597988,0.179388155,0.098111352,0,160,0,0,160,160,160,0,0,0.478273658,0.000482517,,,,,,,,,,,,
13.31,170,170,170,170,11.87342852,0.985605602,-0.04347229,0.0050354,1,1,1,3,0.035644531,0,0,0,0,,,,,5.004553318,0.335486323,-0.179596901,0,-0.335597988,0.179388155,0,0,168,0,0,168,168,168,0,0,0.519230182,0.000483025,,,,,,,,,,,,
13.32,170,170,170,170,11.87327997,0.985594205,-0.04347229,0.0050354,1,1,1,3,0.035644531,0,0,0,0,,,,,5.004553318,0.335486323,-0.179596901,0,-0.335597988,0.179388155,0,0,168,0,0,168,168,168,0,0,0.519229613,0.000483025,,,,,,,,,,,,
13.33,160,160,160,160,11.91223576,0.985582808,-0.043563843,0.005050659,1,1,1,3,0.035644531,0,0,0,0,,,,,5.009838104,0.335486323,-0.179596901,0,-0.335597988,0.179388155,0,0,159,0,0,159,159,159,0,0,0.478040411,0.000484043,,,,,,,,,,,,
13.34,170,170,170,170,11.87302956,0.985572572,-0.043563843,0.005050659,1,1,1,3,0.035644531,0,0,0,0,,,,,5.009838104,0.335486323,-0.179596901,0,-0.335597988,0.179388155,0,0,168,0,0,168,168,168,0,0,0.518996274,0.000484043,,,,,,,,,,,,
13.35,160,160,160,160,11.91198554,0.985561176,-0.043640137,0.005050659,1,1,1,3,0.035644531,0,0,0,0,,,,,5.01512289,0.335486323,-0.179596901,0,-0.335597988,0.179388155,0,0,159,0,0,159,159,159,0,0,0.477806412,0.00048489,,,,,,,,,,,,
13.36,170,170,170,170,11.87277954,0.98555094,-0.043640137,0.005050659,1,1,1,3,0.035644531,0,0,0,0,,,,,5.01512289,0.335486323,-0.179596901,0,-0.335597988,0.179388155,0,0,168,0,0,168,168,168,0,0,0.518761615,0.00048489,,,,,,,,,,,,
13.37,166,166,166,166,11.8902769,0.985539543,-0.043777466,0.005065918,1,1,1,3,0.035644531,0,0,0,0,,,,,5.017765045,0.335486323,-0.179596901,0,-0.335597988,0.179388155,0,0,164,0,0,164,164,164,0,0,0.498167266,0.000486416,,,,,,,,,,,,
13.38,170,170,170,170,11.87250449,0.98552867,-0.043777466,0.005065918,1,1,1,3,0.035644531,0,0,0,0,,,,,5.017765045,0.335486323,-0.179596901,0,-0.335597988,0.179388155,0,0,168,0,0,168,168,168,0,0,0.518641744,0.000486416,,,,,,,,,,,,
13.39,160,160,160,160,11.91146089,0.985517274,-0.04385376,0.005081177,1,1,1,3,0.035644531,0,0,0,0,,,,,5.023049831,0.335486323,-0.179596901,0,-0.335597988,0.179388155,0,0,159,0,0,159,159,159,0,0,0.477450891,0.000487264,,,,,,,,,,,,
13.4,170,170,170,170,11.8722553,0.985507038,-0.043899536,0.005081177,1,1,1,3,0.035644531,0,0,0,0,,,,,5.023049831,0.335486323,-0.179596901,0,-0.335597988,0.179388155,0,0,168,0,0,168,168,168,0,0,0.518405103,0.000487773,,,,,,,,,,,,
13.41,170,170,170,170,11.87210767,0.985495641,-0.043945313,0.005096436,1,1,1,3,0.035644531,0,0,0,0,,,,,5.023049831,0.335486323,-0.179596901,0,-0.335597988,0.179388155,0,0,168,0,0,168,168,168,0,0,0.518402221,0.000488281,,,,,,,,,,,,
13.42,170,170,170,170,11.87196017,0.985484245,-0.043945313,0.005096436,1,1,1,3,0.035644531,0,0,0,0,,,,,5.023049831,0.335486323,-0.179596901,0,-0.335597988,0.179388155,0,0,168,0,0,168,168,168,0,0,0.51839934,0.000488281,,,,,,,,,,,,
13.43,160,160,160,160,11.910917,0.985472848,-0.044021606,0.005096436,1,1,1,3,0.035644531,0,0,0,0,,,,,5.028334141,0.335486323,-0.179596901,0,-0.335597988,0.179388155,0,0,159,0,0,159,159,159,0,0,0.477211542,0.000489129,,,,,,,,,,,,
13.44,170,170,170,170,11.87171184,0.985462612,-0.044021606,0.005096436,1,1,1,3,0.035644531,0,0,0,0,,,,,5.028334141,0.335486323,-0.179596901,0,-0.335597988,0.179388155,0,0,168,0,0,168,168,168,0,0,0.518161398,0.000489129,,,,,,,,,,,,
13.45,160,160,160,160,11.91066887,0.985451216,-0.044113159,0.005111694,1,1,1,3,0.035644531,0,0,0,0,,,,,5.033618927,0.335486323,-0.179596901,0,-0.335597988,0.179388155,0,0,159,0,0,159,159,159,0,0,0.476969224,0.000490146,,,,,,,,,,,,
13.46,170,170,170,170,11.87146391,0.98544098,-0.044113159,0.005111694,1,1,1,3,0.035644531,0,0,0,0,,,,,5.033618927,0.335486323,-0.179596901,0,-0.335597988,0.179388155,0,0,168,0,0,168,168,168,0,0,0.517922114,0.000490146,,,,,,,,,,,,
13.47,170,170,170,170,11.87131691,0.985429583,-0.044189453,0.005126953,1,1,1,3,0.035644531,0,0,0,0,,,,,5.033618927,0.335486323,-0.179596901,0,-0.335597988,0.179388155,0,0,168,0,0,168,168,168,0,0,0.517917912,0.000490994,,,,,,,,,,,,
13.48,170,170,170,170,11.87117003,0.985418187,-0.044189453,0.005126953,1,1,1,3,0.035644531,0,0,0,0,,,,,5.033618927,0.335486323,-0.179596901,0,-0.335597988,0.179388155,0,0,168,0,0,168,168,168,0,0,0.51791371,0.000490994,,,,,,,,,,,,
13.49,160,160,160,160,11.91012749,0.98540679,-0.044281006,0.005126953,1,1,1,3,0.035644531,0,0,0,0,,,,,5.038903713,0.336057365,-0.174548388,0,-0.336165889,0.174339288,0.100977354,0,159,0,0,159,159,159,0,0,0.476720874,0.000492011,,,,,,,,,,,,
13.5,170,170,170,170,11.87092295,0.985396554,-0.044281006,0.005126953,1,1,1,3,0.035644531,0,0,0,0,,,,,5.038903713,0.336057365,-0.174548388,0,-0.336165889,0.174339288,0,0,168,0,0,168,168,168,0,0,0.517673105,0.000492011,,,,,,,,,,,,
13.51,166,166,166,166,11.88842178,0.985385157,-0.044372559,0.005142212,1,1,1,3,0.035644531,0,0,0,0,,,,,5.041545868,0.336057365,-0.174548388,0,-0.336165889,0.174339288,0,0,164,0,0,164,164,164,0,0,0.497075783,0.000493028,,,,,,,,,,,,
13.52,170,170,170,170,11.87065084,0.985374285,-0.044372559,0.005142212,1,1,1,3,0.035644531,0,0,0,0,,,,,5.041545868,0.336057365,-0.174548388,0,-0.336165889,0.174339288,0,0,168,0,0,168,168,168,0,0,0.517547289,0.000493028,,,,,,,,,,,,
13.53,160,160,160,160,11.90960871,0.985362888,-0.044494629,0.005157471,1,1,1,3,0.035644531,0,0,0,0,,,,,5.046830654,0.336057365,-0.174548388,0,-0.336165889,0.174339288,0,0,159,0,0,159,159,159,0,0,0.476353463,0.000494385,,,,,,,,,,,,
13.54,170,170,170,170,11.87040458,0.985352652,-0.044540405,0.005172729,1,1,1,3,0.035644531,0,0,0,0,,,,,5.046830654,0.336057365,-0.174548388,0,-0.336165889,0.174339288,0,0,168,0,0,168,168,168,0,0,0.517304702,0.000494893,,,,,,,,,,,,
13.55,170,170,170,170,11.87025842,0.985341255,-0.044586182,0.005172729,1,1,1,3,0.035644531,0,0,0,0,,,,,5.046830654,0.336057365,-0.174548388,0,-0.336165889,0.174339288,0,0,168,0,0,168,168,168,0,0,0.517298849,0.000495402,,,,,,,,,,,,
13.56,160,160,160,160,11.9092166,0.985329859,-0.044631958,0.005172729,1,1,1,3,0.035644531,0,0,0,0,,,,,5.052114964,0.336057365,-0.174548388,0,-0.336165889,0.174339288,0,0,159,0,0,159,159,159,0,0,0.476108078,0.000495911,,,,,,,,,,,,
13.57,170,170,170,170,11.87001279,0.985319623,-0.044662476,0.005187988,1,1,1,3,0.035644531,0,0,0,0,,,,,5.052114964,0.336057365,-0.174548388,0,-0.336165889,0.174339288,0,0,168,0,0,168,168,168,0,0,0.517054962,0.00049625,,,,,,,,,,,,
13.58,170,170,170,170,11.86986693,0.985308226,-0.044754028,0.005187988,1,1,1,3,0.035644531,0,0,0,0,,,,,5.052114964,0.336057365,-0.174548388,0,-0.336165889,0.174339288,0,0,168,0,0,168,168,168,0,0,0.517048447,0.000497267,,,,,,,,,,,,
13.59,170,170,170,170,11.8697212,0.98529683,-0.044754028,0.005187988,1,1,1,3,0.035644531,0,0,0,0,,,,,5.052114964,0.336057365,-0.174548388,0,-0.336165889,0.174339288,0,0,168,0,0,168,168,168,0,0,0.517041933,0.000497267,,,,,,,,,,,,
13.6,160,160,160,160,11.90867981,0.985285433,-0.044845581,0.005203247,1,1,1,3,0.035644531,0,0,0,0,,,,,5.05739975,0.336057365,-0.174548388,0,-0.336165889,0.174339288,0,0,159,0,0,159,159,159,0,0,0.475846785,0.000498284,,,,,,,,,,,,
13.61,170,170,170,170,11.86947641,0.985275197,-0.044845581,0.005203247,1,1,1,3,0.035644531,0,0,0,0,,,,,5.05739975,0.336057365,-0.174548388,0,-0.336165889,0.174339288,0,0,168,0,0,168,168,168,0,0,0.516796704,0.000498284,,,,,,,,,,,,
13.62,170,170,170,170,11.86933099,0.985263801,-0.044845581,0.005203247,1,1,1,3,0.035644531,0,0,0,0,,,,,5.05739975,0.336057365,-0.174548388,0,-0.336165889,0.174339288,0,0,168,0,0,168,168,168,0,0,0.516789529,0.000498284,,,,,,,,,,,,
13.63,164,164,164,164,11.89117599,0.985252404,-0.044967651,0.005218506,1,1,1,3,0.035644531,0,0,0,0,,,,,5.060041904,0.336057365,-0.174548388,0,-0.336165889,0.174339288,0,0,163,0,0,163,163,163,0,0,0.496189896,0.000499641,,,,,,,,,,,,
13.64,170,170,170,170,11.86906654,0.98524166,-0.044967651,0.005218506,1,1,1,3,0.035644531,0,0,0,0,,,,,5.060041904,0.336057365,-0.174548388,0,-0.336165889,0.174339288,0,0,168,0,0,168,168,168,0,0,0.516659089,0.000499641,,,,,,,,,,,,
13.65,160,160,160,160,11.90802566,0.985230264,-0.045059204,0.005233765,1,1,1,3,0.035644531,0,0,0,0,,,,,5.065326691,0.336057365,-0.174548388,0,-0.336165889,0.174339288,0,0,159,0,0,159,159,159,0,0,0.475462951,0.000500658,,,,,,,,,,,,
13.66,170,170,170,170,11.86882279,0.985220028,-0.045059204,0.005233765,1,1,1,3,0.035644531,0,0,0,0,,,,,5.065326691,0.336057365,-0.174548388,0,-0.336165889,0.174339288,0,0,168,0,0,168,168,168,0,0,0.516411878,0.000500658,,,,,,,,,,,,
13.67,170,170,170,170,11.86867788,0.985208631,-0.045135498,0.005233765,1,1,1,3,0.035644531,0,0,0,0,,,,,5.065326691,0.336645484,-0.169354677,0,-0.336750777,0.169145212,0.103881504,0,168,0,0,168,168,168,0,0,0.516403713,0.000501506,,,,,,,,,,,,
13.68,170,170,170,170,11.86853308,0.985197234,-0.045135498,0.005233765,1,1,1,3,0.035644531,0,0,0,0,,,,,5.065326691,0.336645484,-0.169354677,0,-0.336750777,0.169145212,0,0,168,0,0,168,168,168,0,0,0.516395547,0.000501506,,,,,,,,,,,,
13.69,160,160,160,160,11.90749263,0.985185838,-0.045227051,0.005249023,1,1,1,3,0.035644531,0,0,0,0,,,,,5.070611477,0.336645484,-0.169354677,0,-0.336750777,0.169145212,0,0,159,0,0,159,159,159,0,0,0.475198748,0.000502523,,,,,,,,,,,,
13.7,170,170,170,170,11.86829017,0.985175602,-0.045227051,0.005249023,1,1,1,3,0.035644531,0,0,0,0,,,,,5.070611477,0.336645484,-0.169354677,0,-0.336750777,0.169145212,0,0,168,0,0,168,168,168,0,0,0.516147015,0.000502523,,,,,,,,,,,,
13.71,160,160,160,160,11.9072499,0.985164205,-0.04536438,0.005264282,1,1,1,3,0.035644531,0,0,0,0,,,,,5.075896263,0.336645484,-0.169354677,0,-0.336750777,0.169145212,0,0,159,0,0,159,159,159,0,0,0.474949555,0.000504049,,,,,,,,,,,,
13.72,170,170,170,170,11.86804764,0.985153969,-0.045394897,0.005264282,1,1,1,3,0.035644531,0,0,0,0,,,,,5.075896263,0.336645484,-0.169354677,0,-0.336750777,0.169145212,0,0,168,0,0,168,168,168,0,0,0.515897162,0.000504388,,,,,,,,,,,,
13.73,170,170,170,170,11.86790334,0.985142573,-0.045394897,0.005264282,1,1,1,3,0.035644531,0,0,0,0,,,,,5.075896263,0.336645484,-0.169354677,0,-0.336750777,0.169145212,0,0,168,0,0,168,168,168,0,0,0.515887675,0.000504388,,,,,,,,,,,,
13.74,170,170,170,170,11.86775915,0.985131176,-0.04548645,0.005279541,1,1,1,3,0.035644531,0,0,0,0,,,,,5.075896263,0.336645484,-0.169354677,0,-0.336750777,0.169145212,0,0,168,0,0,168,168,168,0,0,0.515878188,0.000505405,,,,,,,,,,,,
13.75,170,170,170,170,11.86761508,0.98511978,-0.04548645,0.005279541,1,1,1,3,0.035644531,0,0,0,0,,,,,5.075896263,0.336645484,-0.169354677,0,-0.336750777,0.169145212,0,0,168,0,0,168,168,168,0,0,0.5158687,0.000505405,,,,,,,,,,,,
13.76,160,160,160,160,11.90657535,0.985108383,-0.045578003,0.0052948,1,1,1,3,0.035644531,0,0,0,0,,,,,5.081180573,0.336645484,-0.169354677,0,-0.336750777,0.169145212,0,0,159,0,0,159,159,159,0,0,0.474674297,0.000506422,,,,,,,,,,,,
13.77,170,170,170,170,11.86737362,0.985098147,-0.045578003,0.0052948,1,1,1,3,0.035644531,0,0,0,0,,,,,5.081180573,0.336645484,-0.169354677,0,-0.336750777,0.169145212,0,0,168,0,0,168,168,168,0,0,0.515617547,0.000506422,,,,,,,,,,,,
13.78,165,165,165,165,11.88922017,0.985086751,-0.045654297,0.005310059,1,1,1,3,0.035644531,0,0,0,0,,,,,5.083823204,0.336645484,-0.169354677,0,-0.336750777,0.169145212,0,0,163,0,0,163,163,163,0,0,0.495011225,0.00050727,,,,,,,,,,,,
13.79,170,170,170,170,11.86711226,0.985076007,-0.045654297,0.005310059,1,1,1,3,0.035644531,0,0,0,0,,,,,5.083823204,0.336645484,-0.169354677,0,-0.336750777,0.169145212,0,0,168,0,0,168,168,168,0,0,0.515481141,0.00050727,,,,,,,,,,,,
13.8,170,170,170,170,11.8669687,0.98506461,-0.04574585,0.005310059,1,1,1,3,0.035644531,0,0,0,0,,,,,5.083823204,0.336645484,-0.169354677,0,-0.336750777,0.169145212,0,0,168,0,0,168,168,168,0,0,0.515470663,0.000508287,,,,,,,,,,,,
13.81,160,160,160,160,11.90592947,0.985053214,-0.045822144,0.005325317,1,1,1,3,0.035644531,0,0,0,0,,,,,5.089107513,0.336645484,-0.169354677,0,-0.336750777,0.169145212,0,0,159,0,0,159,159,159,0,0,0.474275269,0.000509135,,,,,,,,,,,,
13.82,170,170,170,170,11.86672825,0.985042978,-0.045822144,0.005325317,1,1,1,3,0.035644531,0,0,0,0,,,,,5.089107513,0.336645484,-0.169354677,0,-0.336750777,0.169145212,0,0,168,0,0,168,168,168,0,0,0.515217528,0.000509135,,,,,,,,,,,,
13.83,170,170,170,170,11.86658499,0.985031581,-0.04586792,0.005325317,1,1,1,3,0.035644531,0,0,0,0,,,,,5.089107513,0.336645484,-0.169354677,0,-0.336750777,0.169145212,0,0,168,0,0,168,168,168,0,0,0.51520639,0.000509644,,,,,,,,,,,,
13.84,170,170,170,170,11.86644185,0.985020184,-0.04586792,0.005325317,1,1,1,3,0.035644531,0,0,0,0,,,,,5.089107513,0.336645484,-0.169354677,0,-0.336750777,0.169145212,0,0,168,0,0,168,168,168,0,0,0.515195251,0.000509644,,,,,,,,,,,,
13.85,170,170,170,170,11.86629882,0.985008788,-0.045959473,0.005340576,1,1,1,3,0.035644531,0,0,0,0,,,,,5.089107513,0.336645484,-0.169354677,0,-0.336750777,0.169145212,0,0,168,0,0,168,168,168,0,0,0.515184113,0.000510661,,,,,,,,,,,,
13.86,160,160,160,160,11.90526012,0.984997391,-0.046005249,0.005340576,1,1,1,3,0.035644531,0,0,0,0,,,,,5.0943923,0.337251306,-0.164010048,0,-0.337353273,0.163800207,0.106900103,0,159,0,0,159,159,159,0,0,0.473984342,0.000511169,,,,,,,,,,,,
13.87,169,169,169,169,11.87051064,0.984987155,-0.046005249,0.005340576,1,1,1,3,0.035644531,0,0,0,0,,,,,5.0943923,0.337251306,-0.164010048,0,-0.337353273,0.163800207,0,0,167,0,0,167,167,167,0,0,0.514929636,0.000511169,,,,,,,,,,,,
13.88,169,169,169,169,11.87037318,0.984975891,-0.046081543,0.005355835,1,1,1,3,0.035644531,0,0,0,0,,,,,5.0943923,0.337251306,-0.164010048,0,-0.337353273,0.163800207,0,0,167,0,0,167,167,167,0,0,0.514917837,0.000512017,,,,,,,,,,,,
13.89,169,169,169,169,11.87023584,0.984964626,-0.046081543,0.005355835,1,1,1,3,0.035644531,0,0,0,0,,,,,5.0943923,0.337251306,-0.164010048,0,-0.337353273,0.163800207,0,0,167,0,0,167,167,167,0,0,0.514906038,0.000512017,,,,,,,,,,,,
13.9,160,160,160,160,11.90475161,0.984953362,-0.046218872,0.005371094,1,1,1,3,0.035644531,0,0,0,0,,,,,5.099677086,0.337251306,-0.164010048,0,-0.337353273,0.163800207,0,0,159,0,0,159,159,159,0,0,0.473705606,0.000513543,,,,,,,,,,,,
13.91,169,169,169,169,11.87000252,0.984943126,-0.046218872,0.005371094,1,1,1,3,0.035644531,0,0,0,0,,,,,5.099677086,0.337251306,-0.164010048,0,-0.337353273,0.163800207,0,0,167,0,0,167,167,167,0,0,0.514650239,0.000513543,,,,,,,,,,,,
13.92,165,165,165,165,11.88740457,0.984931862,-0.046310425,0.005386353,1,1,1,3,0.035644531,0,0,0,0,,,,,5.102319241,0.337251306,-0.164010048,0,-0.337353273,0.163800207,0,0,163,0,0,163,163,163,0,0,0.494045321,0.00051456,,,,,,,,,,,,
13.93,169,169,169,169,11.86974929,0.984921118,-0.046310425,0.005386353,1,1,1,3,0.035644531,0,0,0,0,,,,,5.102319241,0.337251306,-0.164010048,0,-0.337353273,0.163800207,0,0,167,0,0,167,167,167,0,0,0.51450923,0.00051456,,,,,,,,,,,,
13.94,169,169,169,169,11.86961243,0.984909853,-0.046340942,0.005386353,1,1,1,3,0.035644531,0,0,0,0,,,,,5.102319241,0.337251306,-0.164010048,0,-0.337353273,0.163800207,0,0,167,0,0,167,167,167,0,0,0.51449644,0.000514899,,,,,,,,,,,,
13.95,169,169,169,169,11.86947568,0.984898589,-0.046386719,0.005386353,1,1,1,3,0.035644531,0,0,0,0,,,,,5.102319241,0.337251306,-0.164010048,0,-0.337353273,0.163800207,0,0,167,0,0,167,167,167,0,0,0.514483651,0.000515408,,,,,,,,,,,,
13.96,159,159,159,159,11.90820409,0.984887324,-0.046478271,0.005401611,1,1,1,3,0.035644531,0,0,0,0,,,,,5.107604027,0.337251306,-0.164010048,0,-0.337353273,0.163800207,0,0,158,0,0,158,158,158,0,0,0.473282228,0.000516425,,,,,,,,,,,,
13.97,169,169,169,169,11.86924855,0.984877213,-0.046524048,0.005401611,1,1,1,3,0.035644531,0,0,0,0,,,,,5.107604027,0.337251306,-0.164010048,0,-0.337353273,0.163800207,0,0,167,0,0,167,167,167,0,0,0.51422587,0.000516934,,,,,,,,,,,,
13.98,169,169,169,169,11.86911208,0.984865949,-0.046524048,0.005401611,1,1,1,3,0.035644531,0,0,0,0,,,,,5.107604027,0.337251306,-0.164010048,0,-0.337353273,0.163800207,0,0,167,0,0,167,167,167,0,0,0.51421242,0.000516934,,,,,,,,,,,,
13.99,169,169,169,169,11.86897572,0.984854684,-0.046600342,0.00541687,1,1,1,3,0.035644531,0,0,0,0,,,,,5.107604027,0.337251306,-0.164010048,0,-0.337353273,0.163800207,0,0,167,0,0,167,167,167,0,0,0.514198969,0.000517782,,,,,,,,,,,,
14,159,159,159,159,11.90770452,0.98484342,-0.046646118,0.00541687,1,1,1,3,0.035644531,0,0,0,0,,,,,5.112888336,0.337251306,-0.164010048,0,-0.337353273,0.163800207,0,0,158,0,0,158,158,158,0,0,0.473000602,0.00051829,,,,,,,,,,,,
14.01,169,169,169,169,11.86874936,0.984833309,-0.046646118,0.00541687,1,1,1,3,0.035644531,0,0,0,0,,,,,5.112888336,0.337251306,-0.164010048,0,-0.337353273,0.163800207,0,0,167,0,0,167,167,167,0,0,0.513939889,0.00051829,,,,,,,,,,,,
14.02,169,169,169,169,11.86861328,0.984822044,-0.046737671,0.005432129,1,1,1,3,0.035644531,0,0,0,0,,,,,5.112888336,0.337251306,-0.164010048,0,-0.337353273,0.163800207,0,0,167,0,0,167,167,167,0,0,0.513925778,0.000519307,,,,,,,,,,,,
14.03,169,169,169,169,11.86847731,0.98481078,-0.046737671,0.005432129,1,1,1,3,0.035644531,0,0,0,0,,,,,5.112888336,0.337251306,-0.164010048,0,-0.337353273,0.163800207,0,0,167,0,0,167,167,167,0,0,0.513911667,0.000519307,,,,,,,,,,,,
14.04,159,159,159,159,11.9072065,0.984799516,-0.046859741,0.005447388,1,1,1,3,0.035644531,0,0,0,0,,,,,5.118173122,0.337874889,-0.15851593,0,-0.337973439,0.158305703,0.109890092,0,158,0,0,158,158,158,0,0,0.472708923,0.000520664,,,,,,,,,,,,
14.05,169,169,169,169,11.86825173,0.984789404,-0.046859741,0.005447388,1,1,1,3,0.035644531,0,0,0,0,,,,,5.118173122,0.337874889,-0.15851593,0,-0.337973439,0.158305703,0,0,167,0,0,167,167,167,0,0,0.513651245,0.000520664,,,,,,,,,,,,
14.06,169,169,169,169,11.86811604,0.98477814,-0.046951294,0.005462646,1,1,1,3,0.035644531,0,0,0,0,,,,,5.118173122,0.337874889,-0.15851593,0,-0.337973439,0.158305703,0,0,167,0,0,167,167,167,0,0,0.513636473,0.000521681,,,,,,,,,,,,
14.07,169,169,169,169,11.86798046,0.984766876,-0.046951294,0.005462646,1,1,1,3,0.035644531,0,0,0,0,,,,,5.118173122,0.337874889,-0.15851593,0,-0.337973439,0.158305703,0,0,167,0,0,167,167,167,0,0,0.513621701,0.000521681,,,,,,,,,,,,
14.08,159,159,159,159,11.90671003,0.984755611,-0.047042847,0.005477905,1,1,1,3,0.035644531,0,0,0,0,,,,,5.123457909,0.337874889,-0.15851593,0,-0.337973439,0.158305703,0,0,158,0,0,158,158,158,0,0,0.472418297,0.000522698,,,,,,,,,,,,
14.09,169,169,169,169,11.86775565,0.9847455,-0.047042847,0.005477905,1,1,1,3,0.035644531,0,0,0,0,,,,,5.123457909,0.337874889,-0.15851593,0,-0.337973439,0.158305703,0,0,167,0,0,167,167,167,0,0,0.513359958,0.000522698,,,,,,,,,,,,
14.1,169,169,169,169,11.86762034,0.984734236,-0.047042847,0.005477905,1,1,1,3,0.035644531,0,0,0,0,,,,,5.123457909,0.337874889,-0.15851593,0,-0.337973439,0.158305703,0,0,167,0,0,167,167,167,0,0,0.513344526,0.000522698,,,,,,,,,,,,
14.11,169,169,169,169,11.86748515,0.984722971,-0.047164917,0.005493164,1,1,1,3,0.035644531,0,0,0,0,,,,,5.123457909,0.337874889,-0.15851593,0,-0.337973439,0.158305703,0,0,167,0,0,167,167,167,0,0,0.513329093,0.000524055,,,,,,,,,,,,
14.12,169,169,169,169,11.86735005,0.984711707,-0.047164917,0.005493164,1,1,1,3,0.035644531,0,0,0,0,,,,,5.123457909,0.337874889,-0.15851593,0,-0.337973439,0.158305703,0,0,167,0,0,167,167,167,0,0,0.513313661,0.000524055,,,,,,,,,,,,
14.13,165,165,165,165,11.88475417,0.984700442,-0.04725647,0.005493164,1,1,1,3,0.035644531,0,0,0,0,,,,,5.126100063,0.337874889,-0.15851593,0,-0.337973439,0.158305703,0,0,163,0,0,163,163,163,0,0,0.492705771,0.000525072,,,,,,,,,,,,
14.14,169,169,169,169,11.86710097,0.984689698,-0.04725647,0.005493164,1,1,1,3,0.035644531,0,0,0,0,,,,,5.126100063,0.337874889,-0.15851593,0,-0.337973439,0.158305703,0,0,167,0,0,167,167,167,0,0,0.513166707,0.000525072,,,,,,,,,,,,
14.15,169,169,169,169,11.86696618,0.984678434,-0.047332764,0.005508423,1,1,1,3,0.035644531,0,0,0,0,,,,,5.126100063,0.337874889,-0.15851593,0,-0.337973439,0.158305703,0,0,167,0,0,167,167,167,0,0,0.513150944,0.00052592,,,,,,,,,,,,
14.16,169,169,169,169,11.86683149,0.98466717,-0.04737854,0.005508423,1,1,1,3,0.035644531,0,0,0,0,,,,,5.126100063,0.337874889,-0.15851593,0,-0.337973439,0.158305703,0,0,167,0,0,167,167,167,0,0,0.513135182,0.000526428,,,,,,,,,,,,
14.17,159,159,159,159,11.90556196,0.984655905,-0.047470093,0.005523682,1,1,1,3,0.035644531,0,0,0,0,,,,,5.13138485,0.337874889,-0.15851593,0,-0.337973439,0.158305703,0,0,158,0,0,158,158,158,0,0,0.471930786,0.000527445,,,,,,,,,,,,
14.18,169,169,169,169,11.86660848,0.984645794,-0.04750061,0.005523682,1,1,1,3,0.035644531,0,0,0,0,,,,,5.13138485,0.337874889,-0.15851593,0,-0.337973439,0.158305703,0,0,167,0,0,167,167,167,0,0,0.512871457,0.000527785,,,,,,,,,,,,
14.19,169,169,169,169,11.86647407,0.98463453,-0.04750061,0.005523682,1,1,1,3,0.035644531,0,0,0,0,,,,,5.13138485,0.337874889,-0.15851593,0,-0.337973439,0.158305703,0,0,167,0,0,167,167,167,0,0,0.512855033,0.000527785,,,,,,,,,,,,
14.2,169,169,169,169,11.86633977,0.984623265,-0.047592163,0.00553894,1,1,1,3,0.035644531,0,0,0,0,,,,,5.13138485,0.337874889,-0.15851593,0,-0.337973439,0.158305703,0,0,167,0,0,167,167,167,0,0,0.51283861,0.000528802,,,,,,,,,,,,
14.21,169,169,169,169,11.86620557,0.984612001,-0.047592163,0.00553894,1,1,1,3,0.035644531,0,0,0,0,,,,,5.13138485,0.337874889,-0.15851593,0,-0.337973439,0.158305703,0,0,167,0,0,167,167,167,0,0,0.512822187,0.000528802,,,,,,,,,,,,
14.22,169,169,169,169,11.86607148,0.984600736,-0.047592163,0.00553894,1,1,1,3,0.035644531,0,0,0,0,,,,,5.13138485,0.337874889,-0.15851593,0,-0.337973439,0.158305703,0,0,167,0,0,167,167,167,0,0,0.512805764,0.000528802,,,,,,,,,,,,
14.23,159,159,159,159,11.90480255,0.984589472,-0.047714233,0.005554199,1,1,1,3,0.035644531,0,0,0,0,,,,,5.136669159,0.338516265,-0.152869463,0,-0.338611302,0.152658838,0.112937303,0,158,0,0,158,158,158,0,0,0.471604425,0.000530158,,,,,,,,,,,,
14.24,169,169,169,169,11.86584966,0.984579361,-0.047714233,0.005554199,1,1,1,3,0.035644531,0,0,0,0,,,,,5.136669159,0.338516265,-0.152869463,0,-0.338611302,0.152658838,0,0,167,0,0,167,167,167,0,0,0.512540739,0.000530158,,,,,,,,,,,,
14.25,169,169,169,169,11.86571585,0.984568096,-0.047805786,0.005569458,1,1,1,3,0.035644531,0,0,0,0,,,,,5.136669159,0.338516265,-0.152869463,0,-0.338611302,0.152658838,0,0,167,0,0,167,167,167,0,0,0.512523655,0.000531175,,,,,,,,,,,,
14.26,169,169,169,169,11.86558214,0.984556832,-0.047805786,0.005569458,1,1,1,3,0.035644531,0,0,0,0,,,,,5.136669159,0.338516265,-0.152869463,0,-0.338611302,0.152658838,0,0,167,0,0,167,167,167,0,0,0.512506571,0.000531175,,,,,,,,,,,,
14.27,159,159,159,159,11.90431358,0.984545567,-0.047897339,0.005569458,1,1,1,3,0.035644531,0,0,0,0,,,,,5.141953945,0.338516265,-0.152869463,0,-0.338611302,0.152658838,0,0,158,0,0,158,158,158,0,0,0.471300855,0.000532193,,,,,,,,,,,,
14.28,169,169,169,169,11.86536107,0.984535456,-0.047927856,0.005584717,1,1,1,3,0.035644531,0,0,0,0,,,,,5.141953945,0.338516265,-0.152869463,0,-0.338611302,0.152658838,0,0,167,0,0,167,167,167,0,0,0.512240204,0.000532532,,,,,,,,,,,,
14.29,169,169,169,169,11.86522764,0.984524192,-0.047973633,0.005584717,1,1,1,3,0.035644531,0,0,0,0,,,,,5.141953945,0.338516265,-0.152869463,0,-0.338611302,0.152658838,0,0,167,0,0,167,167,167,0,0,0.512222459,0.00053304,,,,,,,,,,,,
14.3,169,169,169,169,11.8650943,0.984512928,-0.048019409,0.005599976,1,1,1,3,0.035644531,0,0,0,0,,,,,5.141953945,0.338516265,-0.152869463,0,-0.338611302,0.152658838,0,0,167,0,0,167,167,167,0,0,0.512204715,0.000533549,,,,,,,,,,,,
14.31,164,164,164,164,11.88681852,0.984501663,-0.048065186,0.005599976,1,1,1,3,0.035644531,0,0,0,0,,,,,5.144596577,0.338516265,-0.152869463,0,-0.338611302,0.152658838,0,0,162,0,0,162,162,162,0,0,0.491590796,0.000534058,,,,,,,,,,,,
14.32,169,169,169,169,11.86485385,0.984491047,-0.048065186,0.005599976,1,1,1,3,0.035644531,0,0,0,0,,,,,5.144596577,0.338516265,-0.152869463,0,-0.338611302,0.152658838,0,0,167,0,0,167,167,167,0,0,0.512053116,0.000534058,,,,,,,,,,,,
14.33,169,169,169,169,11.86472081,0.984479783,-0.048141479,0.005615234,1,1,1,3,0.035644531,0,0,0,0,,,,,5.144596577,0.338516265,-0.152869463,0,-0.338611302,0.152658838,0,0,167,0,0,167,167,167,0,0,0.512035042,0.000534905,,,,,,,,,,,,
14.34,169,169,169,169,11.86458787,0.984468518,-0.048141479,0.005615234,1,1,1,3,0.035644531,0,0,0,0,,,,,5.144596577,0.338516265,-0.152869463,0,-0.338611302,0.152658838,0,0,167,0,0,167,167,167,0,0,0.512016967,0.000534905,,,,,,,,,,,,
14.35,169,169,169,169,11.86445504,0.984457254,-0.048233032,0.005615234,1,1,1,3,0.035644531,0,0,0,0,,,,,5.144596577,0.338516265,-0.152869463,0,-0.338611302,0.152658838,0,0,167,0,0,167,167,167,0,0,0.511998892,0.000535923,,,,,,,,,,,,
14.36,169,169,169,169,11.86432231,0.98444599,-0.048278809,0.005630493,1,1,1,3,0.035644531,0,0,0,0,,,,,5.144596577,0.338516265,-0.152869463,0,-0.338611302,0.152658838,0,0,167,0,0,167,167,167,0,0,0.511980818,0.000536431,,,,,,,,,,,,
14.37,169,169,169,169,11.86418968,0.984434725,-0.048278809,0.005630493,1,1,1,3,0.035644531,0,0,0,0,,,,,5.144596577,0.338516265,-0.152869463,0,-0.338611302,0.152658838,0,0,167,0,0,167,167,167,0,0,0.511962743,0.000536431,,,,,,,,,,,,
14.38,159,159,159,159,11.90292222,0.984423461,-0.048400879,0.005645752,1,1,1,3,0.035644531,0,0,0,0,,,,,5.149880886,0.338516265,-0.152869463,0,-0.338611302,0.152658838,0,0,158,0,0,158,158,158,0,0,0.470759752,0.000537788,,,,,,,,,,,,
14.39,169,169,169,169,11.8639708,0.98441335,-0.048400879,0.005645752,1,1,1,3,0.035644531,0,0,0,0,,,,,5.149880886,0.338516265,-0.152869463,0,-0.338611302,0.152658838,0,0,167,0,0,167,167,167,0,0,0.511694415,0.000537788,,,,,,,,,,,,
14.4,169,169,169,169,11.86383844,0.984402085,-0.048492432,0.005645752,1,1,1,3,0.035644531,0,0,0,0,,,,,5.149880886,0.338516265,-0.152869463,0,-0.338611302,0.152658838,0,0,167,0,0,167,167,167,0,0,0.51167568,0.000538805,,,,,,,,,,,,
14.41,169,169,169,169,11.86370619,0.984390821,-0.048492432,0.005645752,1,1,1,3,0.035644531,0,0,0,0,,,,,5.149880886,0.338516265,-0.152869463,0,-0.338611302,0.152658838,0,0,167,0,0,167,167,167,0,0,0.511656945,0.000538805,,,,,,,,,,,,
14.42,169,169,169,169,11.86357405,0.984379556,-0.048492432,0.005645752,1,1,1,3,0.035644531,0,0,0,0,,,,,5.149880886,0.338516265,-0.152869463,0,-0.338611302,0.152658838,0,0,167,0,0,167,167,167,0,0,0.511638209,0.000538805,,,,,,,,,,,,
14.43,159,159,159,159,11.90230706,0.984368292,-0.048614502,0.005661011,1,1,1,3,0.035644531,0,0,0,0,,,,,5.155165672,0.33917588,-0.147068977,0,-0.339267308,0.146857943,0.116017897,0,158,0,0,158,158,158,0,0,0.470430841,0.000540161,,,,,,,,,,,,
14.44,169,169,169,169,11.86335611,0.984358181,-0.048614502,0.005661011,1,1,1,3,0.035644531,0,0,0,0,,,,,5.155165672,0.33917588,-0.147068977,0,-0.339267308,0.146857943,0,0,167,0,0,167,167,167,0,0,0.511368539,0.000540161,,,,,,,,,,,,
14.45,169,169,169,169,11.86322424,0.984346916,-0.048690796,0.00567627,1,1,1,3,0.035644531,0,0,0,0,,,,,5.155165672,0.33917588,-0.147068977,0,-0.339267308,0.146857943,0,0,167,0,0,167,167,167,0,0,0.511349143,0.000541009,,,,,,,,,,,,
14.46,169,169,169,169,11.86309246,0.984335652,-0.048736572,0.00567627,1,1,1,3,0.035644531,0,0,0,0,,,,,5.155165672,0.33917588,-0.147068977,0,-0.339267308,0.146857943,0,0,167,0,0,167,167,167,0,0,0.511329748,0.000541517,,,,,,,,,,,,
14.47,159,159,159,159,11.90182584,0.984324388,-0.048782349,0.005691528,1,1,1,3,0.035644531,0,0,0,0,,,,,5.160450459,0.33917588,-0.147068977,0,-0.339267308,0.146857943,0,0,158,0,0,158,158,158,0,0,0.470121719,0.000542026,,,,,,,,,,,,
14.48,169,169,169,169,11.86287527,0.984314276,-0.048828125,0.005691528,1,1,1,3,0.035644531,0,0,0,0,,,,,5.160450459,0.33917588,-0.147068977,0,-0.339267308,0.146857943,0,0,167,0,0,167,167,167,0,0,0.511058756,0.000542535,,,,,,,,,,,,
14.49,169,169,169,169,11.86274376,0.984303012,-0.048828125,0.005691528,1,1,1,3,0.035644531,0,0,0,0,,,,,5.160450459,0.33917588,-0.147068977,0,-0.339267308,0.146857943,0,0,167,0,0,167,167,167,0,0,0.5110387,0.000542535,,,,,,,,,,,,
14.5,169,169,169,169,11.86261236,0.984291748,-0.048904419,0.005706787,1,1,1,3,0.035644531,0,0,0,0,,,,,5.160450459,0.33917588,-0.147068977,0,-0.339267308,0.146857943,0,0,167,0,0,167,167,167,0,0,0.511018643,0.000543382,,,,,,,,,,,,
14.51,169,169,169,169,11.86248106,0.984280483,-0.048904419,0.005706787,1,1,1,3,0.035644531,0,0,0,0,,,,,5.160450459,0.33917588,-0.147068977,0,-0.339267308,0.146857943,0,0,167,0,0,167,167,167,0,0,0.510998587,0.000543382,,,,,,,,,,,,
14.52,169,169,169,169,11.86234986,0.984269219,-0.049041748,0.005722046,1,1,1,3,0.035644531,0,0,0,0,,,,,5.160450459,0.33917588,-0.147068977,0,-0.339267308,0.146857943,0,0,167,0,0,167,167,167,0,0,0.510978531,0.000544908,,,,,,,,,,,,
14.53,169,169,169,169,11.86221877,0.984257954,-0.049041748,0.005722046,1,1,1,3,0.035644531,0,0,0,0,,,,,5.160450459,0.33917588,-0.147068977,0,-0.339267308,0.146857943,0,0,167,0,0,167,167,167,0,0,0.510958474,0.000544908,,,,,,,,,,,,
14.54,159,159,159,159,11.90095283,0.98424669,-0.049118042,0.005737305,1,1,1,3,0.035644531,0,0,0,0,,,,,5.165734768,0.33917588,-0.147068977,0,-0.339267308,0.146857943,0,0,158,0,0,158,158,158,0,0,0.469753501,0.000545756,,,,,,,,,,,,
14.55,169,169,169,169,11.86200294,0.984236579,-0.049118042,0.005737305,1,1,1,3,0.035644531,0,0,0,0,,,,,5.165734768,0.33917588,-0.147068977,0,-0.339267308,0.146857943,0,0,167,0,0,167,167,167,0,0,0.510686182,0.000545756,,,,,,,,,,,,
14.56,169,169,169,169,11.86187211,0.984225314,-0.049209595,0.005737305,1,1,1,3,0.035644531,0,0,0,0,,,,,5.165734768,0.33917588,-0.147068977,0,-0.339267308,0.146857943,0,0,167,0,0,167,167,167,0,0,0.510665465,0.000546773,,,,,,,,,,,,
14.57,169,169,169,169,11.86174138,0.98421405,-0.049209595,0.005737305,1,1,1,3,0.035644531,0,0,0,0,,,,,5.165734768,0.33917588,-0.147068977,0,-0.339267308,0.146857943,0,0,167,0,0,167,167,167,0,0,0.510644749,0.000546773,,,,,,,,,,,,
14.58,169,169,169,169,11.86161076,0.984202785,-0.049331665,0.005737305,1,1,1,3,0.035644531,0,0,0,0,,,,,5.165734768,0.33917588,-0.147068977,0,-0.339267308,0.146857943,0,0,167,0,0,167,167,167,0,0,0.510624032,0.00054813,,,,,,,,,,,,
14.59,169,169,169,169,11.86148024,0.984191521,-0.049377441,0.005737305,1,1,1,3,0.035644531,0,0,0,0,,,,,5.165734768,0.33917588,-0.147068977,0,-0.339267308,0.146857943,0,0,167,0,0,167,167,167,0,0,0.510603315,0.000548638,,,,,,,,,,,,
14.6,169,169,169,169,11.86134982,0.984180257,-0.049377441,0.005737305,1,1,1,3,0.035644531,0,0,0,0,,,,,5.165734768,0.33917588,-0.147068977,0,-0.339267308,0.146857943,0,0,167,0,0,167,167,167,0,0,0.510582598,0.000548638,,,,,,,,,,,,
14.61,169,169,169,169,11.8612195,0.984168992,-0.049377441,0.005737305,1,1,1,3,0.035644531,0,0,0,0,,,,,5.165734768,0.33917588,-0.147068977,0,-0.339267308,0.146857943,0,0,167,0,0,167,167,167,0,0,0.510561881,0.000548638,,,,,,,,,,,,
14.62,169,169,169,169,11.86108929,0.984157728,-0.049377441,0.005737305,1,1,1,3,0.035644531,0,0,0,0,,,,,5.165734768,0.33917588,-0.147068977,0,-0.339267308,0.146857943,0,0,167,0,0,167,167,167,0,0,0.510541164,0.000548638,,,,,,,,,,,,
14.63,164,164,164,164,11.88281661,0.984146463,-0.049499512,0.005737305,1,1,1,3,0.035644531,0,0,0,0,,,,,5.168377399,0.339853704,-0.14111495,0,-0.339941428,0.140903495,0.119088954,0,162,0,0,162,162,162,0,0,0.489924273,0.000549995,,,,,,,,,,,,
14.64,169,169,169,169,11.86085506,0.984135847,-0.049499512,0.005737305,1,1,1,3,0.035644531,0,0,0,0,,,,,5.168377399,0.339853704,-0.14111495,0,-0.339941428,0.140903495,0,0,167,0,0,167,167,167,0,0,0.51038362,0.000549995,,,,,,,,,,,,
14.65,169,169,169,169,11.86072513,0.984124583,-0.049621582,0.00579834,1,1,1,3,0.035644531,0,0,0,0,,,,,5.168377399,0.339853704,-0.14111495,0,-0.339941428,0.140903495,0,0,167,0,0,167,167,167,0,0,0.510362573,0.000551351,,,,,,,,,,,,
14.66,169,169,169,169,11.8605953,0.984113319,-0.049621582,0.00579834,1,1,1,3,0.035644531,0,0,0,0,,,,,5.168377399,0.339853704,-0.14111495,0,-0.339941428,0.140903495,0,0,167,0,0,167,167,167,0,0,0.510341526,0.000551351,,,,,,,,,,,,
14.67,159,159,159,159,11.89933062,0.984102054,-0.049713135,0.00579834,1,1,1,3,0.035644531,0,0,0,0,,,,,5.173661709,0.339853704,-0.14111495,0,-0.339941428,0.140903495,0,0,158,0,0,158,158,158,0,0,0.469135562,0.000552368,,,,,,,,,,,,
14.68,168,168,168,168,11.86480662,0.984091943,-0.049743652,0.00579834,1,1,1,3,0.035644531,0,0,0,0,,,,,5.173661709,0.339853704,-0.14111495,0,-0.339941428,0.140903495,0,0,166,0,0,166,166,166,0,0,0.510067252,0.000552707,,,,,,,,,,,,
14.69,168,168,168,168,11.86468229,0.98408081,-0.049743652,0.00579834,1,1,1,3,0.035644531,0,0,0,0,,,,,5.173661709,0.339853704,-0.14111495,0,-0.339941428,0.140903495,0,0,166,0,0,166,166,166,0,0,0.510045544,0.000552707,,,,,,,,,,,,
14.7,168,168,168,168,11.86455806,0.984069677,-0.049835205,0.005859375,1,1,1,3,0.035644531,0,0,0,0,,,,,5.173661709,0.339853704,-0.14111495,0,-0.339941428,0.140903495,0,0,166,0,0,166,166,166,0,0,0.510023837,0.000553725,,,,,,,,,,,,
14.71,168,168,168,168,11.86443393,0.984058544,-0.049835205,0.005859375,1,1,1,3,0.035644531,0,0,0,0,,,,,5.173661709,0.339853704,-0.14111495,0,-0.339941428,0.140903495,0,0,166,0,0,166,166,166,0,0,0.510002129,0.000553725,,,,,,,,,,,,
14.72,168,168,168,168,11.86430989,0.984047411,-0.049911499,0.005859375,1,1,1,3,0.035644531,0,0,0,0,,,,,5.173661709,0.339853704,-0.14111495,0,-0.339941428,0.140903495,0,0,166,0,0,166,166,166,0,0,0.509980421,0.000554572,,,,,,,,,,,,
14.73,168,168,168,168,11.86418594,0.984036277,-0.049911499,0.005859375,1,1,1,3,0.035644531,0,0,0,0,,,,,5.173661709,0.339853704,-0.14111495,0,-0.339941428,0.140903495,0,0,166,0,0,166,166,166,0,0,0.509958713,0.000554572,,,,,,,,,,,,
14.74,158,158,158,158,11.90268798,0.984025144,-0.050003052,0.005859375,1,1,1,3,0.035644531,0,0,0,0,,,,,5.178946495,0.339853704,-0.14111495,0,-0.339941428,0.140903495,0,0,157,0,0,157,157,157,0,0,0.468748373,0.000555589,,,,,,,,,,,,
14.75,168,168,168,168,11.86398411,0.984015157,-0.050003052,0.005859375,1,1,1,3,0.035644531,0,0,0,0,,,,,5.178946495,0.339853704,-0.14111495,0,-0.339941428,0.140903495,0,0,166,0,0,166,166,166,0,0,0.509683098,0.000555589,,,,,,,,,,,,
14.76,168,168,168,168,11.86386041,0.984004024,-0.050125122,0.005859375,1,1,1,3,0.035644531,0,0,0,0,,,,,5.178946495,0.339853704,-0.14111495,0,-0.339941428,0.140903495,0,0,166,0,0,166,166,166,0,0,0.509660729,0.000556946,,,,,,,,,,,,
14.77,168,168,168,168,11.86373681,0.983992891,-0.050125122,0.005859375,1,1,1,3,0.035644531,0,0,0,0,,,,,5.178946495,0.339853704,-0.14111495,0,-0.339941428,0.140903495,0,0,166,0,0,166,166,166,0,0,0.509638361,0.000556946,,,,,,,,,,,,
14.78,168,168,168,168,11.8636133,0.983981758,-0.050216675,0.005859375,1,1,1,3,0.035644531,0,0,0,0,,,,,5.178946495,0.339853704,-0.14111495,0,-0.339941428,0.140903495,0,0,166,0,0,166,166,166,0,0,0.509615993,0.000557963,,,,,,,,,,,,
14.79,168,168,168,168,11.86348989,0.983970625,-0.050216675,0.005859375,1,1,1,3,0.035644531,0,0,0,0,,,,,5.178946495,0.339853704,-0.14111495,0,-0.339941428,0.140903495,0,0,166,0,0,166,166,166,0,0,0.509593625,0.000557963,,,,,,,,,,,,
14.8,168,168,168,168,11.86336658,0.983959492,-0.050247192,0.005859375,1,1,1,3,0.035644531,0,0,0,0,,,,,5.178946495,0.340550095,-0.135004044,0,-0.340634017,0.134792156,0.122226773,0,166,0,0,166,166,166,0,0,0.509571256,0.000558302,,,,,,,,,,,,
14.81,168,168,168,168,11.86324336,0.983948359,-0.050338745,0.005859375,1,1,1,3,0.035644531,0,0,0,0,,,,,5.178946495,0.340550095,-0.135004044,0,-0.340634017,0.134792156,0,0,166,0,0,166,166,166,0,0,0.509548888,0.000559319,,,,,,,,,,,,
14.82,168,168,168,168,11.86312024,0.983937226,-0.050338745,0.005859375,1,1,1,3,0.035644531,0,0,0,0,,,,,5.178946495,0.340550095,-0.135004044,0,-0.340634017,0.134792156,0,0,166,0,0,166,166,166,0,0,0.50952652,0.000559319,,,,,,,,,,,,
14.83,158,158,158,158,11.90162309,0.983926092,-0.050415039,0.005859375,1,1,1,3,0.035644531,0,0,0,0,,,,,5.184231281,0.340550095,-0.135004044,0,-0.340634017,0.134792156,0,0,157,0,0,157,157,157,0,0,0.468315518,0.000560167,,,,,,,,,,,,
14.84,168,168,168,168,11.86292003,0.983916106,-0.050415039,0.005859375,1,1,1,3,0.035644531,0,0,0,0,,,,,5.184231281,0.340550095,-0.135004044,0,-0.340634017,0.134792156,0,0,166,0,0,166,166,166,0,0,0.509249583,0.000560167,,,,,,,,,,,,
14.85,168,168,168,168,11.86279715,0.983904972,-0.050506592,0.00592041,1,1,1,3,0.035644531,0,0,0,0,,,,,5.184231281,0.340550095,-0.135004044,0,-0.340634017,0.134792156,0,0,166,0,0,166,166,166,0,0,0.509226554,0.000561184,,,,,,,,,,,,
14.86,168,168,168,168,11.86267437,0.983893839,-0.050552368,0.00592041,1,1,1,3,0.035644531,0,0,0,0,,,,,5.184231281,0.340550095,-0.135004044,0,-0.340634017,0.134792156,0,0,166,0,0,166,166,166,0,0,0.509203525,0.000561693,,,,,,,,,,,,
14.87,168,168,168,168,11.86255168,0.983882706,-0.050582886,0.00592041,1,1,1,3,0.035644531,0,0,0,0,,,,,5.184231281,0.340550095,-0.135004044,0,-0.340634017,0.134792156,0,0,166,0,0,166,166,166,0,0,0.509180496,0.000562032,,,,,,,,,,,,
14.88,168,168,168,168,11.86242908,0.983871573,-0.050582886,0.00592041,1,1,1,3,0.035644531,0,0,0,0,,,,,5.184231281,0.340550095,-0.135004044,0,-0.340634017,0.134792156,0,0,166,0,0,166,166,166,0,0,0.509157467,0.000562032,,,,,,,,,,,,
14.89,168,168,168,168,11.86230658,0.98386044,-0.050674438,0.00592041,1,1,1,3,0.035644531,0,0,0,0,,,,,5.184231281,0.340550095,-0.135004044,0,-0.340634017,0.134792156,0,0,166,0,0,166,166,166,0,0,0.509134438,0.000563049,,,,,,,,,,,,
14.9,168,168,168,168,11.86218417,0.983849307,-0.050704956,0.00592041,1,1,1,3,0.035644531,0,0,0,0,,,,,5.184231281,0.340550095,-0.135004044,0,-0.340634017,0.134792156,0,0,166,0,0,166,166,166,0,0,0.509111409,0.000563388,,,,,,,,,,,,
14.91,168,168,168,168,11.86206186,0.983838174,-0.050750732,0.005981445,1,1,1,3,0.035644531,0,0,0,0,,,,,5.184231281,0.340550095,-0.135004044,0,-0.340634017,0.134792156,0,0,166,0,0,166,166,166,0,0,0.50908838,0.000563897,,,,,,,,,,,,
14.92,168,168,168,168,11.86193964,0.983827041,-0.050750732,0.005981445,1,1,1,3,0.035644531,0,0,0,0,,,,,5.184231281,0.340550095,-0.135004044,0,-0.340634017,0.134792156,0,0,166,0,0,166,166,166,0,0,0.509065351,0.000563897,,,,,,,,,,,,
14.93,164,164,164,164,11.87925032,0.983815907,-0.050872803,0.005981445,1,1,1,3,0.035644531,0,0,0,0,,,,,5.186873436,0.340550095,-0.135004044,0,-0.340634017,0.134792156,0,0,162,0,0,162,162,162,0,0,0.488449864,0.000565253,,,,,,,,,,,,
14.94,168,168,168,168,11.86171614,0.983805292,-0.050872803,0.005981445,1,1,1,3,0.035644531,0,0,0,0,,,,,5.186873436,0.340550095,-0.135004044,0,-0.340634017,0.134792156,0,0,166,0,0,166,166,166,0,0,0.508903204,0.000565253,,,,,,,,,,,,
14.95,168,168,168,168,11.86159418,0.983794158,-0.050964355,0.005981445,1,1,1,3,0.035644531,0,0,0,0,,,,,5.186873436,0.340550095,-0.135004044,0,-0.340634017,0.134792156,0,0,166,0,0,166,166,166,0,0,0.508879845,0.000566271,,,,,,,,,,,,
14.96,168,168,168,168,11.86147232,0.983783025,-0.050964355,0.005981445,1,1,1,3,0.035644531,0,0,0,0,,,,,5.186873436,0.340550095,-0.135004044,0,-0.340634017,0.134792156,0,0,166,0,0,166,166,166,0,0,0.508856486,0.000566271,,,,,,,,,,,,
14.97,168,168,168,168,11.86135055,0.983771892,-0.051040649,0.005981445,1,1,1,3,0.035644531,0,0,0,0,,,,,5.186873436,0.340550095,-0.135004044,0,-0.340634017,0.134792156,0,0,166,0,0,166,166,166,0,0,0.508833126,0.000567118,,,,,,,,,,,,
14.98,168,168,168,168,11.86122888,0.983760759,-0.051040649,0.005981445,1,1,1,3,0.035644531,0,0,0,0,,,,,5.186873436,0.340550095,-0.135004044,0,-0.340634017,0.134792156,0,0,166,0,0,166,166,166,0,0,0.508809767,0.000567118,,,,,,,,,,,,
14.99,168,168,168,168,11.8611073,0.983749626,-0.051132202,0.005981445,1,1,1,3,0.035644531,0,0,0,0,,,,,5.186873436,0.341265112,-0.128736734,0,-0.341345135,0.128524404,0.125355056,0,166,0,0,166,166,166,0,0,0.508786408,0.000568136,,,,,,,,,,,,
15,168,168,168,168,11.86098582,0.983738493,-0.051132202,0.005981445,1,1,1,3,0.035644531,0,0,0,0,,,,,5.186873436,0.341265112,-0.128736734,0,-0.341345135,0.128524404,0,0,166,0,0,166,166,166,0,0,0.508763049,0.000568136,,,,,,,,,,,,
15.01,168,168,168,168,11.86086442,0.98372736,-0.051208496,0.005981445,1,1,1,3,0.035644531,0,0,0,0,,,,,5.186873436,0.341265112,-0.128736734,0,-0.341345135,0.128524404,0,0,166,0,0,166,166,166,0,0,0.50873969,0.000568983,,,,,,,,,,,,
15.02,168,168,168,168,11.86074312,0.983716227,-0.051208496,0.005981445,1,1,1,3,0.035644531,0,0,0,0,,,,,5.186873436,0.341265112,-0.128736734,0,-0.341345135,0.128524404,0,0,166,0,0,166,166,166,0,0,0.50871633,0.000568983,,,,,,,,,,,,
15.03,158,158,158,158,11.8992478,0.983705093,-0.051300049,0.005981445,1,1,1,3,0.035644531,0,0,0,0,,,,,5.192158222,0.341265112,-0.128736734,0,-0.341345135,0.128524404,0,0,157,0,0,157,157,157,0,0,0.467504338,0.000570001,,,,,,,,,,,,
15.04,168,168,168,168,11.86054657,0.983695107,-0.051330566,0.005981445,1,1,1,3,0.035644531,0,0,0,0,,,,,5.192158222,0.341265112,-0.128736734,0,-0.341345135,0.128524404,0,0,166,0,0,166,166,166,0,0,0.508437412,0.00057034,,,,,,,,,,,,
15.05,168,168,168,168,11.86042551,0.983683973,-0.051376343,0.005981445,1,1,1,3,0.035644531,0,0,0,0,,,,,5.192158222,0.341265112,-0.128736734,0,-0.341345135,0.128524404,0,0,166,0,0,166,166,166,0,0,0.508413392,0.000570848,,,,,,,,,,,,
15.06,168,168,168,168,11.86030454,0.98367284,-0.051422119,0.005981445,1,1,1,3,0.035644531,0,0,0,0,,,,,5.192158222,0.341265112,-0.128736734,0,-0.341345135,0.128524404,0,0,166,0,0,166,166,166,0,0,0.508389372,0.000571357,,,,,,,,,,,,
15.07,168,168,168,168,11.86018366,0.983661707,-0.051422119,0.005981445,1,1,1,3,0.035644531,0,0,0,0,,,,,5.192158222,0.341265112,-0.128736734,0,-0.341345135,0.128524404,0,0,166,0,0,166,166,166,0,0,0.508365352,0.000571357,,,,,,,,,,,,
15.08,168,168,168,168,11.86006288,0.983650574,-0.051498413,0.00604248,1,1,1,3,0.035644531,0,0,0,0,,,,,5.192158222,0.341265112,-0.128736734,0,-0.341345135,0.128524404,0,0,166,0,0,166,166,166,0,0,0.508341333,0.000572205,,,,,,,,,,,,
15.09,168,168,168,168,11.85994219,0.983639441,-0.051498413,0.00604248,1,1,1,3,0.035644531,0,0,0,0,,,,,5.192158222,0.341265112,-0.128736734,0,-0.341345135,0.128524404,0,0,166,0,0,166,166,166,0,0,0.508317313,0.000572205,,,,,,,,,,,,
15.1,168,168,168,168,11.8598216,0.983628308,-0.051589966,0.00604248,1,1,1,3,0.035644531,0,0,0,0,,,,,5.192158222,0.341265112,-0.128736734,0,-0.341345135,0.128524404,0,0,166,0,0,166,166,166,0,0,0.508293293,0.000573222,,,,,,,,,,,,
15.11,168,168,168,168,11.85970109,0.983617175,-0.051589966,0.00604248,1,1,1,3,0.035644531,0,0,0,0,,,,,5.192158222,0.341265112,-0.128736734,0,-0.341345135,0.128524404,0,0,166,0,0,166,166,166,0,0,0.508269273,0.000573222,,,,,,,,,,,,
15.12,168,168,168,168,11.85958068,0.983606042,-0.05166626,0.00604248,1,1,1,3,0.035644531,0,0,0,0,,,,,5.192158222,0.341265112,-0.128736734,0,-0.341345135,0.128524404,0,0,166,0,0,166,166,166,0,0,0.508245254,0.00057407,,,,,,,,,,,,
15.13,168,168,168,168,11.85946036,0.983594908,-0.051757813,0.006103516,1,1,1,3,0.035644531,0,0,0,0,,,,,5.192158222,0.341265112,-0.128736734,0,-0.341345135,0.128524404,0,0,166,0,0,166,166,166,0,0,0.508221234,0.000575087,,,,,,,,,,,,
15.14,168,168,168,168,11.85934014,0.983583775,-0.051757813,0.006103516,1,1,1,3,0.035644531,0,0,0,0,,,,,5.192158222,0.341265112,-0.128736734,0,-0.341345135,0.128524404,0,0,166,0,0,166,166,166,0,0,0.508197214,0.000575087,,,,,,,,,,,,
15.15,168,168,168,168,11.85922,0.983572642,-0.051757813,0.006103516,1,1,1,3,0.035644531,0,0,0,0,,,,,5.192158222,0.341265112,-0.128736734,0,-0.341345135,0.128524404,0,0,166,0,0,166,166,166,0,0,0.508173194,0.000575087,,,,,,,,,,,,
15.16,168,168,168,168,11.85909996,0.983561509,-0.051834106,0.006103516,1,1,1,3,0.035644531,0,0,0,0,,,,,5.192158222,0.341265112,-0.128736734,0,-0.341345135,0.128524404,0,0,166,0,0,166,166,166,0,0,0.508149174,0.000575935,,,,,,,,,,,,
15.17,168,168,168,168,11.85898001,0.983550376,-0.051834106,0.006103516,1,1,1,3,0.035644531,0,0,0,0,,,,,5.192158222,0.341265112,-0.128736734,0,-0.341345135,0.128524404,0,0,166,0,0,166,166,166,0,0,0.508125155,0.000575935,,,,,,,,,,,,
15.18,158,158,158,158,11.89748604,0.983539243,-0.051925659,0.006103516,1,1,1,3,0.035644531,0,0,0,0,,,,,5.197442532,0.341998816,-0.122312784,0,-0.342074842,0.122099998,0.128488108,0,157,0,0,157,157,157,0,0,0.466916218,0.000576952,,,,,,,,,,,,
15.19,168,168,168,168,11.85878615,0.983529256,-0.051925659,0.006103516,1,1,1,3,0.035644531,0,0,0,0,,,,,5.197442532,0.341998816,-0.122312784,0,-0.342074842,0.122099998,0,0,166,0,0,166,166,166,0,0,0.507844936,0.000576952,,,,,,,,,,,,
15.2,168,168,168,168,11.85866644,0.983518123,-0.052001953,0.006103516,1,1,1,3,0.035644531,0,0,0,0,,,,,5.197442532,0.341998816,-0.122312784,0,-0.342074842,0.122099998,0,0,166,0,0,166,166,166,0,0,0.507820255,0.000577799,,,,,,,,,,,,
15.21,168,168,168,168,11.85854681,0.98350699,-0.052001953,0.006103516,1,1,1,3,0.035644531,0,0,0,0,,,,,5.197442532,0.341998816,-0.122312784,0,-0.342074842,0.122099998,0,0,166,0,0,166,166,166,0,0,0.507795575,0.000577799,,,,,,,,,,,,
15.22,168,168,168,168,11.85842728,0.983495857,-0.052047729,0.006103516,1,1,1,3,0.035644531,0,0,0,0,,,,,5.197442532,0.341998816,-0.122312784,0,-0.342074842,0.122099998,0,0,166,0,0,166,166,166,0,0,0.507770895,0.000578308,,,,,,,,,,,,
15.23,168,168,168,168,11.85830784,0.983484723,-0.052124023,0.006103516,1,1,1,3,0.035644531,0,0,0,0,,,,,5.197442532,0.341998816,-0.122312784,0,-0.342074842,0.122099998,0,0,166,0,0,166,166,166,0,0,0.507746215,0.000579156,,,,,,,,,,,,
15.24,168,168,168,168,11.85818849,0.98347359,-0.052124023,0.006103516,1,1,1,3,0.035644531,0,0,0,0,,,,,5.197442532,0.341998816,-0.122312784,0,-0.342074842,0.122099998,0,0,166,0,0,166,166,166,0,0,0.507721534,0.000579156,,,,,,,,,,,,
15.25,168,168,168,168,11.85806923,0.983462457,-0.052215576,0.006103516,1,1,1,3,0.035644531,0,0,0,0,,,,,5.197442532,0.341998816,-0.122312784,0,-0.342074842,0.122099998,0,0,166,0,0,166,166,166,0,0,0.507696854,0.000580173,,,,,,,,,,,,
15.26,168,168,168,168,11.85795006,0.983451324,-0.05229187,0.006103516,1,1,1,3,0.035644531,0,0,0,0,,,,,5.197442532,0.341998816,-0.122312784,0,-0.342074842,0.122099998,0,0,166,0,0,166,166,166,0,0,0.507672174,0.000581021,,,,,,,,,,,,
15.27,168,168,168,168,11.85783099,0.983440191,-0.052337646,0.006103516,1,1,1,3,0.035644531,0,0,0,0,,,,,5.197442532,0.341998816,-0.122312784,0,-0.342074842,0.122099998,0,0,166,0,0,166,166,166,0,0,0.507647493,0.000581529,,,,,,,,,,,,
15.28,168,168,168,168,11.857712,0.983429058,-0.05241394,0.006164551,1,1,1,3,0.035644531,0,0,0,0,,,,,5.197442532,0.341998816,-0.122312784,0,-0.342074842,0.122099998,0,0,166,0,0,166,166,166,0,0,0.507622813,0.000582377,,,,,,,,,,,,
15.29,168,168,168,168,11.85759311,0.983417925,-0.05241394,0.006164551,1,1,1,3,0.035644531,0,0,0,0,,,,,5.197442532,0.341998816,-0.122312784,0,-0.342074842,0.122099998,0,0,166,0,0,166,166,166,0,0,0.507598133,0.000582377,,,,,,,,,,,,
15.3,168,168,168,168,11.85747431,0.983406791,-0.052505493,0.006164551,1,1,1,3,0.035644531,0,0,0,0,,,,,5.197442532,0.341998816,-0.122312784,0,-0.342074842,0.122099998,0,0,166,0,0,166,166,166,0,0,0.507573452,0.000583394,,,,,,,,,,,,
15.31,168,168,168,168,11.8573556,0.983395658,-0.052536011,0.006164551,1,1,1,3,0.035644531,0,0,0,0,,,,,5.197442532,0.341998816,-0.122312784,0,-0.342074842,0.122099998,0,0,166,0,0,166,166,166,0,0,0.507548772,0.000583733,,,,,,,,,,,,
15.32,168,168,168,168,11.85723698,0.983384525,-0.052581787,0.006164551,1,1,1,3,0.035644531,0,0,0,0,,,,,5.197442532,0.341998816,-0.122312784,0,-0.342074842,0.122099998,0,0,166,0,0,166,166,166,0,0,0.507524092,0.000584242,,,,,,,,,,,,
15.33,168,168,168,168,11.85711845,0.983373392,-0.052581787,0.006164551,1,1,1,3,0.035644531,0,0,0,0,,,,,5.197442532,0.341998816,-0.122312784,0,-0.342074842,0.122099998,0,0,166,0,0,166,166,166,0,0,0.507499411,0.000584242,,,,,,,,,,,,
15.34,168,168,168,168,11.85700001,0.983362259,-0.052627563,0.006164551,1,1,1,3,0.035644531,0,0,0,0,,,,,5.197442532,0.341998816,-0.122312784,0,-0.342074842,0.122099998,0,0,166,0,0,166,166,166,0,0,0.507474731,0.000584751,,,,,,,,,,,,
15.35,168,168,168,168,11.85688166,0.983351126,-0.052658081,0.006225586,1,1,1,3,0.035644531,0,0,0,0,,,,,5.197442532,0.341998816,-0.122312784,0,-0.342074842,0.122099998,0,0,166,0,0,166,166,166,0,0,0.507450051,0.00058509,,,,,,,,,,,,
15.36,168,168,168,168,11.8567634,0.983339993,-0.052703857,0.006225586,1,1,1,3,0.035644531,0,0,0,0,,,,,5.197442532,0.341998816,-0.122312784,0,-0.342074842,0.122099998,0,0,166,0,0,166,166,166,0,0,0.50742537,0.000585598,,,,,,,,,,,,
15.37,168,168,168,168,11.85664523,0.98332886,-0.052749634,0.006225586,1,1,1,3,0.035644531,0,0,0,0,,,,,5.197442532,0.342751414,-0.115730524,0,-0.342823345,0.115517271,0.131654541,0,166,0,0,166,166,166,0,0,0.50740069,0.000586107,,,,,,,,,,,,
15.38,168,168,168,168,11.85652716,0.983317726,-0.052825928,0.006225586,1,1,1,3,0.035644531,0,0,0,0,,,,,5.197442532,0.342751414,-0.115730524,0,-0.342823345,0.115517271,0,0,166,0,0,166,166,166,0,0,0.50737601,0.000586955,,,,,,,,,,,,
15.39,168,168,168,168,11.85640917,0.983306593,-0.052871704,0.006225586,1,1,1,3,0.035644531,0,0,0,0,,,,,5.197442532,0.342751414,-0.115730524,0,-0.342823345,0.115517271,0,0,166,0,0,166,166,166,0,0,0.507351329,0.000587463,,,,,,,,,,,,
15.4,168,168,168,168,11.85629127,0.98329546,-0.05291748,0.006225586,1,1,1,3,0.035644531,0,0,0,0,,,,,5.197442532,0.342751414,-0.115730524,0,-0.342823345,0.115517271,0,0,166,0,0,166,166,166,0,0,0.507326649,0.000587972,,,,,,,,,,,,
15.41,168,168,168,168,11.85617347,0.983284327,-0.052963257,0.006225586,1,1,1,3,0.035644531,0,0,0,0,,,,,5.197442532,0.342751414,-0.115730524,0,-0.342823345,0.115517271,0,0,166,0,0,166,166,166,0,0,0.507301969,0.000588481,,,,,,,,,,,,
15.42,168,168,168,168,11.85605575,0.983273194,-0.052993774,0.006225586,1,1,1,3,0.035644531,0,0,0,0,,,,,5.197442532,0.342751414,-0.115730524,0,-0.342823345,0.115517271,0,0,166,0,0,166,166,166,0,0,0.507277288,0.00058882,,,,,,,,,,,,
15.43,168,168,168,168,11.85593812,0.983262061,-0.053039551,0.006225586,1,1,1,3,0.035644531,0,0,0,0,,,,,5.197442532,0.342751414,-0.115730524,0,-0.342823345,0.115517271,0,0,166,0,0,166,166,166,0,0,0.507252608,0.000589328,,,,,,,,,,,,
15.44,168,168,168,168,11.85582058,0.983250928,-0.053085327,0.006225586,1,1,1,3,0.035644531,0,0,0,0,,,,,5.197442532,0.342751414,-0.115730524,0,-0.342823345,0.115517271,0,0,166,0,0,166,166,166,0,0,0.507227928,0.000589837,,,,,,,,,,,,
15.45,168,168,168,168,11.85570314,0.983239795,-0.053085327,0.006225586,1,1,1,3,0.035644531,0,0,0,0,,,,,5.197442532,0.342751414,-0.115730524,0,-0.342823345,0.115517271,0,0,166,0,0,166,166,166,0,0,0.507203248,0.000589837,,,,,,,,,,,,
15.46,168,168,168,168,11.85558578,0.983228661,-0.053161621,0.006225586,1,1,1,3,0.035644531,0,0,0,0,,,,,5.197442532,0.342751414,-0.115730524,0,-0.342823345,0.115517271,0,0,166,0,0,166,166,166,0,0,0.507178567,0.000590685,,,,,,,,,,,,
15.47,168,168,168,168,11.85546851,0.983217528,-0.053207397,0.006225586,1,1,1,3,0.035644531,0,0,0,0,,,,,5.197442532,0.342751414,-0.115730524,0,-0.342823345,0.115517271,0,0,166,0,0,166,166,166,0,0,0.507153887,0.000591193,,,,,,,,,,,,
15.48,168,168,168,168,11.85535133,0.983206395,-0.053253174,0.006225586,1,1,1,3,0.035644531,0,0,0,0,,,,,5.197442532,0.342751414,-0.115730524,0,-0.342823345,0.115517271,0,0,166,0,0,166,166,166,0,0,0.507129207,0.000591702,,,,,,,,,,,,
15.49,168,168,168,168,11.85523424,0.983195262,-0.053283691,0.006225586,1,1,1,3,0.035644531,0,0,0,0,,,,,5.197442532,0.342751414,-0.115730524,0,-0.342823345,0.115517271,0,0,166,0,0,166,166,166,0,0,0.507104526,0.000592041,,,,,,,,,,,,
15.5,168,168,168,168,11.85511724,0.983184129,-0.053329468,0.006225586,1,1,1,3,0.035644531,0,0,0,0,,,,,5.197442532,0.342751414,-0.115730524,0,-0.342823345,0.115517271,0,0,166,0,0,166,166,166,0,0,0.507079846,0.00059255,,,,,,,,,,,,
15.51,168,168,168,168,11.85500033,0.983172996,-0.053375244,0.006286621,1,1,1,3,0.035644531,0,0,0,0,,,,,5.197442532,0.342751414,-0.115730524,0,-0.342823345,0.115517271,0,0,166,0,0,166,166,166,0,0,0.507055166,0.000593058,,,,,,,,,,,,
15.52,168,168,168,168,11.85488351,0.983161863,-0.053421021,0.006286621,1,1,1,3,0.035644531,0,0,0,0,,,,,5.197442532,0.342751414,-0.115730524,0,-0.342823345,0.115517271,0,0,166,0,0,166,166,166,0,0,0.507030485,0.000593567,,,,,,,,,,,,
15.53,168,168,168,168,11.85476677,0.983150729,-0.053451538,0.006286621,1,1,1,3,0.035644531,0,0,0,0,,,,,5.197442532,0.342751414,-0.115730524,0,-0.342823345,0.115517271,0,0,166,0,0,166,166,166,0,0,0.507005805,0.000593906,,,,,,,,,,,,
15.54,168,168,168,168,11.85465013,0.983139596,-0.053497314,0.006286621,1,1,1,3,0.035644531,0,0,0,0,,,,,5.197442532,0.342751414,-0.115730524,0,-0.342823345,0.115517271,0,0,166,0,0,166,166,166,0,0,0.506981125,0.000594415,,,,,,,,,,,,
15.55,158,158,158,158,11.89315945,0.983128463,-0.053588867,0.006286621,1,1,1,3,0.035644531,0,0,0,0,,,,,5.202727318,0.343523145,-0.108988523,0,-0.343590882,0.108774792,0.134849588,0,157,0,0,157,157,157,0,0,0.465767811,0.000595432,,,,,,,,,,,,
15.56,168,168,168,168,11.85446287,0.983118476,-0.053619385,0.006347656,1,1,1,3,0.035644531,0,0,0,0,,,,,5.202727318,0.343523145,-0.108988523,0,-0.343590882,0.108774792,0,0,166,0,0,166,166,166,0,0,0.506699564,0.000595771,,,,,,,,,,,,
15.57,168,168,168,168,11.85434644,0.983107343,-0.053619385,0.006347656,1,1,1,3,0.035644531,0,0,0,0,,,,,5.202727318,0.343523145,-0.108988523,0,-0.343590882,0.108774792,0,0,166,0,0,166,166,166,0,0,0.506674223,0.000595771,,,,,,,,,,,,
15.58,177,177,177,177,11.81808893,0.98309621,-0.053710938,0.006347656,1,1,1,3,0.035644531,0,0,0,0,,,,,5.197442532,0.343523145,-0.108988523,0,-0.343590882,0.108774792,0,0,174,0,0,174,174,174,0,0,0.547837515,0.000596788,,,,,,,,,,,,
15.59,168,168,168,168,11.85407105,0.983084004,-0.053756714,0.006347656,1,1,1,3,0.035644531,0,0,0,0,,,,,5.197442532,0.343523145,-0.108988523,0,-0.343590882,0.108774792,0,0,166,0,0,166,166,166,0,0,0.506855741,0.000597297,,,,,,,,,,,,
15.6,168,168,168,168,11.85395493,0.983072871,-0.053787231,0.006347656,1,1,1,3,0.035644531,0,0,0,0,,,,,5.197442532,0.343523145,-0.108988523,0,-0.343590882,0.108774792,0,0,166,0,0,166,166,166,0,0,0.506831061,0.000597636,,,,,,,,,,,,
15.61,168,168,168,168,11.8538389,0.983061738,-0.053787231,0.006347656,1,1,1,3,0.035644531,0,0,0,0,,,,,5.197442532,0.343523145,-0.108988523,0,-0.343590882,0.108774792,0,0,166,0,0,166,166,166,0,0,0.506806381,0.000597636,,,,,,,,,,,,
15.62,168,168,168,168,11.85372296,0.983050605,-0.053909302,0.006347656,1,1,1,3,0.035644531,0,0,0,0,,,,,5.197442532,0.343523145,-0.108988523,0,-0.343590882,0.108774792,0,0,166,0,0,166,166,166,0,0,0.5067817,0.000598992,,,,,,,,,,,,
15.63,168,168,168,168,11.85360711,0.983039472,-0.053909302,0.006347656,1,1,1,3,0.035644531,0,0,0,0,,,,,5.197442532,0.343523145,-0.108988523,0,-0.343590882,0.108774792,0,0,166,0,0,166,166,166,0,0,0.50675702,0.000598992,,,,,,,,,,,,
15.64,168,168,168,168,11.85349135,0.983028339,-0.054000854,0.006347656,1,1,1,3,0.035644531,0,0,0,0,,,,,5.197442532,0.343523145,-0.108988523,0,-0.343590882,0.108774792,0,0,166,0,0,166,166,166,0,0,0.50673234,0.000600009,,,,,,,,,,,,
15.65,168,168,168,168,11.85337567,0.983017206,-0.054046631,0.006347656,1,1,1,3,0.035644531,0,0,0,0,,,,,5.197442532,0.343523145,-0.108988523,0,-0.343590882,0.108774792,0,0,166,0,0,166,166,166,0,0,0.506707659,0.000600518,,,,,,,,,,,,
15.66,168,168,168,168,11.85326008,0.983006072,-0.054092407,0.006347656,1,1,1,3,0.035644531,0,0,0,0,,,,,5.197442532,0.343523145,-0.108988523,0,-0.343590882,0.108774792,0,0,166,0,0,166,166,166,0,0,0.506682979,0.000601027,,,,,,,,,,,,
15.67,168,168,168,168,11.85314458,0.982994939,-0.054122925,0.006347656,1,1,1,3,0.035644531,0,0,0,0,,,,,5.197442532,0.343523145,-0.108988523,0,-0.343590882,0.108774792,0,0,166,0,0,166,166,166,0,0,0.506658299,0.000601366,,,,,,,,,,,,
15.68,168,168,168,168,11.85302917,0.982983806,-0.054168701,0.006347656,1,1,1,3,0.035644531,0,0,0,0,,,,,5.197442532,0.343523145,-0.108988523,0,-0.343590882,0.108774792,0,0,166,0,0,166,166,166,0,0,0.506633618,0.000601874,,,,,,,,,,,,
15.69,168,168,168,168,11.85291385,0.982972673,-0.054214478,0.006347656,1,1,1,3,0.035644531,0,0,0,0,,,,,5.197442532,0.343523145,-0.108988523,0,-0.343590882,0.108774792,0,0,166,0,0,166,166,166,0,0,0.506608938,0.000602383,,,,,,,,,,,,
15.7,168,168,168,168,11.85279861,0.98296154,-0.054260254,0.006347656,1,1,1,3,0.035644531,0,0,0,0,,,,,5.197442532,0.343523145,-0.108988523,0,-0.343590882,0.108774792,0,0,166,0,0,166,166,166,0,0,0.506584258,0.000602892,,,,,,,,,,,,
15.71,168,168,168,168,11.85268346,0.982950407,-0.054290771,0.006347656,1,1,1,3,0.035644531,0,0,0,0,,,,,5.197442532,0.343523145,-0.108988523,0,-0.343590882,0.108774792,0,0,166,0,0,166,166,166,0,0,0.506559578,0.000603231,,,,,,,,,,,,
15.72,168,168,168,168,11.85256839,0.982939274,-0.054336548,0.006408691,1,1,1,3,0.035644531,0,0,0,0,,,,,5.197442532,0.343523145,-0.108988523,0,-0.343590882,0.108774792,0,0,166,0,0,166,166,166,0,0,0.506534897,0.000603739,,,,,,,,,,,,
15.73,168,168,168,168,11.85245342,0.982928141,-0.054382324,0.006408691,1,1,1,3,0.035644531,0,0,0,0,,,,,5.197442532,0.343523145,-0.108988523,0,-0.343590882,0.108774792,0,0,166,0,0,166,166,166,0,0,0.506510217,0.000604248,,,,,,,,,,,,
15.74,168,168,168,168,11.85233853,0.982917007,-0.054382324,0.006408691,1,1,1,3,0.035644531,0,0,0,0,,,,,5.197442532,0.343523145,-0.108988523,0,-0.343590882,0.108774792,0,0,166,0,0,166,166,166,0,0,0.506485537,0.000604248,,,,,,,,,,,,
15.75,168,168,168,168,11.85222373,0.982905874,-0.054412842,0.006408691,1,1,1,3,0.035644531,0,0,0,0,,,,,5.197442532,0.344314128,-0.102086544,0,-0.344377571,0.101872322,0.138049404,0,166,0,0,166,166,166,0,0,0.506460856,0.000604587,,,,,,,,,,,,
15.76,168,168,168,168,11.85210901,0.982894741,-0.054412842,0.006408691,1,1,1,3,0.035644531,0,0,0,0,,,,,5.197442532,0.344314128,-0.102086544,0,-0.344377571,0.101872322,0,0,166,0,0,166,166,166,0,0,0.506436176,0.000604587,,,,,,,,,,,,
15.77,168,168,168,168,11.85199439,0.982883608,-0.054550171,0.006469727,1,1,1,3,0.035644531,0,0,0,0,,,,,5.197442532,0.344314128,-0.102086544,0,-0.344377571,0.101872322,0,0,166,0,0,166,166,166,0,0,0.506411496,0.000606113,,,,,,,,,,,,
15.78,168,168,168,168,11.85187984,0.982872475,-0.054550171,0.006469727,1,1,1,3,0.035644531,0,0,0,0,,,,,5.197442532,0.344314128,-0.102086544,0,-0.344377571,0.101872322,0,0,166,0,0,166,166,166,0,0,0.506386815,0.000606113,,,,,,,,,,,,
15.79,168,168,168,168,11.85176539,0.982861342,-0.054626465,0.006469727,1,1,1,3,0.035644531,0,0,0,0,,,,,5.197442532,0.344314128,-0.102086544,0,-0.344377571,0.101872322,0,0,166,0,0,166,166,166,0,0,0.506362135,0.000606961,,,,,,,,,,,,
15.8,168,168,168,168,11.85165102,0.982850209,-0.054672241,0.006469727,1,1,1,3,0.035644531,0,0,0,0,,,,,5.197442532,0.344314128,-0.102086544,0,-0.344377571,0.101872322,0,0,166,0,0,166,166,166,0,0,0.506337455,0.000607469,,,,,,,,,,,,
15.81,168,168,168,168,11.85153674,0.982839076,-0.054702759,0.006469727,1,1,1,3,0.035644531,0,0,0,0,,,,,5.197442532,0.344314128,-0.102086544,0,-0.344377571,0.101872322,0,0,166,0,0,166,166,166,0,0,0.506312774,0.000607808,,,,,,,,,,,,
15.82,168,168,168,168,11.85142254,0.982827942,-0.054748535,0.006469727,1,1,1,3,0.035644531,0,0,0,0,,,,,5.197442532,0.344314128,-0.102086544,0,-0.344377571,0.101872322,0,0,166,0,0,166,166,166,0,0,0.506288094,0.000608317,,,,,,,,,,,,
15.83,168,168,168,168,11.85130844,0.982816809,-0.054794312,0.006469727,1,1,1,3,0.035644531,0,0,0,0,,,,,5.197442532,0.344314128,-0.102086544,0,-0.344377571,0.101872322,0,0,166,0,0,166,166,166,0,0,0.506263414,0.000608826,,,,,,,,,,,,
15.84,168,168,168,168,11.85119441,0.982805676,-0.054870605,0.006469727,1,1,1,3,0.035644531,0,0,0,0,,,,,5.197442532,0.344314128,-0.102086544,0,-0.344377571,0.101872322,0,0,166,0,0,166,166,166,0,0,0.506238733,0.000609673,,,,,,,,,,,,
15.85,168,168,168,168,11.85108048,0.982794543,-0.054916382,0.006469727,1,1,1,3,0.035644531,0,0,0,0,,,,,5.197442532,0.344314128,-0.102086544,0,-0.344377571,0.101872322,0,0,166,0,0,166,166,166,0,0,0.506214053,0.000610182,,,,,,,,,,,,
15.86,168,168,168,168,11.85096663,0.98278341,-0.054962158,0.006469727,1,1,1,3,0.035644531,0,0,0,0,,,,,5.197442532,0.344314128,-0.102086544,0,-0.344377571,0.101872322,0,0,166,0,0,166,166,166,0,0,0.506189373,0.000610691,,,,,,,,,,,,
15.87,168,168,168,168,11.85085286,0.982772277,-0.055007935,0.006469727,1,1,1,3,0.035644531,0,0,0,0,,,,,5.197442532,0.344314128,-0.102086544,0,-0.344377571,0.101872322,0,0,166,0,0,166,166,166,0,0,0.506164692,0.000611199,,,,,,,,,,,,
15.88,168,168,168,168,11.85073918,0.982761144,-0.055007935,0.006469727,1,1,1,3,0.035644531,0,0,0,0,,,,,5.197442532,0.344314128,-0.102086544,0,-0.344377571,0.101872322,0,0,166,0,0,166,166,166,0,0,0.506140012,0.000611199,,,,,,,,,,,,
15.89,168,168,168,168,11.85062559,0.98275001,-0.055007935,0.006469727,1,1,1,3,0.035644531,0,0,0,0,,,,,5.197442532,0.344314128,-0.102086544,0,-0.344377571,0.101872322,0,0,166,0,0,166,166,166,0,0,0.506115332,0.000611199,,,,,,,,,,,,
15.9,168,168,168,168,11.85051208,0.982738877,-0.055084229,0.006469727,1,1,1,3,0.035644531,0,0,0,0,,,,,5.197442532,0.344314128,-0.102086544,0,-0.344377571,0.101872322,0,0,166,0,0,166,166,166,0,0,0.506090652,0.000612047,,,,,,,,,,,,
15.91,168,168,168,168,11.85039866,0.982727744,-0.055175781,0.006469727,1,1,1,3,0.035644531,0,0,0,0,,,,,5.197442532,0.344314128,-0.102086544,0,-0.344377571,0.101872322,0,0,166,0,0,166,166,166,0,0,0.506065971,0.000613064,,,,,,,,,,,,
15.92,168,168,168,168,11.85028533,0.982716611,-0.055175781,0.006469727,1,1,1,3,0.035644531,0,0,0,0,,,,,5.197442532,0.344314128,-0.102086544,0,-0.344377571,0.101872322,0,0,166,0,0,166,166,166,0,0,0.506041291,0.000613064,,,,,,,,,,,,
15.93,168,168,168,168,11.85017208,0.982705478,-0.055252075,0.006469727,1,1,1,3,0.035644531,0,0,0,0,,,,,5.197442532,0.345124543,-0.095022917,0,-0.345183591,0.094808191,0.141282601,0,166,0,0,166,166,166,0,0,0.506016611,0.000613912,,,,,,,,,,,,
15.94,168,168,168,168,11.85005891,0.982694345,-0.055297852,0.006530762,1,1,1,3,0.035644531,0,0,0,0,,,,,5.197442532,0.345124543,-0.095022917,0,-0.345183591,0.094808191,0,0,166,0,0,166,166,166,0,0,0.50599193,0.000614421,,,,,,,,,,,,
15.95,168,168,168,168,11.84994583,0.982683212,-0.055297852,0.006530762,1,1,1,3,0.035644531,0,0,0,0,,,,,5.197442532,0.345124543,-0.095022917,0,-0.345183591,0.094808191,0,0,166,0,0,166,166,166,0,0,0.50596725,0.000614421,,,,,,,,,,,,
15.96,168,168,168,168,11.84983284,0.982672079,-0.055297852,0.006530762,1,1,1,3,0.035644531,0,0,0,0,,,,,5.197442532,0.345124543,-0.095022917,0,-0.345183591,0.094808191,0,0,166,0,0,166,166,166,0,0,0.50594257,0.000614421,,,,,,,,,,,,
15.97,168,168,168,168,11.84971993,0.982660945,-0.055419922,0.006530762,1,1,1,3,0.035644531,0,0,0,0,,,,,5.197442532,0.345124543,-0.095022917,0,-0.345183591,0.094808191,0,0,166,0,0,166,166,166,0,0,0.505917889,0.000615777,,,,,,,,,,,,
15.98,177,177,177,177,11.81346593,0.982649812,-0.055465698,0.006530762,1,1,1,3,0.035644531,0,0,0,0,,,,,5.192158222,0.345124543,-0.095022917,0,-0.345183591,0.094808191,0,0,174,0,0,174,174,174,0,0,0.547078126,0.000616286,,,,,,,,,,,,
15.99,168,168,168,168,11.84945155,0.982637607,-0.055465698,0.006530762,1,1,1,3,0.035644531,0,0,0,0,,,,,5.192158222,0.345124543,-0.095022917,0,-0.345183591,0.094808191,0,0,166,0,0,166,166,166,0,0,0.506100708,0.000616286,,,,,,,,,,,,
16,168,168,168,168,11.84933893,0.982626473,-0.055541992,0.006591797,1,1,1,3,0.035644531,0,0,0,0,,,,,5.192158222,0.345124543,-0.095022917,0,-0.345183591,0.094808191,0,0,166,0,0,166,166,166,0,0,0.506076688,0.000617133,,,,,,,,,,,,
16.01,168,168,168,168,11.8492264,0.98261534,-0.055587769,0.006591797,1,1,1,3,0.035644531,0,0,0,0,,,,,5.192158222,0.345124543,-0.095022917,0,-0.345183591,0.094808191,0,0,166,0,0,166,166,166,0,0,0.506052668,0.000617642,,,,,,,,,,,,
16.02,168,168,168,168,11.84911396,0.982604207,-0.055633545,0.006591797,1,1,1,3,0.035644531,0,0,0,0,,,,,5.192158222,0.345124543,-0.095022917,0,-0.345183591,0.094808191,0,0,166,0,0,166,166,166,0,0,0.506028649,0.00061815,,,,,,,,,,,,
16.03,168,168,168,168,11.8490016,0.982593074,-0.055664063,0.006591797,1,1,1,3,0.035644531,0,0,0,0,,,,,5.192158222,0.345124543,-0.095022917,0,-0.345183591,0.094808191,0,0,166,0,0,166,166,166,0,0,0.506004629,0.00061849,,,,,,,,,,,,
16.04,168,168,168,168,11.84888932,0.982581941,-0.055709839,0.006591797,1,1,1,3,0.035644531,0,0,0,0,,,,,5.192158222,0.345124543,-0.095022917,0,-0.345183591,0.094808191,0,0,166,0,0,166,166,166,0,0,0.505980609,0.000618998,,,,,,,,,,,,
16.05,168,168,168,168,11.84877713,0.982570808,-0.055755615,0.006591797,1,1,1,3,0.035644531,0,0,0,0,,,,,5.192158222,0.345124543,-0.095022917,0,-0.345183591,0.094808191,0,0,166,0,0,166,166,166,0,0,0.505956589,0.000619507,,,,,,,,,,,,
16.06,168,168,168,168,11.84866502,0.982559675,-0.055786133,0.006591797,1,1,1,3,0.035644531,0,0,0,0,,,,,5.192158222,0.345124543,-0.095022917,0,-0.345183591,0.094808191,0,0,166,0,0,166,166,166,0,0,0.50593257,0.000619846,,,,,,,,,,,,
16.07,168,168,168,168,11.848553,0.982548542,-0.055786133,0.006591797,1,1,1,3,0.035644531,0,0,0,0,,,,,5.192158222,0.345124543,-0.095022917,0,-0.345183591,0.094808191,0,0,166,0,0,166,166,166,0,0,0.50590855,0.000619846,,,,,,,,,,,,
16.08,168,168,168,168,11.84844106,0.982537408,-0.055908203,0.006591797,1,1,1,3,0.035644531,0,0,0,0,,,,,5.192158222,0.345124543,-0.095022917,0,-0.345183591,0.094808191,0,0,166,0,0,166,166,166,0,0,0.50588453,0.000621202,,,,,,,,,,,,
16.09,168,168,168,168,11.8483292,0.982526275,-0.055953979,0.006591797,1,1,1,3,0.035644531,0,0,0,0,,,,,5.192158222,0.345124543,-0.095022917,0,-0.345183591,0.094808191,0,0,166,0,0,166,166,166,0,0,0.50586051,0.000621711,,,,,,,,,,,,
16.1,168,168,168,168,11.84821743,0.982515142,-0.055984497,0.006591797,1,1,1,3,0.035644531,0,0,0,0,,,,,5.192158222,0.345124543,-0.095022917,0,-0.345183591,0.094808191,0,0,166,0,0,166,166,166,0,0,0.50583649,0.00062205,,,,,,,,,,,,
16.11,168,168,168,168,11.84810575,0.982504009,-0.056030273,0.006591797,1,1,1,3,0.035644531,0,0,0,0,,,,,5.192158222,0.345124543,-0.095022917,0,-0.345183591,0.094808191,0,0,166,0,0,166,166,166,0,0,0.505812471,0.000622559,,,,,,,,,,,,
16.12,168,168,168,168,11.84799414,0.982492876,-0.056060791,0.006591797,1,1,1,3,0.035644531,0,0,0,0,,,,,5.192158222,0.345954537,-0.087797165,0,-0.34600909,0.087581925,0.144525337,0,166,0,0,166,166,166,0,0,0.505788451,0.000622898,,,,,,,,,,,,
16.13,168,168,168,168,11.84788262,0.982481743,-0.056060791,0.006591797,1,1,1,3,0.035644531,0,0,0,0,,,,,5.192158222,0.345954537,-0.087797165,0,-0.34600909,0.087581925,0,0,166,0,0,166,166,166,0,0,0.505764431,0.000622898,,,,,,,,,,,,
16.14,168,168,168,168,11.84777119,0.98247061,-0.056137085,0.006591797,1,1,1,3,0.035644531,0,0,0,0,,,,,5.192158222,0.345954537,-0.087797165,0,-0.34600909,0.087581925,0,0,166,0,0,166,166,166,0,0,0.505740411,0.000623745,,,,,,,,,,,,
16.15,168,168,168,168,11.84765984,0.982459476,-0.056182861,0.006652832,1,1,1,3,0.035644531,0,0,0,0,,,,,5.192158222,0.345954537,-0.087797165,0,-0.34600909,0.087581925,0,0,166,0,0,166,166,166,0,0,0.505716392,0.000624254,,,,,,,,,,,,
16.16,177,177,177,177,11.81140739,0.982448343,-0.056213379,0.006652832,1,1,1,3,0.035644531,0,0,0,0,,,,,5.186873436,0.345954537,-0.087797165,0,-0.34600909,0.087581925,0,0,174,0,0,174,174,174,0,0,0.546881005,0.000624593,,,,,,,,,,,,
16.17,168,168,168,168,11.84739456,0.982436138,-0.056259155,0.006652832,1,1,1,3,0.035644531,0,0,0,0,,,,,5.186873436,0.345954537,-0.087797165,0,-0.34600909,0.087581925,0,0,166,0,0,166,166,166,0,0,0.505900552,0.000625102,,,,,,,,,,,,
16.18,168,168,168,168,11.8472835,0.982425005,-0.056289673,0.006652832,1,1,1,3,0.035644531,0,0,0,0,,,,,5.186873436,0.345954537,-0.087797165,0,-0.34600909,0.087581925,0,0,166,0,0,166,166,166,0,0,0.505877193,0.000625441,,,,,,,,,,,,
16.19,168,168,168,168,11.84717252,0.982413871,-0.056335449,0.006652832,1,1,1,3,0.035644531,0,0,0,0,,,,,5.186873436,0.345954537,-0.087797165,0,-0.34600909,0.087581925,0,0,166,0,0,166,166,166,0,0,0.505853834,0.000625949,,,,,,,,,,,,
16.2,168,168,168,168,11.84706163,0.982402738,-0.056365967,0.006652832,1,1,1,3,0.035644531,0,0,0,0,,,,,5.186873436,0.345954537,-0.087797165,0,-0.34600909,0.087581925,0,0,166,0,0,166,166,166,0,0,0.505830475,0.000626289,,,,,,,,,,,,
16.21,168,168,168,168,11.84695082,0.982391605,-0.056411743,0.006713867,1,1,1,3,0.035644531,0,0,0,0,,,,,5.186873436,0.345954537,-0.087797165,0,-0.34600909,0.087581925,0,0,166,0,0,166,166,166,0,0,0.505807116,0.000626797,,,,,,,,,,,,
16.22,168,168,168,168,11.84684009,0.982380472,-0.056442261,0.006713867,1,1,1,3,0.035644531,0,0,0,0,,,,,5.186873436,0.345954537,-0.087797165,0,-0.34600909,0.087581925,0,0,166,0,0,166,166,166,0,0,0.505783756,0.000627136,,,,,,,,,,,,
16.23,168,168,168,168,11.84672944,0.982369339,-0.056518555,0.006713867,1,1,1,3,0.035644531,0,0,0,0,,,,,5.186873436,0.345954537,-0.087797165,0,-0.34600909,0.087581925,0,0,166,0,0,166,166,166,0,0,0.505760397,0.000627984,,,,,,,,,,,,
16.24,168,168,168,168,11.84661887,0.982358206,-0.056518555,0.006713867,1,1,1,3,0.035644531,0,0,0,0,,,,,5.186873436,0.345954537,-0.087797165,0,-0.34600909,0.087581925,0,0,166,0,0,166,166,166,0,0,0.505737038,0.000627984,,,,,,,,,,,,
16.25,168,168,168,168,11.84650839,0.982347073,-0.056549072,0.006713867,1,1,1,3,0.035644531,0,0,0,0,,,,,5.186873436,0.345954537,-0.087797165,0,-0.34600909,0.087581925,0,0,166,0,0,166,166,166,0,0,0.505713679,0.000628323,,,,,,,,,,,,
16.26,168,168,168,168,11.84639799,0.982335939,-0.056549072,0.006713867,1,1,1,3,0.035644531,0,0,0,0,,,,,5.186873436,0.345954537,-0.087797165,0,-0.34600909,0.087581925,0,0,166,0,0,166,166,166,0,0,0.50569032,0.000628323,,,,,,,,,,,,
16.27,168,168,168,168,11.84628768,0.982324806,-0.056625366,0.006713867,1,1,1,3,0.035644531,0,0,0,0,,,,,5.186873436,0.345954537,-0.087797165,0,-0.34600909,0.087581925,0,0,166,0,0,166,166,166,0,0,0.505666961,0.000629171,,,,,,,,,,,,
16.28,168,168,168,168,11.84617744,0.982313673,-0.056671143,0.006713867,1,1,1,3,0.035644531,0,0,0,0,,,,,5.186873436,0.345954537,-0.087797165,0,-0.34600909,0.087581925,0,0,166,0,0,166,166,166,0,0,0.505643601,0.000629679,,,,,,,,,,,,
16.29,167,167,167,167,11.85046536,0.98230254,-0.056732178,0.006713867,1,1,1,3,0.035644531,0,0,0,0,,,,,5.186873436,0.345954537,-0.087797165,0,-0.34600909,0.087581925,0,0,165,0,0,165,165,165,0,0,0.505620242,0.000630358,,,,,,,,,,,,
16.3,167,167,167,167,11.8503605,0.982291537,-0.056777954,0.006713867,1,1,1,3,0.035644531,0,0,0,0,,,,,5.186873436,0.345954537,-0.087797165,0,-0.34600909,0.087581925,0,0,165,0,0,165,165,165,0,0,0.505596883,0.000630866,,,,,,,,,,,,
16.31,167,167,167,167,11.85025572,0.982280535,-0.056808472,0.006713867,1,1,1,3,0.035644531,0,0,0,0,,,,,5.186873436,0.346804321,-0.080406904,0,-0.346854276,0.080191137,0.147815759,0,165,0,0,165,165,165,0,0,0.505573524,0.000631205,,,,,,,,,,,,
16.32,167,167,167,167,11.85015101,0.982269532,-0.056808472,0.006713867,1,1,1,3,0.035644531,0,0,0,0,,,,,5.186873436,0.346804321,-0.080406904,0,-0.346854276,0.080191137,0,0,165,0,0,165,165,165,0,0,0.505550165,0.000631205,,,,,,,,,,,,
16.33,172,172,172,172,11.82779033,0.98225853,-0.056884766,0.006713867,1,1,1,3,0.035644531,0,0,0,0,,,,,5.184231281,0.346804321,-0.080406904,0,-0.346854276,0.080191137,0,0,170,0,0,170,170,170,0,0,0.526119264,0.000632053,,,,,,,,,,,,
16.34,167,167,167,167,11.84991547,0.982246867,-0.056915283,0.006713867,1,1,1,3,0.035644531,0,0,0,0,,,,,5.184231281,0.346804321,-0.080406904,0,-0.346854276,0.080191137,0,0,165,0,0,165,165,165,0,0,0.505619536,0.000632392,,,,,,,,,,,,
16.35,167,167,167,167,11.84981102,0.982235864,-0.056915283,0.006713867,1,1,1,3,0.035644531,0,0,0,0,,,,,5.184231281,0.346804321,-0.080406904,0,-0.346854276,0.080191137,0,0,165,0,0,165,165,165,0,0,0.505596507,0.000632392,,,,,,,,,,,,
16.36,167,167,167,167,11.84970665,0.982224861,-0.056976318,0.006713867,1,1,1,3,0.035644531,0,0,0,0,,,,,5.184231281,0.346804321,-0.080406904,0,-0.346854276,0.080191137,0,0,165,0,0,165,165,165,0,0,0.505573478,0.00063307,,,,,,,,,,,,
16.37,167,167,167,167,11.84960235,0.982213859,-0.056976318,0.006713867,1,1,1,3,0.035644531,0,0,0,0,,,,,5.184231281,0.346804321,-0.080406904,0,-0.346854276,0.080191137,0,0,165,0,0,165,165,165,0,0,0.505550449,0.00063307,,,,,,,,,,,,
16.38,167,167,167,167,11.84949814,0.982202856,-0.057052612,0.006774902,1,1,1,3,0.035644531,0,0,0,0,,,,,5.184231281,0.346804321,-0.080406904,0,-0.346854276,0.080191137,0,0,165,0,0,165,165,165,0,0,0.50552742,0.000633918,,,,,,,,,,,,
16.39,167,167,167,167,11.849394,0.982191853,-0.057113647,0.006774902,1,1,1,3,0.035644531,0,0,0,0,,,,,5.184231281,0.346804321,-0.080406904,0,-0.346854276,0.080191137,0,0,165,0,0,165,165,165,0,0,0.505504391,0.000634596,,,,,,,,,,,,
16.4,167,167,167,167,11.84928993,0.982180851,-0.057159424,0.006774902,1,1,1,3,0.035644531,0,0,0,0,,,,,5.184231281,0.346804321,-0.080406904,0,-0.346854276,0.080191137,0,0,165,0,0,165,165,165,0,0,0.505481362,0.000635105,,,,,,,,,,,,
16.41,167,167,167,167,11.84918594,0.982169848,-0.057189941,0.006774902,1,1,1,3,0.035644531,0,0,0,0,,,,,5.184231281,0.346804321,-0.080406904,0,-0.346854276,0.080191137,0,0,165,0,0,165,165,165,0,0,0.505458334,0.000635444,,,,,,,,,,,,
16.42,167,167,167,167,11.84908203,0.982158846,-0.057189941,0.006774902,1,1,1,3,0.035644531,0,0,0,0,,,,,5.184231281,0.346804321,-0.080406904,0,-0.346854276,0.080191137,0,0,165,0,0,165,165,165,0,0,0.505435305,0.000635444,,,,,,,,,,,,
16.43,167,167,167,167,11.8489782,0.982147843,-0.057220459,0.006835938,1,1,1,3,0.035644531,0,0,0,0,,,,,5.184231281,0.346804321,-0.080406904,0,-0.346854276,0.080191137,0,0,165,0,0,165,165,165,0,0,0.505412276,0.000635783,,,,,,,,,,,,
16.44,167,167,167,167,11.84887444,0.98213684,-0.057250977,0.006835938,1,1,1,3,0.035644531,0,0,0,0,,,,,5.184231281,0.346804321,-0.080406904,0,-0.346854276,0.080191137,0,0,165,0,0,165,165,165,0,0,0.505389247,0.000636122,,,,,,,,,,,,
16.45,177,177,177,177,11.80823152,0.982125838,-0.057327271,0.006835938,1,1,1,3,0.035644531,0,0,0,0,,,,,5.178946495,0.346804321,-0.080406904,0,-0.346854276,0.080191137,0,0,174,0,0,174,174,174,0,0,0.546554851,0.00063697,,,,,,,,,,,,
16.46,167,167,167,167,11.84861912,0.982113632,-0.057357788,0.006835938,1,1,1,3,0.035644531,0,0,0,0,,,,,5.178946495,0.346804321,-0.080406904,0,-0.346854276,0.080191137,0,0,165,0,0,165,165,165,0,0,0.505575389,0.000637309,,,,,,,,,,,,
16.47,167,167,167,167,11.84851564,0.982102629,-0.057357788,0.006835938,1,1,1,3,0.035644531,0,0,0,0,,,,,5.178946495,0.346804321,-0.080406904,0,-0.346854276,0.080191137,0,0,165,0,0,165,165,165,0,0,0.505553021,0.000637309,,,,,,,,,,,,
16.48,167,167,167,167,11.84841223,0.982091627,-0.057388306,0.006835938,1,1,1,3,0.035644531,0,0,0,0,,,,,5.178946495,0.346804321,-0.080406904,0,-0.346854276,0.080191137,0,0,165,0,0,165,165,165,0,0,0.505530653,0.000637648,,,,,,,,,,,,
16.49,167,167,167,167,11.84830889,0.982080624,-0.0574646,0.006835938,1,1,1,3,0.035644531,0,0,0,0,,,,,5.178946495,0.346804321,-0.080406904,0,-0.346854276,0.080191137,0,0,165,0,0,165,165,165,0,0,0.505508284,0.000638496,,,,,,,,,,,,
16.5,167,167,167,167,11.84820564,0.982069622,-0.057495117,0.006835938,1,1,1,3,0.035644531,0,0,0,0,,,,,5.178946495,0.346804321,-0.080406904,0,-0.346854276,0.080191137,0,0,165,0,0,165,165,165,0,0,0.505485916,0.000638835,,,,,,,,,,,,
16.51,167,167,167,167,11.84810245,0.982058619,-0.057495117,0.006835938,1,1,1,3,0.035644531,0,0,0,0,,,,,5.178946495,0.346804321,-0.080406904,0,-0.346854276,0.080191137,0,0,165,0,0,165,165,165,0,0,0.505463548,0.000638835,,,,,,,,,,,,
16.52,167,167,167,167,11.84799935,0.982047616,-0.057556152,0.006835938,1,1,1,3,0.035644531,0,0,0,0,,,,,5.178946495,0.347717941,-0.072472334,0,-0.34776296,0.072256,0.158702743,0,165,0,0,165,165,165,0,0,0.505441179,0.000639513,,,,,,,,,,,,
16.53,167,167,167,167,11.84789632,0.982036614,-0.057556152,0.006835938,1,1,1,3,0.035644531,0,0,0,0,,,,,5.178946495,0.347717941,-0.072472334,0,-0.34776296,0.072256,0,0,165,0,0,165,165,165,0,0,0.505418811,0.000639513,,,,,,,,,,,,
16.54,167,167,167,167,11.84779336,0.982025611,-0.057617188,0.006835938,1,1,1,3,0.035644531,0,0,0,0,,,,,5.178946495,0.347717941,-0.072472334,0,-0.34776296,0.072256,0,0,165,0,0,165,165,165,0,0,0.505396443,0.000640191,,,,,,,,,,,,
16.55,177,177,177,177,11.80715124,0.982014609,-0.057693481,0.006835938,1,1,1,3,0.035644531,0,0,0,0,,,,,5.173661709,0.347717941,-0.072472334,0,-0.34776296,0.072256,0,0,174,0,0,174,174,174,0,0,0.546562707,0.000641039,,,,,,,,,,,,
16.56,167,167,167,167,11.84753965,0.982002403,-0.057693481,0.006835938,1,1,1,3,0.035644531,0,0,0,0,,,,,5.173661709,0.347717941,-0.072472334,0,-0.34776296,0.072256,0,0,165,0,0,165,165,165,0,0,0.505583906,0.000641039,,,,,,,,,,,,
16.57,167,167,167,167,11.84743696,0.9819914,-0.057723999,0.006835938,1,1,1,3,0.035644531,0,0,0,0,,,,,5.173661709,0.347717941,-0.072472334,0,-0.34776296,0.072256,0,0,165,0,0,165,165,165,0,0,0.505562199,0.000641378,,,,,,,,,,,,
16.58,167,167,167,167,11.84733436,0.981980398,-0.057754517,0.006835938,1,1,1,3,0.035644531,0,0,0,0,,,,,5.173661709,0.347717941,-0.072472334,0,-0.34776296,0.072256,0,0,165,0,0,165,165,165,0,0,0.505540491,0.000641717,,,,,,,,,,,,
16.59,167,167,167,167,11.84723182,0.981969395,-0.057785034,0.006835938,1,1,1,3,0.035644531,0,0,0,0,,,,,5.173661709,0.347717941,-0.072472334,0,-0.34776296,0.072256,0,0,165,0,0,165,165,165,0,0,0.505518783,0.000642056,,,,,,,,,,,,
16.6,167,167,167,167,11.84712936,0.981958392,-0.057815552,0.006896973,1,1,1,3,0.035644531,0,0,0,0,,,,,5.173661709,0.347717941,-0.072472334,0,-0.34776296,0.072256,0,0,165,0,0,165,165,165,0,0,0.505497076,0.000642395,,,,,,,,,,,,
16.61,167,167,167,167,11.84702698,0.98194739,-0.057846069,0.006896973,1,1,1,3,0.035644531,0,0,0,0,,,,,5.173661709,0.347717941,-0.072472334,0,-0.34776296,0.072256,0,0,165,0,0,165,165,165,0,0,0.505475368,0.000642734,,,,,,,,,,,,
16.62,167,167,167,167,11.84692467,0.981936387,-0.057876587,0.006896973,1,1,1,3,0.035644531,0,0,0,0,,,,,5.173661709,0.347717941,-0.072472334,0,-0.34776296,0.072256,0,0,165,0,0,165,165,165,0,0,0.50545366,0.000643073,,,,,,,,,,,,
16.63,167,167,167,167,11.84682243,0.981925385,-0.057907104,0.006896973,1,1,1,3,0.035644531,0,0,0,0,,,,,5.173661709,0.347717941,-0.072472334,0,-0.34776296,0.072256,0,0,165,0,0,165,165,165,0,0,0.505431952,0.000643412,,,,,,,,,,,,
16.64,167,167,167,167,11.84672027,0.981914382,-0.057937622,0.006896973,1,1,1,3,0.035644531,0,0,0,0,,,,,5.173661709,0.347717941,-0.072472334,0,-0.34776296,0.072256,0,0,165,0,0,165,165,165,0,0,0.505410245,0.000643751,,,,,,,,,,,,
16.65,177,177,177,177,11.80607895,0.981903379,-0.057983398,0.006958008,1,1,1,3,0.035644531,0,0,0,0,,,,,5.168377399,0.347717941,-0.072472334,0,-0.34776296,0.072256,0,0,174,0,0,174,174,174,0,0,0.546573454,0.00064426,,,,,,,,,,,,
16.66,167,167,167,167,11.84646815,0.981891174,-0.058013916,0.006958008,1,1,1,3,0.035644531,0,0,0,0,,,,,5.168377399,0.347717941,-0.072472334,0,-0.34776296,0.072256,0,0,165,0,0,165,165,165,0,0,0.505599009,0.000644599,,,,,,,,,,,,
16.67,167,167,167,167,11.84636626,0.981880171,-0.058074951,0.006958008,1,1,1,3,0.035644531,0,0,0,0,,,,,5.168377399,0.347717941,-0.072472334,0,-0.34776296,0.072256,0,0,165,0,0,165,165,165,0,0,0.505577962,0.000645277,,,,,,,,,,,,
16.68,167,167,167,167,11.84626444,0.981869169,-0.058074951,0.006958008,1,1,1,3,0.035644531,0,0,0,0,,,,,5.168377399,0.347717941,-0.072472334,0,-0.34776296,0.072256,0,0,165,0,0,165,165,165,0,0,0.505556914,0.000645277,,,,,,,,,,,,
16.69,167,167,167,167,11.8461627,0.981858166,-0.058135986,0.006958008,1,1,1,3,0.035644531,0,0,0,0,,,,,5.168377399,0.347717941,-0.072472334,0,-0.34776296,0.072256,0,0,165,0,0,165,165,165,0,0,0.505535867,0.000645955,,,,,,,,,,,,
16.7,167,167,167,167,11.84606103,0.981847163,-0.058166504,0.006958008,1,1,1,3,0.035644531,0,0,0,0,,,,,5.168377399,0.348608315,-0.064750433,0,-0.34864853,0.064533546,0.154449067,0,165,0,0,165,165,165,0,0,0.50551482,0.000646294,,,,,,,,,,,,
16.71,167,167,167,167,11.84595944,0.981836161,-0.058166504,0.006958008,1,1,1,3,0.035644531,0,0,0,0,,,,,5.168377399,0.348608315,-0.064750433,0,-0.34864853,0.064533546,0,0,165,0,0,165,165,165,0,0,0.505493773,0.000646294,,,,,,,,,,,,
16.72,173,173,173,173,11.82360186,0.981825158,-0.058227539,0.006958008,1,1,1,3,0.035644531,0,0,0,0,,,,,5.165734768,0.348608315,-0.064750433,0,-0.34864853,0.064533546,0,0,170,0,0,170,170,170,0,0,0.5260689,0.000646973,,,,,,,,,,,,
16.73,167,167,167,167,11.8457301,0.981813495,-0.058227539,0.006958008,1,1,1,3,0.035644531,0,0,0,0,,,,,5.165734768,0.348608315,-0.064750433,0,-0.34864853,0.064533546,0,0,165,0,0,165,165,165,0,0,0.505567789,0.000646973,,,,,,,,,,,,
16.74,167,167,167,167,11.84562875,0.981802492,-0.058288574,0.006958008,1,1,1,3,0.035644531,0,0,0,0,,,,,5.165734768,0.348608315,-0.064750433,0,-0.34864853,0.064533546,0,0,165,0,0,165,165,165,0,0,0.505547072,0.000647651,,,,,,,,,,,,
16.75,167,167,167,167,11.84552748,0.98179149,-0.058319092,0.006958008,1,1,1,3,0.035644531,0,0,0,0,,,,,5.165734768,0.348608315,-0.064750433,0,-0.34864853,0.064533546,0,0,165,0,0,165,165,165,0,0,0.505526355,0.00064799,,,,,,,,,,,,
16.76,167,167,167,167,11.84542628,0.981780487,-0.058349609,0.006958008,1,1,1,3,0.035644531,0,0,0,0,,,,,5.165734768,0.348608315,-0.064750433,0,-0.34864853,0.064533546,0,0,165,0,0,165,165,165,0,0,0.505505639,0.000648329,,,,,,,,,,,,
16.77,167,167,167,167,11.84532515,0.981769485,-0.058349609,0.006958008,1,1,1,3,0.035644531,0,0,0,0,,,,,5.165734768,0.348608315,-0.064750433,0,-0.34864853,0.064533546,0,0,165,0,0,165,165,165,0,0,0.505484922,0.000648329,,,,,,,,,,,,
16.78,167,167,167,167,11.8452241,0.981758482,-0.058410645,0.006958008,1,1,1,3,0.035644531,0,0,0,0,,,,,5.165734768,0.348608315,-0.064750433,0,-0.34864853,0.064533546,0,0,165,0,0,165,165,165,0,0,0.505464205,0.000649007,,,,,,,,,,,,
16.79,167,167,167,167,11.84512312,0.981747479,-0.058410645,0.006958008,1,1,1,3,0.035644531,0,0,0,0,,,,,5.165734768,0.348608315,-0.064750433,0,-0.34864853,0.064533546,0,0,165,0,0,165,165,165,0,0,0.505443488,0.000649007,,,,,,,,,,,,
16.8,177,177,177,177,11.80448298,0.981736477,-0.058502197,0.006958008,1,1,1,3,0.035644531,0,0,0,0,,,,,5.160450459,0.348608315,-0.064750433,0,-0.34864853,0.064533546,0,0,174,0,0,174,174,174,0,0,0.546607688,0.000650024,,,,,,,,,,,,
16.81,167,167,167,167,11.84487335,0.981724271,-0.058502197,0.006958008,1,1,1,3,0.035644531,0,0,0,0,,,,,5.160450459,0.348608315,-0.064750433,0,-0.34864853,0.064533546,0,0,165,0,0,165,165,165,0,0,0.505634234,0.000650024,,,,,,,,,,,,
16.82,167,167,167,167,11.84477264,0.981713268,-0.058563232,0.007019043,1,1,1,3,0.035644531,0,0,0,0,,,,,5.160450459,0.348608315,-0.064750433,0,-0.34864853,0.064533546,0,0,165,0,0,165,165,165,0,0,0.505614177,0.000650703,,,,,,,,,,,,
16.83,167,167,167,167,11.844672,0.981702266,-0.058563232,0.007019043,1,1,1,3,0.035644531,0,0,0,0,,,,,5.160450459,0.348608315,-0.064750433,0,-0.34864853,0.064533546,0,0,165,0,0,165,165,165,0,0,0.505594121,0.000650703,,,,,,,,,,,,
16.84,167,167,167,167,11.84457143,0.981691263,-0.058624268,0.007019043,1,1,1,3,0.035644531,0,0,0,0,,,,,5.160450459,0.348608315,-0.064750433,0,-0.34864853,0.064533546,0,0,165,0,0,165,165,165,0,0,0.505574065,0.000651381,,,,,,,,,,,,
16.85,167,167,167,167,11.84447094,0.981680261,-0.058624268,0.007019043,1,1,1,3,0.035644531,0,0,0,0,,,,,5.160450459,0.348608315,-0.064750433,0,-0.34864853,0.064533546,0,0,165,0,0,165,165,165,0,0,0.505554008,0.000651381,,,,,,,,,,,,
16.86,177,177,177,177,11.80383128,0.981669258,-0.058685303,0.007019043,1,1,1,3,0.035644531,0,0,0,0,,,,,5.155165672,0.348608315,-0.064750433,0,-0.34864853,0.064533546,0,0,174,0,0,174,174,174,0,0,0.546722585,0.000652059,,,,,,,,,,,,
16.87,168,168,168,168,11.83982407,0.981657052,-0.05871582,0.007080078,1,1,1,3,0.035644531,0,0,0,0,,,,,5.155165672,0.348608315,-0.064750433,0,-0.34864853,0.064533546,0,0,166,0,0,166,166,166,0,0,0.505746096,0.000652398,,,,,,,,,,,,
16.88,168,168,168,168,11.83971863,0.981645919,-0.058746338,0.007080078,1,1,1,3,0.035644531,0,0,0,0,,,,,5.155165672,0.348608315,-0.064750433,0,-0.34864853,0.064533546,0,0,166,0,0,166,166,166,0,0,0.5057267,0.000652737,,,,,,,,,,,,
16.89,168,168,168,168,11.83961327,0.981634786,-0.058746338,0.007080078,1,1,1,3,0.035644531,0,0,0,0,,,,,5.155165672,0.348608315,-0.064750433,0,-0.34864853,0.064533546,0,0,166,0,0,166,166,166,0,0,0.505707305,0.000652737,,,,,,,,,,,,
16.9,168,168,168,168,11.83950798,0.981623653,-0.058807373,0.007080078,1,1,1,3,0.035644531,0,0,0,0,,,,,5.155165672,0.349564761,-0.056467295,0,-0.349599822,0.056249814,0.165674634,0,166,0,0,166,166,166,0,0,0.505687909,0.000653415,,,,,,,,,,,,
16.91,168,168,168,168,11.83940277,0.98161252,-0.058807373,0.007080078,1,1,1,3,0.035644531,0,0,0,0,,,,,5.155165672,0.349564761,-0.056467295,0,-0.349599822,0.056249814,0,0,166,0,0,166,166,166,0,0,0.505668513,0.000653415,,,,,,,,,,,,
16.92,168,168,168,168,11.83929764,0.981601387,-0.058868408,0.007080078,1,1,1,3,0.035644531,0,0,0,0,,,,,5.155165672,0.349564761,-0.056467295,0,-0.349599822,0.056249814,0,0,166,0,0,166,166,166,0,0,0.505649118,0.000654093,,,,,,,,,,,,
16.93,167,167,167,167,11.84359065,0.981590253,-0.058868408,0.007080078,1,1,1,3,0.035644531,0,0,0,0,,,,,5.155165672,0.349564761,-0.056467295,0,-0.349599822,0.056249814,0,0,165,0,0,165,165,165,0,0,0.505629722,0.000654093,,,,,,,,,,,,
16.94,177,177,177,177,11.80295164,0.981579251,-0.058959961,0.007080078,1,1,1,3,0.035644531,0,0,0,0,,,,,5.149880886,0.349564761,-0.056467295,0,-0.349599822,0.056249814,0,0,174,0,0,174,174,174,0,0,0.546798959,0.000655111,,,,,,,,,,,,
16.95,168,168,168,168,11.83894509,0.981567045,-0.058959961,0.007080078,1,1,1,3,0.035644531,0,0,0,0,,,,,5.149880886,0.349564761,-0.056467295,0,-0.349599822,0.056249814,0,0,166,0,0,166,166,166,0,0,0.505823131,0.000655111,,,,,,,,,,,,
16.96,168,168,168,168,11.83884031,0.981555912,-0.059005737,0.007080078,1,1,1,3,0.035644531,0,0,0,0,,,,,5.149880886,0.349564761,-0.056467295,0,-0.349599822,0.056249814,0,0,166,0,0,166,166,166,0,0,0.505804396,0.000655619,,,,,,,,,,,,
16.97,168,168,168,168,11.83873559,0.981544779,-0.059036255,0.007080078,1,1,1,3,0.035644531,0,0,0,0,,,,,5.149880886,0.349564761,-0.056467295,0,-0.349599822,0.056249814,0,0,166,0,0,166,166,166,0,0,0.505785661,0.000655958,,,,,,,,,,,,
16.98,168,168,168,168,11.83863096,0.981533646,-0.059036255,0.007080078,1,1,1,3,0.035644531,0,0,0,0,,,,,5.149880886,0.349564761,-0.056467295,0,-0.349599822,0.056249814,0,0,166,0,0,166,166,166,0,0,0.505766925,0.000655958,,,,,,,,,,,,
16.99,168,168,168,168,11.8385264,0.981522513,-0.059036255,0.007080078,1,1,1,3,0.035644531,0,0,0,0,,,,,5.149880886,0.349564761,-0.056467295,0,-0.349599822,0.056249814,0,0,166,0,0,166,166,166,0,0,0.50574819,0.000655958,,,,,,,,,,,,
17,177,177,177,177,11.80228074,0.981511379,-0.059127808,0.007080078,1,1,1,3,0.035644531,0,0,0,0,,,,,5.144596577,0.349564761,-0.056467295,0,-0.349599822,0.056249814,0,0,174,0,0,174,174,174,0,0,0.546914372,0.000656976,,,,,,,,,,,,
17.01,168,168,168,168,11.8382747,0.981499174,-0.059127808,0.007080078,1,1,1,3,0.035644531,0,0,0,0,,,,,5.144596577,0.349564761,-0.056467295,0,-0.349599822,0.056249814,0,0,166,0,0,166,166,166,0,0,0.505942899,0.000656976,,,,,,,,,,,,
17.02,168,168,168,168,11.83817041,0.981488041,-0.059188843,0.007080078,1,1,1,3,0.035644531,0,0,0,0,,,,,5.144596577,0.349564761,-0.056467295,0,-0.349599822,0.056249814,0,0,166,0,0,166,166,166,0,0,0.505924825,0.000657654,,,,,,,,,,,,
17.03,168,168,168,168,11.8380662,0.981476908,-0.059188843,0.007080078,1,1,1,3,0.035644531,0,0,0,0,,,,,5.144596577,0.349564761,-0.056467295,0,-0.349599822,0.056249814,0,0,166,0,0,166,166,166,0,0,0.50590675,0.000657654,,,,,,,,,,,,
17.04,168,168,168,168,11.83796206,0.981465774,-0.059265137,0.007141113,1,1,1,3,0.035644531,0,0,0,0,,,,,5.144596577,0.349564761,-0.056467295,0,-0.349599822,0.056249814,0,0,166,0,0,166,166,166,0,0,0.505888676,0.000658502,,,,,,,,,,,,
17.05,168,168,168,168,11.83785801,0.981454641,-0.059295654,0.007141113,1,1,1,3,0.035644531,0,0,0,0,,,,,5.144596577,0.349564761,-0.056467295,0,-0.349599822,0.056249814,0,0,166,0,0,166,166,166,0,0,0.505870601,0.000658841,,,,,,,,,,,,
17.06,173,173,173,173,11.81989603,0.981443508,-0.059326172,0.007141113,1,1,1,3,0.035644531,0,0,0,0,,,,,5.141953945,0.349564761,-0.056467295,0,-0.349599822,0.056249814,0,0,170,0,0,170,170,170,0,0,0.526448701,0.00065918,,,,,,,,,,,,
17.07,168,168,168,168,11.83762896,0.981431845,-0.059356689,0.007141113,1,1,1,3,0.035644531,0,0,0,0,,,,,5.141953945,0.349564761,-0.056467295,0,-0.349599822,0.056249814,0,0,166,0,0,166,166,166,0,0,0.505950563,0.000659519,,,,,,,,,,,,
17.08,168,168,168,168,11.83752515,0.981420712,-0.059356689,0.007141113,1,1,1,3,0.035644531,0,0,0,0,,,,,5.141953945,0.349564761,-0.056467295,0,-0.349599822,0.056249814,0,0,166,0,0,166,166,166,0,0,0.505932818,0.000659519,,,,,,,,,,,,
17.09,168,168,168,168,11.83742141,0.981409579,-0.059417725,0.007202148,1,1,1,3,0.035644531,0,0,0,0,,,,,5.141953945,0.35049659,-0.048411608,0,-0.35052664,0.048193549,0.161125302,0,166,0,0,166,166,166,0,0,0.505915074,0.000660197,,,,,,,,,,,,
17.1,168,168,168,168,11.83731775,0.981398446,-0.059417725,0.007202148,1,1,1,3,0.035644531,0,0,0,0,,,,,5.141953945,0.35049659,-0.048411608,0,-0.35052664,0.048193549,0,0,166,0,0,166,166,166,0,0,0.50589733,0.000660197,,,,,,,,,,,,
17.11,168,168,168,168,11.83721417,0.981387313,-0.059463501,0.007202148,1,1,1,3,0.035644531,0,0,0,0,,,,,5.141953945,0.35049659,-0.048411608,0,-0.35052664,0.048193549,0,0,166,0,0,166,166,166,0,0,0.505879586,0.000660706,,,,,,,,,,,,
17.12,168,168,168,168,11.83711066,0.981376179,-0.059463501,0.007202148,1,1,1,3,0.035644531,0,0,0,0,,,,,5.141953945,0.35049659,-0.048411608,0,-0.35052664,0.048193549,0,0,166,0,0,166,166,166,0,0,0.505861841,0.000660706,,,,,,,,,,,,
17.13,168,168,168,168,11.83700723,0.981365046,-0.059494019,0.007202148,1,1,1,3,0.035644531,0,0,0,0,,,,,5.141953945,0.35049659,-0.048411608,0,-0.35052664,0.048193549,0,0,166,0,0,166,166,166,0,0,0.505844097,0.000661045,,,,,,,,,,,,
17.14,177,177,177,177,11.8007627,0.981353913,-0.059555054,0.007202148,1,1,1,3,0.035644531,0,0,0,0,,,,,5.136669159,0.35049659,-0.048411608,0,-0.35052664,0.048193549,0,0,174,0,0,174,174,174,0,0,0.547014986,0.000661723,,,,,,,,,,,,
17.15,168,168,168,168,11.83675778,0.981341707,-0.059555054,0.007202148,1,1,1,3,0.035644531,0,0,0,0,,,,,5.136669159,0.35049659,-0.048411608,0,-0.35052664,0.048193549,0,0,166,0,0,166,166,166,0,0,0.506040809,0.000661723,,,,,,,,,,,,
17.16,168,168,168,168,11.83665461,0.981330574,-0.05960083,0.007202148,1,1,1,3,0.035644531,0,0,0,0,,,,,5.136669159,0.35049659,-0.048411608,0,-0.35052664,0.048193549,0,0,166,0,0,166,166,166,0,0,0.506023725,0.000662231,,,,,,,,,,,,
17.17,168,168,168,168,11.83655152,0.981319441,-0.059661865,0.007202148,1,1,1,3,0.035644531,0,0,0,0,,,,,5.136669159,0.35049659,-0.048411608,0,-0.35052664,0.048193549,0,0,166,0,0,166,166,166,0,0,0.506006642,0.00066291,,,,,,,,,,,,
17.18,168,168,168,168,11.83644851,0.981308308,-0.059661865,0.007202148,1,1,1,3,0.035644531,0,0,0,0,,,,,5.136669159,0.35049659,-0.048411608,0,-0.35052664,0.048193549,0,0,166,0,0,166,166,166,0,0,0.505989558,0.00066291,,,,,,,,,,,,
17.19,168,168,168,168,11.83634557,0.981297175,-0.059661865,0.007202148,1,1,1,3,0.035644531,0,0,0,0,,,,,5.136669159,0.35049659,-0.048411608,0,-0.35052664,0.048193549,0,0,166,0,0,166,166,166,0,0,0.505972474,0.00066291,,,,,,,,,,,,
17.2,177,177,177,177,11.80010153,0.981286042,-0.059707642,0.007202148,1,1,1,3,0.035644531,0,0,0,0,,,,,5.13138485,0.35049659,-0.048411608,0,-0.35052664,0.048193549,0,0,174,0,0,174,174,174,0,0,0.547140307,0.000663418,,,,,,,,,,,,
17.21,168,168,168,168,11.8360971,0.981273836,-0.059707642,0.007202148,1,1,1,3,0.035644531,0,0,0,0,,,,,5.13138485,0.35049659,-0.048411608,0,-0.35052664,0.048193549,0,0,166,0,0,166,166,166,0,0,0.506170486,0.000663418,,,,,,,,,,,,
17.22,168,168,168,168,11.83599442,0.981262703,-0.059799194,0.007202148,1,1,1,3,0.035644531,0,0,0,0,,,,,5.13138485,0.35049659,-0.048411608,0,-0.35052664,0.048193549,0,0,166,0,0,166,166,166,0,0,0.506154063,0.000664435,,,,,,,,,,,,
17.23,168,168,168,168,11.83589182,0.98125157,-0.059799194,0.007202148,1,1,1,3,0.035644531,0,0,0,0,,,,,5.13138485,0.35049659,-0.048411608,0,-0.35052664,0.048193549,0,0,166,0,0,166,166,166,0,0,0.50613764,0.000664435,,,,,,,,,,,,
17.24,168,168,168,168,11.8357893,0.981240437,-0.059844971,0.007263184,1,1,1,3,0.035644531,0,0,0,0,,,,,5.13138485,0.35049659,-0.048411608,0,-0.35052664,0.048193549,0,0,166,0,0,166,166,166,0,0,0.506121217,0.000664944,,,,,,,,,,,,
17.25,168,168,168,168,11.83568685,0.981229304,-0.059875488,0.007263184,1,1,1,3,0.035644531,0,0,0,0,,,,,5.13138485,0.35049659,-0.048411608,0,-0.35052664,0.048193549,0,0,166,0,0,166,166,166,0,0,0.506104794,0.000665283,,,,,,,,,,,,
17.26,177,177,177,177,11.7994433,0.98121817,-0.059906006,0.007263184,1,1,1,3,0.035644531,0,0,0,0,,,,,5.126100063,0.35049659,-0.048411608,0,-0.35052664,0.048193549,0,0,174,0,0,174,174,174,0,0,0.547277004,0.000665622,,,,,,,,,,,,
17.27,168,168,168,168,11.83543935,0.981205965,-0.059906006,0.007263184,1,1,1,3,0.035644531,0,0,0,0,,,,,5.126100063,0.35049659,-0.048411608,0,-0.35052664,0.048193549,0,0,166,0,0,166,166,166,0,0,0.506304148,0.000665622,,,,,,,,,,,,
17.28,168,168,168,168,11.83533717,0.981194832,-0.0599823,0.007263184,1,1,1,3,0.035644531,0,0,0,0,,,,,5.126100063,0.351496875,-0.039779186,0,-0.351521554,0.039560507,0.172660842,0,166,0,0,166,166,166,0,0,0.506288386,0.00066647,,,,,,,,,,,,
17.29,168,168,168,168,11.83523505,0.981183698,-0.059997559,0.007324219,1,1,1,3,0.035644531,0,0,0,0,,,,,5.126100063,0.351496875,-0.039779186,0,-0.351521554,0.039560507,0,0,166,0,0,166,166,166,0,0,0.506272623,0.00066664,,,,,,,,,,,,
17.3,168,168,168,168,11.83513302,0.981172565,-0.059997559,0.007324219,1,1,1,3,0.035644531,0,0,0,0,,,,,5.126100063,0.351496875,-0.039779186,0,-0.351521554,0.039560507,0,0,166,0,0,166,166,166,0,0,0.506256861,0.00066664,,,,,,,,,,,,
17.31,168,168,168,168,11.83503105,0.981161432,-0.060058594,0.007324219,1,1,1,3,0.035644531,0,0,0,0,,,,,5.126100063,0.351496875,-0.039779186,0,-0.351521554,0.039560507,0,0,166,0,0,166,166,166,0,0,0.506241098,0.000667318,,,,,,,,,,,,
17.32,168,168,168,168,11.83492916,0.981150299,-0.060058594,0.007324219,1,1,1,3,0.035644531,0,0,0,0,,,,,5.126100063,0.351496875,-0.039779186,0,-0.351521554,0.039560507,0,0,166,0,0,166,166,166,0,0,0.506225336,0.000667318,,,,,,,,,,,,
17.33,173,173,173,173,11.81696935,0.981139166,-0.06010437,0.007324219,1,1,1,3,0.035644531,0,0,0,0,,,,,5.123457909,0.351496875,-0.039779186,0,-0.351521554,0.039560507,0,0,170,0,0,170,170,170,0,0,0.526802031,0.000667826,,,,,,,,,,,,
17.34,168,168,168,168,11.83470445,0.981127503,-0.06010437,0.007324219,1,1,1,3,0.035644531,0,0,0,0,,,,,5.123457909,0.351496875,-0.039779186,0,-0.351521554,0.039560507,0,0,166,0,0,166,166,166,0,0,0.5063099,0.000667826,,,,,,,,,,,,
17.35,168,168,168,168,11.8346028,0.98111637,-0.060165405,0.007324219,1,1,1,3,0.035644531,0,0,0,0,,,,,5.123457909,0.351496875,-0.039779186,0,-0.351521554,0.039560507,0,0,166,0,0,166,166,166,0,0,0.506294468,0.000668505,,,,,,,,,,,,
17.36,168,168,168,168,11.83450123,0.981105237,-0.060165405,0.007324219,1,1,1,3,0.035644531,0,0,0,0,,,,,5.123457909,0.351496875,-0.039779186,0,-0.351521554,0.039560507,0,0,166,0,0,166,166,166,0,0,0.506279036,0.000668505,,,,,,,,,,,,
17.37,168,168,168,168,11.83439972,0.981094103,-0.060195923,0.007324219,1,1,1,3,0.035644531,0,0,0,0,,,,,5.123457909,0.351496875,-0.039779186,0,-0.351521554,0.039560507,0,0,166,0,0,166,166,166,0,0,0.506263603,0.000668844,,,,,,,,,,,,
17.38,168,168,168,168,11.8342983,0.98108297,-0.060211182,0.007324219,1,1,1,3,0.035644531,0,0,0,0,,,,,5.123457909,0.351496875,-0.039779186,0,-0.351521554,0.039560507,0,0,166,0,0,166,166,166,0,0,0.506248171,0.000669013,,,,,,,,,,,,
17.39,168,168,168,168,11.83419694,0.981071837,-0.060272217,0.007324219,1,1,1,3,0.035644531,0,0,0,0,,,,,5.123457909,0.351496875,-0.039779186,0,-0.351521554,0.039560507,0,0,166,0,0,166,166,166,0,0,0.506232739,0.000669691,,,,,,,,,,,,
17.4,177,177,177,177,11.79795449,0.981060704,-0.060287476,0.007324219,1,1,1,3,0.035644531,0,0,0,0,,,,,5.118173122,0.351496875,-0.039779186,0,-0.351521554,0.039560507,0,0,174,0,0,174,174,174,0,0,0.54740594,0.000669861,,,,,,,,,,,,
17.41,168,168,168,168,11.83395164,0.981048498,-0.060287476,0.007324219,1,1,1,3,0.035644531,0,0,0,0,,,,,5.118173122,0.351496875,-0.039779186,0,-0.351521554,0.039560507,0,0,166,0,0,166,166,166,0,0,0.506434075,0.000669861,,,,,,,,,,,,
17.42,168,168,168,168,11.83385055,0.981037365,-0.060348511,0.007324219,1,1,1,3,0.035644531,0,0,0,0,,,,,5.118173122,0.351496875,-0.039779186,0,-0.351521554,0.039560507,0,0,166,0,0,166,166,166,0,0,0.506419303,0.000670539,,,,,,,,,,,,
17.43,168,168,168,168,11.83374953,0.981026232,-0.060348511,0.007324219,1,1,1,3,0.035644531,0,0,0,0,,,,,5.118173122,0.351496875,-0.039779186,0,-0.351521554,0.039560507,0,0,166,0,0,166,166,166,0,0,0.506404532,0.000670539,,,,,,,,,,,,
17.44,168,168,168,168,11.83364858,0.981015099,-0.060394287,0.007324219,1,1,1,3,0.035644531,0,0,0,0,,,,,5.118173122,0.351496875,-0.039779186,0,-0.351521554,0.039560507,0,0,166,0,0,166,166,166,0,0,0.50638976,0.000671048,,,,,,,,,,,,
17.45,168,168,168,168,11.83354771,0.981003966,-0.060440063,0.007385254,1,1,1,3,0.035644531,0,0,0,0,,,,,5.118173122,0.351496875,-0.039779186,0,-0.351521554,0.039560507,0,0,166,0,0,166,166,166,0,0,0.506374988,0.000671556,,,,,,,,,,,,
17.46,168,168,168,168,11.83344691,0.980992833,-0.060440063,0.007385254,1,1,1,3,0.035644531,0,0,0,0,,,,,5.118173122,0.351496875,-0.039779186,0,-0.351521554,0.039560507,0,0,166,0,0,166,166,166,0,0,0.506360217,0.000671556,,,,,,,,,,,,
17.47,177,177,177,177,11.797205,0.9809817,-0.060501099,0.007385254,1,1,1,3,0.035644531,0,0,0,0,,,,,5.112888336,0.352470815,-0.031391859,0,-0.352490276,0.031172576,0.167758629,0,174,0,0,174,174,174,0,0,0.547534078,0.000672234,,,,,,,,,,,,
17.48,168,168,168,168,11.83320271,0.980969494,-0.060501099,0.007385254,1,1,1,3,0.035644531,0,0,0,0,,,,,5.112888336,0.352470815,-0.031391859,0,-0.352490276,0.031172576,0,0,166,0,0,166,166,166,0,0,0.506562874,0.000672234,,,,,,,,,,,,
17.49,168,168,168,168,11.83310216,0.980958361,-0.060546875,0.007385254,1,1,1,3,0.035644531,0,0,0,0,,,,,5.112888336,0.352470815,-0.031391859,0,-0.352490276,0.031172576,0,0,166,0,0,166,166,166,0,0,0.506548763,0.000672743,,,,,,,,,,,,
17.5,168,168,168,168,11.83300169,0.980947228,-0.060546875,0.007385254,1,1,1,3,0.035644531,0,0,0,0,,,,,5.112888336,0.352470815,-0.031391859,0,-0.352490276,0.031172576,0,0,166,0,0,166,166,166,0,0,0.506534652,0.000672743,,,,,,,,,,,,
17.51,168,168,168,168,11.8329013,0.980936094,-0.060592651,0.007446289,1,1,1,3,0.035644531,0,0,0,0,,,,,5.112888336,0.352470815,-0.031391859,0,-0.352490276,0.031172576,0,0,166,0,0,166,166,166,0,0,0.506520541,0.000673252,,,,,,,,,,,,
17.52,168,168,168,168,11.83280097,0.980924961,-0.060592651,0.007446289,1,1,1,3,0.035644531,0,0,0,0,,,,,5.112888336,0.352470815,-0.031391859,0,-0.352490276,0.031172576,0,0,166,0,0,166,166,166,0,0,0.506506429,0.000673252,,,,,,,,,,,,
17.53,168,168,168,168,11.83270072,0.980913828,-0.060623169,0.007446289,1,1,1,3,0.035644531,0,0,0,0,,,,,5.112888336,0.352470815,-0.031391859,0,-0.352490276,0.031172576,0,0,166,0,0,166,166,166,0,0,0.506492318,0.000673591,,,,,,,,,,,,
17.54,168,168,168,168,11.83260054,0.980902695,-0.060638428,0.007446289,1,1,1,3,0.035644531,0,0,0,0,,,,,5.112888336,0.352470815,-0.031391859,0,-0.352490276,0.031172576,0,0,166,0,0,166,166,166,0,0,0.506478207,0.00067376,,,,,,,,,,,,
17.55,177,177,177,177,11.79635926,0.980891562,-0.060699463,0.007446289,1,1,1,3,0.035644531,0,0,0,0,,,,,5.107604027,0.352470815,-0.031391859,0,-0.352490276,0.031172576,0,0,174,0,0,174,174,174,0,0,0.547649013,0.000674438,,,,,,,,,,,,
17.56,168,168,168,168,11.83235758,0.980879356,-0.060699463,0.007446289,1,1,1,3,0.035644531,0,0,0,0,,,,,5.107604027,0.352470815,-0.031391859,0,-0.352490276,0.031172576,0,0,166,0,0,166,166,166,0,0,0.506682165,0.000674438,,,,,,,,,,,,
17.57,168,168,168,168,11.83225766,0.980868223,-0.060699463,0.007446289,1,1,1,3,0.035644531,0,0,0,0,,,,,5.107604027,0.352470815,-0.031391859,0,-0.352490276,0.031172576,0,0,166,0,0,166,166,166,0,0,0.506668714,0.000674438,,,,,,,,,,,,
17.58,168,168,168,168,11.83215781,0.98085709,-0.060745239,0.007446289,1,1,1,3,0.035644531,0,0,0,0,,,,,5.107604027,0.352470815,-0.031391859,0,-0.352490276,0.031172576,0,0,166,0,0,166,166,166,0,0,0.506655264,0.000674947,,,,,,,,,,,,
17.59,168,168,168,168,11.83205803,0.980845957,-0.060745239,0.007446289,1,1,1,3,0.035644531,0,0,0,0,,,,,5.107604027,0.352470815,-0.031391859,0,-0.352490276,0.031172576,0,0,166,0,0,166,166,166,0,0,0.506641813,0.000674947,,,,,,,,,,,,
17.6,168,168,168,168,11.83195833,0.980834824,-0.060791016,0.007446289,1,1,1,3,0.035644531,0,0,0,0,,,,,5.107604027,0.352470815,-0.031391859,0,-0.352490276,0.031172576,0,0,166,0,0,166,166,166,0,0,0.506628363,0.000675456,,,,,,,,,,,,
17.61,168,168,168,168,11.83185869,0.980823691,-0.060791016,0.007446289,1,1,1,3,0.035644531,0,0,0,0,,,,,5.107604027,0.352470815,-0.031391859,0,-0.352490276,0.031172576,0,0,166,0,0,166,166,166,0,0,0.506614912,0.000675456,,,,,,,,,,,,
17.62,177,177,177,177,11.79561795,0.980812557,-0.060836792,0.007446289,1,1,1,3,0.035644531,0,0,0,0,,,,,5.102319241,0.352470815,-0.031391859,0,-0.352490276,0.031172576,0,0,174,0,0,174,174,174,0,0,0.547790095,0.000675964,,,,,,,,,,,,
17.63,168,168,168,168,11.83161682,0.980800352,-0.060836792,0.007446289,1,1,1,3,0.035644531,0,0,0,0,,,,,5.102319241,0.352470815,-0.031391859,0,-0.352490276,0.031172576,0,0,166,0,0,166,166,166,0,0,0.506820211,0.000675964,,,,,,,,,,,,
17.64,168,168,168,168,11.83151744,0.980789219,-0.060882568,0.007446289,1,1,1,3,0.035644531,0,0,0,0,,,,,5.102319241,0.352470815,-0.031391859,0,-0.352490276,0.031172576,0,0,166,0,0,166,166,166,0,0,0.506807422,0.000676473,,,,,,,,,,,,
17.65,168,168,168,168,11.83141813,0.980778085,-0.060928345,0.007446289,1,1,1,3,0.035644531,0,0,0,0,,,,,5.102319241,0.352470815,-0.031391859,0,-0.352490276,0.031172576,0,0,166,0,0,166,166,166,0,0,0.506794632,0.000676982,,,,,,,,,,,,
17.66,168,168,168,168,11.83131889,0.980766952,-0.060928345,0.007446289,1,1,1,3,0.035644531,0,0,0,0,,,,,5.102319241,0.352470815,-0.031391859,0,-0.352490276,0.031172576,0,0,166,0,0,166,166,166,0,0,0.506781842,0.000676982,,,,,,,,,,,,
17.67,168,168,168,168,11.83121973,0.980755819,-0.06098938,0.007446289,1,1,1,3,0.035644531,0,0,0,0,,,,,5.102319241,0.353515625,-0.022414207,0,-0.353529501,0.022194276,0.179565997,0,166,0,0,166,166,166,0,0,0.506769052,0.00067766,,,,,,,,,,,,
17.68,168,168,168,168,11.83112064,0.980744686,-0.06098938,0.007446289,1,1,1,3,0.035644531,0,0,0,0,,,,,5.102319241,0.353515625,-0.022414207,0,-0.353529501,0.022194276,0,0,166,0,0,166,166,166,0,0,0.506756262,0.00067766,,,,,,,,,,,,
17.69,173,173,173,173,11.81316362,0.980733553,-0.061035156,0.007507324,1,1,1,3,0.035644531,0,0,0,0,,,,,5.099677086,0.353515625,-0.022414207,0,-0.353529501,0.022194276,0,0,170,0,0,170,170,170,0,0,0.52733593,0.000678168,,,,,,,,,,,,
17.7,168,168,168,168,11.8309015,0.98072189,-0.061035156,0.007507324,1,1,1,3,0.035644531,0,0,0,0,,,,,5.099677086,0.353515625,-0.022414207,0,-0.353529501,0.022194276,0,0,166,0,0,166,166,166,0,0,0.506846772,0.000678168,,,,,,,,,,,,
17.71,168,168,168,168,11.83080264,0.980710757,-0.061096191,0.007507324,1,1,1,3,0.035644531,0,0,0,0,,,,,5.099677086,0.353515625,-0.022414207,0,-0.353529501,0.022194276,0,0,166,0,0,166,166,166,0,0,0.506834312,0.000678847,,,,,,,,,,,,
17.72,168,168,168,168,11.83070385,0.980699624,-0.061096191,0.007507324,1,1,1,3,0.035644531,0,0,0,0,,,,,5.099677086,0.353515625,-0.022414207,0,-0.353529501,0.022194276,0,0,166,0,0,166,166,166,0,0,0.506821852,0.000678847,,,,,,,,,,,,
17.73,168,168,168,168,11.83060514,0.98068849,-0.061126709,0.007507324,1,1,1,3,0.035644531,0,0,0,0,,,,,5.099677086,0.353515625,-0.022414207,0,-0.353529501,0.022194276,0,0,166,0,0,166,166,166,0,0,0.506809393,0.000679186,,,,,,,,,,,,
17.74,168,168,168,168,11.83050649,0.980677357,-0.061172485,0.007568359,1,1,1,3,0.035644531,0,0,0,0,,,,,5.099677086,0.353515625,-0.022414207,0,-0.353529501,0.022194276,0,0,166,0,0,166,166,166,0,0,0.506796933,0.000679694,,,,,,,,,,,,
17.75,168,168,168,168,11.83040791,0.980666224,-0.061172485,0.007568359,1,1,1,3,0.035644531,0,0,0,0,,,,,5.099677086,0.353515625,-0.022414207,0,-0.353529501,0.022194276,0,0,166,0,0,166,166,166,0,0,0.506784474,0.000679694,,,,,,,,,,,,
17.76,168,168,168,168,11.8303094,0.980655091,-0.061187744,0.007568359,1,1,1,3,0.035644531,0,0,0,0,,,,,5.099677086,0.353515625,-0.022414207,0,-0.353529501,0.022194276,0,0,166,0,0,166,166,166,0,0,0.506772014,0.000679864,,,,,,,,,,,,
17.77,168,168,168,168,11.83021097,0.980643958,-0.061187744,0.007568359,1,1,1,3,0.035644531,0,0,0,0,,,,,5.099677086,0.353515625,-0.022414207,0,-0.353529501,0.022194276,0,0,166,0,0,166,166,166,0,0,0.506759554,0.000679864,,,,,,,,,,,,
17.78,177,177,177,177,11.79397143,0.980632825,-0.061233521,0.007568359,1,1,1,3,0.035644531,0,0,0,0,,,,,5.0943923,0.353515625,-0.022414207,0,-0.353529501,0.022194276,0,0,174,0,0,174,174,174,0,0,0.547935728,0.000680372,,,,,,,,,,,,
17.79,168,168,168,168,11.82997149,0.980620619,-0.061279297,0.007568359,1,1,1,3,0.035644531,0,0,0,0,,,,,5.0943923,0.353515625,-0.022414207,0,-0.353529501,0.022194276,0,0,166,0,0,166,166,166,0,0,0.506966835,0.000680881,,,,,,,,,,,,
17.8,168,168,168,168,11.82987331,0.980609486,-0.061279297,0.007568359,1,1,1,3,0.035644531,0,0,0,0,,,,,5.0943923,0.353515625,-0.022414207,0,-0.353529501,0.022194276,0,0,166,0,0,166,166,166,0,0,0.506955036,0.000680881,,,,,,,,,,,,
17.81,168,168,168,168,11.82977519,0.980598353,-0.061325073,0.007568359,1,1,1,3,0.035644531,0,0,0,0,,,,,5.0943923,0.353515625,-0.022414207,0,-0.353529501,0.022194276,0,0,166,0,0,166,166,166,0,0,0.506943237,0.00068139,,,,,,,,,,,,
17.82,168,168,168,168,11.82967715,0.98058722,-0.061355591,0.007568359,1,1,1,3,0.035644531,0,0,0,0,,,,,5.0943923,0.353515625,-0.022414207,0,-0.353529501,0.022194276,0,0,166,0,0,166,166,166,0,0,0.506931438,0.000681729,,,,,,,,,,,,
17.83,168,168,168,168,11.82957918,0.980576087,-0.061355591,0.007568359,1,1,1,3,0.035644531,0,0,0,0,,,,,5.0943923,0.353515625,-0.022414207,0,-0.353529501,0.022194276,0,0,166,0,0,166,166,166,0,0,0.506919639,0.000681729,,,,,,,,,,,,
17.84,168,168,168,168,11.82948127,0.980564953,-0.061401367,0.007568359,1,1,1,3,0.035644531,0,0,0,0,,,,,5.0943923,0.353515625,-0.022414207,0,-0.353529501,0.022194276,0,0,166,0,0,166,166,166,0,0,0.50690784,0.000682237,,,,,,,,,,,,
17.85,177,177,177,177,11.79324226,0.98055382,-0.061416626,0.007568359,1,1,1,3,0.035644531,0,0,0,0,,,,,5.089107513,0.353515625,-0.022414207,0,-0.353529501,0.022194276,0,0,174,0,0,174,174,174,0,0,0.548084674,0.000682407,,,,,,,,,,,,
17.86,168,168,168,168,11.82924286,0.980541615,-0.061416626,0.007568359,1,1,1,3,0.035644531,0,0,0,0,,,,,5.089107513,0.353515625,-0.022414207,0,-0.353529501,0.022194276,0,0,166,0,0,166,166,166,0,0,0.507116442,0.000682407,,,,,,,,,,,,
17.87,168,168,168,168,11.82914521,0.980530481,-0.06149292,0.007568359,1,1,1,3,0.035644531,0,0,0,0,,,,,5.089107513,0.354532242,-0.01369977,0,-0.354540696,0.013479208,0.174301365,0,166,0,0,166,166,166,0,0,0.507105304,0.000683255,,,,,,,,,,,,
17.88,168,168,168,168,11.82904762,0.980519348,-0.06149292,0.007568359,1,1,1,3,0.035644531,0,0,0,0,,,,,5.089107513,0.354532242,-0.01369977,0,-0.354540696,0.013479208,0,0,166,0,0,166,166,166,0,0,0.507094165,0.000683255,,,,,,,,,,,,
17.89,168,168,168,168,11.82895011,0.980508215,-0.061508179,0.007568359,1,1,1,3,0.035644531,0,0,0,0,,,,,5.089107513,0.354532242,-0.01369977,0,-0.354540696,0.013479208,0,0,166,0,0,166,166,166,0,0,0.507083027,0.000683424,,,,,,,,,,,,
17.9,168,168,168,168,11.82885266,0.980497082,-0.061538696,0.007568359,1,1,1,3,0.035644531,0,0,0,0,,,,,5.089107513,0.354532242,-0.01369977,0,-0.354540696,0.013479208,0,0,166,0,0,166,166,166,0,0,0.507071889,0.000683763,,,,,,,,,,,,
17.91,168,168,168,168,11.82875529,0.980485949,-0.061538696,0.007568359,1,1,1,3,0.035644531,0,0,0,0,,,,,5.089107513,0.354532242,-0.01369977,0,-0.354540696,0.013479208,0,0,166,0,0,166,166,166,0,0,0.50706075,0.000683763,,,,,,,,,,,,
17.92,168,168,168,168,11.82865798,0.980474816,-0.061569214,0.007629395,1,1,1,3,0.035644531,0,0,0,0,,,,,5.089107513,0.354532242,-0.01369977,0,-0.354540696,0.013479208,0,0,166,0,0,166,166,166,0,0,0.507049612,0.000684102,,,,,,,,,,,,
17.93,168,168,168,168,11.82856075,0.980463683,-0.061599731,0.007629395,1,1,1,3,0.035644531,0,0,0,0,,,,,5.089107513,0.354532242,-0.01369977,0,-0.354540696,0.013479208,0,0,166,0,0,166,166,166,0,0,0.507038473,0.000684441,,,,,,,,,,,,
17.94,168,168,168,168,11.82846358,0.98045255,-0.06161499,0.007629395,1,1,1,3,0.035644531,0,0,0,0,,,,,5.089107513,0.354532242,-0.01369977,0,-0.354540696,0.013479208,0,0,166,0,0,166,166,166,0,0,0.507027335,0.000684611,,,,,,,,,,,,
17.95,177,177,177,177,11.79222531,0.980441416,-0.061660767,0.00769043,1,1,1,3,0.035644531,0,0,0,0,,,,,5.083823204,0.354532242,-0.01369977,0,-0.354540696,0.013479208,0,0,174,0,0,174,174,174,0,0,0.548201113,0.00068512,,,,,,,,,,,,
17.96,168,168,168,168,11.82822664,0.980429211,-0.061660767,0.00769043,1,1,1,3,0.035644531,0,0,0,0,,,,,5.083823204,0.354532242,-0.01369977,0,-0.354540696,0.013479208,0,0,166,0,0,166,166,166,0,0,0.507237237,0.00068512,,,,,,,,,,,,
17.97,168,168,168,168,11.82812972,0.980418078,-0.061660767,0.00769043,1,1,1,3,0.035644531,0,0,0,0,,,,,5.083823204,0.354532242,-0.01369977,0,-0.354540696,0.013479208,0,0,166,0,0,166,166,166,0,0,0.507226759,0.00068512,,,,,,,,,,,,
17.98,168,168,168,168,11.82803287,0.980406944,-0.061721802,0.00769043,1,1,1,3,0.035644531,0,0,0,0,,,,,5.083823204,0.354532242,-0.01369977,0,-0.354540696,0.013479208,0,0,166,0,0,166,166,166,0,0,0.507216282,0.000685798,,,,,,,,,,,,
17.99,168,168,168,168,11.82793609,0.980395811,-0.061752319,0.00769043,1,1,1,3,0.035644531,0,0,0,0,,,,,5.083823204,0.354532242,-0.01369977,0,-0.354540696,0.013479208,0,0,166,0,0,166,166,166,0,0,0.507205804,0.000686137,,,,,,,,,,,,
18,168,168,168,168,11.82783938,0.980384678,-0.061752319,0.00769043,1,1,1,3,0.035644531,0,0,0,0,,,,,5.083823204,0.354532242,-0.01369977,0,-0.354540696,0.013479208,0,0,166,0,0,166,166,166,0,0,0.507195326,0.000686137,,,,,,,,,,,,
18.01,168,168,168,168,11.82774274,0.980373545,-0.061782837,0.00769043,1,1,1,3,0.035644531,0,0,0,0,,,,,5.083823204,0.354532242,-0.01369977,0,-0.354540696,0.013479208,0,0,166,0,0,166,166,166,0,0,0.507184848,0.000686476,,,,,,,,,,,,
18.02,173,173,173,173,11.80978817,0.980362412,-0.061828613,0.00769043,1,1,1,3,0.035644531,0,0,0,0,,,,,5.081180573,0.354532242,-0.01369977,0,-0.354540696,0.013479208,0,0,170,0,0,170,170,170,0,0,0.527770545,0.000686985,,,,,,,,,,,,
18.03,168,168,168,168,11.8275285,0.980350749,-0.061828613,0.00769043,1,1,1,3,0.035644531,0,0,0,0,,,,,5.081180573,0.354532242,-0.01369977,0,-0.354540696,0.013479208,0,0,166,0,0,166,166,166,0,0,0.507280003,0.000686985,,,,,,,,,,,,
18.04,168,168,168,168,11.82743209,0.980339616,-0.061859131,0.00769043,1,1,1,3,0.035644531,0,0,0,0,,,,,5.081180573,0.354532242,-0.01369977,0,-0.354540696,0.013479208,0,0,166,0,0,166,166,166,0,0,0.507269855,0.000687324,,,,,,,,,,,,
18.05,168,168,168,168,11.82733574,0.980328483,-0.06187439,0.00769043,1,1,1,3,0.035644531,0,0,0,0,,,,,5.081180573,0.354532242,-0.01369977,0,-0.354540696,0.013479208,0,0,166,0,0,166,166,166,0,0,0.507259707,0.000687493,,,,,,,,,,,,
18.06,168,168,168,168,11.82723946,0.980317349,-0.061889648,0.00769043,1,1,1,3,0.035644531,0,0,0,0,,,,,5.081180573,0.355622262,-0.004380465,0,-0.355624918,0.004159226,0.186399635,0,166,0,0,166,166,166,0,0,0.50724956,0.000687663,,,,,,,,,,,,
18.07,168,168,168,168,11.82714325,0.980306216,-0.061889648,0.00769043,1,1,1,3,0.035644531,0,0,0,0,,,,,5.081180573,0.355622262,-0.004380465,0,-0.355624918,0.004159226,0,0,166,0,0,166,166,166,0,0,0.507239412,0.000687663,,,,,,,,,,,,
18.08,168,168,168,168,11.8270471,0.980295083,-0.061950684,0.00769043,1,1,1,3,0.035644531,0,0,0,0,,,,,5.081180573,0.355622262,-0.004380465,0,-0.355624918,0.004159226,0,0,166,0,0,166,166,166,0,0,0.507229265,0.000688341,,,,,,,,,,,,
18.09,168,168,168,168,11.82695103,0.98028395,-0.061981201,0.00769043,1,1,1,3,0.035644531,0,0,0,0,,,,,5.081180573,0.355622262,-0.004380465,0,-0.355624918,0.004159226,0,0,166,0,0,166,166,166,0,0,0.507219117,0.00068868,,,,,,,,,,,,
18.1,168,168,168,168,11.82685502,0.980272817,-0.061981201,0.00769043,1,1,1,3,0.035644531,0,0,0,0,,,,,5.081180573,0.355622262,-0.004380465,0,-0.355624918,0.004159226,0,0,166,0,0,166,166,166,0,0,0.50720897,0.00068868,,,,,,,,,,,,
18.11,178,178,178,178,11.78598068,0.980261684,-0.062026978,0.00769043,1,1,1,3,0.035644531,0,0,0,0,,,,,5.075896263,0.355622262,-0.004380465,0,-0.355624918,0.004159226,0,0,175,0,0,175,175,175,0,0,0.548383739,0.000689189,,,,,,,,,,,,
18.12,168,168,168,168,11.8266149,0.98024934,-0.062042236,0.007751465,1,1,1,3,0.035644531,0,0,0,0,,,,,5.075896263,0.355622262,-0.004380465,0,-0.355624918,0.004159226,0,0,166,0,0,166,166,166,0,0,0.507420854,0.000689358,,,,,,,,,,,,
18.13,168,168,168,168,11.82651915,0.980238207,-0.062042236,0.007751465,1,1,1,3,0.035644531,0,0,0,0,,,,,5.075896263,0.355622262,-0.004380465,0,-0.355624918,0.004159226,0,0,166,0,0,166,166,166,0,0,0.507411367,0.000689358,,,,,,,,,,,,
18.14,168,168,168,168,11.82642346,0.980227074,-0.062088013,0.007751465,1,1,1,3,0.035644531,0,0,0,0,,,,,5.075896263,0.355622262,-0.004380465,0,-0.355624918,0.004159226,0,0,166,0,0,166,166,166,0,0,0.50740188,0.000689867,,,,,,,,,,,,
18.15,168,168,168,168,11.82632784,0.980215941,-0.062103271,0.007751465,1,1,1,3,0.035644531,0,0,0,0,,,,,5.075896263,0.355622262,-0.004380465,0,-0.355624918,0.004159226,0,0,166,0,0,166,166,166,0,0,0.507392393,0.000690036,,,,,,,,,,,,
18.16,168,168,168,168,11.82623228,0.980204808,-0.06211853,0.007751465,1,1,1,3,0.035644531,0,0,0,0,,,,,5.075896263,0.355622262,-0.004380465,0,-0.355624918,0.004159226,0,0,166,0,0,166,166,166,0,0,0.507382906,0.000690206,,,,,,,,,,,,
18.17,168,168,168,168,11.8261368,0.980193675,-0.062133789,0.0078125,1,1,1,3,0.035644531,0,0,0,0,,,,,5.075896263,0.355622262,-0.004380465,0,-0.355624918,0.004159226,0,0,166,0,0,166,166,166,0,0,0.507373419,0.000690375,,,,,,,,,,,,
18.18,168,168,168,168,11.82604138,0.980182542,-0.062133789,0.0078125,1,1,1,3,0.035644531,0,0,0,0,,,,,5.075896263,0.355622262,-0.004380465,0,-0.355624918,0.004159226,0,0,166,0,0,166,166,166,0,0,0.507363932,0.000690375,,,,,,,,,,,,
18.19,178,178,178,178,11.78516762,0.980171409,-0.062179565,0.0078125,1,1,1,3,0.035644531,0,0,0,0,,,,,5.070611477,0.355622262,-0.004380465,0,-0.355624918,0.004159226,0,0,175,0,0,175,175,175,0,0,0.548543078,0.000690884,,,,,,,,,,,,
18.2,168,168,168,168,11.82580243,0.980159065,-0.062179565,0.0078125,1,1,1,3,0.035644531,0,0,0,0,,,,,5.070611477,0.355622262,-0.004380465,0,-0.355624918,0.004159226,0,0,166,0,0,166,166,166,0,0,0.507577158,0.000690884,,,,,,,,,,,,
18.21,168,168,168,168,11.82570726,0.980147932,-0.062225342,0.0078125,1,1,1,3,0.035644531,0,0,0,0,,,,,5.070611477,0.355622262,-0.004380465,0,-0.355624918,0.004159226,0,0,166,0,0,166,166,166,0,0,0.507568331,0.000691393,,,,,,,,,,,,
18.22,168,168,168,168,11.82561216,0.980136799,-0.062240601,0.0078125,1,1,1,3,0.035644531,0,0,0,0,,,,,5.070611477,0.355622262,-0.004380465,0,-0.355624918,0.004159226,0,0,166,0,0,166,166,166,0,0,0.507559505,0.000691562,,,,,,,,,,,,
18.23,168,168,168,168,11.82551712,0.980125666,-0.062255859,0.0078125,1,1,1,3,0.035644531,0,0,0,0,,,,,5.070611477,0.355622262,-0.004380465,0,-0.355624918,0.004159226,0,0,166,0,0,166,166,166,0,0,0.507550679,0.000691732,,,,,,,,,,,,
18.24,168,168,168,168,11.82542215,0.980114533,-0.062286377,0.0078125,1,1,1,3,0.035644531,0,0,0,0,,,,,5.070611477,0.355622262,-0.004380465,0,-0.355624918,0.004159226,0,0,166,0,0,166,166,166,0,0,0.507541852,0.000692071,,,,,,,,,,,,
18.25,168,168,168,168,11.82532725,0.9801034,-0.062286377,0.0078125,1,1,1,3,0.035644531,0,0,0,0,,,,,5.070611477,0.355622262,-0.004380465,0,-0.355624918,0.004159226,0,0,166,0,0,166,166,166,0,0,0.507533026,0.000692071,,,,,,,,,,,,
18.26,168,168,168,168,11.82523242,0.980092266,-0.062332153,0.0078125,1,1,1,3,0.035644531,0,0,0,0,,,,,5.070611477,0.356681824,0.004653931,0,-0.356678859,-0.004875827,0.180701053,0,166,0,0,166,166,166,0,0,0.507524199,0.000692579,,,,,,,,,,,,
18.27,168,168,168,168,11.82513765,0.980081133,-0.062332153,0.0078125,1,1,1,3,0.035644531,0,0,0,0,,,,,5.070611477,0.356681824,0.004653931,0,-0.356678859,-0.004875827,0,0,166,0,0,166,166,166,0,0,0.507515373,0.000692579,,,,,,,,,,,,
18.28,178,178,178,178,11.78426454,0.98007,-0.06237793,0.0078125,1,1,1,3,0.035644531,0,0,0,0,,,,,5.065326691,0.356681824,0.004653931,0,-0.356678859,-0.004875827,0,0,175,0,0,175,175,175,0,0,0.548695179,0.000693088,,,,,,,,,,,,
18.29,168,168,168,168,11.8249,0.980057657,-0.06237793,0.0078125,1,1,1,3,0.035644531,0,0,0,0,,,,,5.065326691,0.356681824,0.004653931,0,-0.356678859,-0.004875827,0,0,166,0,0,166,166,166,0,0,0.50772992,0.000693088,,,,,,,,,,,,
18.3,168,168,168,168,11.82480548,0.980046524,-0.062408447,0.0078125,1,1,1,3,0.035644531,0,0,0,0,,,,,5.065326691,0.356681824,0.004653931,0,-0.356678859,-0.004875827,0,0,166,0,0,166,166,166,0,0,0.507721754,0.000693427,,,,,,,,,,,,
18.31,168,168,168,168,11.82471103,0.980035391,-0.062438965,0.0078125,1,1,1,3,0.035644531,0,0,0,0,,,,,5.065326691,0.356681824,0.004653931,0,-0.356678859,-0.004875827,0,0,166,0,0,166,166,166,0,0,0.507713589,0.000693766,,,,,,,,,,,,
18.32,168,168,168,168,11.82461664,0.980024257,-0.062438965,0.0078125,1,1,1,3,0.035644531,0,0,0,0,,,,,5.065326691,0.356681824,0.004653931,0,-0.356678859,-0.004875827,0,0,166,0,0,166,166,166,0,0,0.507705423,0.000693766,,,,,,,,,,,,
18.33,168,168,168,168,11.82452232,0.980013124,-0.062469482,0.0078125,1,1,1,3,0.035644531,0,0,0,0,,,,,5.065326691,0.356681824,0.004653931,0,-0.356678859,-0.004875827,0,0,166,0,0,166,166,166,0,0,0.507697257,0.000694105,,,,,,,,,,,,
18.34,168,168,168,168,11.82442806,0.980001991,-0.062469482,0.0078125,1,1,1,3,0.035644531,0,0,0,0,,,,,5.065326691,0.356681824,0.004653931,0,-0.356678859,-0.004875827,0,0,166,0,0,166,166,166,0,0,0.507689091,0.000694105,,,,,,,,,,,,
18.35,168,168,168,168,11.82433387,0.979990858,-0.062515259,0.007873535,1,1,1,3,0.035644531,0,0,0,0,,,,,5.065326691,0.356681824,0.004653931,0,-0.356678859,-0.004875827,0,0,166,0,0,166,166,166,0,0,0.507680925,0.000694614,,,,,,,,,,,,
18.36,168,168,168,168,11.82423975,0.979979725,-0.062530518,0.007873535,1,1,1,3,0.035644531,0,0,0,0,,,,,5.065326691,0.356681824,0.004653931,0,-0.356678859,-0.004875827,0,0,166,0,0,166,166,166,0,0,0.507672759,0.000694784,,,,,,,,,,,,
18.37,168,168,168,168,11.82414569,0.979968592,-0.062561035,0.007873535,1,1,1,3,0.035644531,0,0,0,0,,,,,5.065326691,0.356681824,0.004653931,0,-0.356678859,-0.004875827,0,0,166,0,0,166,166,166,0,0,0.507664594,0.000695123,,,,,,,,,,,,
18.38,168,168,168,168,11.8240517,0.979957459,-0.062576294,0.007873535,1,1,1,3,0.035644531,0,0,0,0,,,,,5.065326691,0.356681824,0.004653931,0,-0.356678859,-0.004875827,0,0,166,0,0,166,166,166,0,0,0.507656428,0.000695292,,,,,,,,,,,,
18.39,168,168,168,168,11.82395778,0.979946326,-0.062591553,0.00793457,1,1,1,3,0.035644531,0,0,0,0,,,,,5.065326691,0.356681824,0.004653931,0,-0.356678859,-0.004875827,0,0,166,0,0,166,166,166,0,0,0.507648262,0.000695462,,,,,,,,,,,,
18.4,178,178,178,178,11.78308551,0.979935192,-0.062606812,0.00793457,1,1,1,3,0.035644531,0,0,0,0,,,,,5.060041904,0.356681824,0.004653931,0,-0.356678859,-0.004875827,0,0,175,0,0,175,175,175,0,0,0.548828729,0.000695631,,,,,,,,,,,,
18.41,168,168,168,168,11.82372182,0.979922849,-0.062606812,0.00793457,1,1,1,3,0.035644531,0,0,0,0,,,,,5.060041904,0.356681824,0.004653931,0,-0.356678859,-0.004875827,0,0,166,0,0,166,166,166,0,0,0.50786413,0.000695631,,,,,,,,,,,,
18.42,168,168,168,168,11.82362813,0.979911716,-0.062667847,0.00793457,1,1,1,3,0.035644531,0,0,0,0,,,,,5.060041904,0.356681824,0.004653931,0,-0.356678859,-0.004875827,0,0,166,0,0,166,166,166,0,0,0.507856625,0.000696309,,,,,,,,,,,,
18.43,168,168,168,168,11.82353452,0.979900583,-0.062683105,0.00793457,1,1,1,3,0.035644531,0,0,0,0,,,,,5.060041904,0.356681824,0.004653931,0,-0.356678859,-0.004875827,0,0,166,0,0,166,166,166,0,0,0.50784912,0.000696479,,,,,,,,,,,,
18.44,168,168,168,168,11.82344097,0.97988945,-0.062698364,0.00793457,1,1,1,3,0.035644531,0,0,0,0,,,,,5.060041904,0.357817352,0.01430583,0,-0.357808383,-0.014528431,0.193052078,0,166,0,0,166,166,166,0,0,0.507841615,0.000696648,,,,,,,,,,,,
18.45,168,168,168,168,11.82334749,0.979878317,-0.062728882,0.00793457,1,1,1,3,0.035644531,0,0,0,0,,,,,5.060041904,0.357817352,0.01430583,0,-0.357808383,-0.014528431,0,0,166,0,0,166,166,166,0,0,0.50783411,0.000696988,,,,,,,,,,,,
18.46,168,168,168,168,11.82325407,0.979867183,-0.062728882,0.00793457,1,1,1,3,0.035644531,0,0,0,0,,,,,5.060041904,0.357817352,0.01430583,0,-0.357808383,-0.014528431,0,0,166,0,0,166,166,166,0,0,0.507826604,0.000696988,,,,,,,,,,,,
18.47,168,168,168,168,11.82316071,0.97985605,-0.062759399,0.00793457,1,1,1,3,0.035644531,0,0,0,0,,,,,5.060041904,0.357817352,0.01430583,0,-0.357808383,-0.014528431,0,0,166,0,0,166,166,166,0,0,0.507819099,0.000697327,,,,,,,,,,,,
18.48,168,168,168,168,11.82306743,0.979844917,-0.062774658,0.00793457,1,1,1,3,0.035644531,0,0,0,0,,,,,5.060041904,0.357817352,0.01430583,0,-0.357808383,-0.014528431,0,0,166,0,0,166,166,166,0,0,0.507811594,0.000697496,,,,,,,,,,,,
18.49,173,173,173,173,11.80511621,0.979833784,-0.062805176,0.00793457,1,1,1,3,0.035644531,0,0,0,0,,,,,5.05739975,0.357817352,0.01430583,0,-0.357808383,-0.014528431,0,0,170,0,0,170,170,170,0,0,0.528396547,0.000697835,,,,,,,,,,,,
18.5,168,168,168,168,11.82285989,0.979822121,-0.062835693,0.00793457,1,1,1,3,0.035644531,0,0,0,0,,,,,5.05739975,0.357817352,0.01430583,0,-0.357808383,-0.014528431,0,0,166,0,0,166,166,166,0,0,0.507912673,0.000698174,,,,,,,,,,,,
18.51,168,168,168,168,11.82276682,0.979810988,-0.062850952,0.00793457,1,1,1,3,0.035644531,0,0,0,0,,,,,5.05739975,0.357817352,0.01430583,0,-0.357808383,-0.014528431,0,0,166,0,0,166,166,166,0,0,0.507905498,0.000698344,,,,,,,,,,,,
18.52,168,168,168,168,11.82267381,0.979799855,-0.062866211,0.00793457,1,1,1,3,0.035644531,0,0,0,0,,,,,5.05739975,0.357817352,0.01430583,0,-0.357808383,-0.014528431,0,0,166,0,0,166,166,166,0,0,0.507898323,0.000698513,,,,,,,,,,,,
18.53,168,168,168,168,11.82258087,0.979788722,-0.062866211,0.00793457,1,1,1,3,0.035644531,0,0,0,0,,,,,5.05739975,0.357817352,0.01430583,0,-0.357808383,-0.014528431,0,0,166,0,0,166,166,166,0,0,0.507891148,0.000698513,,,,,,,,,,,,
18.54,168,168,168,168,11.822488,0.979777588,-0.062896729,0.00793457,1,1,1,3,0.035644531,0,0,0,0,,,,,5.05739975,0.357817352,0.01430583,0,-0.357808383,-0.014528431,0,0,166,0,0,166,166,166,0,0,0.507883973,0.000698853,,,,,,,,,,,,
18.55,168,168,168,168,11.82239519,0.979766455,-0.062911987,0.007995605,1,1,1,3,0.035644531,0,0,0,0,,,,,5.05739975,0.357817352,0.01430583,0,-0.357808383,-0.014528431,0,0,166,0,0,166,166,166,0,0,0.507876798,0.000699022,,,,,,,,,,,,
18.56,168,168,168,168,11.82230244,0.979755322,-0.062927246,0.007995605,1,1,1,3,0.035644531,0,0,0,0,,,,,5.05739975,0.357817352,0.01430583,0,-0.357808383,-0.014528431,0,0,166,0,0,166,166,166,0,0,0.507869623,0.000699192,,,,,,,,,,,,
18.57,168,168,168,168,11.82220976,0.979744189,-0.062942505,0.007995605,1,1,1,3,0.035644531,0,0,0,0,,,,,5.05739975,0.357817352,0.01430583,0,-0.357808383,-0.014528431,0,0,166,0,0,166,166,166,0,0,0.507862448,0.000699361,,,,,,,,,,,,
18.58,178,178,178,178,11.78133874,0.979733056,-0.062957764,0.007995605,1,1,1,3,0.035644531,0,0,0,0,,,,,5.052114964,0.357817352,0.01430583,0,-0.357808383,-0.014528431,0,0,175,0,0,175,175,175,0,0,0.549043906,0.000699531,,,,,,,,,,,,
18.59,168,168,168,168,11.82197628,0.979720713,-0.062988281,0.007995605,1,1,1,3,0.035644531,0,0,0,0,,,,,5.052114964,0.357817352,0.01430583,0,-0.357808383,-0.014528431,0,0,166,0,0,166,166,166,0,0,0.508080299,0.00069987,,,,,,,,,,,,
18.6,169,169,169,169,11.82188384,0.979709579,-0.062988281,0.007995605,1,1,1,3,0.035644531,0,0,0,0,,,,,5.052114964,0.357817352,0.01430583,0,-0.357808383,-0.014528431,0,0,166,0,0,166,166,166,0,0,0.508073784,0.00069987,,,,,,,,,,,,
18.61,169,169,169,169,11.82179146,0.979698446,-0.063018799,0.008056641,1,1,1,3,0.035644531,0,0,0,0,,,,,5.052114964,0.357817352,0.01430583,0,-0.357808383,-0.014528431,0,0,166,0,0,166,166,166,0,0,0.50806727,0.000700209,,,,,,,,,,,,
18.62,169,169,169,169,11.82169915,0.979687313,-0.063034058,0.008056641,1,1,1,3,0.035644531,0,0,0,0,,,,,5.052114964,0.357817352,0.01430583,0,-0.357808383,-0.014528431,0,0,166,0,0,166,166,166,0,0,0.508060755,0.000700378,,,,,,,,,,,,
18.63,169,169,169,169,11.8216069,0.97967618,-0.063049316,0.008056641,1,1,1,3,0.035644531,0,0,0,0,,,,,5.052114964,0.358920276,0.023651838,0,-0.358905493,-0.023875123,0.186933853,0,166,0,0,166,166,166,0,0,0.508054241,0.000700548,,,,,,,,,,,,
18.64,169,169,169,169,11.82151472,0.979665047,-0.063064575,0.008056641,1,1,1,3,0.035644531,0,0,0,0,,,,,5.052114964,0.358920276,0.023651838,0,-0.358905493,-0.023875123,0,0,166,0,0,166,166,166,0,0,0.508047727,0.000700718,,,,,,,,,,,,
18.65,169,169,169,169,11.8214226,0.979653914,-0.063079834,0.008056641,1,1,1,3,0.035644531,0,0,0,0,,,,,5.052114964,0.358920276,0.023651838,0,-0.358905493,-0.023875123,0,0,166,0,0,166,166,166,0,0,0.508041212,0.000700887,,,,,,,,,,,,
18.66,169,169,169,169,11.82133054,0.979642781,-0.063095093,0.008056641,1,1,1,3,0.035644531,0,0,0,0,,,,,5.052114964,0.358920276,0.023651838,0,-0.358905493,-0.023875123,0,0,166,0,0,166,166,166,0,0,0.508034698,0.000701057,,,,,,,,,,,,
18.67,169,169,169,169,11.82123855,0.979631647,-0.063095093,0.008056641,1,1,1,3,0.035644531,0,0,0,0,,,,,5.052114964,0.358920276,0.023651838,0,-0.358905493,-0.023875123,0,0,166,0,0,166,166,166,0,0,0.508028184,0.000701057,,,,,,,,,,,,
18.68,178,178,178,178,11.78036822,0.979620514,-0.06312561,0.008056641,1,1,1,3,0.035644531,0,0,0,0,,,,,5.046830654,0.358920276,0.023651838,0,-0.358905493,-0.023875123,0,0,175,0,0,175,175,175,0,0,0.549206586,0.000701396,,,,,,,,,,,,
18.69,169,169,169,169,11.82100645,0.979608171,-0.063140869,0.008056641,1,1,1,3,0.035644531,0,0,0,0,,,,,5.046830654,0.358920276,0.023651838,0,-0.358905493,-0.023875123,0,0,166,0,0,166,166,166,0,0,0.508247334,0.000701565,,,,,,,,,,,,
18.7,169,169,169,169,11.8209147,0.979597038,-0.063156128,0.008056641,1,1,1,3,0.035644531,0,0,0,0,,,,,5.046830654,0.358920276,0.023651838,0,-0.358905493,-0.023875123,0,0,166,0,0,166,166,166,0,0,0.50824148,0.000701735,,,,,,,,,,,,
18.71,169,169,169,169,11.82082301,0.979585905,-0.063186646,0.008056641,1,1,1,3,0.035644531,0,0,0,0,,,,,5.046830654,0.358920276,0.023651838,0,-0.358905493,-0.023875123,0,0,166,0,0,166,166,166,0,0,0.508235627,0.000702074,,,,,,,,,,,,
18.72,169,169,169,169,11.82073138,0.979574772,-0.063201904,0.008056641,1,1,1,3,0.035644531,0,0,0,0,,,,,5.046830654,0.358920276,0.023651838,0,-0.358905493,-0.023875123,0,0,166,0,0,166,166,166,0,0,0.508229773,0.000702243,,,,,,,,,,,,
18.73,169,169,169,169,11.82063982,0.979563639,-0.063201904,0.008056641,1,1,1,3,0.035644531,0,0,0,0,,,,,5.046830654,0.358920276,0.023651838,0,-0.358905493,-0.023875123,0,0,166,0,0,166,166,166,0,0,0.508223919,0.000702243,,,,,,,,,,,,
18.74,169,169,169,169,11.82054832,0.979552505,-0.063247681,0.008056641,1,1,1,3,0.035644531,0,0,0,0,,,,,5.046830654,0.358920276,0.023651838,0,-0.358905493,-0.023875123,0,0,166,0,0,166,166,166,0,0,0.508218065,0.000702752,,,,,,,,,,,,
18.75,169,169,169,169,11.82045689,0.979541372,-0.063247681,0.008056641,1,1,1,3,0.035644531,0,0,0,0,,,,,5.046830654,0.358920276,0.023651838,0,-0.358905493,-0.023875123,0,0,166,0,0,166,166,166,0,0,0.508212211,0.000702752,,,,,,,,,,,,
18.76,169,169,169,169,11.82036552,0.979530239,-0.063278198,0.008056641,1,1,1,3,0.035644531,0,0,0,0,,,,,5.046830654,0.358920276,0.023651838,0,-0.358905493,-0.023875123,0,0,166,0,0,166,166,166,0,0,0.508206357,0.000703091,,,,,,,,,,,,
18.77,169,169,169,169,11.82027421,0.979519106,-0.063278198,0.008056641,1,1,1,3,0.035644531,0,0,0,0,,,,,5.046830654,0.358920276,0.023651838,0,-0.358905493,-0.023875123,0,0,166,0,0,166,166,166,0,0,0.508200504,0.000703091,,,,,,,,,,,,
18.78,178,178,178,178,11.77940456,0.979507973,-0.063308716,0.008117676,1,1,1,3,0.035644531,0,0,0,0,,,,,5.041545868,0.358920276,0.023651838,0,-0.358905493,-0.023875123,0,0,175,0,0,175,175,175,0,0,0.549383283,0.00070343,,,,,,,,,,,,
18.79,169,169,169,169,11.82004347,0.97949563,-0.063308716,0.008117676,1,1,1,3,0.035644531,0,0,0,0,,,,,5.041545868,0.358920276,0.023651838,0,-0.358905493,-0.023875123,0,0,166,0,0,166,166,166,0,0,0.508420996,0.00070343,,,,,,,,,,,,
18.8,169,169,169,169,11.8199524,0.979484496,-0.063354492,0.008117676,1,1,1,3,0.035644531,0,0,0,0,,,,,5.041545868,0.358920276,0.023651838,0,-0.358905493,-0.023875123,0,0,166,0,0,166,166,166,0,0,0.508415803,0.000703939,,,,,,,,,,,,
18.81,169,169,169,169,11.81986139,0.979473363,-0.063354492,0.008117676,1,1,1,3,0.035644531,0,0,0,0,,,,,5.041545868,0.358920276,0.023651838,0,-0.358905493,-0.023875123,0,0,166,0,0,166,166,166,0,0,0.50841061,0.000703939,,,,,,,,,,,,
18.82,169,169,169,169,11.81977045,0.97946223,-0.06338501,0.008178711,1,1,1,3,0.035644531,0,0,0,0,,,,,5.041545868,0.360101521,0.033627033,0,-0.360080531,-0.033851051,0.199518557,0,166,0,0,166,166,166,0,0,0.508405417,0.000704278,,,,,,,,,,,,
18.83,169,169,169,169,11.81967956,0.979451097,-0.063400269,0.008178711,1,1,1,3,0.035644531,0,0,0,0,,,,,5.041545868,0.360101521,0.033627033,0,-0.360080531,-0.033851051,0,0,166,0,0,166,166,166,0,0,0.508400223,0.000704447,,,,,,,,,,,,
18.84,169,169,169,169,11.81958874,0.979439964,-0.063400269,0.008178711,1,1,1,3,0.035644531,0,0,0,0,,,,,5.041545868,0.360101521,0.033627033,0,-0.360080531,-0.033851051,0,0,166,0,0,166,166,166,0,0,0.50839503,0.000704447,,,,,,,,,,,,
18.85,169,169,169,169,11.81949799,0.979428831,-0.063400269,0.008178711,1,1,1,3,0.035644531,0,0,0,0,,,,,5.041545868,0.360101521,0.033627033,0,-0.360080531,-0.033851051,0,0,166,0,0,166,166,166,0,0,0.508389837,0.000704447,,,,,,,,,,,,
18.86,169,169,169,169,11.81940729,0.979417698,-0.063415527,0.008178711,1,1,1,3,0.035644531,0,0,0,0,,,,,5.041545868,0.360101521,0.033627033,0,-0.360080531,-0.033851051,0,0,166,0,0,166,166,166,0,0,0.508384644,0.000704617,,,,,,,,,,,,
18.87,169,169,169,169,11.81931666,0.979406564,-0.063446045,0.008178711,1,1,1,3,0.035644531,0,0,0,0,,,,,5.041545868,0.360101521,0.033627033,0,-0.360080531,-0.033851051,0,0,166,0,0,166,166,166,0,0,0.50837945,0.000704956,,,,,,,,,,,,
18.88,169,169,169,169,11.8192261,0.979395431,-0.063446045,0.008178711,1,1,1,3,0.035644531,0,0,0,0,,,,,5.041545868,0.360101521,0.033627033,0,-0.360080531,-0.033851051,0,0,166,0,0,166,166,166,0,0,0.508374257,0.000704956,,,,,,,,,,,,
18.89,169,169,169,169,11.81913559,0.979384298,-0.063476563,0.008178711,1,1,1,3,0.035644531,0,0,0,0,,,,,5.041545868,0.360101521,0.033627033,0,-0.360080531,-0.033851051,0,0,166,0,0,166,166,166,0,0,0.508369064,0.000705295,,,,,,,,,,,,
18.9,169,169,169,169,11.81904515,0.979373165,-0.063491821,0.008178711,1,1,1,3,0.035644531,0,0,0,0,,,,,5.041545868,0.360101521,0.033627033,0,-0.360080531,-0.033851051,0,0,166,0,0,166,166,166,0,0,0.508363871,0.000705465,,,,,,,,,,,,
18.91,169,169,169,169,11.81895477,0.979362032,-0.063491821,0.008178711,1,1,1,3,0.035644531,0,0,0,0,,,,,5.041545868,0.360101521,0.033627033,0,-0.360080531,-0.033851051,0,0,166,0,0,166,166,166,0,0,0.508358677,0.000705465,,,,,,,,,,,,
18.92,173,173,173,173,11.80100646,0.979350899,-0.063522339,0.008178711,1,1,1,3,0.035644531,0,0,0,0,,,,,5.038903713,0.360101521,0.033627033,0,-0.360080531,-0.033851051,0,0,170,0,0,170,170,170,0,0,0.528945942,0.000705804,,,,,,,,,,,,
18.93,169,169,169,169,11.81875304,0.979339236,-0.063522339,0.008178711,1,1,1,3,0.035644531,0,0,0,0,,,,,5.038903713,0.360101521,0.033627033,0,-0.360080531,-0.033851051,0,0,166,0,0,166,166,166,0,0,0.508464381,0.000705804,,,,,,,,,,,,
18.94,169,169,169,169,11.81866286,0.979328103,-0.063537598,0.008178711,1,1,1,3,0.035644531,0,0,0,0,,,,,5.038903713,0.360101521,0.033627033,0,-0.360080531,-0.033851051,0,0,166,0,0,166,166,166,0,0,0.508459518,0.000705973,,,,,,,,,,,,
18.95,169,169,169,169,11.81857275,0.979316969,-0.063568115,0.008178711,1,1,1,3,0.035644531,0,0,0,0,,,,,5.038903713,0.360101521,0.033627033,0,-0.360080531,-0.033851051,0,0,166,0,0,166,166,166,0,0,0.508454655,0.000706312,,,,,,,,,,,,
18.96,169,169,169,169,11.8184827,0.979305836,-0.063583374,0.008178711,1,1,1,3,0.035644531,0,0,0,0,,,,,5.038903713,0.360101521,0.033627033,0,-0.360080531,-0.033851051,0,0,166,0,0,166,166,166,0,0,0.508449792,0.000706482,,,,,,,,,,,,
18.97,169,169,169,169,11.81839272,0.979294703,-0.063598633,0.008178711,1,1,1,3,0.035644531,0,0,0,0,,,,,5.038903713,0.360101521,0.033627033,0,-0.360080531,-0.033851051,0,0,166,0,0,166,166,166,0,0,0.508444929,0.000706651,,,,,,,,,,,,
18.98,169,169,169,169,11.81830279,0.97928357,-0.063598633,0.008178711,1,1,1,3,0.035644531,0,0,0,0,,,,,5.038903713,0.360101521,0.033627033,0,-0.360080531,-0.033851051,0,0,166,0,0,166,166,166,0,0,0.508440066,0.000706651,,,,,,,,,,,,
18.99,169,169,169,169,11.81821293,0.979272437,-0.06362915,0.008178711,1,1,1,3,0.035644531,0,0,0,0,,,,,5.038903713,0.360101521,0.033627033,0,-0.360080531,-0.033851051,0,0,166,0,0,166,166,166,0,0,0.508435203,0.000706991,,,,,,,,,,,,
19,169,169,169,169,11.81812313,0.979261304,-0.06362915,0.008178711,1,1,1,3,0.035644531,0,0,0,0,,,,,5.038903713,0.360101521,0.033627033,0,-0.360080531,-0.033851051,0,0,166,0,0,166,166,166,0,0,0.50843034,0.000706991,,,,,,,,,,,,
19.01,169,169,169,169,11.81803339,0.979250171,-0.063659668,0.008239746,1,1,1,3,0.035644531,0,0,0,0,,,,,5.038903713,0.360101521,0.033627033,0,-0.360080531,-0.033851051,0,0,166,0,0,166,166,166,0,0,0.508425477,0.00070733,,,,,,,,,,,,
19.02,169,169,169,169,11.81794372,0.979239038,-0.063674927,0.008239746,1,1,1,3,0.035644531,0,0,0,0,,,,,5.038903713,0.360101521,0.033627033,0,-0.360080531,-0.033851051,0,0,166,0,0,166,166,166,0,0,0.508420614,0.000707499,,,,,,,,,,,,
19.03,169,169,169,169,11.8178541,0.979227904,-0.063674927,0.008239746,1,1,1,3,0.035644531,0,0,0,0,,,,,5.038903713,0.361306608,0.043766499,0,-0.36127931,-0.043991264,0.202804261,0,166,0,0,166,166,166,0,0,0.508415751,0.000707499,,,,,,,,,,,,
19.04,169,169,169,169,11.81776455,0.979216771,-0.063690186,0.008239746,1,1,1,3,0.035644531,0,0,0,0,,,,,5.038903713,0.361306608,0.043766499,0,-0.36127931,-0.043991264,0,0,166,0,0,166,166,166,0,0,0.508410888,0.000707669,,,,,,,,,,,,
19.05,169,169,169,169,11.81767506,0.979205638,-0.063690186,0.008239746,1,1,1,3,0.035644531,0,0,0,0,,,,,5.038903713,0.361306608,0.043766499,0,-0.36127931,-0.043991264,0,0,166,0,0,166,166,166,0,0,0.508406025,0.000707669,,,,,,,,,,,,
19.06,169,169,169,169,11.81758563,0.979194505,-0.063735962,0.008300781,1,1,1,3,0.035644531,0,0,0,0,,,,,5.038903713,0.361306608,0.043766499,0,-0.36127931,-0.043991264,0,0,166,0,0,166,166,166,0,0,0.508401162,0.000708177,,,,,,,,,,,,
19.07,169,169,169,169,11.81749626,0.979183372,-0.063751221,0.008300781,1,1,1,3,0.035644531,0,0,0,0,,,,,5.038903713,0.361306608,0.043766499,0,-0.36127931,-0.043991264,0,0,166,0,0,166,166,166,0,0,0.508396299,0.000708347,,,,,,,,,,,,
19.08,169,169,169,169,11.81740695,0.979172239,-0.063766479,0.008300781,1,1,1,3,0.035644531,0,0,0,0,,,,,5.038903713,0.361306608,0.043766499,0,-0.36127931,-0.043991264,0,0,166,0,0,166,166,166,0,0,0.508391436,0.000708516,,,,,,,,,,,,
19.09,169,169,169,169,11.81731771,0.979161106,-0.063781738,0.008300781,1,1,1,3,0.035644531,0,0,0,0,,,,,5.038903713,0.361306608,0.043766499,0,-0.36127931,-0.043991264,0,0,166,0,0,166,166,166,0,0,0.508386573,0.000708686,,,,,,,,,,,,
19.1,169,169,169,169,11.81722853,0.979149972,-0.063796997,0.008300781,1,1,1,3,0.035644531,0,0,0,0,,,,,5.038903713,0.361306608,0.043766499,0,-0.36127931,-0.043991264,0,0,166,0,0,166,166,166,0,0,0.50838171,0.000708856,,,,,,,,,,,,
19.11,178,178,178,178,11.776361,0.979138839,-0.063812256,0.008300781,1,1,1,3,0.035644531,0,0,0,0,,,,,5.033618927,0.361306608,0.043766499,0,-0.36127931,-0.043991264,0,0,175,0,0,175,175,175,0,0,0.54956548,0.000709025,,,,,,,,,,,,
19.12,169,169,169,169,11.81700203,0.979126496,-0.063812256,0.008300781,1,1,1,3,0.035644531,0,0,0,0,,,,,5.033618927,0.361306608,0.043766499,0,-0.36127931,-0.043991264,0,0,166,0,0,166,166,166,0,0,0.508604185,0.000709025,,,,,,,,,,,,
19.13,169,169,169,169,11.81691308,0.979115363,-0.063842773,0.008300781,1,1,1,3,0.035644531,0,0,0,0,,,,,5.033618927,0.361306608,0.043766499,0,-0.36127931,-0.043991264,0,0,166,0,0,166,166,166,0,0,0.508599982,0.000709364,,,,,,,,,,,,
19.14,169,169,169,169,11.81682418,0.97910423,-0.063842773,0.008300781,1,1,1,3,0.035644531,0,0,0,0,,,,,5.033618927,0.361306608,0.043766499,0,-0.36127931,-0.043991264,0,0,166,0,0,166,166,166,0,0,0.50859578,0.000709364,,,,,,,,,,,,
19.15,169,169,169,169,11.81673535,0.979093097,-0.063873291,0.008300781,1,1,1,3,0.035644531,0,0,0,0,,,,,5.033618927,0.361306608,0.043766499,0,-0.36127931,-0.043991264,0,0,166,0,0,166,166,166,0,0,0.508591578,0.000709703,,,,,,,,,,,,
19.16,169,169,169,169,11.81664658,0.979081963,-0.063873291,0.008300781,1,1,1,3,0.035644531,0,0,0,0,,,,,5.033618927,0.361306608,0.043766499,0,-0.36127931,-0.043991264,0,0,166,0,0,166,166,166,0,0,0.508587375,0.000709703,,,,,,,,,,,,
19.17,169,169,169,169,11.81655787,0.97907083,-0.063903809,0.008300781,1,1,1,3,0.035644531,0,0,0,0,,,,,5.033618927,0.361306608,0.043766499,0,-0.36127931,-0.043991264,0,0,166,0,0,166,166,166,0,0,0.508583173,0.000710042,,,,,,,,,,,,
19.18,169,169,169,169,11.81646922,0.979059697,-0.063903809,0.008300781,1,1,1,3,0.035644531,0,0,0,0,,,,,5.033618927,0.361306608,0.043766499,0,-0.36127931,-0.043991264,0,0,166,0,0,166,166,166,0,0,0.50857897,0.000710042,,,,,,,,,,,,
19.19,169,169,169,169,11.81638063,0.979048564,-0.063919067,0.008300781,1,1,1,3,0.035644531,0,0,0,0,,,,,5.033618927,0.361306608,0.043766499,0,-0.36127931,-0.043991264,0,0,166,0,0,166,166,166,0,0,0.508574768,0.000710212,,,,,,,,,,,,
19.2,169,169,169,169,11.8162921,0.979037431,-0.063919067,0.008300781,1,1,1,3,0.035644531,0,0,0,0,,,,,5.033618927,0.361306608,0.043766499,0,-0.36127931,-0.043991264,0,0,166,0,0,166,166,166,0,0,0.508570566,0.000710212,,,,,,,,,,,,
19.21,169,169,169,169,11.81620363,0.979026298,-0.063949585,0.008361816,1,1,1,3,0.035644531,0,0,0,0,,,,,5.033618927,0.362476617,0.053572416,0,-0.362443219,-0.053797908,0.196132874,0,166,0,0,166,166,166,0,0,0.508566363,0.000710551,,,,,,,,,,,,
19.22,169,169,169,169,11.81611523,0.979015165,-0.063949585,0.008361816,1,1,1,3,0.035644531,0,0,0,0,,,,,5.033618927,0.362476617,0.053572416,0,-0.362443219,-0.053797908,0,0,166,0,0,166,166,166,0,0,0.508562161,0.000710551,,,,,,,,,,,,
19.23,169,169,169,169,11.81602688,0.979004032,-0.063980103,0.008361816,1,1,1,3,0.035644531,0,0,0,0,,,,,5.033618927,0.362476617,0.053572416,0,-0.362443219,-0.053797908,0,0,166,0,0,166,166,166,0,0,0.508557959,0.00071089,,,,,,,,,,,,
19.24,169,169,169,169,11.8159386,0.978992898,-0.063980103,0.008361816,1,1,1,3,0.035644531,0,0,0,0,,,,,5.033618927,0.362476617,0.053572416,0,-0.362443219,-0.053797908,0,0,166,0,0,166,166,166,0,0,0.508553756,0.00071089,,,,,,,,,,,,
19.25,169,169,169,169,11.81585037,0.978981765,-0.063980103,0.008361816,1,1,1,3,0.035644531,0,0,0,0,,,,,5.033618927,0.362476617,0.053572416,0,-0.362443219,-0.053797908,0,0,166,0,0,166,166,166,0,0,0.508549554,0.00071089,,,,,,,,,,,,
19.26,169,169,169,169,11.8157622,0.978970632,-0.064025879,0.008361816,1,1,1,3,0.035644531,0,0,0,0,,,,,5.033618927,0.362476617,0.053572416,0,-0.362443219,-0.053797908,0,0,166,0,0,166,166,166,0,0,0.508545351,0.000711399,,,,,,,,,,,,
19.27,169,169,169,169,11.8156741,0.978959499,-0.064025879,0.008361816,1,1,1,3,0.035644531,0,0,0,0,,,,,5.033618927,0.362476617,0.053572416,0,-0.362443219,-0.053797908,0,0,166,0,0,166,166,166,0,0,0.508541149,0.000711399,,,,,,,,,,,,
19.28,169,169,169,169,11.81558606,0.978948366,-0.064041138,0.008422852,1,1,1,3,0.035644531,0,0,0,0,,,,,5.033618927,0.362476617,0.053572416,0,-0.362443219,-0.053797908,0,0,166,0,0,166,166,166,0,0,0.508536947,0.000711568,,,,,,,,,,,,
19.29,169,169,169,169,11.81549807,0.978937233,-0.064056396,0.008422852,1,1,1,3,0.035644531,0,0,0,0,,,,,5.033618927,0.362476617,0.053572416,0,-0.362443219,-0.053797908,0,0,166,0,0,166,166,166,0,0,0.508532744,0.000711738,,,,,,,,,,,,
19.3,169,169,169,169,11.81541015,0.9789261,-0.064056396,0.008422852,1,1,1,3,0.035644531,0,0,0,0,,,,,5.033618927,0.362476617,0.053572416,0,-0.362443219,-0.053797908,0,0,166,0,0,166,166,166,0,0,0.508528542,0.000711738,,,,,,,,,,,,
19.31,169,169,169,169,11.81532228,0.978914967,-0.064086914,0.008422852,1,1,1,3,0.035644531,0,0,0,0,,,,,5.033618927,0.362476617,0.053572416,0,-0.362443219,-0.053797908,0,0,166,0,0,166,166,166,0,0,0.50852434,0.000712077,,,,,,,,,,,,
19.32,169,169,169,169,11.81523448,0.978903833,-0.064086914,0.008422852,1,1,1,3,0.035644531,0,0,0,0,,,,,5.033618927,0.362476617,0.053572416,0,-0.362443219,-0.053797908,0,0,166,0,0,166,166,166,0,0,0.508520137,0.000712077,,,,,,,,,,,,
19.33,169,169,169,169,11.81514673,0.9788927,-0.064102173,0.008422852,1,1,1,3,0.035644531,0,0,0,0,,,,,5.033618927,0.362476617,0.053572416,0,-0.362443219,-0.053797908,0,0,166,0,0,166,166,166,0,0,0.508515935,0.000712246,,,,,,,,,,,,
19.34,169,169,169,169,11.81505905,0.978881567,-0.064117432,0.008422852,1,1,1,3,0.035644531,0,0,0,0,,,,,5.033618927,0.362476617,0.053572416,0,-0.362443219,-0.053797908,0,0,166,0,0,166,166,166,0,0,0.508511733,0.000712416,,,,,,,,,,,,
19.35,169,169,169,169,11.81497143,0.978870434,-0.064147949,0.008422852,1,1,1,3,0.035644531,0,0,0,0,,,,,5.033618927,0.362476617,0.053572416,0,-0.362443219,-0.053797908,0,0,166,0,0,166,166,166,0,0,0.50850753,0.000712755,,,,,,,,,,,,
19.36,169,169,169,169,11.81488386,0.978859301,-0.064147949,0.008422852,1,1,1,3,0.035644531,0,0,0,0,,,,,5.033618927,0.362476617,0.053572416,0,-0.362443219,-0.053797908,0,0,166,0,0,166,166,166,0,0,0.508503328,0.000712755,,,,,,,,,,,,
19.37,169,169,169,169,11.81479636,0.978848168,-0.064178467,0.008422852,1,1,1,3,0.035644531,0,0,0,0,,,,,5.033618927,0.362476617,0.053572416,0,-0.362443219,-0.053797908,0,0,166,0,0,166,166,166,0,0,0.508499125,0.000713094,,,,,,,,,,,,
19.38,169,169,169,169,11.81470891,0.978837035,-0.064178467,0.008422852,1,1,1,3,0.035644531,0,0,0,0,,,,,5.033618927,0.362476617,0.053572416,0,-0.362443219,-0.053797908,0,0,166,0,0,166,166,166,0,0,0.508494923,0.000713094,,,,,,,,,,,,
19.39,169,169,169,169,11.81462152,0.978825901,-0.064178467,0.008422852,1,1,1,3,0.035644531,0,0,0,0,,,,,5.033618927,0.362476617,0.053572416,0,-0.362443219,-0.053797908,0,0,166,0,0,166,166,166,0,0,0.508490721,0.000713094,,,,,,,,,,,,
19.4,169,169,169,169,11.8145342,0.978814768,-0.064208984,0.008422852,1,1,1,3,0.035644531,0,0,0,0,,,,,5.033618927,0.362476617,0.053572416,0,-0.362443219,-0.053797908,0,0,166,0,0,166,166,166,0,0,0.508486518,0.000713433,,,,,,,,,,,,
19.41,169,169,169,169,11.81444693,0.978803635,-0.064208984,0.008422852,1,1,1,3,0.035644531,0,0,0,0,,,,,5.033618927,0.362476617,0.053572416,0,-0.362443219,-0.053797908,0,0,166,0,0,166,166,166,0,0,0.508482316,0.000713433,,,,,,,,,,,,
19.42,169,169,169,169,11.81435972,0.978792502,-0.064239502,0.008422852,1,1,1,3,0.035644531,0,0,0,0,,,,,5.033618927,0.363728613,0.06402421,0,-0.363688712,-0.064250478,0.209051411,0,166,0,0,166,166,166,0,0,0.508478114,0.000713772,,,,,,,,,,,,
19.43,169,169,169,169,11.81427258,0.978781369,-0.064239502,0.008422852,1,1,1,3,0.035644531,0,0,0,0,,,,,5.033618927,0.363728613,0.06402421,0,-0.363688712,-0.064250478,0,0,166,0,0,166,166,166,0,0,0.508473911,0.000713772,,,,,,,,,,,,
19.44,169,169,169,169,11.81418549,0.978770236,-0.064254761,0.008483887,1,1,1,3,0.035644531,0,0,0,0,,,,,5.033618927,0.363728613,0.06402421,0,-0.363688712,-0.064250478,0,0,166,0,0,166,166,166,0,0,0.508469709,0.000713942,,,,,,,,,,,,
19.45,169,169,169,169,11.81409846,0.978759103,-0.064254761,0.008483887,1,1,1,3,0.035644531,0,0,0,0,,,,,5.033618927,0.363728613,0.06402421,0,-0.363688712,-0.064250478,0,0,166,0,0,166,166,166,0,0,0.508465507,0.000713942,,,,,,,,,,,,
19.46,169,169,169,169,11.81401149,0.97874797,-0.064285278,0.008483887,1,1,1,3,0.035644531,0,0,0,0,,,,,5.033618927,0.363728613,0.06402421,0,-0.363688712,-0.064250478,0,0,166,0,0,166,166,166,0,0,0.508461304,0.000714281,,,,,,,,,,,,
19.47,169,169,169,169,11.81392458,0.978736836,-0.064300537,0.008483887,1,1,1,3,0.035644531,0,0,0,0,,,,,5.033618927,0.363728613,0.06402421,0,-0.363688712,-0.064250478,0,0,166,0,0,166,166,166,0,0,0.508457102,0.00071445,,,,,,,,,,,,
19.48,169,169,169,169,11.81383772,0.978725703,-0.064315796,0.008483887,1,1,1,3,0.035644531,0,0,0,0,,,,,5.033618927,0.363728613,0.06402421,0,-0.363688712,-0.064250478,0,0,166,0,0,166,166,166,0,0,0.508452899,0.00071462,,,,,,,,,,,,
19.49,169,169,169,169,11.81375093,0.97871457,-0.064331055,0.008544922,1,1,1,3,0.035644531,0,0,0,0,,,,,5.033618927,0.363728613,0.06402421,0,-0.363688712,-0.064250478,0,0,166,0,0,166,166,166,0,0,0.508448697,0.000714789,,,,,,,,,,,,
19.5,169,169,169,169,11.8136642,0.978703437,-0.064331055,0.008544922,1,1,1,3,0.035644531,0,0,0,0,,,,,5.033618927,0.363728613,0.06402421,0,-0.363688712,-0.064250478,0,0,166,0,0,166,166,166,0,0,0.508444495,0.000714789,,,,,,,,,,,,
19.51,169,169,169,169,11.81357752,0.978692304,-0.064361572,0.008544922,1,1,1,3,0.035644531,0,0,0,0,,,,,5.033618927,0.363728613,0.06402421,0,-0.363688712,-0.064250478,0,0,166,0,0,166,166,166,0,0,0.508440292,0.000715129,,,,,,,,,,,,
19.52,169,169,169,169,11.8134909,0.978681171,-0.064361572,0.008544922,1,1,1,3,0.035644531,0,0,0,0,,,,,5.033618927,0.363728613,0.06402421,0,-0.363688712,-0.064250478,0,0,166,0,0,166,166,166,0,0,0.50843609,0.000715129,,,,,,,,,,,,
19.53,169,169,169,169,11.81340435,0.978670038,-0.064376831,0.008544922,1,1,1,3,0.035644531,0,0,0,0,,,,,5.033618927,0.363728613,0.06402421,0,-0.363688712,-0.064250478,0,0,166,0,0,166,166,166,0,0,0.508431888,0.000715298,,,,,,,,,,,,
19.54,169,169,169,169,11.81331785,0.978658904,-0.06439209,0.008544922,1,1,1,3,0.035644531,0,0,0,0,,,,,5.033618927,0.363728613,0.06402421,0,-0.363688712,-0.064250478,0,0,166,0,0,166,166,166,0,0,0.508427685,0.000715468,,,,,,,,,,,,
19.55,169,169,169,169,11.81323141,0.978647771,-0.064407349,0.008544922,1,1,1,3,0.035644531,0,0,0,0,,,,,5.033618927,0.363728613,0.06402421,0,-0.363688712,-0.064250478,0,0,166,0,0,166,166,166,0,0,0.508423483,0.000715637,,,,,,,,,,,,
19.56,169,169,169,169,11.81314502,0.978636638,-0.064407349,0.008544922,1,1,1,3,0.035644531,0,0,0,0,,,,,5.033618927,0.363728613,0.06402421,0,-0.363688712,-0.064250478,0,0,166,0,0,166,166,166,0,0,0.50841928,0.000715637,,,,,,,,,,,,
19.57,169,169,169,169,11.8130587,0.978625505,-0.064437866,0.008544922,1,1,1,3,0.035644531,0,0,0,0,,,,,5.033618927,0.363728613,0.06402421,0,-0.363688712,-0.064250478,0,0,166,0,0,166,166,166,0,0,0.508415078,0.000715976,,,,,,,,,,,,
19.58,169,169,169,169,11.81297244,0.978614372,-0.064437866,0.008544922,1,1,1,3,0.035644531,0,0,0,0,,,,,5.033618927,0.363728613,0.06402421,0,-0.363688712,-0.064250478,0,0,166,0,0,166,166,166,0,0,0.508410876,0.000715976,,,,,,,,,,,,
19.59,169,169,169,169,11.81288623,0.978603239,-0.064453125,0.008544922,1,1,1,3,0.035644531,0,0,0,0,,,,,5.033618927,0.363728613,0.06402421,0,-0.363688712,-0.064250478,0,0,166,0,0,166,166,166,0,0,0.508406673,0.000716146,,,,,,,,,,,,
19.6,169,169,169,169,11.81280008,0.978592106,-0.064468384,0.008544922,1,1,1,3,0.035644531,0,0,0,0,,,,,5.033618927,0.364943266,0.074122429,0,-0.364897083,-0.074349451,0.201979452,0,166,0,0,166,166,166,0,0,0.508402471,0.000716315,,,,,,,,,,,,
19.61,169,169,169,169,11.81271399,0.978580973,-0.064483643,0.008544922,1,1,1,3,0.035644531,0,0,0,0,,,,,5.033618927,0.364943266,0.074122429,0,-0.364897083,-0.074349451,0,0,166,0,0,166,166,166,0,0,0.508398269,0.000716485,,,,,,,,,,,,
19.62,169,169,169,169,11.81262796,0.978569839,-0.064483643,0.008544922,1,1,1,3,0.035644531,0,0,0,0,,,,,5.033618927,0.364943266,0.074122429,0,-0.364897083,-0.074349451,0,0,166,0,0,166,166,166,0,0,0.508394066,0.000716485,,,,,,,,,,,,
19.63,169,169,169,169,11.81254199,0.978558706,-0.06451416,0.008544922,1,1,1,3,0.035644531,0,0,0,0,,,,,5.033618927,0.364943266,0.074122429,0,-0.364897083,-0.074349451,0,0,166,0,0,166,166,166,0,0,0.508389864,0.000716824,,,,,,,,,,,,
19.64,169,169,169,169,11.81245607,0.978547573,-0.064529419,0.008544922,1,1,1,3,0.035644531,0,0,0,0,,,,,5.033618927,0.364943266,0.074122429,0,-0.364897083,-0.074349451,0,0,166,0,0,166,166,166,0,0,0.508385662,0.000716994,,,,,,,,,,,,
19.65,169,169,169,169,11.81237021,0.97853644,-0.064529419,0.008544922,1,1,1,3,0.035644531,0,0,0,0,,,,,5.033618927,0.364943266,0.074122429,0,-0.364897083,-0.074349451,0,0,166,0,0,166,166,166,0,0,0.508381459,0.000716994,,,,,,,,,,,,
19.66,169,169,169,169,11.81228441,0.978525307,-0.064529419,0.008544922,1,1,1,3,0.035644531,0,0,0,0,,,,,5.033618927,0.364943266,0.074122429,0,-0.364897083,-0.074349451,0,0,166,0,0,166,166,166,0,0,0.508377257,0.000716994,,,,,,,,,,,,
19.67,159,159,159,159,11.85082455,0.978514174,-0.064544678,0.008605957,1,1,1,3,0.035644531,0,0,0,0,,,,,5.038903713,0.364943266,0.074122429,0,-0.364897083,-0.074349451,0,0,157,0,0,157,157,157,0,0,0.467184422,0.000717163,,,,,,,,,,,,
19.68,169,169,169,169,11.81215875,0.978504187,-0.064544678,0.008605957,1,1,1,3,0.035644531,0,0,0,0,,,,,5.038903713,0.364943266,0.074122429,0,-0.364897083,-0.074349451,0,0,166,0,0,166,166,166,0,0,0.508136652,0.000717163,,,,,,,,,,,,
19.69,169,169,169,169,11.81207308,0.978493054,-0.064590454,0.008605957,1,1,1,3,0.035644531,0,0,0,0,,,,,5.038903713,0.364943266,0.074122429,0,-0.364897083,-0.074349451,0,0,166,0,0,166,166,166,0,0,0.508131789,0.000717672,,,,,,,,,,,,
19.7,169,169,169,169,11.81198747,0.978481921,-0.064590454,0.008605957,1,1,1,3,0.035644531,0,0,0,0,,,,,5.038903713,0.364943266,0.074122429,0,-0.364897083,-0.074349451,0,0,166,0,0,166,166,166,0,0,0.508126926,0.000717672,,,,,,,,,,,,
19.71,169,169,169,169,11.81190192,0.978470788,-0.064590454,0.008605957,1,1,1,3,0.035644531,0,0,0,0,,,,,5.038903713,0.364943266,0.074122429,0,-0.364897083,-0.074349451,0,0,166,0,0,166,166,166,0,0,0.508122063,0.000717672,,,,,,,,,,,,
19.72,169,169,169,169,11.81181642,0.978459654,-0.064620972,0.008666992,1,1,1,3,0.035644531,0,0,0,0,,,,,5.038903713,0.364943266,0.074122429,0,-0.364897083,-0.074349451,0,0,166,0,0,166,166,166,0,0,0.5081172,0.000718011,,,,,,,,,,,,
19.73,169,169,169,169,11.81173098,0.978448521,-0.064620972,0.008666992,1,1,1,3,0.035644531,0,0,0,0,,,,,5.038903713,0.364943266,0.074122429,0,-0.364897083,-0.074349451,0,0,166,0,0,166,166,166,0,0,0.508112337,0.000718011,,,,,,,,,,,,
19.74,169,169,169,169,11.8116456,0.978437388,-0.06463623,0.008666992,1,1,1,3,0.035644531,0,0,0,0,,,,,5.038903713,0.364943266,0.074122429,0,-0.364897083,-0.074349451,0,0,166,0,0,166,166,166,0,0,0.508107474,0.00071818,,,,,,,,,,,,
19.75,169,169,169,169,11.81156028,0.978426255,-0.064651489,0.008666992,1,1,1,3,0.035644531,0,0,0,0,,,,,5.038903713,0.364943266,0.074122429,0,-0.364897083,-0.074349451,0,0,166,0,0,166,166,166,0,0,0.508102611,0.00071835,,,,,,,,,,,,
19.76,169,169,169,169,11.81147502,0.978415122,-0.064651489,0.008666992,1,1,1,3,0.035644531,0,0,0,0,,,,,5.038903713,0.364943266,0.074122429,0,-0.364897083,-0.074349451,0,0,166,0,0,166,166,166,0,0,0.508097748,0.00071835,,,,,,,,,,,,
19.77,169,169,169,169,11.81138981,0.978403989,-0.064682007,0.008666992,1,1,1,3,0.035644531,0,0,0,0,,,,,5.038903713,0.364943266,0.074122429,0,-0.364897083,-0.074349451,0,0,166,0,0,166,166,166,0,0,0.508092885,0.000718689,,,,,,,,,,,,
19.78,169,169,169,169,11.81130466,0.978392856,-0.064682007,0.008666992,1,1,1,3,0.035644531,0,0,0,0,,,,,5.038903713,0.364943266,0.074122429,0,-0.364897083,-0.074349451,0,0,166,0,0,166,166,166,0,0,0.508088022,0.000718689,,,,,,,,,,,,
19.79,169,169,169,169,11.81121956,0.978381723,-0.064697266,0.008666992,1,1,1,3,0.035644531,0,0,0,0,,,,,5.038903713,0.364943266,0.074122429,0,-0.364897083,-0.074349451,0,0,166,0,0,166,166,166,0,0,0.508083159,0.000718859,,,,,,,,,,,,
19.8,169,169,169,169,11.81113453,0.978370589,-0.064712524,0.008666992,1,1,1,3,0.035644531,0,0,0,0,,,,,5.038903713,0.36624217,0.084873915,0,-0.366189298,-0.085101743,0.215045836,0,166,0,0,166,166,166,0,0,0.508078296,0.000719028,,,,,,,,,,,,
19.81,169,169,169,169,11.81104955,0.978359456,-0.064712524,0.008666992,1,1,1,3,0.035644531,0,0,0,0,,,,,5.038903713,0.36624217,0.084873915,0,-0.366189298,-0.085101743,0,0,166,0,0,166,166,166,0,0,0.508073433,0.000719028,,,,,,,,,,,,
19.82,169,169,169,169,11.81096463,0.978348323,-0.064743042,0.008666992,1,1,1,3,0.035644531,0,0,0,0,,,,,5.038903713,0.36624217,0.084873915,0,-0.366189298,-0.085101743,0,0,166,0,0,166,166,166,0,0,0.50806857,0.000719367,,,,,,,,,,,,
19.83,169,169,169,169,11.81087976,0.97833719,-0.064743042,0.008666992,1,1,1,3,0.035644531,0,0,0,0,,,,,5.038903713,0.36624217,0.084873915,0,-0.366189298,-0.085101743,0,0,166,0,0,166,166,166,0,0,0.508063707,0.000719367,,,,,,,,,,,,
19.84,169,169,169,169,11.81079496,0.978326057,-0.064758301,0.008666992,1,1,1,3,0.035644531,0,0,0,0,,,,,5.038903713,0.36624217,0.084873915,0,-0.366189298,-0.085101743,0,0,166,0,0,166,166,166,0,0,0.508058844,0.000719537,,,,,,,,,,,,
19.85,169,169,169,169,11.81071021,0.978314924,-0.06477356,0.008666992,1,1,1,3,0.035644531,0,0,0,0,,,,,5.038903713,0.36624217,0.084873915,0,-0.366189298,-0.085101743,0,0,166,0,0,166,166,166,0,0,0.508053981,0.000719706,,,,,,,,,,,,
19.86,169,169,169,169,11.81062551,0.978303791,-0.064788818,0.008666992,1,1,1,3,0.035644531,0,0,0,0,,,,,5.038903713,0.36624217,0.084873915,0,-0.366189298,-0.085101743,0,0,166,0,0,166,166,166,0,0,0.508049118,0.000719876,,,,,,,,,,,,
19.87,169,169,169,169,11.81054087,0.978292657,-0.064804077,0.008666992,1,1,1,3,0.035644531,0,0,0,0,,,,,5.038903713,0.36624217,0.084873915,0,-0.366189298,-0.085101743,0,0,166,0,0,166,166,166,0,0,0.508044255,0.000720045,,,,,,,,,,,,
19.88,169,169,169,169,11.81045629,0.978281524,-0.064804077,0.008728027,1,1,1,3,0.035644531,0,0,0,0,,,,,5.038903713,0.36624217,0.084873915,0,-0.366189298,-0.085101743,0,0,166,0,0,166,166,166,0,0,0.508039393,0.000720045,,,,,,,,,,,,
19.89,169,169,169,169,11.81037177,0.978270391,-0.064819336,0.008728027,1,1,1,3,0.035644531,0,0,0,0,,,,,5.038903713,0.36624217,0.084873915,0,-0.366189298,-0.085101743,0,0,166,0,0,166,166,166,0,0,0.50803453,0.000720215,,,,,,,,,,,,
19.9,169,169,169,169,11.8102873,0.978259258,-0.064834595,0.008728027,1,1,1,3,0.035644531,0,0,0,0,,,,,5.038903713,0.36624217,0.084873915,0,-0.366189298,-0.085101743,0,0,166,0,0,166,166,166,0,0,0.508029667,0.000720384,,,,,,,,,,,,
19.91,169,169,169,169,11.81020289,0.978248125,-0.064834595,0.008728027,1,1,1,3,0.035644531,0,0,0,0,,,,,5.038903713,0.36624217,0.084873915,0,-0.366189298,-0.085101743,0,0,166,0,0,166,166,166,0,0,0.508024804,0.000720384,,,,,,,,,,,,
19.92,164,164,164,164,11.82755134,0.978236992,-0.064865112,0.008728027,1,1,1,3,0.035644531,0,0,0,0,,,,,5.041545868,0.36624217,0.084873915,0,-0.366189298,-0.085101743,0,0,162,0,0,162,162,162,0,0,0.487427482,0.000720723,,,,,,,,,,,,
19.93,169,169,169,169,11.8100549,0.978226376,-0.064865112,0.008728027,1,1,1,3,0.035644531,0,0,0,0,,,,,5.041545868,0.36624217,0.084873915,0,-0.366189298,-0.085101743,0,0,166,0,0,166,166,166,0,0,0.507898988,0.000720723,,,,,,,,,,,,
19.94,169,169,169,169,11.80997064,0.978215243,-0.064880371,0.008789063,1,1,1,3,0.035644531,0,0,0,0,,,,,5.041545868,0.36624217,0.084873915,0,-0.366189298,-0.085101743,0,0,166,0,0,166,166,166,0,0,0.507893795,0.000720893,,,,,,,,,,,,
19.95,169,169,169,169,11.80988643,0.97820411,-0.064880371,0.008789063,1,1,1,3,0.035644531,0,0,0,0,,,,,5.041545868,0.36624217,0.084873915,0,-0.366189298,-0.085101743,0,0,166,0,0,166,166,166,0,0,0.507888602,0.000720893,,,,,,,,,,,,
19.96,169,169,169,169,11.80980229,0.978192977,-0.064910889,0.008789063,1,1,1,3,0.035644531,0,0,0,0,,,,,5.041545868,0.36624217,0.084873915,0,-0.366189298,-0.085101743,0,0,166,0,0,166,166,166,0,0,0.507883408,0.000721232,,,,,,,,,,,,
19.97,169,169,169,169,11.8097182,0.978181843,-0.064910889,0.008789063,1,1,1,3,0.035644531,0,0,0,0,,,,,5.041545868,0.36624217,0.084873915,0,-0.366189298,-0.085101743,0,0,166,0,0,166,166,166,0,0,0.507878215,0.000721232,,,,,,,,,,,,
19.98,169,169,169,169,11.80963416,0.97817071,-0.064926147,0.008789063,1,1,1,3,0.035644531,0,0,0,0,,,,,5.041545868,0.367501616,0.095252037,0,-0.367442288,-0.095480647,0.207578077,0,166,0,0,166,166,166,0,0,0.507873022,0.000721402,,,,,,,,,,,,
19.99,169,169,169,169,11.80955018,0.978159577,-0.064926147,0.008789063,1,1,1,3,0.035644531,0,0,0,0,,,,,5.041545868,0.367501616,0.095252037,0,-0.367442288,-0.095480647,0,0,166,0,0,166,166,166,0,0,0.507867829,0.000721402,,,,,,,,,,,,
20,169,169,169,169,11.80946626,0.978148444,-0.064956665,0.008789063,1,1,1,3,0.035644531,0,0,0,0,,,,,5.041545868,0.367501616,0.095252037,0,-0.367442288,-0.095480647,0,0,166,0,0,166,166,166,0,0,0.507862635,0.000721741,,,,,,,,,,,,
20.01,169,169,169,169,11.80938239,0.978137311,-0.064956665,0.008789063,1,1,1,3,0.035644531,0,0,0,0,,,,,5.041545868,0.367501616,0.095252037,0,-0.367442288,-0.095480647,0,0,166,0,0,166,166,166,0,0,0.507857442,0.000721741,,,,,,,,,,,,
20.02,169,169,169,169,11.80929858,0.978126178,-0.064971924,0.008789063,1,1,1,3,0.035644531,0,0,0,0,,,,,5.041545868,0.367501616,0.095252037,0,-0.367442288,-0.095480647,0,0,166,0,0,166,166,166,0,0,0.507852249,0.00072191,,,,,,,,,,,,
20.03,169,169,169,169,11.80921483,0.978115045,-0.064987183,0.008789063,1,1,1,3,0.035644531,0,0,0,0,,,,,5.041545868,0.367501616,0.095252037,0,-0.367442288,-0.095480647,0,0,166,0,0,166,166,166,0,0,0.507847056,0.00072208,,,,,,,,,,,,
20.04,169,169,169,169,11.80913113,0.978103912,-0.064987183,0.008789063,1,1,1,3,0.035644531,0,0,0,0,,,,,5.041545868,0.367501616,0.095252037,0,-0.367442288,-0.095480647,0,0,166,0,0,166,166,166,0,0,0.507841862,0.00072208,,,,,,,,,,,,
20.05,169,169,169,169,11.80904749,0.978092778,-0.064987183,0.008789063,1,1,1,3,0.035644531,0,0,0,0,,,,,5.041545868,0.367501616,0.095252037,0,-0.367442288,-0.095480647,0,0,166,0,0,166,166,166,0,0,0.507836669,0.00072208,,,,,,,,,,,,
20.06,169,169,169,169,11.8089639,0.978081645,-0.0650177,0.008789063,1,1,1,3,0.035644531,0,0,0,0,,,,,5.041545868,0.367501616,0.095252037,0,-0.367442288,-0.095480647,0,0,166,0,0,166,166,166,0,0,0.507831476,0.000722419,,,,,,,,,,,,
20.07,169,169,169,169,11.80888037,0.978070512,-0.0650177,0.008789063,1,1,1,3,0.035644531,0,0,0,0,,,,,5.041545868,0.367501616,0.095252037,0,-0.367442288,-0.095480647,0,0,166,0,0,166,166,166,0,0,0.507826283,0.000722419,,,,,,,,,,,,
20.08,169,169,169,169,11.80879689,0.978059379,-0.065032959,0.008789063,1,1,1,3,0.035644531,0,0,0,0,,,,,5.041545868,0.367501616,0.095252037,0,-0.367442288,-0.095480647,0,0,166,0,0,166,166,166,0,0,0.50782109,0.000722588,,,,,,,,,,,,
20.09,169,169,169,169,11.80871347,0.978048246,-0.065032959,0.008789063,1,1,1,3,0.035644531,0,0,0,0,,,,,5.041545868,0.367501616,0.095252037,0,-0.367442288,-0.095480647,0,0,166,0,0,166,166,166,0,0,0.507815896,0.000722588,,,,,,,,,,,,
20.1,159,159,159,159,11.84725599,0.978037113,-0.065063477,0.008850098,1,1,1,3,0.035644531,0,0,0,0,,,,,5.046830654,0.367501616,0.095252037,0,-0.367442288,-0.095480647,0,0,157,0,0,157,157,157,0,0,0.46662207,0.000722928,,,,,,,,,,,,
20.11,169,169,169,169,11.80859256,0.978027126,-0.065063477,0.008850098,1,1,1,3,0.035644531,0,0,0,0,,,,,5.046830654,0.367501616,0.095252037,0,-0.367442288,-0.095480647,0,0,166,0,0,166,166,166,0,0,0.50757331,0.000722928,,,,,,,,,,,,
20.12,169,169,169,169,11.80850927,0.978015993,-0.065078735,0.008850098,1,1,1,3,0.035644531,0,0,0,0,,,,,5.046830654,0.367501616,0.095252037,0,-0.367442288,-0.095480647,0,0,166,0,0,166,166,166,0,0,0.507567456,0.000723097,,,,,,,,,,,,
20.13,169,169,169,169,11.80842602,0.97800486,-0.065078735,0.008850098,1,1,1,3,0.035644531,0,0,0,0,,,,,5.046830654,0.367501616,0.095252037,0,-0.367442288,-0.095480647,0,0,166,0,0,166,166,166,0,0,0.507561602,0.000723097,,,,,,,,,,,,
20.14,169,169,169,169,11.80834284,0.977993727,-0.065109253,0.008850098,1,1,1,3,0.035644531,0,0,0,0,,,,,5.046830654,0.367501616,0.095252037,0,-0.367442288,-0.095480647,0,0,166,0,0,166,166,166,0,0,0.507555748,0.000723436,,,,,,,,,,,,
20.15,169,169,169,169,11.80825971,0.977982593,-0.065124512,0.008911133,1,1,1,3,0.035644531,0,0,0,0,,,,,5.046830654,0.367501616,0.095252037,0,-0.367442288,-0.095480647,0,0,166,0,0,166,166,166,0,0,0.507549894,0.000723606,,,,,,,,,,,,
20.16,169,169,169,169,11.80817663,0.97797146,-0.065124512,0.008911133,1,1,1,3,0.035644531,0,0,0,0,,,,,5.046830654,0.367501616,0.095252037,0,-0.367442288,-0.095480647,0,0,166,0,0,166,166,166,0,0,0.50754404,0.000723606,,,,,,,,,,,,
20.17,169,169,169,169,11.80809361,0.977960327,-0.065139771,0.008911133,1,1,1,3,0.035644531,0,0,0,0,,,,,5.046830654,0.367501616,0.095252037,0,-0.367442288,-0.095480647,0,0,166,0,0,166,166,166,0,0,0.507538187,0.000723775,,,,,,,,,,,,
20.18,169,169,169,169,11.80801065,0.977949194,-0.065155029,0.008911133,1,1,1,3,0.035644531,0,0,0,0,,,,,5.046830654,0.368847609,0.106291771,0,-0.368781412,-0.106521216,0.220811382,0,166,0,0,166,166,166,0,0,0.507532333,0.000723945,,,,,,,,,,,,
20.19,169,169,169,169,11.80792774,0.977938061,-0.065155029,0.008911133,1,1,1,3,0.035644531,0,0,0,0,,,,,5.046830654,0.368847609,0.106291771,0,-0.368781412,-0.106521216,0,0,166,0,0,166,166,166,0,0,0.507526479,0.000723945,,,,,,,,,,,,
20.2,169,169,169,169,11.80784489,0.977926928,-0.065170288,0.008911133,1,1,1,3,0.035644531,0,0,0,0,,,,,5.046830654,0.368847609,0.106291771,0,-0.368781412,-0.106521216,0,0,166,0,0,166,166,166,0,0,0.507520625,0.000724114,,,,,,,,,,,,
20.21,169,169,169,169,11.80776209,0.977915795,-0.065185547,0.008911133,1,1,1,3,0.035644531,0,0,0,0,,,,,5.046830654,0.368847609,0.106291771,0,-0.368781412,-0.106521216,0,0,166,0,0,166,166,166,0,0,0.507514771,0.000724284,,,,,,,,,,,,
20.22,169,169,169,169,11.80767934,0.977904661,-0.065185547,0.008911133,1,1,1,3,0.035644531,0,0,0,0,,,,,5.046830654,0.368847609,0.106291771,0,-0.368781412,-0.106521216,0,0,166,0,0,166,166,166,0,0,0.507508917,0.000724284,,,,,,,,,,,,
20.23,169,169,169,169,11.80759665,0.977893528,-0.065200806,0.008911133,1,1,1,3,0.035644531,0,0,0,0,,,,,5.046830654,0.368847609,0.106291771,0,-0.368781412,-0.106521216,0,0,166,0,0,166,166,166,0,0,0.507503064,0.000724453,,,,,,,,,,,,
20.24,169,169,169,169,11.80751402,0.977882395,-0.065200806,0.008911133,1,1,1,3,0.035644531,0,0,0,0,,,,,5.046830654,0.368847609,0.106291771,0,-0.368781412,-0.106521216,0,0,166,0,0,166,166,166,0,0,0.50749721,0.000724453,,,,,,,,,,,,
20.25,159,159,159,159,11.84605732,0.977871262,-0.065231323,0.008911133,1,1,1,3,0.035644531,0,0,0,0,,,,,5.052114964,0.368847609,0.106291771,0,-0.368781412,-0.106521216,0,0,157,0,0,157,157,157,0,0,0.466306439,0.000724792,,,,,,,,,,,,
20.26,169,169,169,169,11.80739468,0.977861275,-0.065246582,0.008911133,1,1,1,3,0.035644531,0,0,0,0,,,,,5.052114964,0.368847609,0.106291771,0,-0.368781412,-0.106521216,0,0,166,0,0,166,166,166,0,0,0.507253323,0.000724962,,,,,,,,,,,,
20.27,169,169,169,169,11.80731216,0.977850142,-0.065246582,0.008911133,1,1,1,3,0.035644531,0,0,0,0,,,,,5.052114964,0.368847609,0.106291771,0,-0.368781412,-0.106521216,0,0,166,0,0,166,166,166,0,0,0.507246808,0.000724962,,,,,,,,,,,,
20.28,169,169,169,169,11.8072297,0.977839009,-0.065261841,0.008911133,1,1,1,3,0.035644531,0,0,0,0,,,,,5.052114964,0.368847609,0.106291771,0,-0.368781412,-0.106521216,0,0,166,0,0,166,166,166,0,0,0.507240294,0.000725132,,,,,,,,,,,,
20.29,169,169,169,169,11.8071473,0.977827876,-0.0652771,0.008911133,1,1,1,3,0.035644531,0,0,0,0,,,,,5.052114964,0.368847609,0.106291771,0,-0.368781412,-0.106521216,0,0,166,0,0,166,166,166,0,0,0.50723378,0.000725301,,,,,,,,,,,,
20.3,169,169,169,169,11.80706495,0.977816743,-0.0652771,0.008911133,1,1,1,3,0.035644531,0,0,0,0,,,,,5.052114964,0.368847609,0.106291771,0,-0.368781412,-0.106521216,0,0,166,0,0,166,166,166,0,0,0.507227265,0.000725301,,,,,,,,,,,,
20.31,169,169,169,169,11.80698265,0.97780561,-0.065292358,0.008911133,1,1,1,3,0.035644531,0,0,0,0,,,,,5.052114964,0.368847609,0.106291771,0,-0.368781412,-0.106521216,0,0,166,0,0,166,166,166,0,0,0.507220751,0.000725471,,,,,,,,,,,,
20.32,169,169,169,169,11.80690041,0.977794476,-0.065292358,0.008911133,1,1,1,3,0.035644531,0,0,0,0,,,,,5.052114964,0.368847609,0.106291771,0,-0.368781412,-0.106521216,0,0,166,0,0,166,166,166,0,0,0.507214236,0.000725471,,,,,,,,,,,,
20.33,169,169,169,169,11.80681823,0.977783343,-0.065307617,0.008972168,1,1,1,3,0.035644531,0,0,0,0,,,,,5.052114964,0.368847609,0.106291771,0,-0.368781412,-0.106521216,0,0,166,0,0,166,166,166,0,0,0.507207722,0.00072564,,,,,,,,,,,,
20.34,169,169,169,169,11.80673609,0.97777221,-0.065307617,0.008972168,1,1,1,3,0.035644531,0,0,0,0,,,,,5.052114964,0.368847609,0.106291771,0,-0.368781412,-0.106521216,0,0,166,0,0,166,166,166,0,0,0.507201208,0.00072564,,,,,,,,,,,,
20.35,169,169,169,169,11.80665402,0.977761077,-0.065338135,0.008972168,1,1,1,3,0.035644531,0,0,0,0,,,,,5.052114964,0.368847609,0.106291771,0,-0.368781412,-0.106521216,0,0,166,0,0,166,166,166,0,0,0.507194693,0.000725979,,,,,,,,,,,,
20.36,169,169,169,169,11.80657199,0.977749944,-0.065338135,0.008972168,1,1,1,3,0.035644531,0,0,0,0,,,,,5.052114964,0.368847609,0.106291771,0,-0.368781412,-0.106521216,0,0,166,0,0,166,166,166,0,0,0.507188179,0.000725979,,,,,,,,,,,,
20.37,169,169,169,169,11.80649002,0.977738811,-0.065353394,0.008972168,1,1,1,3,0.035644531,0,0,0,0,,,,,5.052114964,0.370151907,0.116937637,0,-0.370079087,-0.117167892,0.212933515,0,166,0,0,166,166,166,0,0,0.507181665,0.000726149,,,,,,,,,,,,
20.38,159,159,159,159,11.84503399,0.977727678,-0.065368652,0.009033203,1,1,1,3,0.035644531,0,0,0,0,,,,,5.05739975,0.370151907,0.116937637,0,-0.370079087,-0.117167892,0,0,157,0,0,157,157,157,0,0,0.465986517,0.000726318,,,,,,,,,,,,
20.39,169,169,169,169,11.80637201,0.977717691,-0.065383911,0.009033203,1,1,1,3,0.035644531,0,0,0,0,,,,,5.05739975,0.370151907,0.116937637,0,-0.370079087,-0.117167892,0,0,166,0,0,166,166,166,0,0,0.506936436,0.000726488,,,,,,,,,,,,
20.4,169,169,169,169,11.80629016,0.977706558,-0.065383911,0.009033203,1,1,1,3,0.035644531,0,0,0,0,,,,,5.05739975,0.370151907,0.116937637,0,-0.370079087,-0.117167892,0,0,166,0,0,166,166,166,0,0,0.506929261,0.000726488,,,,,,,,,,,,
20.41,169,169,169,169,11.80620836,0.977695425,-0.06539917,0.009033203,1,1,1,3,0.035644531,0,0,0,0,,,,,5.05739975,0.370151907,0.116937637,0,-0.370079087,-0.117167892,0,0,166,0,0,166,166,166,0,0,0.506922086,0.000726657,,,,,,,,,,,,
20.42,169,169,169,169,11.80612662,0.977684291,-0.06539917,0.009033203,1,1,1,3,0.035644531,0,0,0,0,,,,,5.05739975,0.370151907,0.116937637,0,-0.370079087,-0.117167892,0,0,166,0,0,166,166,166,0,0,0.506914911,0.000726657,,,,,,,,,,,,
20.43,169,169,169,169,11.80604493,0.977673158,-0.065414429,0.009033203,1,1,1,3,0.035644531,0,0,0,0,,,,,5.05739975,0.370151907,0.116937637,0,-0.370079087,-0.117167892,0,0,166,0,0,166,166,166,0,0,0.506907736,0.000726827,,,,,,,,,,,,
20.44,169,169,169,169,11.8059633,0.977662025,-0.065414429,0.009033203,1,1,1,3,0.035644531,0,0,0,0,,,,,5.05739975,0.370151907,0.116937637,0,-0.370079087,-0.117167892,0,0,166,0,0,166,166,166,0,0,0.506900561,0.000726827,,,,,,,,,,,,
20.45,169,169,169,169,11.80588172,0.977650892,-0.065444946,0.009033203,1,1,1,3,0.035644531,0,0,0,0,,,,,5.05739975,0.370151907,0.116937637,0,-0.370079087,-0.117167892,0,0,166,0,0,166,166,166,0,0,0.506893386,0.000727166,,,,,,,,,,,,
20.46,169,169,169,169,11.80580019,0.977639759,-0.065444946,0.009033203,1,1,1,3,0.035644531,0,0,0,0,,,,,5.05739975,0.370151907,0.116937637,0,-0.370079087,-0.117167892,0,0,166,0,0,166,166,166,0,0,0.506886211,0.000727166,,,,,,,,,,,,
20.47,169,169,169,169,11.80571872,0.977628626,-0.065460205,0.009033203,1,1,1,3,0.035644531,0,0,0,0,,,,,5.05739975,0.370151907,0.116937637,0,-0.370079087,-0.117167892,0,0,166,0,0,166,166,166,0,0,0.506879036,0.000727336,,,,,,,,,,,,
20.48,169,169,169,169,11.8056373,0.977617493,-0.065475464,0.009033203,1,1,1,3,0.035644531,0,0,0,0,,,,,5.05739975,0.370151907,0.116937637,0,-0.370079087,-0.117167892,0,0,166,0,0,166,166,166,0,0,0.506871861,0.000727505,,,,,,,,,,,,
20.49,169,169,169,169,11.80555593,0.97760636,-0.065475464,0.009033203,1,1,1,3,0.035644531,0,0,0,0,,,,,5.05739975,0.370151907,0.116937637,0,-0.370079087,-0.117167892,0,0,166,0,0,166,166,166,0,0,0.506864686,0.000727505,,,,,,,,,,,,
20.5,169,169,169,169,11.80547462,0.977595226,-0.065505981,0.009033203,1,1,1,3,0.035644531,0,0,0,0,,,,,5.05739975,0.370151907,0.116937637,0,-0.370079087,-0.117167892,0,0,166,0,0,166,166,166,0,0,0.506857511,0.000727844,,,,,,,,,,,,
20.51,169,169,169,169,11.80539336,0.977584093,-0.065505981,0.009033203,1,1,1,3,0.035644531,0,0,0,0,,,,,5.05739975,0.370151907,0.116937637,0,-0.370079087,-0.117167892,0,0,166,0,0,166,166,166,0,0,0.506850336,0.000727844,,,,,,,,,,,,
20.52,169,169,169,169,11.80531215,0.97757296,-0.065505981,0.009033203,1,1,1,3,0.035644531,0,0,0,0,,,,,5.05739975,0.370151907,0.116937637,0,-0.370079087,-0.117167892,0,0,166,0,0,166,166,166,0,0,0.506843161,0.000727844,,,,,,,,,,,,
20.53,169,169,169,169,11.805231,0.977561827,-0.06552124,0.009094238,1,1,1,3,0.035644531,0,0,0,0,,,,,5.05739975,0.370151907,0.116937637,0,-0.370079087,-0.117167892,0,0,166,0,0,166,166,166,0,0,0.506835986,0.000728014,,,,,,,,,,,,
20.54,169,169,169,169,11.8051499,0.977550694,-0.06552124,0.009094238,1,1,1,3,0.035644531,0,0,0,0,,,,,5.05739975,0.370151907,0.116937637,0,-0.370079087,-0.117167892,0,0,166,0,0,166,166,166,0,0,0.506828811,0.000728014,,,,,,,,,,,,
20.55,163,163,163,163,11.82679343,0.977539561,-0.065551758,0.009094238,1,1,1,3,0.035644531,0,0,0,0,,,,,5.060041904,0.370151907,0.116937637,0,-0.370079087,-0.117167892,0,0,161,0,0,161,161,161,0,0,0.486229178,0.000728353,,,,,,,,,,,,
20.56,169,169,169,169,11.8050136,0.977529072,-0.065551758,0.009094238,1,1,1,3,0.035644531,0,0,0,0,,,,,5.060041904,0.371544778,0.128251076,0,-0.37146492,-0.128482194,0.226286055,0,166,0,0,166,166,166,0,0,0.506698371,0.000728353,,,,,,,,,,,,
20.57,169,169,169,169,11.80493264,0.977517939,-0.065551758,0.009094238,1,1,1,3,0.035644531,0,0,0,0,,,,,5.060041904,0.371544778,0.128251076,0,-0.37146492,-0.128482194,0,0,166,0,0,166,166,166,0,0,0.506690866,0.000728353,,,,,,,,,,,,
20.58,169,169,169,169,11.80485173,0.977506806,-0.065551758,0.009094238,1,1,1,3,0.035644531,0,0,0,0,,,,,5.060041904,0.371544778,0.128251076,0,-0.37146492,-0.128482194,0,0,166,0,0,166,166,166,0,0,0.506683361,0.000728353,,,,,,,,,,,,
20.59,169,169,169,169,11.80477087,0.977495673,-0.065582275,0.009155273,1,1,1,3,0.035644531,0,0,0,0,,,,,5.060041904,0.371544778,0.128251076,0,-0.37146492,-0.128482194,0,0,166,0,0,166,166,166,0,0,0.506675856,0.000728692,,,,,,,,,,,,
20.6,169,169,169,169,11.80469007,0.97748454,-0.065597534,0.009155273,1,1,1,3,0.035644531,0,0,0,0,,,,,5.060041904,0.371544778,0.128251076,0,-0.37146492,-0.128482194,0,0,166,0,0,166,166,166,0,0,0.506668351,0.000728861,,,,,,,,,,,,
20.61,169,169,169,169,11.80460932,0.977473407,-0.065597534,0.009155273,1,1,1,3,0.035644531,0,0,0,0,,,,,5.060041904,0.371544778,0.128251076,0,-0.37146492,-0.128482194,0,0,166,0,0,166,166,166,0,0,0.506660845,0.000728861,,,,,,,,,,,,
20.62,169,169,169,169,11.80452862,0.977462274,-0.065597534,0.009155273,1,1,1,3,0.035644531,0,0,0,0,,,,,5.060041904,0.371544778,0.128251076,0,-0.37146492,-0.128482194,0,0,166,0,0,166,166,166,0,0,0.50665334,0.000728861,,,,,,,,,,,,
20.63,169,169,169,169,11.80444797,0.97745114,-0.065612793,0.009155273,1,1,1,3,0.035644531,0,0,0,0,,,,,5.060041904,0.371544778,0.128251076,0,-0.37146492,-0.128482194,0,0,166,0,0,166,166,166,0,0,0.506645835,0.000729031,,,,,,,,,,,,
20.64,169,169,169,169,11.80436738,0.977440007,-0.065628052,0.009155273,1,1,1,3,0.035644531,0,0,0,0,,,,,5.060041904,0.371544778,0.128251076,0,-0.37146492,-0.128482194,0,0,166,0,0,166,166,166,0,0,0.50663833,0.000729201,,,,,,,,,,,,
20.65,169,169,169,169,11.80428684,0.977428874,-0.065628052,0.009155273,1,1,1,3,0.035644531,0,0,0,0,,,,,5.060041904,0.371544778,0.128251076,0,-0.37146492,-0.128482194,0,0,166,0,0,166,166,166,0,0,0.506630824,0.000729201,,,,,,,,,,,,
20.66,169,169,169,169,11.80420635,0.977417741,-0.065628052,0.009155273,1,1,1,3,0.035644531,0,0,0,0,,,,,5.060041904,0.371544778,0.128251076,0,-0.37146492,-0.128482194,0,0,166,0,0,166,166,166,0,0,0.506623319,0.000729201,,,,,,,,,,,,
20.67,169,169,169,169,11.80412592,0.977406608,-0.065658569,0.009155273,1,1,1,3,0.035644531,0,0,0,0,,,,,5.060041904,0.371544778,0.128251076,0,-0.37146492,-0.128482194,0,0,166,0,0,166,166,166,0,0,0.506615814,0.00072954,,,,,,,,,,,,
20.68,169,169,169,169,11.80404553,0.977395475,-0.065658569,0.009155273,1,1,1,3,0.035644531,0,0,0,0,,,,,5.060041904,0.371544778,0.128251076,0,-0.37146492,-0.128482194,0,0,166,0,0,166,166,166,0,0,0.506608309,0.00072954,,,,,,,,,,,,
20.69,169,169,169,169,11.8039652,0.977384342,-0.065658569,0.009155273,1,1,1,3,0.035644531,0,0,0,0,,,,,5.060041904,0.371544778,0.128251076,0,-0.37146492,-0.128482194,0,0,166,0,0,166,166,166,0,0,0.506600803,0.00072954,,,,,,,,,,,,
20.7,169,169,169,169,11.80388493,0.977373209,-0.065658569,0.009155273,1,1,1,3,0.035644531,0,0,0,0,,,,,5.060041904,0.371544778,0.128251076,0,-0.37146492,-0.128482194,0,0,166,0,0,166,166,166,0,0,0.506593298,0.00072954,,,,,,,,,,,,
20.71,169,169,169,169,11.8038047,0.977362075,-0.065689087,0.009155273,1,1,1,3,0.035644531,0,0,0,0,,,,,5.060041904,0.371544778,0.128251076,0,-0.37146492,-0.128482194,0,0,166,0,0,166,166,166,0,0,0.506585793,0.000729879,,,,,,,,,,,,
20.72,159,159,159,159,11.84235041,0.977350942,-0.065689087,0.009155273,1,1,1,3,0.035644531,0,0,0,0,,,,,5.065326691,0.371544778,0.128251076,0,-0.37146492,-0.128482194,0,0,157,0,0,157,157,157,0,0,0.465389655,0.000729879,,,,,,,,,,,,
20.73,169,169,169,169,11.80369017,0.977340955,-0.065719604,0.009155273,1,1,1,3,0.035644531,0,0,0,0,,,,,5.065326691,0.371544778,0.128251076,0,-0.37146492,-0.128482194,0,0,166,0,0,166,166,166,0,0,0.506338582,0.000730218,,,,,,,,,,,,
20.74,169,169,169,169,11.80361006,0.977329822,-0.065719604,0.009155273,1,1,1,3,0.035644531,0,0,0,0,,,,,5.065326691,0.371544778,0.128251076,0,-0.37146492,-0.128482194,0,0,166,0,0,166,166,166,0,0,0.506330416,0.000730218,,,,,,,,,,,,
20.75,169,169,169,169,11.80353,0.977318689,-0.065734863,0.009155273,1,1,1,3,0.035644531,0,0,0,0,,,,,5.065326691,0.372893691,0.139152288,0,-0.37280705,-0.139384244,0.218040995,0,166,0,0,166,166,166,0,0,0.50632225,0.000730387,,,,,,,,,,,,
20.76,169,169,169,169,11.80344999,0.977307556,-0.065734863,0.009155273,1,1,1,3,0.035644531,0,0,0,0,,,,,5.065326691,0.372893691,0.139152288,0,-0.37280705,-0.139384244,0,0,166,0,0,166,166,166,0,0,0.506314085,0.000730387,,,,,,,,,,,,
20.77,169,169,169,169,11.80337004,0.977296423,-0.065734863,0.009155273,1,1,1,3,0.035644531,0,0,0,0,,,,,5.065326691,0.372893691,0.139152288,0,-0.37280705,-0.139384244,0,0,166,0,0,166,166,166,0,0,0.506305919,0.000730387,,,,,,,,,,,,
20.78,169,169,169,169,11.80329014,0.97728529,-0.065750122,0.009216309,1,1,1,3,0.035644531,0,0,0,0,,,,,5.065326691,0.372893691,0.139152288,0,-0.37280705,-0.139384244,0,0,166,0,0,166,166,166,0,0,0.506297753,0.000730557,,,,,,,,,,,,
20.79,169,169,169,169,11.80321029,0.977274157,-0.065750122,0.009216309,1,1,1,3,0.035644531,0,0,0,0,,,,,5.065326691,0.372893691,0.139152288,0,-0.37280705,-0.139384244,0,0,166,0,0,166,166,166,0,0,0.506289587,0.000730557,,,,,,,,,,,,
20.8,169,169,169,169,11.80313049,0.977263023,-0.065765381,0.009216309,1,1,1,3,0.035644531,0,0,0,0,,,,,5.065326691,0.372893691,0.139152288,0,-0.37280705,-0.139384244,0,0,166,0,0,166,166,166,0,0,0.506281421,0.000730726,,,,,,,,,,,,
20.81,169,169,169,169,11.80305074,0.97725189,-0.065765381,0.009216309,1,1,1,3,0.035644531,0,0,0,0,,,,,5.065326691,0.372893691,0.139152288,0,-0.37280705,-0.139384244,0,0,166,0,0,166,166,166,0,0,0.506273255,0.000730726,,,,,,,,,,,,
20.82,169,169,169,169,11.80297105,0.977240757,-0.065795898,0.009277344,1,1,1,3,0.035644531,0,0,0,0,,,,,5.065326691,0.372893691,0.139152288,0,-0.37280705,-0.139384244,0,0,166,0,0,166,166,166,0,0,0.50626509,0.000731066,,,,,,,,,,,,
20.83,169,169,169,169,11.80289141,0.977229624,-0.065795898,0.009277344,1,1,1,3,0.035644531,0,0,0,0,,,,,5.065326691,0.372893691,0.139152288,0,-0.37280705,-0.139384244,0,0,166,0,0,166,166,166,0,0,0.506256924,0.000731066,,,,,,,,,,,,
20.84,169,169,169,169,11.80281181,0.977218491,-0.065795898,0.009277344,1,1,1,3,0.035644531,0,0,0,0,,,,,5.065326691,0.372893691,0.139152288,0,-0.37280705,-0.139384244,0,0,166,0,0,166,166,166,0,0,0.506248758,0.000731066,,,,,,,,,,,,
20.85,169,169,169,169,11.80273228,0.977207358,-0.065811157,0.009277344,1,1,1,3,0.035644531,0,0,0,0,,,,,5.065326691,0.372893691,0.139152288,0,-0.37280705,-0.139384244,0,0,166,0,0,166,166,166,0,0,0.506240592,0.000731235,,,,,,,,,,,,
20.86,169,169,169,169,11.80265279,0.977196225,-0.065811157,0.009277344,1,1,1,3,0.035644531,0,0,0,0,,,,,5.065326691,0.372893691,0.139152288,0,-0.37280705,-0.139384244,0,0,166,0,0,166,166,166,0,0,0.506232426,0.000731235,,,,,,,,,,,,
20.87,169,169,169,169,11.80257335,0.977185092,-0.065841675,0.009277344,1,1,1,3,0.035644531,0,0,0,0,,,,,5.065326691,0.372893691,0.139152288,0,-0.37280705,-0.139384244,0,0,166,0,0,166,166,166,0,0,0.50622426,0.000731574,,,,,,,,,,,,
20.88,169,169,169,169,11.80249397,0.977173958,-0.065841675,0.009277344,1,1,1,3,0.035644531,0,0,0,0,,,,,5.065326691,0.372893691,0.139152288,0,-0.37280705,-0.139384244,0,0,166,0,0,166,166,166,0,0,0.506216095,0.000731574,,,,,,,,,,,,
20.89,169,169,169,169,11.80241464,0.977162825,-0.065856934,0.009277344,1,1,1,3,0.035644531,0,0,0,0,,,,,5.065326691,0.372893691,0.139152288,0,-0.37280705,-0.139384244,0,0,166,0,0,166,166,166,0,0,0.506207929,0.000731744,,,,,,,,,,,,
20.9,169,169,169,169,11.80233535,0.977151692,-0.065856934,0.009277344,1,1,1,3,0.035644531,0,0,0,0,,,,,5.065326691,0.372893691,0.139152288,0,-0.37280705,-0.139384244,0,0,166,0,0,166,166,166,0,0,0.506199763,0.000731744,,,,,,,,,,,,
20.91,169,169,169,169,11.80225612,0.977140559,-0.065856934,0.009277344,1,1,1,3,0.035644531,0,0,0,0,,,,,5.065326691,0.372893691,0.139152288,0,-0.37280705,-0.139384244,0,0,166,0,0,166,166,166,0,0,0.506191597,0.000731744,,,,,,,,,,,,
20.92,169,169,169,169,11.80217695,0.977129426,-0.065887451,0.009277344,1,1,1,3,0.035644531,0,0,0,0,,,,,5.065326691,0.372893691,0.139152288,0,-0.37280705,-0.139384244,0,0,166,0,0,166,166,166,0,0,0.506183431,0.000732083,,,,,,,,,,,,
20.93,169,169,169,169,11.80209782,0.977118293,-0.065887451,0.009277344,1,1,1,3,0.035644531,0,0,0,0,,,,,5.065326691,0.372893691,0.139152288,0,-0.37280705,-0.139384244,0,0,166,0,0,166,166,166,0,0,0.506175265,0.000732083,,,,,,,,,,,,
20.94,169,169,169,169,11.80201874,0.97710716,-0.065887451,0.009277344,1,1,1,3,0.035644531,0,0,0,0,,,,,5.065326691,0.372893691,0.139152288,0,-0.37280705,-0.139384244,0,0,166,0,0,166,166,166,0,0,0.5061671,0.000732083,,,,,,,,,,,,
20.95,169,169,169,169,11.80193972,0.977096027,-0.06590271,0.009277344,1,1,1,3,0.035644531,0,0,0,0,,,,,5.065326691,0.372893691,0.139152288,0,-0.37280705,-0.139384244,0,0,166,0,0,166,166,166,0,0,0.506158934,0.000732252,,,,,,,,,,,,
20.96,169,169,169,169,11.80186075,0.977084893,-0.06590271,0.009277344,1,1,1,3,0.035644531,0,0,0,0,,,,,5.065326691,0.372893691,0.139152288,0,-0.37280705,-0.139384244,0,0,166,0,0,166,166,166,0,0,0.506150768,0.000732252,,,,,,,,,,,,
20.97,159,159,159,159,11.84040771,0.97707376,-0.065917969,0.009277344,1,1,1,3,0.035644531,0,0,0,0,,,,,5.070611477,0.374333322,0.150726795,0,-0.37423948,-0.150959644,0.231508003,0,157,0,0,157,157,157,0,0,0.464953969,0.000732422,,,,,,,,,,,,
20.98,169,169,169,169,11.80174871,0.977063773,-0.065917969,0.009277344,1,1,1,3,0.035644531,0,0,0,0,,,,,5.070611477,0.374333322,0.150726795,0,-0.37423948,-0.150959644,0,0,166,0,0,166,166,166,0,0,0.505902236,0.000732422,,,,,,,,,,,,
20.99,169,169,169,169,11.80166985,0.97705264,-0.065933228,0.009338379,1,1,1,3,0.035644531,0,0,0,0,,,,,5.070611477,0.374333322,0.150726795,0,-0.37423948,-0.150959644,0,0,166,0,0,166,166,166,0,0,0.505893409,0.000732591,,,,,,,,,,,,
21,169,169,169,169,11.80159104,0.977041507,-0.065933228,0.009338379,1,1,1,3,0.035644531,0,0,0,0,,,,,5.070611477,0.374333322,0.150726795,0,-0.37423948,-0.150959644,0,0,166,0,0,166,166,166,0,0,0.505884583,0.000732591,,,,,,,,,,,,
21.01,169,169,169,169,11.80151228,0.977030374,-0.065948486,0.009338379,1,1,1,3,0.035644531,0,0,0,0,,,,,5.070611477,0.374333322,0.150726795,0,-0.37423948,-0.150959644,0,0,166,0,0,166,166,166,0,0,0.505875757,0.000732761,,,,,,,,,,,,
21.02,169,169,169,169,11.80143357,0.977019241,-0.065948486,0.009338379,1,1,1,3,0.035644531,0,0,0,0,,,,,5.070611477,0.374333322,0.150726795,0,-0.37423948,-0.150959644,0,0,166,0,0,166,166,166,0,0,0.50586693,0.000732761,,,,,,,,,,,,
21.03,169,169,169,169,11.80135491,0.977008108,-0.065963745,0.009338379,1,1,1,3,0.035644531,0,0,0,0,,,,,5.070611477,0.374333322,0.150726795,0,-0.37423948,-0.150959644,0,0,166,0,0,166,166,166,0,0,0.505858104,0.000732931,,,,,,,,,,,,
21.04,169,169,169,169,11.8012763,0.976996975,-0.065979004,0.009399414,1,1,1,3,0.035644531,0,0,0,0,,,,,5.070611477,0.374333322,0.150726795,0,-0.37423948,-0.150959644,0,0,166,0,0,166,166,166,0,0,0.505849277,0.0007331,,,,,,,,,,,,
21.05,169,169,169,169,11.80119774,0.976985842,-0.065979004,0.009399414,1,1,1,3,0.035644531,0,0,0,0,,,,,5.070611477,0.374333322,0.150726795,0,-0.37423948,-0.150959644,0,0,166,0,0,166,166,166,0,0,0.505840451,0.0007331,,,,,,,,,,,,
21.06,169,169,169,169,11.80111924,0.976974708,-0.065979004,0.009399414,1,1,1,3,0.035644531,0,0,0,0,,,,,5.070611477,0.374333322,0.150726795,0,-0.37423948,-0.150959644,0,0,166,0,0,166,166,166,0,0,0.505831624,0.0007331,,,,,,,,,,,,
21.07,169,169,169,169,11.80104078,0.976963575,-0.065994263,0.009399414,1,1,1,3,0.035644531,0,0,0,0,,,,,5.070611477,0.374333322,0.150726795,0,-0.37423948,-0.150959644,0,0,166,0,0,166,166,166,0,0,0.505822798,0.00073327,,,,,,,,,,,,
21.08,169,169,169,169,11.80096237,0.976952442,-0.066009521,0.009399414,1,1,1,3,0.035644531,0,0,0,0,,,,,5.070611477,0.374333322,0.150726795,0,-0.37423948,-0.150959644,0,0,166,0,0,166,166,166,0,0,0.505813972,0.000733439,,,,,,,,,,,,
21.09,169,169,169,169,11.80088402,0.976941309,-0.066009521,0.009399414,1,1,1,3,0.035644531,0,0,0,0,,,,,5.070611477,0.374333322,0.150726795,0,-0.37423948,-0.150959644,0,0,166,0,0,166,166,166,0,0,0.505805145,0.000733439,,,,,,,,,,,,
21.1,169,169,169,169,11.80080571,0.976930176,-0.06602478,0.009399414,1,1,1,3,0.035644531,0,0,0,0,,,,,5.070611477,0.374333322,0.150726795,0,-0.37423948,-0.150959644,0,0,166,0,0,166,166,166,0,0,0.505796319,0.000733609,,,,,,,,,,,,
21.11,169,169,169,169,11.80072746,0.976919043,-0.06602478,0.009399414,1,1,1,3,0.035644531,0,0,0,0,,,,,5.070611477,0.374333322,0.150726795,0,-0.37423948,-0.150959644,0,0,166,0,0,166,166,166,0,0,0.505787492,0.000733609,,,,,,,,,,,,
21.12,169,169,169,169,11.80064925,0.97690791,-0.066040039,0.009399414,1,1,1,3,0.035644531,0,0,0,0,,,,,5.070611477,0.374333322,0.150726795,0,-0.37423948,-0.150959644,0,0,166,0,0,166,166,166,0,0,0.505778666,0.000733778,,,,,,,,,,,,
21.13,169,169,169,169,11.8005711,0.976896776,-0.066040039,0.009399414,1,1,1,3,0.035644531,0,0,0,0,,,,,5.070611477,0.374333322,0.150726795,0,-0.37423948,-0.150959644,0,0,166,0,0,166,166,166,0,0,0.505769839,0.000733778,,,,,,,,,,,,
21.14,169,169,169,169,11.800493,0.976885643,-0.066055298,0.009399414,1,1,1,3,0.035644531,0,0,0,0,,,,,5.070611477,0.374333322,0.150726795,0,-0.37423948,-0.150959644,0,0,166,0,0,166,166,166,0,0,0.505761013,0.000733948,,,,,,,,,,,,
21.15,169,169,169,169,11.80041494,0.97687451,-0.066055298,0.009399414,1,1,1,3,0.035644531,0,0,0,0,,,,,5.070611477,0.375797272,0.162431717,0,-0.375696148,-0.162665474,0.234116604,0,166,0,0,166,166,166,0,0,0.505752187,0.000733948,,,,,,,,,,,,
21.16,169,169,169,169,11.80033694,0.976863377,-0.066070557,0.009399414,1,1,1,3,0.035644531,0,0,0,0,,,,,5.070611477,0.375797272,0.162431717,0,-0.375696148,-0.162665474,0,0,166,0,0,166,166,166,0,0,0.50574336,0.000734117,,,,,,,,,,,,
21.17,169,169,169,169,11.80025899,0.976852244,-0.066070557,0.009399414,1,1,1,3,0.035644531,0,0,0,0,,,,,5.070611477,0.375797272,0.162431717,0,-0.375696148,-0.162665474,0,0,166,0,0,166,166,166,0,0,0.505734534,0.000734117,,,,,,,,,,,,
21.18,169,169,169,169,11.80018109,0.976841111,-0.066085815,0.009399414,1,1,1,3,0.035644531,0,0,0,0,,,,,5.070611477,0.375797272,0.162431717,0,-0.375696148,-0.162665474,0,0,166,0,0,166,166,166,0,0,0.505725707,0.000734287,,,,,,,,,,,,
21.19,169,169,169,169,11.80010323,0.976829978,-0.066085815,0.009399414,1,1,1,3,0.035644531,0,0,0,0,,,,,5.070611477,0.375797272,0.162431717,0,-0.375696148,-0.162665474,0,0,166,0,0,166,166,166,0,0,0.505716881,0.000734287,,,,,,,,,,,,
21.2,169,169,169,169,11.80002543,0.976818845,-0.066085815,0.009399414,1,1,1,3,0.035644531,0,0,0,0,,,,,5.070611477,0.375797272,0.162431717,0,-0.375696148,-0.162665474,0,0,166,0,0,166,166,166,0,0,0.505708054,0.000734287,,,,,,,,,,,,
21.21,169,169,169,169,11.79994768,0.976807711,-0.066085815,0.009399414,1,1,1,3,0.035644531,0,0,0,0,,,,,5.070611477,0.375797272,0.162431717,0,-0.375696148,-0.162665474,0,0,166,0,0,166,166,166,0,0,0.505699228,0.000734287,,,,,,,,,,,,
21.22,158,158,158,158,11.84265475,0.976796578,-0.066101074,0.009460449,1,1,1,3,0.035644531,0,0,0,0,,,,,5.075896263,0.375797272,0.162431717,0,-0.375696148,-0.162665474,0,0,156,0,0,156,156,156,0,0,0.464501769,0.000734456,,,,,,,,,,,,
21.23,168,168,168,168,11.80424107,0.976786715,-0.066116333,0.009460449,1,1,1,3,0.035644531,0,0,0,0,,,,,5.075896263,0.375797272,0.162431717,0,-0.375696148,-0.162665474,0,0,165,0,0,165,165,165,0,0,0.505449375,0.000734626,,,,,,,,,,,,
21.24,168,168,168,168,11.80416863,0.976775712,-0.066116333,0.009460449,1,1,1,3,0.035644531,0,0,0,0,,,,,5.075896263,0.375797272,0.162431717,0,-0.375696148,-0.162665474,0,0,165,0,0,165,165,165,0,0,0.505439888,0.000734626,,,,,,,,,,,,
21.25,168,168,168,168,11.80409624,0.97676471,-0.066131592,0.009460449,1,1,1,3,0.035644531,0,0,0,0,,,,,5.075896263,0.375797272,0.162431717,0,-0.375696148,-0.162665474,0,0,165,0,0,165,165,165,0,0,0.505430401,0.000734795,,,,,,,,,,,,
21.26,168,168,168,168,11.80402389,0.976753707,-0.066131592,0.009460449,1,1,1,3,0.035644531,0,0,0,0,,,,,5.075896263,0.375797272,0.162431717,0,-0.375696148,-0.162665474,0,0,165,0,0,165,165,165,0,0,0.505420914,0.000734795,,,,,,,,,,,,
21.27,168,168,168,168,11.80395158,0.976742704,-0.066146851,0.009521484,1,1,1,3,0.035644531,0,0,0,0,,,,,5.075896263,0.375797272,0.162431717,0,-0.375696148,-0.162665474,0,0,165,0,0,165,165,165,0,0,0.505411427,0.000734965,,,,,,,,,,,,
21.28,168,168,168,168,11.80387932,0.976731702,-0.066146851,0.009521484,1,1,1,3,0.035644531,0,0,0,0,,,,,5.075896263,0.375797272,0.162431717,0,-0.375696148,-0.162665474,0,0,165,0,0,165,165,165,0,0,0.50540194,0.000734965,,,,,,,,,,,,
21.29,168,168,168,168,11.80380711,0.976720699,-0.066146851,0.009521484,1,1,1,3,0.035644531,0,0,0,0,,,,,5.075896263,0.375797272,0.162431717,0,-0.375696148,-0.162665474,0,0,165,0,0,165,165,165,0,0,0.505392453,0.000734965,,,,,,,,,,,,
21.3,168,168,168,168,11.80373494,0.976709697,-0.066162109,0.009521484,1,1,1,3,0.035644531,0,0,0,0,,,,,5.075896263,0.375797272,0.162431717,0,-0.375696148,-0.162665474,0,0,165,0,0,165,165,165,0,0,0.505382966,0.000735135,,,,,,,,,,,,
21.31,168,168,168,168,11.80366281,0.976698694,-0.066162109,0.009521484,1,1,1,3,0.035644531,0,0,0,0,,,,,5.075896263,0.375797272,0.162431717,0,-0.375696148,-0.162665474,0,0,165,0,0,165,165,165,0,0,0.505373479,0.000735135,,,,,,,,,,,,
21.32,168,168,168,168,11.80359073,0.976687691,-0.066177368,0.009521484,1,1,1,3,0.035644531,0,0,0,0,,,,,5.075896263,0.375797272,0.162431717,0,-0.375696148,-0.162665474,0,0,165,0,0,165,165,165,0,0,0.505363991,0.000735304,,,,,,,,,,,,
21.33,168,168,168,168,11.80351869,0.976676689,-0.066177368,0.009521484,1,1,1,3,0.035644531,0,0,0,0,,,,,5.075896263,0.375797272,0.162431717,0,-0.375696148,-0.162665474,0,0,165,0,0,165,165,165,0,0,0.505354504,0.000735304,,,,,,,,,,,,
21.34,168,168,168,168,11.8034467,0.976665686,-0.066192627,0.009521484,1,1,1,3,0.035644531,0,0,0,0,,,,,5.075896263,0.377213866,0.173696756,0,-0.377105733,-0.173931393,0.225318371,0,165,0,0,165,165,165,0,0,0.505345017,0.000735474,,,,,,,,,,,,
21.35,168,168,168,168,11.80337475,0.976654684,-0.066192627,0.009521484,1,1,1,3,0.035644531,0,0,0,0,,,,,5.075896263,0.377213866,0.173696756,0,-0.377105733,-0.173931393,0,0,165,0,0,165,165,165,0,0,0.50533553,0.000735474,,,,,,,,,,,,
21.36,168,168,168,168,11.80330284,0.976643681,-0.066207886,0.009521484,1,1,1,3,0.035644531,0,0,0,0,,,,,5.075896263,0.377213866,0.173696756,0,-0.377105733,-0.173931393,0,0,165,0,0,165,165,165,0,0,0.505326043,0.000735643,,,,,,,,,,,,
21.37,168,168,168,168,11.80323098,0.976632678,-0.066207886,0.009521484,1,1,1,3,0.035644531,0,0,0,0,,,,,5.075896263,0.377213866,0.173696756,0,-0.377105733,-0.173931393,0,0,165,0,0,165,165,165,0,0,0.505316556,0.000735643,,,,,,,,,,,,
21.38,168,168,168,168,11.80315917,0.976621676,-0.066223145,0.009521484,1,1,1,3,0.035644531,0,0,0,0,,,,,5.075896263,0.377213866,0.173696756,0,-0.377105733,-0.173931393,0,0,165,0,0,165,165,165,0,0,0.505307069,0.000735813,,,,,,,,,,,,
21.39,168,168,168,168,11.8030874,0.976610673,-0.066223145,0.009521484,1,1,1,3,0.035644531,0,0,0,0,,,,,5.075896263,0.377213866,0.173696756,0,-0.377105733,-0.173931393,0,0,165,0,0,165,165,165,0,0,0.505297582,0.000735813,,,,,,,,,,,,
21.4,168,168,168,168,11.80301567,0.97659967,-0.066238403,0.009521484,1,1,1,3,0.035644531,0,0,0,0,,,,,5.075896263,0.377213866,0.173696756,0,-0.377105733,-0.173931393,0,0,165,0,0,165,165,165,0,0,0.505288095,0.000735982,,,,,,,,,,,,
21.41,168,168,168,168,11.80294399,0.976588668,-0.066238403,0.009521484,1,1,1,3,0.035644531,0,0,0,0,,,,,5.075896263,0.377213866,0.173696756,0,-0.377105733,-0.173931393,0,0,165,0,0,165,165,165,0,0,0.505278608,0.000735982,,,,,,,,,,,,
21.42,168,168,168,168,11.80287235,0.976577665,-0.066238403,0.009521484,1,1,1,3,0.035644531,0,0,0,0,,,,,5.075896263,0.377213866,0.173696756,0,-0.377105733,-0.173931393,0,0,165,0,0,165,165,165,0,0,0.505269121,0.000735982,,,,,,,,,,,,
21.43,168,168,168,168,11.80280076,0.976566663,-0.066238403,0.009521484,1,1,1,3,0.035644531,0,0,0,0,,,,,5.075896263,0.377213866,0.173696756,0,-0.377105733,-0.173931393,0,0,165,0,0,165,165,165,0,0,0.505259634,0.000735982,,,,,,,,,,,,
21.44,168,168,168,168,11.80272921,0.97655566,-0.066253662,0.00958252,1,1,1,3,0.035644531,0,0,0,0,,,,,5.075896263,0.377213866,0.173696756,0,-0.377105733,-0.173931393,0,0,165,0,0,165,165,165,0,0,0.505250147,0.000736152,,,,,,,,,,,,
21.45,168,168,168,168,11.8026577,0.976544657,-0.066268921,0.00958252,1,1,1,3,0.035644531,0,0,0,0,,,,,5.075896263,0.377213866,0.173696756,0,-0.377105733,-0.173931393,0,0,165,0,0,165,165,165,0,0,0.50524066,0.000736321,,,,,,,,,,,,
21.46,168,168,168,168,11.80258624,0.976533655,-0.066268921,0.00958252,1,1,1,3,0.035644531,0,0,0,0,,,,,5.075896263,0.377213866,0.173696756,0,-0.377105733,-0.173931393,0,0,165,0,0,165,165,165,0,0,0.505231173,0.000736321,,,,,,,,,,,,
21.47,168,168,168,168,11.80251482,0.976522652,-0.066268921,0.00958252,1,1,1,3,0.035644531,0,0,0,0,,,,,5.075896263,0.377213866,0.173696756,0,-0.377105733,-0.173931393,0,0,165,0,0,165,165,165,0,0,0.505221686,0.000736321,,,,,,,,,,,,
21.48,168,168,168,168,11.80244344,0.97651165,-0.06628418,0.00958252,1,1,1,3,0.035644531,0,0,0,0,,,,,5.075896263,0.377213866,0.173696756,0,-0.377105733,-0.173931393,0,0,165,0,0,165,165,165,0,0,0.505212199,0.000736491,,,,,,,,,,,,
21.49,168,168,168,168,11.80237211,0.976500647,-0.06628418,0.00958252,1,1,1,3,0.035644531,0,0,0,0,,,,,5.075896263,0.377213866,0.173696756,0,-0.377105733,-0.173931393,0,0,165,0,0,165,165,165,0,0,0.505202712,0.000736491,,,,,,,,,,,,
21.5,178,178,178,178,11.76176159,0.976489644,-0.066299438,0.009643555,1,1,1,3,0.035644531,0,0,0,0,,,,,5.070611477,0.377213866,0.173696756,0,-0.377105733,-0.173931393,0,0,174,0,0,174,174,174,0,0,0.546381858,0.00073666,,,,,,,,,,,,
21.51,168,168,168,168,11.80218156,0.976477439,-0.066299438,0.009643555,1,1,1,3,0.035644531,0,0,0,0,,,,,5.070611477,0.377213866,0.173696756,0,-0.377105733,-0.173931393,0,0,165,0,0,165,165,165,0,0,0.505415938,0.00073666,,,,,,,,,,,,
21.52,168,168,168,168,11.8021104,0.976466436,-0.066299438,0.009643555,1,1,1,3,0.035644531,0,0,0,0,,,,,5.070611477,0.377213866,0.173696756,0,-0.377105733,-0.173931393,0,0,165,0,0,165,165,165,0,0,0.505407112,0.00073666,,,,,,,,,,,,
21.53,168,168,168,168,11.80203929,0.976455433,-0.066314697,0.009643555,1,1,1,3,0.035644531,0,0,0,0,,,,,5.070611477,0.377213866,0.173696756,0,-0.377105733,-0.173931393,0,0,165,0,0,165,165,165,0,0,0.505398285,0.00073683,,,,,,,,,,,,
21.54,168,168,168,168,11.80196822,0.976444431,-0.066314697,0.009643555,1,1,1,3,0.035644531,0,0,0,0,,,,,5.070611477,0.378724426,0.185643196,0,-0.378608861,-0.18587877,0.238947543,0,165,0,0,165,165,165,0,0,0.505389459,0.00073683,,,,,,,,,,,,
21.55,168,168,168,168,11.8018972,0.976433428,-0.066314697,0.009643555,1,1,1,3,0.035644531,0,0,0,0,,,,,5.070611477,0.378724426,0.185643196,0,-0.378608861,-0.18587877,0,0,165,0,0,165,165,165,0,0,0.505380632,0.00073683,,,,,,,,,,,,
21.56,168,168,168,168,11.80182622,0.976422426,-0.066345215,0.009643555,1,1,1,3,0.035644531,0,0,0,0,,,,,5.070611477,0.378724426,0.185643196,0,-0.378608861,-0.18587877,0,0,165,0,0,165,165,165,0,0,0.505371806,0.000737169,,,,,,,,,,,,
21.57,168,168,168,168,11.80175528,0.976411423,-0.066345215,0.009643555,1,1,1,3,0.035644531,0,0,0,0,,,,,5.070611477,0.378724426,0.185643196,0,-0.378608861,-0.18587877,0,0,165,0,0,165,165,165,0,0,0.50536298,0.000737169,,,,,,,,,,,,
21.58,168,168,168,168,11.80168439,0.97640042,-0.066345215,0.009643555,1,1,1,3,0.035644531,0,0,0,0,,,,,5.070611477,0.378724426,0.185643196,0,-0.378608861,-0.18587877,0,0,165,0,0,165,165,165,0,0,0.505354153,0.000737169,,,,,,,,,,,,
21.59,168,168,168,168,11.80161354,0.976389418,-0.066360474,0.009643555,1,1,1,3,0.035644531,0,0,0,0,,,,,5.070611477,0.378724426,0.185643196,0,-0.378608861,-0.18587877,0,0,165,0,0,165,165,165,0,0,0.505345327,0.000737339,,,,,,,,,,,,
21.6,168,168,168,168,11.80154273,0.976378415,-0.066360474,0.009643555,1,1,1,3,0.035644531,0,0,0,0,,,,,5.070611477,0.378724426,0.185643196,0,-0.378608861,-0.18587877,0,0,165,0,0,165,165,165,0,0,0.5053365,0.000737339,,,,,,,,,,,,
21.61,168,168,168,168,11.80147197,0.976367413,-0.066360474,0.009643555,1,1,1,3,0.035644531,0,0,0,0,,,,,5.070611477,0.378724426,0.185643196,0,-0.378608861,-0.18587877,0,0,165,0,0,165,165,165,0,0,0.505327674,0.000737339,,,,,,,,,,,,
21.62,168,168,168,168,11.80140125,0.97635641,-0.066375732,0.009643555,1,1,1,3,0.035644531,0,0,0,0,,,,,5.070611477,0.378724426,0.185643196,0,-0.378608861,-0.18587877,0,0,165,0,0,165,165,165,0,0,0.505318847,0.000737508,,,,,,,,,,,,
21.63,168,168,168,168,11.80133057,0.976345407,-0.066375732,0.009643555,1,1,1,3,0.035644531,0,0,0,0,,,,,5.070611477,0.378724426,0.185643196,0,-0.378608861,-0.18587877,0,0,165,0,0,165,165,165,0,0,0.505310021,0.000737508,,,,,,,,,,,,
21.64,168,168,168,168,11.80125994,0.976334405,-0.066390991,0.009643555,1,1,1,3,0.035644531,0,0,0,0,,,,,5.070611477,0.378724426,0.185643196,0,-0.378608861,-0.18587877,0,0,165,0,0,165,165,165,0,0,0.505301194,0.000737678,,,,,,,,,,,,
21.65,168,168,168,168,11.80118935,0.976323402,-0.06640625,0.00970459,1,1,1,3,0.035644531,0,0,0,0,,,,,5.070611477,0.378724426,0.185643196,0,-0.378608861,-0.18587877,0,0,165,0,0,165,165,165,0,0,0.505292368,0.000737847,,,,,,,,,,,,
21.66,168,168,168,168,11.8011188,0.9763124,-0.06640625,0.00970459,1,1,1,3,0.035644531,0,0,0,0,,,,,5.070611477,0.378724426,0.185643196,0,-0.378608861,-0.18587877,0,0,165,0,0,165,165,165,0,0,0.505283542,0.000737847,,,,,,,,,,,,
21.67,168,168,168,168,11.8010483,0.976301397,-0.066421509,0.00970459,1,1,1,3,0.035644531,0,0,0,0,,,,,5.070611477,0.378724426,0.185643196,0,-0.378608861,-0.18587877,0,0,165,0,0,165,165,165,0,0,0.505274715,0.000738017,,,,,,,,,,,,
21.68,168,168,168,168,11.80097784,0.976290394,-0.066421509,0.00970459,1,1,1,3,0.035644531,0,0,0,0,,,,,5.070611477,0.378724426,0.185643196,0,-0.378608861,-0.18587877,0,0,165,0,0,165,165,165,0,0,0.505265889,0.000738017,,,,,,,,,,,,
21.69,168,168,168,168,11.80090742,0.976279392,-0.066421509,0.00970459,1,1,1,3,0.035644531,0,0,0,0,,,,,5.070611477,0.378724426,0.185643196,0,-0.378608861,-0.18587877,0,0,165,0,0,165,165,165,0,0,0.505257062,0.000738017,,,,,,,,,,,,
21.7,168,168,168,168,11.80083704,0.976268389,-0.066421509,0.00970459,1,1,1,3,0.035644531,0,0,0,0,,,,,5.070611477,0.378724426,0.185643196,0,-0.378608861,-0.18587877,0,0,165,0,0,165,165,165,0,0,0.505248236,0.000738017,,,,,,,,,,,,
21.71,168,168,168,168,11.80076671,0.976257386,-0.066436768,0.009765625,1,1,1,3,0.035644531,0,0,0,0,,,,,5.070611477,0.378724426,0.185643196,0,-0.378608861,-0.18587877,0,0,165,0,0,165,165,165,0,0,0.505239409,0.000738186,,,,,,,,,,,,
21.72,168,168,168,168,11.80069642,0.976246384,-0.066452026,0.009765625,1,1,1,3,0.035644531,0,0,0,0,,,,,5.070611477,0.380185366,0.197131395,0,-0.380062654,-0.197367876,0.229782118,0,165,0,0,165,165,165,0,0,0.505230583,0.000738356,,,,,,,,,,,,
21.73,168,168,168,168,11.80062617,0.976235381,-0.066452026,0.009765625,1,1,1,3,0.035644531,0,0,0,0,,,,,5.070611477,0.380185366,0.197131395,0,-0.380062654,-0.197367876,0,0,165,0,0,165,165,165,0,0,0.505221757,0.000738356,,,,,,,,,,,,
21.74,168,168,168,168,11.80055597,0.976224379,-0.066452026,0.009765625,1,1,1,3,0.035644531,0,0,0,0,,,,,5.070611477,0.380185366,0.197131395,0,-0.380062654,-0.197367876,0,0,165,0,0,165,165,165,0,0,0.50521293,0.000738356,,,,,,,,,,,,
21.75,168,168,168,168,11.80048581,0.976213376,-0.066467285,0.009765625,1,1,1,3,0.035644531,0,0,0,0,,,,,5.070611477,0.380185366,0.197131395,0,-0.380062654,-0.197367876,0,0,165,0,0,165,165,165,0,0,0.505204104,0.000738525,,,,,,,,,,,,
21.76,168,168,168,168,11.80041569,0.976202373,-0.066467285,0.009765625,1,1,1,3,0.035644531,0,0,0,0,,,,,5.070611477,0.380185366,0.197131395,0,-0.380062654,-0.197367876,0,0,165,0,0,165,165,165,0,0,0.505195277,0.000738525,,,,,,,,,,,,
21.77,168,168,168,168,11.80034561,0.976191371,-0.066467285,0.009765625,1,1,1,3,0.035644531,0,0,0,0,,,,,5.070611477,0.380185366,0.197131395,0,-0.380062654,-0.197367876,0,0,165,0,0,165,165,165,0,0,0.505186451,0.000738525,,,,,,,,,,,,
21.78,178,178,178,178,11.75973634,0.976180368,-0.066482544,0.009765625,1,1,1,3,0.035644531,0,0,0,0,,,,,5.065326691,0.380185366,0.197131395,0,-0.380062654,-0.197367876,0,0,174,0,0,174,174,174,0,0,0.546366257,0.000738695,,,,,,,,,,,,
21.79,168,168,168,168,11.80015755,0.976168163,-0.066497803,0.009765625,1,1,1,3,0.035644531,0,0,0,0,,,,,5.065326691,0.380185366,0.197131395,0,-0.380062654,-0.197367876,0,0,165,0,0,165,165,165,0,0,0.505400998,0.000738864,,,,,,,,,,,,
21.8,168,168,168,168,11.80008765,0.97615716,-0.066497803,0.009765625,1,1,1,3,0.035644531,0,0,0,0,,,,,5.065326691,0.380185366,0.197131395,0,-0.380062654,-0.197367876,0,0,165,0,0,165,165,165,0,0,0.505392832,0.000738864,,,,,,,,,,,,
21.81,168,168,168,168,11.80001779,0.976146157,-0.066497803,0.009765625,1,1,1,3,0.035644531,0,0,0,0,,,,,5.065326691,0.380185366,0.197131395,0,-0.380062654,-0.197367876,0,0,165,0,0,165,165,165,0,0,0.505384667,0.000738864,,,,,,,,,,,,
21.82,168,168,168,168,11.79994797,0.976135155,-0.066513062,0.009765625,1,1,1,3,0.035644531,0,0,0,0,,,,,5.065326691,0.380185366,0.197131395,0,-0.380062654,-0.197367876,0,0,165,0,0,165,165,165,0,0,0.505376501,0.000739034,,,,,,,,,,,,
21.83,168,168,168,168,11.79987819,0.976124152,-0.066513062,0.009765625,1,1,1,3,0.035644531,0,0,0,0,,,,,5.065326691,0.380185366,0.197131395,0,-0.380062654,-0.197367876,0,0,165,0,0,165,165,165,0,0,0.505368335,0.000739034,,,,,,,,,,,,
21.84,168,168,168,168,11.79980846,0.976113149,-0.066513062,0.009765625,1,1,1,3,0.035644531,0,0,0,0,,,,,5.065326691,0.380185366,0.197131395,0,-0.380062654,-0.197367876,0,0,165,0,0,165,165,165,0,0,0.505360169,0.000739034,,,,,,,,,,,,
21.85,168,168,168,168,11.79973876,0.976102147,-0.06652832,0.009765625,1,1,1,3,0.035644531,0,0,0,0,,,,,5.065326691,0.380185366,0.197131395,0,-0.380062654,-0.197367876,0,0,165,0,0,165,165,165,0,0,0.505352003,0.000739204,,,,,,,,,,,,
21.86,168,168,168,168,11.79966911,0.976091144,-0.06652832,0.009765625,1,1,1,3,0.035644531,0,0,0,0,,,,,5.065326691,0.380185366,0.197131395,0,-0.380062654,-0.197367876,0,0,165,0,0,165,165,165,0,0,0.505343837,0.000739204,,,,,,,,,,,,
21.87,168,168,168,168,11.79959951,0.976080142,-0.06652832,0.009765625,1,1,1,3,0.035644531,0,0,0,0,,,,,5.065326691,0.380185366,0.197131395,0,-0.380062654,-0.197367876,0,0,165,0,0,165,165,165,0,0,0.505335672,0.000739204,,,,,,,,,,,,
21.88,168,168,168,168,11.79952994,0.976069139,-0.066543579,0.009765625,1,1,1,3,0.035644531,0,0,0,0,,,,,5.065326691,0.380185366,0.197131395,0,-0.380062654,-0.197367876,0,0,165,0,0,165,165,165,0,0,0.505327506,0.000739373,,,,,,,,,,,,
21.89,168,168,168,168,11.79946042,0.976058136,-0.066543579,0.009765625,1,1,1,3,0.035644531,0,0,0,0,,,,,5.065326691,0.380185366,0.197131395,0,-0.380062654,-0.197367876,0,0,165,0,0,165,165,165,0,0,0.50531934,0.000739373,,,,,,,,,,,,
21.9,168,168,168,168,11.79939093,0.976047134,-0.066558838,0.00982666,1,1,1,3,0.035644531,0,0,0,0,,,,,5.065326691,0.380185366,0.197131395,0,-0.380062654,-0.197367876,0,0,165,0,0,165,165,165,0,0,0.505311174,0.000739543,,,,,,,,,,,,
21.91,168,168,168,168,11.79932149,0.976036131,-0.066558838,0.00982666,1,1,1,3,0.035644531,0,0,0,0,,,,,5.065326691,0.380185366,0.197131395,0,-0.380062654,-0.197367876,0,0,165,0,0,165,165,165,0,0,0.505303008,0.000739543,,,,,,,,,,,,
21.92,168,168,168,168,11.79925209,0.976025129,-0.066558838,0.00982666,1,1,1,3,0.035644531,0,0,0,0,,,,,5.065326691,0.381743282,0.20931077,0,-0.381612993,-0.209548218,0.243606831,0,165,0,0,165,165,165,0,0,0.505294842,0.000739543,,,,,,,,,,,,
21.93,168,168,168,168,11.79918274,0.976014126,-0.066558838,0.00982666,1,1,1,3,0.035644531,0,0,0,0,,,,,5.065326691,0.381743282,0.20931077,0,-0.381612993,-0.209548218,0,0,165,0,0,165,165,165,0,0,0.505286677,0.000739543,,,,,,,,,,,,
21.94,168,168,168,168,11.79911342,0.976003123,-0.066574097,0.00982666,1,1,1,3,0.035644531,0,0,0,0,,,,,5.065326691,0.381743282,0.20931077,0,-0.381612993,-0.209548218,0,0,165,0,0,165,165,165,0,0,0.505278511,0.000739712,,,,,,,,,,,,
21.95,168,168,168,168,11.79904415,0.975992121,-0.066589355,0.00982666,1,1,1,3,0.035644531,0,0,0,0,,,,,5.065326691,0.381743282,0.20931077,0,-0.381612993,-0.209548218,0,0,165,0,0,165,165,165,0,0,0.505270345,0.000739882,,,,,,,,,,,,
21.96,168,168,168,168,11.79897492,0.975981118,-0.066589355,0.009887695,1,1,1,3,0.035644531,0,0,0,0,,,,,5.065326691,0.381743282,0.20931077,0,-0.381612993,-0.209548218,0,0,165,0,0,165,165,165,0,0,0.505262179,0.000739882,,,,,,,,,,,,
21.97,168,168,168,168,11.79890573,0.975970116,-0.066589355,0.009887695,1,1,1,3,0.035644531,0,0,0,0,,,,,5.065326691,0.381743282,0.20931077,0,-0.381612993,-0.209548218,0,0,165,0,0,165,165,165,0,0,0.505254013,0.000739882,,,,,,,,,,,,
21.98,168,168,168,168,11.79883658,0.975959113,-0.066604614,0.009887695,1,1,1,3,0.035644531,0,0,0,0,,,,,5.065326691,0.381743282,0.20931077,0,-0.381612993,-0.209548218,0,0,165,0,0,165,165,165,0,0,0.505245847,0.000740051,,,,,,,,,,,,
21.99,168,168,168,168,11.79876748,0.97594811,-0.066604614,0.009887695,1,1,1,3,0.035644531,0,0,0,0,,,,,5.065326691,0.381743282,0.20931077,0,-0.381612993,-0.209548218,0,0,165,0,0,165,165,165,0,0,0.505237682,0.000740051,,,,,,,,,,,,
22,168,168,168,168,11.79869841,0.975937108,-0.066619873,0.009887695,1,1,1,3,0.035644531,0,0,0,0,,,,,5.065326691,0.381743282,0.20931077,0,-0.381612993,-0.209548218,0,0,165,0,0,165,165,165,0,0,0.505229516,0.000740221,,,,,,,,,,,,
22.01,168,168,168,168,11.79862939,0.975926105,-0.066619873,0.009887695,1,1,1,3,0.035644531,0,0,0,0,,,,,5.065326691,0.381743282,0.20931077,0,-0.381612993,-0.209548218,0,0,165,0,0,165,165,165,0,0,0.50522135,0.000740221,,,,,,,,,,,,
22.02,168,168,168,168,11.79856041,0.975915102,-0.066619873,0.009887695,1,1,1,3,0.035644531,0,0,0,0,,,,,5.065326691,0.381743282,0.20931077,0,-0.381612993,-0.209548218,0,0,165,0,0,165,165,165,0,0,0.505213184,0.000740221,,,,,,,,,,,,
22.03,168,168,168,168,11.79849147,0.9759041,-0.066635132,0.009887695,1,1,1,3,0.035644531,0,0,0,0,,,,,5.065326691,0.381743282,0.20931077,0,-0.381612993,-0.209548218,0,0,165,0,0,165,165,165,0,0,0.505205018,0.00074039,,,,,,,,,,,,
22.04,168,168,168,168,11.79842257,0.975893097,-0.066635132,0.009887695,1,1,1,3,0.035644531,0,0,0,0,,,,,5.065326691,0.381743282,0.20931077,0,-0.381612993,-0.209548218,0,0,165,0,0,165,165,165,0,0,0.505196852,0.00074039,,,,,,,,,,,,
22.05,168,168,168,168,11.79835371,0.975882095,-0.066635132,0.009887695,1,1,1,3,0.035644531,0,0,0,0,,,,,5.065326691,0.381743282,0.20931077,0,-0.381612993,-0.209548218,0,0,165,0,0,165,165,165,0,0,0.505188687,0.00074039,,,,,,,,,,,,
22.06,168,168,168,168,11.79828489,0.975871092,-0.066635132,0.009887695,1,1,1,3,0.035644531,0,0,0,0,,,,,5.065326691,0.381743282,0.20931077,0,-0.381612993,-0.209548218,0,0,165,0,0,165,165,165,0,0,0.505180521,0.00074039,,,,,,,,,,,,
22.07,168,168,168,168,11.79821612,0.975860089,-0.066650391,0.009887695,1,1,1,3,0.035644531,0,0,0,0,,,,,5.065326691,0.381743282,0.20931077,0,-0.381612993,-0.209548218,0,0,165,0,0,165,165,165,0,0,0.505172355,0.00074056,,,,,,,,,,,,
22.08,178,178,178,178,11.75760815,0.975849087,-0.066650391,0.009887695,1,1,1,3,0.035644531,0,0,0,0,,,,,5.060041904,0.381743282,0.20931077,0,-0.381612993,-0.209548218,0,0,174,0,0,174,174,174,0,0,0.546352822,0.00074056,,,,,,,,,,,,
22.09,168,168,168,168,11.79803066,0.975836881,-0.066650391,0.009887695,1,1,1,3,0.035644531,0,0,0,0,,,,,5.060041904,0.381743282,0.20931077,0,-0.381612993,-0.209548218,0,0,165,0,0,165,165,165,0,0,0.505388223,0.00074056,,,,,,,,,,,,
22.1,168,168,168,168,11.79796206,0.975825879,-0.066665649,0.009887695,1,1,1,3,0.035644531,0,0,0,0,,,,,5.060041904,0.381743282,0.20931077,0,-0.381612993,-0.209548218,0,0,165,0,0,165,165,165,0,0,0.505380718,0.000740729,,,,,,,,,,,,
22.11,168,168,168,168,11.79789349,0.975814876,-0.066665649,0.009887695,1,1,1,3,0.035644531,0,0,0,0,,,,,5.060041904,0.381743282,0.20931077,0,-0.381612993,-0.209548218,0,0,165,0,0,165,165,165,0,0,0.505373213,0.000740729,,,,,,,,,,,,
22.12,168,168,168,168,11.79782497,0.975803873,-0.066680908,0.009887695,1,1,1,3,0.035644531,0,0,0,0,,,,,5.060041904,0.383249521,0.221017599,0,-0.383111949,-0.221255981,0.234155277,0,165,0,0,165,165,165,0,0,0.505365708,0.000740899,,,,,,,,,,,,
22.13,168,168,168,168,11.79775649,0.975792871,-0.066680908,0.009887695,1,1,1,3,0.035644531,0,0,0,0,,,,,5.060041904,0.383249521,0.221017599,0,-0.383111949,-0.221255981,0,0,165,0,0,165,165,165,0,0,0.505358203,0.000740899,,,,,,,,,,,,
22.14,168,168,168,168,11.79768804,0.975781868,-0.066696167,0.009887695,1,1,1,3,0.035644531,0,0,0,0,,,,,5.060041904,0.383249521,0.221017599,0,-0.383111949,-0.221255981,0,0,165,0,0,165,165,165,0,0,0.505350697,0.000741069,,,,,,,,,,,,
22.15,168,168,168,168,11.79761964,0.975770865,-0.066696167,0.009887695,1,1,1,3,0.035644531,0,0,0,0,,,,,5.060041904,0.383249521,0.221017599,0,-0.383111949,-0.221255981,0,0,165,0,0,165,165,165,0,0,0.505343192,0.000741069,,,,,,,,,,,,
22.16,168,168,168,168,11.79755128,0.975759863,-0.066696167,0.00994873,1,1,1,3,0.035644531,0,0,0,0,,,,,5.060041904,0.383249521,0.221017599,0,-0.383111949,-0.221255981,0,0,165,0,0,165,165,165,0,0,0.505335687,0.000741069,,,,,,,,,,,,
22.17,168,168,168,168,11.79748296,0.97574886,-0.066711426,0.00994873,1,1,1,3,0.035644531,0,0,0,0,,,,,5.060041904,0.383249521,0.221017599,0,-0.383111949,-0.221255981,0,0,165,0,0,165,165,165,0,0,0.505328182,0.000741238,,,,,,,,,,,,
22.18,168,168,168,168,11.79741469,0.975737858,-0.066711426,0.00994873,1,1,1,3,0.035644531,0,0,0,0,,,,,5.060041904,0.383249521,0.221017599,0,-0.383111949,-0.221255981,0,0,165,0,0,165,165,165,0,0,0.505320676,0.000741238,,,,,,,,,,,,
22.19,168,168,168,168,11.79734645,0.975726855,-0.066711426,0.00994873,1,1,1,3,0.035644531,0,0,0,0,,,,,5.060041904,0.383249521,0.221017599,0,-0.383111949,-0.221255981,0,0,165,0,0,165,165,165,0,0,0.505313171,0.000741238,,,,,,,,,,,,
22.2,168,168,168,168,11.79727825,0.975715852,-0.066726685,0.00994873,1,1,1,3,0.035644531,0,0,0,0,,,,,5.060041904,0.383249521,0.221017599,0,-0.383111949,-0.221255981,0,0,165,0,0,165,165,165,0,0,0.505305666,0.000741408,,,,,,,,,,,,
22.21,168,168,168,168,11.79721009,0.97570485,-0.066726685,0.00994873,1,1,1,3,0.035644531,0,0,0,0,,,,,5.060041904,0.383249521,0.221017599,0,-0.383111949,-0.221255981,0,0,165,0,0,165,165,165,0,0,0.505298161,0.000741408,,,,,,,,,,,,
22.22,168,168,168,168,11.79714198,0.975693847,-0.066726685,0.00994873,1,1,1,3,0.035644531,0,0,0,0,,,,,5.060041904,0.383249521,0.221017599,0,-0.383111949,-0.221255981,0,0,165,0,0,165,165,165,0,0,0.505290655,0.000741408,,,,,,,,,,,,
22.23,168,168,168,168,11.7970739,0.975682845,-0.066741943,0.00994873,1,1,1,3,0.035644531,0,0,0,0,,,,,5.060041904,0.383249521,0.221017599,0,-0.383111949,-0.221255981,0,0,165,0,0,165,165,165,0,0,0.50528315,0.000741577,,,,,,,,,,,,
22.24,168,168,168,168,11.79700587,0.975671842,-0.066741943,0.00994873,1,1,1,3,0.035644531,0,0,0,0,,,,,5.060041904,0.383249521,0.221017599,0,-0.383111949,-0.221255981,0,0,165,0,0,165,165,165,0,0,0.505275645,0.000741577,,,,,,,,,,,,
22.25,168,168,168,168,11.79693787,0.975660839,-0.066741943,0.010009766,1,1,1,3,0.035644531,0,0,0,0,,,,,5.060041904,0.383249521,0.221017599,0,-0.383111949,-0.221255981,0,0,165,0,0,165,165,165,0,0,0.50526814,0.000741577,,,,,,,,,,,,
22.26,173,173,173,173,11.77461386,0.975649837,-0.066757202,0.010009766,1,1,1,3,0.035644531,0,0,0,0,,,,,5.05739975,0.383249521,0.221017599,0,-0.383111949,-0.221255981,0,0,170,0,0,170,170,170,0,0,0.525853093,0.000741747,,,,,,,,,,,,
22.27,168,168,168,168,11.79677564,0.975638174,-0.066757202,0.010009766,1,1,1,3,0.035644531,0,0,0,0,,,,,5.05739975,0.383249521,0.221017599,0,-0.383111949,-0.221255981,0,0,165,0,0,165,165,165,0,0,0.505369219,0.000741747,,,,,,,,,,,,
22.28,168,168,168,168,11.79670779,0.975627171,-0.066772461,0.010009766,1,1,1,3,0.035644531,0,0,0,0,,,,,5.05739975,0.383249521,0.221017599,0,-0.383111949,-0.221255981,0,0,165,0,0,165,165,165,0,0,0.505362044,0.000741916,,,,,,,,,,,,
22.29,168,168,168,168,11.79663998,0.975616168,-0.066772461,0.010009766,1,1,1,3,0.035644531,0,0,0,0,,,,,5.05739975,0.383249521,0.221017599,0,-0.383111949,-0.221255981,0,0,165,0,0,165,165,165,0,0,0.505354869,0.000741916,,,,,,,,,,,,
22.3,168,168,168,168,11.79657222,0.975605166,-0.066772461,0.010009766,1,1,1,3,0.035644531,0,0,0,0,,,,,5.05739975,0.383249521,0.221017599,0,-0.383111949,-0.221255981,0,0,165,0,0,165,165,165,0,0,0.505347694,0.000741916,,,,,,,,,,,,
22.31,168,168,168,168,11.79650449,0.975594163,-0.06678772,0.010009766,1,1,1,3,0.035644531,0,0,0,0,,,,,5.05739975,0.384854555,0.233419418,0,-0.384709267,-0.233658797,0.248056307,0,165,0,0,165,165,165,0,0,0.505340519,0.000742086,,,,,,,,,,,,
22.32,168,168,168,168,11.7964368,0.975583161,-0.06678772,0.010009766,1,1,1,3,0.035644531,0,0,0,0,,,,,5.05739975,0.384854555,0.233419418,0,-0.384709267,-0.233658797,0,0,165,0,0,165,165,165,0,0,0.505333344,0.000742086,,,,,,,,,,,,
22.33,168,168,168,168,11.79636915,0.975572158,-0.06678772,0.010009766,1,1,1,3,0.035644531,0,0,0,0,,,,,5.05739975,0.384854555,0.233419418,0,-0.384709267,-0.233658797,0,0,165,0,0,165,165,165,0,0,0.505326169,0.000742086,,,,,,,,,,,,
22.34,168,168,168,168,11.79630155,0.975561155,-0.066802979,0.010009766,1,1,1,3,0.035644531,0,0,0,0,,,,,5.05739975,0.384854555,0.233419418,0,-0.384709267,-0.233658797,0,0,165,0,0,165,165,165,0,0,0.505318994,0.000742255,,,,,,,,,,,,
22.35,168,168,168,168,11.79623398,0.975550153,-0.066802979,0.010009766,1,1,1,3,0.035644531,0,0,0,0,,,,,5.05739975,0.384854555,0.233419418,0,-0.384709267,-0.233658797,0,0,165,0,0,165,165,165,0,0,0.505311819,0.000742255,,,,,,,,,,,,
22.36,168,168,168,168,11.79616645,0.97553915,-0.066818237,0.010009766,1,1,1,3,0.035644531,0,0,0,0,,,,,5.05739975,0.384854555,0.233419418,0,-0.384709267,-0.233658797,0,0,165,0,0,165,165,165,0,0,0.505304644,0.000742425,,,,,,,,,,,,
22.37,168,168,168,168,11.79609897,0.975528148,-0.066818237,0.010009766,1,1,1,3,0.035644531,0,0,0,0,,,,,5.05739975,0.384854555,0.233419418,0,-0.384709267,-0.233658797,0,0,165,0,0,165,165,165,0,0,0.505297469,0.000742425,,,,,,,,,,,,
22.38,168,168,168,168,11.79603152,0.975517145,-0.066818237,0.010009766,1,1,1,3,0.035644531,0,0,0,0,,,,,5.05739975,0.384854555,0.233419418,0,-0.384709267,-0.233658797,0,0,165,0,0,165,165,165,0,0,0.505290294,0.000742425,,,,,,,,,,,,
22.39,168,168,168,168,11.79596411,0.975506142,-0.066818237,0.010009766,1,1,1,3,0.035644531,0,0,0,0,,,,,5.05739975,0.384854555,0.233419418,0,-0.384709267,-0.233658797,0,0,165,0,0,165,165,165,0,0,0.505283119,0.000742425,,,,,,,,,,,,
22.4,168,168,168,168,11.79589675,0.97549514,-0.066833496,0.010009766,1,1,1,3,0.035644531,0,0,0,0,,,,,5.05739975,0.384854555,0.233419418,0,-0.384709267,-0.233658797,0,0,165,0,0,165,165,165,0,0,0.505275944,0.000742594,,,,,,,,,,,,
22.41,168,168,168,168,11.79582942,0.975484137,-0.066833496,0.010009766,1,1,1,3,0.035644531,0,0,0,0,,,,,5.05739975,0.384854555,0.233419418,0,-0.384709267,-0.233658797,0,0,165,0,0,165,165,165,0,0,0.505268769,0.000742594,,,,,,,,,,,,
22.42,178,178,178,178,11.75522289,0.975473135,-0.066833496,0.010009766,1,1,1,3,0.035644531,0,0,0,0,,,,,5.052114964,0.384854555,0.233419418,0,-0.384709267,-0.233658797,0,0,174,0,0,174,174,174,0,0,0.546450227,0.000742594,,,,,,,,,,,,
22.43,168,168,168,168,11.79564685,0.975460929,-0.066848755,0.010009766,1,1,1,3,0.035644531,0,0,0,0,,,,,5.052114964,0.384854555,0.233419418,0,-0.384709267,-0.233658797,0,0,165,0,0,165,165,165,0,0,0.50548662,0.000742764,,,,,,,,,,,,
22.44,168,168,168,168,11.79557969,0.975449926,-0.066848755,0.010009766,1,1,1,3,0.035644531,0,0,0,0,,,,,5.052114964,0.384854555,0.233419418,0,-0.384709267,-0.233658797,0,0,165,0,0,165,165,165,0,0,0.505480105,0.000742764,,,,,,,,,,,,
22.45,168,168,168,168,11.79551257,0.975438924,-0.066848755,0.010009766,1,1,1,3,0.035644531,0,0,0,0,,,,,5.052114964,0.384854555,0.233419418,0,-0.384709267,-0.233658797,0,0,165,0,0,165,165,165,0,0,0.505473591,0.000742764,,,,,,,,,,,,
22.46,168,168,168,168,11.79544549,0.975427921,-0.066864014,0.010070801,1,1,1,3,0.035644531,0,0,0,0,,,,,5.052114964,0.384854555,0.233419418,0,-0.384709267,-0.233658797,0,0,165,0,0,165,165,165,0,0,0.505467077,0.000742933,,,,,,,,,,,,
22.47,168,168,168,168,11.79537844,0.975416918,-0.066864014,0.010070801,1,1,1,3,0.035644531,0,0,0,0,,,,,5.052114964,0.384854555,0.233419418,0,-0.384709267,-0.233658797,0,0,165,0,0,165,165,165,0,0,0.505460562,0.000742933,,,,,,,,,,,,
22.48,168,168,168,168,11.79531144,0.975405916,-0.066864014,0.010070801,1,1,1,3,0.035644531,0,0,0,0,,,,,5.052114964,0.384854555,0.233419418,0,-0.384709267,-0.233658797,0,0,165,0,0,165,165,165,0,0,0.505454048,0.000742933,,,,,,,,,,,,
22.49,168,168,168,168,11.79524447,0.975394913,-0.066879272,0.010070801,1,1,1,3,0.035644531,0,0,0,0,,,,,5.052114964,0.384854555,0.233419418,0,-0.384709267,-0.233658797,0,0,165,0,0,165,165,165,0,0,0.505447533,0.000743103,,,,,,,,,,,,
22.5,168,168,168,168,11.79517755,0.975383911,-0.066879272,0.010070801,1,1,1,3,0.035644531,0,0,0,0,,,,,5.052114964,0.384854555,0.233419418,0,-0.384709267,-0.233658797,0,0,165,0,0,165,165,165,0,0,0.505441019,0.000743103,,,,,,,,,,,,
22.51,168,168,168,168,11.79511066,0.975372908,-0.066879272,0.010070801,1,1,1,3,0.035644531,0,0,0,0,,,,,5.052114964,0.386405528,0.24533391,0,-0.386252827,-0.245574251,0.238309085,0,165,0,0,165,165,165,0,0,0.505434505,0.000743103,,,,,,,,,,,,
22.52,168,168,168,168,11.79504381,0.975361905,-0.066879272,0.010070801,1,1,1,3,0.035644531,0,0,0,0,,,,,5.052114964,0.386405528,0.24533391,0,-0.386252827,-0.245574251,0,0,165,0,0,165,165,165,0,0,0.50542799,0.000743103,,,,,,,,,,,,
22.53,168,168,168,168,11.794977,0.975350903,-0.066894531,0.010131836,1,1,1,3,0.035644531,0,0,0,0,,,,,5.052114964,0.386405528,0.24533391,0,-0.386252827,-0.245574251,0,0,165,0,0,165,165,165,0,0,0.505421476,0.000743273,,,,,,,,,,,,
22.54,168,168,168,168,11.79491024,0.9753399,-0.066894531,0.010131836,1,1,1,3,0.035644531,0,0,0,0,,,,,5.052114964,0.386405528,0.24533391,0,-0.386252827,-0.245574251,0,0,165,0,0,165,165,165,0,0,0.505414962,0.000743273,,,,,,,,,,,,
22.55,168,168,168,168,11.79484351,0.975328898,-0.06690979,0.010131836,1,1,1,3,0.035644531,0,0,0,0,,,,,5.052114964,0.386405528,0.24533391,0,-0.386252827,-0.245574251,0,0,165,0,0,165,165,165,0,0,0.505408447,0.000743442,,,,,,,,,,,,
22.56,168,168,168,168,11.79477682,0.975317895,-0.06690979,0.010131836,1,1,1,3,0.035644531,0,0,0,0,,,,,5.052114964,0.386405528,0.24533391,0,-0.386252827,-0.245574251,0,0,165,0,0,165,165,165,0,0,0.505401933,0.000743442,,,,,,,,,,,,
22.57,178,178,178,178,11.75417093,0.975306892,-0.066925049,0.010131836,1,1,1,3,0.035644531,0,0,0,0,,,,,5.046830654,0.386405528,0.24533391,0,-0.386252827,-0.245574251,0,0,174,0,0,174,174,174,0,0,0.546580335,0.000743612,,,,,,,,,,,,
22.58,168,168,168,168,11.79459553,0.975294687,-0.066925049,0.010131836,1,1,1,3,0.035644531,0,0,0,0,,,,,5.046830654,0.386405528,0.24533391,0,-0.386252827,-0.245574251,0,0,165,0,0,165,165,165,0,0,0.505621083,0.000743612,,,,,,,,,,,,
22.59,168,168,168,168,11.794529,0.975283684,-0.066925049,0.010131836,1,1,1,3,0.035644531,0,0,0,0,,,,,5.046830654,0.386405528,0.24533391,0,-0.386252827,-0.245574251,0,0,165,0,0,165,165,165,0,0,0.50561523,0.000743612,,,,,,,,,,,,
22.6,168,168,168,168,11.79446251,0.975272681,-0.066940308,0.010131836,1,1,1,3,0.035644531,0,0,0,0,,,,,5.046830654,0.386405528,0.24533391,0,-0.386252827,-0.245574251,0,0,165,0,0,165,165,165,0,0,0.505609376,0.000743781,,,,,,,,,,,,
22.61,168,168,168,168,11.79439606,0.975261679,-0.066940308,0.010131836,1,1,1,3,0.035644531,0,0,0,0,,,,,5.046830654,0.386405528,0.24533391,0,-0.386252827,-0.245574251,0,0,165,0,0,165,165,165,0,0,0.505603522,0.000743781,,,,,,,,,,,,
22.62,168,168,168,168,11.79432965,0.975250676,-0.066940308,0.010131836,1,1,1,3,0.035644531,0,0,0,0,,,,,5.046830654,0.386405528,0.24533391,0,-0.386252827,-0.245574251,0,0,165,0,0,165,165,165,0,0,0.505597668,0.000743781,,,,,,,,,,,,
22.63,168,168,168,168,11.79426328,0.975239674,-0.066955566,0.010131836,1,1,1,3,0.035644531,0,0,0,0,,,,,5.046830654,0.386405528,0.24533391,0,-0.386252827,-0.245574251,0,0,165,0,0,165,165,165,0,0,0.505591814,0.000743951,,,,,,,,,,,,
22.64,168,168,168,168,11.79419695,0.975228671,-0.066955566,0.010131836,1,1,1,3,0.035644531,0,0,0,0,,,,,5.046830654,0.386405528,0.24533391,0,-0.386252827,-0.245574251,0,0,165,0,0,165,165,165,0,0,0.50558596,0.000743951,,,,,,,,,,,,
22.65,168,168,168,168,11.79413065,0.975217668,-0.066955566,0.010131836,1,1,1,3,0.035644531,0,0,0,0,,,,,5.046830654,0.386405528,0.24533391,0,-0.386252827,-0.245574251,0,0,165,0,0,165,165,165,0,0,0.505580107,0.000743951,,,,,,,,,,,,
22.66,168,168,168,168,11.7940644,0.975206666,-0.066955566,0.010131836,1,1,1,3,0.035644531,0,0,0,0,,,,,5.046830654,0.386405528,0.24533391,0,-0.386252827,-0.245574251,0,0,165,0,0,165,165,165,0,0,0.505574253,0.000743951,,,,,,,,,,,,
22.67,168,168,168,168,11.79399818,0.975195663,-0.066970825,0.010131836,1,1,1,3,0.035644531,0,0,0,0,,,,,5.046830654,0.386405528,0.24533391,0,-0.386252827,-0.245574251,0,0,165,0,0,165,165,165,0,0,0.505568399,0.00074412,,,,,,,,,,,,
22.68,168,168,168,168,11.793932,0.97518466,-0.066970825,0.010131836,1,1,1,3,0.035644531,0,0,0,0,,,,,5.046830654,0.386405528,0.24533391,0,-0.386252827,-0.245574251,0,0,165,0,0,165,165,165,0,0,0.505562545,0.00074412,,,,,,,,,,,,
22.69,168,168,168,168,11.79386586,0.975173658,-0.066986084,0.010131836,1,1,1,3,0.035644531,0,0,0,0,,,,,5.046830654,0.38805753,0.257950544,0,-0.38789698,-0.258191911,0.252353193,0,165,0,0,165,165,165,0,0,0.505556691,0.00074429,,,,,,,,,,,,
22.7,168,168,168,168,11.79379976,0.975162655,-0.066986084,0.010131836,1,1,1,3,0.035644531,0,0,0,0,,,,,5.046830654,0.38805753,0.257950544,0,-0.38789698,-0.258191911,0,0,165,0,0,165,165,165,0,0,0.505550837,0.00074429,,,,,,,,,,,,
22.71,168,168,168,168,11.7937337,0.975151653,-0.066986084,0.010131836,1,1,1,3,0.035644531,0,0,0,0,,,,,5.046830654,0.38805753,0.257950544,0,-0.38789698,-0.258191911,0,0,165,0,0,165,165,165,0,0,0.505544984,0.00074429,,,,,,,,,,,,
22.72,168,168,168,168,11.79366768,0.97514065,-0.066986084,0.010131836,1,1,1,3,0.035644531,0,0,0,0,,,,,5.046830654,0.38805753,0.257950544,0,-0.38789698,-0.258191911,0,0,165,0,0,165,165,165,0,0,0.50553913,0.00074429,,,,,,,,,,,,
22.73,178,178,178,178,11.75306245,0.975129647,-0.067001343,0.010131836,1,1,1,3,0.035644531,0,0,0,0,,,,,5.041545868,0.38805753,0.257950544,0,-0.38789698,-0.258191911,0,0,174,0,0,174,174,174,0,0,0.546721909,0.000744459,,,,,,,,,,,,
22.74,169,169,169,169,11.78908965,0.975117442,-0.067001343,0.010192871,1,1,1,3,0.035644531,0,0,0,0,,,,,5.041545868,0.38805753,0.257950544,0,-0.38789698,-0.258191911,0,0,166,0,0,166,166,166,0,0,0.505759622,0.000744459,,,,,,,,,,,,
22.75,169,169,169,169,11.78901858,0.975106309,-0.067001343,0.010192871,1,1,1,3,0.035644531,0,0,0,0,,,,,5.041545868,0.38805753,0.257950544,0,-0.38789698,-0.258191911,0,0,166,0,0,166,166,166,0,0,0.505754429,0.000744459,,,,,,,,,,,,
22.76,169,169,169,169,11.78894755,0.975095175,-0.067016602,0.010192871,1,1,1,3,0.035644531,0,0,0,0,,,,,5.041545868,0.38805753,0.257950544,0,-0.38789698,-0.258191911,0,0,166,0,0,166,166,166,0,0,0.505749236,0.000744629,,,,,,,,,,,,
22.77,169,169,169,169,11.78887656,0.975084042,-0.067016602,0.010192871,1,1,1,3,0.035644531,0,0,0,0,,,,,5.041545868,0.38805753,0.257950544,0,-0.38789698,-0.258191911,0,0,166,0,0,166,166,166,0,0,0.505744043,0.000744629,,,,,,,,,,,,
22.78,169,169,169,169,11.78880562,0.975072909,-0.067016602,0.010192871,1,1,1,3,0.035644531,0,0,0,0,,,,,5.041545868,0.38805753,0.257950544,0,-0.38789698,-0.258191911,0,0,166,0,0,166,166,166,0,0,0.505738849,0.000744629,,,,,,,,,,,,
22.79,169,169,169,169,11.78873472,0.975061776,-0.067016602,0.010192871,1,1,1,3,0.035644531,0,0,0,0,,,,,5.041545868,0.38805753,0.257950544,0,-0.38789698,-0.258191911,0,0,166,0,0,166,166,166,0,0,0.505733656,0.000744629,,,,,,,,,,,,
22.8,169,169,169,169,11.78866386,0.975050643,-0.067016602,0.010192871,1,1,1,3,0.035644531,0,0,0,0,,,,,5.041545868,0.38805753,0.257950544,0,-0.38789698,-0.258191911,0,0,166,0,0,166,166,166,0,0,0.505728463,0.000744629,,,,,,,,,,,,
22.81,169,169,169,169,11.78859304,0.97503951,-0.06703186,0.010253906,1,1,1,3,0.035644531,0,0,0,0,,,,,5.041545868,0.38805753,0.257950544,0,-0.38789698,-0.258191911,0,0,166,0,0,166,166,166,0,0,0.50572327,0.000744798,,,,,,,,,,,,
22.82,169,169,169,169,11.78852227,0.975028377,-0.06703186,0.010253906,1,1,1,3,0.035644531,0,0,0,0,,,,,5.041545868,0.38805753,0.257950544,0,-0.38789698,-0.258191911,0,0,166,0,0,166,166,166,0,0,0.505718077,0.000744798,,,,,,,,,,,,
22.83,169,169,169,169,11.78845154,0.975017244,-0.067047119,0.010253906,1,1,1,3,0.035644531,0,0,0,0,,,,,5.041545868,0.38805753,0.257950544,0,-0.38789698,-0.258191911,0,0,166,0,0,166,166,166,0,0,0.505712883,0.000744968,,,,,,,,,,,,
22.84,169,169,169,169,11.78838086,0.97500611,-0.067047119,0.010253906,1,1,1,3,0.035644531,0,0,0,0,,,,,5.041545868,0.38805753,0.257950544,0,-0.38789698,-0.258191911,0,0,166,0,0,166,166,166,0,0,0.50570769,0.000744968,,,,,,,,,,,,
22.85,169,169,169,169,11.78831021,0.974994977,-0.067047119,0.010253906,1,1,1,3,0.035644531,0,0,0,0,,,,,5.041545868,0.38805753,0.257950544,0,-0.38789698,-0.258191911,0,0,166,0,0,166,166,166,0,0,0.505702497,0.000744968,,,,,,,,,,,,
22.86,169,169,169,169,11.78823961,0.974983844,-0.067062378,0.010253906,1,1,1,3,0.035644531,0,0,0,0,,,,,5.041545868,0.38805753,0.257950544,0,-0.38789698,-0.258191911,0,0,166,0,0,166,166,166,0,0,0.505697304,0.000745138,,,,,,,,,,,,
22.87,169,169,169,169,11.78816905,0.974972711,-0.067062378,0.010253906,1,1,1,3,0.035644531,0,0,0,0,,,,,5.041545868,0.38805753,0.257950544,0,-0.38789698,-0.258191911,0,0,166,0,0,166,166,166,0,0,0.50569211,0.000745138,,,,,,,,,,,,
22.88,169,169,169,169,11.78809854,0.974961578,-0.067062378,0.010253906,1,1,1,3,0.035644531,0,0,0,0,,,,,5.041545868,0.38805753,0.257950544,0,-0.38789698,-0.258191911,0,0,166,0,0,166,166,166,0,0,0.505686917,0.000745138,,,,,,,,,,,,
22.89,173,173,173,173,11.77017007,0.974950445,-0.067077637,0.010253906,1,1,1,3,0.035644531,0,0,0,0,,,,,5.038903713,0.389653087,0.270064116,0,-0.389485,-0.270306472,0.242291229,0,170,0,0,170,170,170,0,0,0.526274182,0.000745307,,,,,,,,,,,,
22.9,169,169,169,169,11.78793648,0.974938782,-0.067077637,0.010253906,1,1,1,3,0.035644531,0,0,0,0,,,,,5.038903713,0.389653087,0.270064116,0,-0.389485,-0.270306472,0,0,166,0,0,166,166,166,0,0,0.50579262,0.000745307,,,,,,,,,,,,
22.91,169,169,169,169,11.78786611,0.974927649,-0.067077637,0.010253906,1,1,1,3,0.035644531,0,0,0,0,,,,,5.038903713,0.389653087,0.270064116,0,-0.389485,-0.270306472,0,0,166,0,0,166,166,166,0,0,0.505787757,0.000745307,,,,,,,,,,,,
22.92,169,169,169,169,11.78779579,0.974916515,-0.067077637,0.010253906,1,1,1,3,0.035644531,0,0,0,0,,,,,5.038903713,0.389653087,0.270064116,0,-0.389485,-0.270306472,0,0,166,0,0,166,166,166,0,0,0.505782894,0.000745307,,,,,,,,,,,,
22.93,169,169,169,169,11.7877255,0.974905382,-0.067092896,0.010253906,1,1,1,3,0.035644531,0,0,0,0,,,,,5.038903713,0.389653087,0.270064116,0,-0.389485,-0.270306472,0,0,166,0,0,166,166,166,0,0,0.505778031,0.000745477,,,,,,,,,,,,
22.94,169,169,169,169,11.78765526,0.974894249,-0.067092896,0.010253906,1,1,1,3,0.035644531,0,0,0,0,,,,,5.038903713,0.389653087,0.270064116,0,-0.389485,-0.270306472,0,0,166,0,0,166,166,166,0,0,0.505773169,0.000745477,,,,,,,,,,,,
22.95,169,169,169,169,11.78758507,0.974883116,-0.067092896,0.010253906,1,1,1,3,0.035644531,0,0,0,0,,,,,5.038903713,0.389653087,0.270064116,0,-0.389485,-0.270306472,0,0,166,0,0,166,166,166,0,0,0.505768306,0.000745477,,,,,,,,,,,,
22.96,169,169,169,169,11.78751491,0.974871983,-0.067108154,0.010253906,1,1,1,3,0.035644531,0,0,0,0,,,,,5.038903713,0.389653087,0.270064116,0,-0.389485,-0.270306472,0,0,166,0,0,166,166,166,0,0,0.505763443,0.000745646,,,,,,,,,,,,
22.97,169,169,169,169,11.7874448,0.97486085,-0.067108154,0.010253906,1,1,1,3,0.035644531,0,0,0,0,,,,,5.038903713,0.389653087,0.270064116,0,-0.389485,-0.270306472,0,0,166,0,0,166,166,166,0,0,0.50575858,0.000745646,,,,,,,,,,,,
22.98,169,169,169,169,11.78737473,0.974849717,-0.067108154,0.010253906,1,1,1,3,0.035644531,0,0,0,0,,,,,5.038903713,0.389653087,0.270064116,0,-0.389485,-0.270306472,0,0,166,0,0,166,166,166,0,0,0.505753717,0.000745646,,,,,,,,,,,,
22.99,169,169,169,169,11.7873047,0.974838583,-0.067123413,0.010253906,1,1,1,3,0.035644531,0,0,0,0,,,,,5.038903713,0.389653087,0.270064116,0,-0.389485,-0.270306472,0,0,166,0,0,166,166,166,0,0,0.505748854,0.000745816,,,,,,,,,,,,
23,169,169,169,169,11.78723471,0.97482745,-0.067123413,0.010253906,1,1,1,3,0.035644531,0,0,0,0,,,,,5.038903713,0.389653087,0.270064116,0,-0.389485,-0.270306472,0,0,166,0,0,166,166,166,0,0,0.505743991,0.000745816,,,,,,,,,,,,
23.01,169,169,169,169,11.78716477,0.974816317,-0.067123413,0.010253906,1,1,1,3,0.035644531,0,0,0,0,,,,,5.038903713,0.389653087,0.270064116,0,-0.389485,-0.270306472,0,0,166,0,0,166,166,166,0,0,0.505739128,0.000745816,,,,,,,,,,,,
23.02,169,169,169,169,11.78709487,0.974805184,-0.067123413,0.010314941,1,1,1,3,0.035644531,0,0,0,0,,,,,5.038903713,0.389653087,0.270064116,0,-0.389485,-0.270306472,0,0,166,0,0,166,166,166,0,0,0.505734265,0.000745816,,,,,,,,,,,,
23.03,169,169,169,169,11.78702501,0.974794051,-0.067138672,0.010314941,1,1,1,3,0.035644531,0,0,0,0,,,,,5.038903713,0.389653087,0.270064116,0,-0.389485,-0.270306472,0,0,166,0,0,166,166,166,0,0,0.505729402,0.000745985,,,,,,,,,,,,
23.04,169,169,169,169,11.78695519,0.974782918,-0.067138672,0.010314941,1,1,1,3,0.035644531,0,0,0,0,,,,,5.038903713,0.389653087,0.270064116,0,-0.389485,-0.270306472,0,0,166,0,0,166,166,166,0,0,0.505724539,0.000745985,,,,,,,,,,,,
23.05,169,169,169,169,11.78688541,0.974771785,-0.067153931,0.010314941,1,1,1,3,0.035644531,0,0,0,0,,,,,5.038903713,0.389653087,0.270064116,0,-0.389485,-0.270306472,0,0,166,0,0,166,166,166,0,0,0.505719676,0.000746155,,,,,,,,,,,,
23.06,169,169,169,169,11.78681568,0.974760652,-0.067153931,0.010314941,1,1,1,3,0.035644531,0,0,0,0,,,,,5.038903713,0.389653087,0.270064116,0,-0.389485,-0.270306472,0,0,166,0,0,166,166,166,0,0,0.505714813,0.000746155,,,,,,,,,,,,
23.07,169,169,169,169,11.78674598,0.974749518,-0.067153931,0.010314941,1,1,1,3,0.035644531,0,0,0,0,,,,,5.038903713,0.391351879,0.282886267,0,-0.391175815,-0.283129678,0.256464111,0,166,0,0,166,166,166,0,0,0.50570995,0.000746155,,,,,,,,,,,,
23.08,169,169,169,169,11.78667633,0.974738385,-0.067153931,0.010375977,1,1,1,3,0.035644531,0,0,0,0,,,,,5.038903713,0.391351879,0.282886267,0,-0.391175815,-0.283129678,0,0,166,0,0,166,166,166,0,0,0.505705087,0.000746155,,,,,,,,,,,,
23.09,169,169,169,169,11.78660673,0.974727252,-0.067153931,0.010375977,1,1,1,3,0.035644531,0,0,0,0,,,,,5.038903713,0.391351879,0.282886267,0,-0.391175815,-0.283129678,0,0,166,0,0,166,166,166,0,0,0.505700224,0.000746155,,,,,,,,,,,,
23.1,169,169,169,169,11.78653716,0.974716119,-0.067169189,0.010375977,1,1,1,3,0.035644531,0,0,0,0,,,,,5.038903713,0.391351879,0.282886267,0,-0.391175815,-0.283129678,0,0,166,0,0,166,166,166,0,0,0.505695361,0.000746324,,,,,,,,,,,,
23.11,169,169,169,169,11.78646763,0.974704986,-0.067169189,0.010375977,1,1,1,3,0.035644531,0,0,0,0,,,,,5.038903713,0.391351879,0.282886267,0,-0.391175815,-0.283129678,0,0,166,0,0,166,166,166,0,0,0.505690498,0.000746324,,,,,,,,,,,,
23.12,178,178,178,178,11.75025697,0.974693853,-0.067169189,0.010375977,1,1,1,3,0.035644531,0,0,0,0,,,,,5.033618927,0.391351879,0.282886267,0,-0.391175815,-0.283129678,0,0,174,0,0,174,174,174,0,0,0.546874268,0.000746324,,,,,,,,,,,,
23.13,169,169,169,169,11.78628589,0.974681647,-0.067184448,0.010375977,1,1,1,3,0.035644531,0,0,0,0,,,,,5.033618927,0.391351879,0.282886267,0,-0.391175815,-0.283129678,0,0,166,0,0,166,166,166,0,0,0.505912972,0.000746494,,,,,,,,,,,,
23.14,169,169,169,169,11.78621653,0.974670514,-0.067184448,0.010375977,1,1,1,3,0.035644531,0,0,0,0,,,,,5.033618927,0.391351879,0.282886267,0,-0.391175815,-0.283129678,0,0,166,0,0,166,166,166,0,0,0.50590877,0.000746494,,,,,,,,,,,,
23.15,169,169,169,169,11.78614721,0.974659381,-0.067184448,0.010375977,1,1,1,3,0.035644531,0,0,0,0,,,,,5.033618927,0.391351879,0.282886267,0,-0.391175815,-0.283129678,0,0,166,0,0,166,166,166,0,0,0.505904568,0.000746494,,,,,,,,,,,,
23.16,169,169,169,169,11.78607793,0.974648248,-0.067184448,0.010375977,1,1,1,3,0.035644531,0,0,0,0,,,,,5.033618927,0.391351879,0.282886267,0,-0.391175815,-0.283129678,0,0,166,0,0,166,166,166,0,0,0.505900365,0.000746494,,,,,,,,,,,,
23.17,169,169,169,169,11.7860087,0.974637115,-0.067199707,0.010375977,1,1,1,3,0.035644531,0,0,0,0,,,,,5.033618927,0.391351879,0.282886267,0,-0.391175815,-0.283129678,0,0,166,0,0,166,166,166,0,0,0.505896163,0.000746663,,,,,,,,,,,,
23.18,169,169,169,169,11.7859395,0.974625981,-0.067199707,0.010375977,1,1,1,3,0.035644531,0,0,0,0,,,,,5.033618927,0.391351879,0.282886267,0,-0.391175815,-0.283129678,0,0,166,0,0,166,166,166,0,0,0.505891961,0.000746663,,,,,,,,,,,,
23.19,169,169,169,169,11.78587035,0.974614848,-0.067199707,0.010375977,1,1,1,3,0.035644531,0,0,0,0,,,,,5.033618927,0.391351879,0.282886267,0,-0.391175815,-0.283129678,0,0,166,0,0,166,166,166,0,0,0.505887758,0.000746663,,,,,,,,,,,,
23.2,169,169,169,169,11.78580124,0.974603715,-0.067199707,0.010375977,1,1,1,3,0.035644531,0,0,0,0,,,,,5.033618927,0.391351879,0.282886267,0,-0.391175815,-0.283129678,0,0,166,0,0,166,166,166,0,0,0.505883556,0.000746663,,,,,,,,,,,,
23.21,169,169,169,169,11.78573217,0.974592582,-0.067214966,0.010375977,1,1,1,3,0.035644531,0,0,0,0,,,,,5.033618927,0.391351879,0.282886267,0,-0.391175815,-0.283129678,0,0,166,0,0,166,166,166,0,0,0.505879354,0.000746833,,,,,,,,,,,,
23.22,169,169,169,169,11.78566314,0.974581449,-0.067214966,0.010375977,1,1,1,3,0.035644531,0,0,0,0,,,,,5.033618927,0.391351879,0.282886267,0,-0.391175815,-0.283129678,0,0,166,0,0,166,166,166,0,0,0.505875151,0.000746833,,,,,,,,,,,,
23.23,169,169,169,169,11.78559415,0.974570316,-0.067214966,0.010375977,1,1,1,3,0.035644531,0,0,0,0,,,,,5.033618927,0.391351879,0.282886267,0,-0.391175815,-0.283129678,0,0,166,0,0,166,166,166,0,0,0.505870949,0.000746833,,,,,,,,,,,,
23.24,169,169,169,169,11.7855252,0.974559183,-0.067230225,0.010375977,1,1,1,3,0.035644531,0,0,0,0,,,,,5.033618927,0.391351879,0.282886267,0,-0.391175815,-0.283129678,0,0,166,0,0,166,166,166,0,0,0.505866746,0.000747002,,,,,,,,,,,,
23.25,169,169,169,169,11.7854563,0.974548049,-0.067230225,0.010375977,1,1,1,3,0.035644531,0,0,0,0,,,,,5.033618927,0.391351879,0.282886267,0,-0.391175815,-0.283129678,0,0,166,0,0,166,166,166,0,0,0.505862544,0.000747002,,,,,,,,,,,,
23.26,169,169,169,169,11.78538743,0.974536916,-0.067230225,0.010375977,1,1,1,3,0.035644531,0,0,0,0,,,,,5.033618927,0.391351879,0.282886267,0,-0.391175815,-0.283129678,0,0,166,0,0,166,166,166,0,0,0.505858342,0.000747002,,,,,,,,,,,,
23.27,169,169,169,169,11.78531861,0.974525783,-0.067230225,0.010375977,1,1,1,3,0.035644531,0,0,0,0,,,,,5.033618927,0.392992318,0.295195341,0,-0.392808596,-0.29543977,0.246201851,0,166,0,0,166,166,166,0,0,0.505854139,0.000747002,,,,,,,,,,,,
23.28,169,169,169,169,11.78524982,0.97451465,-0.067230225,0.010375977,1,1,1,3,0.035644531,0,0,0,0,,,,,5.033618927,0.392992318,0.295195341,0,-0.392808596,-0.29543977,0,0,166,0,0,166,166,166,0,0,0.505849937,0.000747002,,,,,,,,,,,,
23.29,169,169,169,169,11.78518108,0.974503517,-0.067245483,0.010437012,1,1,1,3,0.035644531,0,0,0,0,,,,,5.033618927,0.392992318,0.295195341,0,-0.392808596,-0.29543977,0,0,166,0,0,166,166,166,0,0,0.505845735,0.000747172,,,,,,,,,,,,
23.3,169,169,169,169,11.78511238,0.974492384,-0.067245483,0.010437012,1,1,1,3,0.035644531,0,0,0,0,,,,,5.033618927,0.392992318,0.295195341,0,-0.392808596,-0.29543977,0,0,166,0,0,166,166,166,0,0,0.505841532,0.000747172,,,,,,,,,,,,
23.31,169,169,169,169,11.78504372,0.974481251,-0.067245483,0.010437012,1,1,1,3,0.035644531,0,0,0,0,,,,,5.033618927,0.392992318,0.295195341,0,-0.392808596,-0.29543977,0,0,166,0,0,166,166,166,0,0,0.50583733,0.000747172,,,,,,,,,,,,
23.32,169,169,169,169,11.7849751,0.974470118,-0.067245483,0.010437012,1,1,1,3,0.035644531,0,0,0,0,,,,,5.033618927,0.392992318,0.295195341,0,-0.392808596,-0.29543977,0,0,166,0,0,166,166,166,0,0,0.505833128,0.000747172,,,,,,,,,,,,
23.33,169,169,169,169,11.78490652,0.974458984,-0.067245483,0.010437012,1,1,1,3,0.035644531,0,0,0,0,,,,,5.033618927,0.392992318,0.295195341,0,-0.392808596,-0.29543977,0,0,166,0,0,166,166,166,0,0,0.505828925,0.000747172,,,,,,,,,,,,
23.34,169,169,169,169,11.78483798,0.974447851,-0.067260742,0.010437012,1,1,1,3,0.035644531,0,0,0,0,,,,,5.033618927,0.392992318,0.295195341,0,-0.392808596,-0.29543977,0,0,166,0,0,166,166,166,0,0,0.505824723,0.000747342,,,,,,,,,,,,
23.35,169,169,169,169,11.78476949,0.974436718,-0.067260742,0.010437012,1,1,1,3,0.035644531,0,0,0,0,,,,,5.033618927,0.392992318,0.295195341,0,-0.392808596,-0.29543977,0,0,166,0,0,166,166,166,0,0,0.50582052,0.000747342,,,,,,,,,,,,
23.36,169,169,169,169,11.78470103,0.974425585,-0.067260742,0.010498047,1,1,1,3,0.035644531,0,0,0,0,,,,,5.033618927,0.392992318,0.295195341,0,-0.392808596,-0.29543977,0,0,166,0,0,166,166,166,0,0,0.505816318,0.000747342,,,,,,,,,,,,
23.37,169,169,169,169,11.78463261,0.974414452,-0.067260742,0.010498047,1,1,1,3,0.035644531,0,0,0,0,,,,,5.033618927,0.392992318,0.295195341,0,-0.392808596,-0.29543977,0,0,166,0,0,166,166,166,0,0,0.505812116,0.000747342,,,,,,,,,,,,
23.38,169,169,169,169,11.78456424,0.974403319,-0.067276001,0.010498047,1,1,1,3,0.035644531,0,0,0,0,,,,,5.033618927,0.392992318,0.295195341,0,-0.392808596,-0.29543977,0,0,166,0,0,166,166,166,0,0,0.505807913,0.000747511,,,,,,,,,,,,
23.39,169,169,169,169,11.7844959,0.974392186,-0.067276001,0.010498047,1,1,1,3,0.035644531,0,0,0,0,,,,,5.033618927,0.392992318,0.295195341,0,-0.392808596,-0.29543977,0,0,166,0,0,166,166,166,0,0,0.505803711,0.000747511,,,,,,,,,,,,
23.4,169,169,169,169,11.78442761,0.974381053,-0.067276001,0.010498047,1,1,1,3,0.035644531,0,0,0,0,,,,,5.033618927,0.392992318,0.295195341,0,-0.392808596,-0.29543977,0,0,166,0,0,166,166,166,0,0,0.505799509,0.000747511,,,,,,,,,,,,
23.41,169,169,169,169,11.78435936,0.974369919,-0.06729126,0.010498047,1,1,1,3,0.035644531,0,0,0,0,,,,,5.033618927,0.392992318,0.295195341,0,-0.392808596,-0.29543977,0,0,166,0,0,166,166,166,0,0,0.505795306,0.000747681,,,,,,,,,,,,
23.42,169,169,169,169,11.78429114,0.974358786,-0.06729126,0.010498047,1,1,1,3,0.035644531,0,0,0,0,,,,,5.033618927,0.392992318,0.295195341,0,-0.392808596,-0.29543977,0,0,166,0,0,166,166,166,0,0,0.505791104,0.000747681,,,,,,,,,,,,
23.43,169,169,169,169,11.78422297,0.974347653,-0.06729126,0.010498047,1,1,1,3,0.035644531,0,0,0,0,,,,,5.033618927,0.392992318,0.295195341,0,-0.392808596,-0.29543977,0,0,166,0,0,166,166,166,0,0,0.505786902,0.000747681,,,,,,,,,,,,
23.44,169,169,169,169,11.78415484,0.97433652,-0.06729126,0.010498047,1,1,1,3,0.035644531,0,0,0,0,,,,,5.033618927,0.392992318,0.295195341,0,-0.392808596,-0.29543977,0,0,166,0,0,166,166,166,0,0,0.505782699,0.000747681,,,,,,,,,,,,
23.45,158,158,158,158,11.82687152,0.974325387,-0.067306519,0.010498047,1,1,1,3,0.035644531,0,0,0,0,,,,,5.038903713,0.394738257,0.308217525,0,-0.394546434,-0.308463038,0.260465361,0,156,0,0,156,156,156,0,0,0.464589864,0.00074785,,,,,,,,,,,,
23.46,168,168,168,168,11.78846744,0.974315523,-0.067306519,0.010498047,1,1,1,3,0.035644531,0,0,0,0,,,,,5.038903713,0.394738257,0.308217525,0,-0.394546434,-0.308463038,0,0,165,0,0,165,165,165,0,0,0.505542094,0.00074785,,,,,,,,,,,,
23.47,168,168,168,168,11.78840459,0.974304521,-0.067306519,0.010498047,1,1,1,3,0.035644531,0,0,0,0,,,,,5.038903713,0.394738257,0.308217525,0,-0.394546434,-0.308463038,0,0,165,0,0,165,165,165,0,0,0.505537231,0.00074785,,,,,,,,,,,,
23.48,168,168,168,168,11.78834178,0.974293518,-0.067306519,0.010498047,1,1,1,3,0.035644531,0,0,0,0,,,,,5.038903713,0.394738257,0.308217525,0,-0.394546434,-0.308463038,0,0,165,0,0,165,165,165,0,0,0.505532368,0.00074785,,,,,,,,,,,,
23.49,168,168,168,168,11.788279,0.974282516,-0.067306519,0.010498047,1,1,1,3,0.035644531,0,0,0,0,,,,,5.038903713,0.394738257,0.308217525,0,-0.394546434,-0.308463038,0,0,165,0,0,165,165,165,0,0,0.505527505,0.00074785,,,,,,,,,,,,
23.5,168,168,168,168,11.78821626,0.974271513,-0.067321777,0.010498047,1,1,1,3,0.035644531,0,0,0,0,,,,,5.038903713,0.394738257,0.308217525,0,-0.394546434,-0.308463038,0,0,165,0,0,165,165,165,0,0,0.505522642,0.00074802,,,,,,,,,,,,
23.51,168,168,168,168,11.78815355,0.97426051,-0.067321777,0.010498047,1,1,1,3,0.035644531,0,0,0,0,,,,,5.038903713,0.394738257,0.308217525,0,-0.394546434,-0.308463038,0,0,165,0,0,165,165,165,0,0,0.505517779,0.00074802,,,,,,,,,,,,
23.52,168,168,168,168,11.78809088,0.974249508,-0.067321777,0.010498047,1,1,1,3,0.035644531,0,0,0,0,,,,,5.038903713,0.394738257,0.308217525,0,-0.394546434,-0.308463038,0,0,165,0,0,165,165,165,0,0,0.505512916,0.00074802,,,,,,,,,,,,
23.53,168,168,168,168,11.78802824,0.974238505,-0.067337036,0.010498047,1,1,1,3,0.035644531,0,0,0,0,,,,,5.038903713,0.394738257,0.308217525,0,-0.394546434,-0.308463038,0,0,165,0,0,165,165,165,0,0,0.505508053,0.000748189,,,,,,,,,,,,
23.54,168,168,168,168,11.78796564,0.974227503,-0.067337036,0.010498047,1,1,1,3,0.035644531,0,0,0,0,,,,,5.038903713,0.394738257,0.308217525,0,-0.394546434,-0.308463038,0,0,165,0,0,165,165,165,0,0,0.50550319,0.000748189,,,,,,,,,,,,
23.55,168,168,168,168,11.78790307,0.9742165,-0.067337036,0.010559082,1,1,1,3,0.035644531,0,0,0,0,,,,,5.038903713,0.394738257,0.308217525,0,-0.394546434,-0.308463038,0,0,165,0,0,165,165,165,0,0,0.505498327,0.000748189,,,,,,,,,,,,
23.56,168,168,168,168,11.78784054,0.974205497,-0.067337036,0.010559082,1,1,1,3,0.035644531,0,0,0,0,,,,,5.038903713,0.394738257,0.308217525,0,-0.394546434,-0.308463038,0,0,165,0,0,165,165,165,0,0,0.505493464,0.000748189,,,,,,,,,,,,
23.57,168,168,168,168,11.78777804,0.974194495,-0.067352295,0.010559082,1,1,1,3,0.035644531,0,0,0,0,,,,,5.038903713,0.394738257,0.308217525,0,-0.394546434,-0.308463038,0,0,165,0,0,165,165,165,0,0,0.505488602,0.000748359,,,,,,,,,,,,
23.58,168,168,168,168,11.78771558,0.974183492,-0.067352295,0.010559082,1,1,1,3,0.035644531,0,0,0,0,,,,,5.038903713,0.394738257,0.308217525,0,-0.394546434,-0.308463038,0,0,165,0,0,165,165,165,0,0,0.505483739,0.000748359,,,,,,,,,,,,
23.59,168,168,168,168,11.78765315,0.97417249,-0.067352295,0.010559082,1,1,1,3,0.035644531,0,0,0,0,,,,,5.038903713,0.394738257,0.308217525,0,-0.394546434,-0.308463038,0,0,165,0,0,165,165,165,0,0,0.505478876,0.000748359,,,,,,,,,,,,
23.6,168,168,168,168,11.78759076,0.974161487,-0.067352295,0.010559082,1,1,1,3,0.035644531,0,0,0,0,,,,,5.038903713,0.394738257,0.308217525,0,-0.394546434,-0.308463038,0,0,165,0,0,165,165,165,0,0,0.505474013,0.000748359,,,,,,,,,,,,
23.61,168,168,168,168,11.7875284,0.974150484,-0.067352295,0.010559082,1,1,1,3,0.035644531,0,0,0,0,,,,,5.038903713,0.394738257,0.308217525,0,-0.394546434,-0.308463038,0,0,165,0,0,165,165,165,0,0,0.50546915,0.000748359,,,,,,,,,,,,
23.62,168,168,168,168,11.78746607,0.974139482,-0.067367554,0.010620117,1,1,1,3,0.035644531,0,0,0,0,,,,,5.038903713,0.394738257,0.308217525,0,-0.394546434,-0.308463038,0,0,165,0,0,165,165,165,0,0,0.505464287,0.000748528,,,,,,,,,,,,
23.63,168,168,168,168,11.78740379,0.974128479,-0.067367554,0.010620117,1,1,1,3,0.035644531,0,0,0,0,,,,,5.038903713,0.394738257,0.308217525,0,-0.394546434,-0.308463038,0,0,165,0,0,165,165,165,0,0,0.505459424,0.000748528,,,,,,,,,,,,
23.64,168,168,168,168,11.78734153,0.974117476,-0.067367554,0.010620117,1,1,1,3,0.035644531,0,0,0,0,,,,,5.038903713,0.394738257,0.308217525,0,-0.394546434,-0.308463038,0,0,165,0,0,165,165,165,0,0,0.505454561,0.000748528,,,,,,,,,,,,
23.65,168,168,168,168,11.78727931,0.974106474,-0.067367554,0.010620117,1,1,1,3,0.035644531,0,0,0,0,,,,,5.038903713,0.394738257,0.308217525,0,-0.394546434,-0.308463038,0,0,165,0,0,165,165,165,0,0,0.505449698,0.000748528,,,,,,,,,,,,
23.66,168,168,168,168,11.78721713,0.974095471,-0.067382813,0.010620117,1,1,1,3,0.035644531,0,0,0,0,,,,,5.038903713,0.3965078,0.321335793,0,-0.396307815,-0.321582404,0.262387308,0,165,0,0,165,165,165,0,0,0.505444835,0.000748698,,,,,,,,,,,,
23.67,168,168,168,168,11.78715498,0.974084469,-0.067382813,0.010620117,1,1,1,3,0.035644531,0,0,0,0,,,,,5.038903713,0.3965078,0.321335793,0,-0.396307815,-0.321582404,0,0,165,0,0,165,165,165,0,0,0.505439972,0.000748698,,,,,,,,,,,,
23.68,168,168,168,168,11.78709287,0.974073466,-0.067382813,0.010620117,1,1,1,3,0.035644531,0,0,0,0,,,,,5.038903713,0.3965078,0.321335793,0,-0.396307815,-0.321582404,0,0,165,0,0,165,165,165,0,0,0.505435109,0.000748698,,,,,,,,,,,,
23.69,168,168,168,168,11.78703079,0.974062463,-0.067382813,0.010620117,1,1,1,3,0.035644531,0,0,0,0,,,,,5.038903713,0.3965078,0.321335793,0,-0.396307815,-0.321582404,0,0,165,0,0,165,165,165,0,0,0.505430246,0.000748698,,,,,,,,,,,,
23.7,168,168,168,168,11.78696874,0.974051461,-0.067398071,0.010620117,1,1,1,3,0.035644531,0,0,0,0,,,,,5.038903713,0.3965078,0.321335793,0,-0.396307815,-0.321582404,0,0,165,0,0,165,165,165,0,0,0.505425383,0.000748867,,,,,,,,,,,,
23.71,168,168,168,168,11.78690673,0.974040458,-0.067398071,0.010620117,1,1,1,3,0.035644531,0,0,0,0,,,,,5.038903713,0.3965078,0.321335793,0,-0.396307815,-0.321582404,0,0,165,0,0,165,165,165,0,0,0.50542052,0.000748867,,,,,,,,,,,,
23.72,168,168,168,168,11.78684475,0.974029456,-0.067398071,0.010620117,1,1,1,3,0.035644531,0,0,0,0,,,,,5.038903713,0.3965078,0.321335793,0,-0.396307815,-0.321582404,0,0,165,0,0,165,165,165,0,0,0.505415657,0.000748867,,,,,,,,,,,,
23.73,168,168,168,168,11.78678281,0.974018453,-0.067398071,0.010620117,1,1,1,3,0.035644531,0,0,0,0,,,,,5.038903713,0.3965078,0.321335793,0,-0.396307815,-0.321582404,0,0,165,0,0,165,165,165,0,0,0.505410794,0.000748867,,,,,,,,,,,,
23.74,168,168,168,168,11.7867209,0.97400745,-0.067398071,0.010620117,1,1,1,3,0.035644531,0,0,0,0,,,,,5.038903713,0.3965078,0.321335793,0,-0.396307815,-0.321582404,0,0,165,0,0,165,165,165,0,0,0.505405931,0.000748867,,,,,,,,,,,,
23.75,168,168,168,168,11.78665903,0.973996448,-0.06741333,0.010620117,1,1,1,3,0.035644531,0,0,0,0,,,,,5.038903713,0.3965078,0.321335793,0,-0.396307815,-0.321582404,0,0,165,0,0,165,165,165,0,0,0.505401068,0.000749037,,,,,,,,,,,,
23.76,168,168,168,168,11.78659719,0.973985445,-0.06741333,0.010620117,1,1,1,3,0.035644531,0,0,0,0,,,,,5.038903713,0.3965078,0.321335793,0,-0.396307815,-0.321582404,0,0,165,0,0,165,165,165,0,0,0.505396205,0.000749037,,,,,,,,,,,,
23.77,168,168,168,168,11.78653539,0.973974443,-0.06741333,0.010620117,1,1,1,3,0.035644531,0,0,0,0,,,,,5.038903713,0.3965078,0.321335793,0,-0.396307815,-0.321582404,0,0,165,0,0,165,165,165,0,0,0.505391342,0.000749037,,,,,,,,,,,,
23.78,168,168,168,168,11.78647362,0.97396344,-0.067428589,0.010620117,1,1,1,3,0.035644531,0,0,0,0,,,,,5.038903713,0.3965078,0.321335793,0,-0.396307815,-0.321582404,0,0,165,0,0,165,165,165,0,0,0.505386479,0.000749207,,,,,,,,,,,,
23.79,168,168,168,168,11.78641188,0.973952437,-0.067428589,0.010620117,1,1,1,3,0.035644531,0,0,0,0,,,,,5.038903713,0.3965078,0.321335793,0,-0.396307815,-0.321582404,0,0,165,0,0,165,165,165,0,0,0.505381616,0.000749207,,,,,,,,,,,,
23.8,168,168,168,168,11.78635018,0.973941435,-0.067428589,0.010681152,1,1,1,3,0.035644531,0,0,0,0,,,,,5.038903713,0.3965078,0.321335793,0,-0.396307815,-0.321582404,0,0,165,0,0,165,165,165,0,0,0.505376753,0.000749207,,,,,,,,,,,,
23.81,168,168,168,168,11.78628851,0.973930432,-0.067428589,0.010681152,1,1,1,3,0.035644531,0,0,0,0,,,,,5.038903713,0.3965078,0.321335793,0,-0.396307815,-0.321582404,0,0,165,0,0,165,165,165,0,0,0.50537189,0.000749207,,,,,,,,,,,,
23.82,168,168,168,168,11.78622688,0.973919429,-0.067428589,0.010681152,1,1,1,3,0.035644531,0,0,0,0,,,,,5.038903713,0.3965078,0.321335793,0,-0.396307815,-0.321582404,0,0,165,0,0,165,165,165,0,0,0.505367027,0.000749207,,,,,,,,,,,,
23.83,168,168,168,168,11.78616528,0.973908427,-0.067443848,0.010681152,1,1,1,3,0.035644531,0,0,0,0,,,,,5.038903713,0.3965078,0.321335793,0,-0.396307815,-0.321582404,0,0,165,0,0,165,165,165,0,0,0.505362164,0.000749376,,,,,,,,,,,,
23.84,178,178,178,178,11.74556447,0.973897424,-0.067443848,0.010681152,1,1,1,3,0.035644531,0,0,0,0,,,,,5.033618927,0.3965078,0.321335793,0,-0.396307815,-0.321582404,0,0,174,0,0,174,174,174,0,0,0.546545934,0.000749376,,,,,,,,,,,,
23.85,168,168,168,168,11.78599415,0.973885219,-0.067443848,0.010681152,1,1,1,3,0.035644531,0,0,0,0,,,,,5.033618927,0.3965078,0.321335793,0,-0.396307815,-0.321582404,0,0,165,0,0,165,165,165,0,0,0.505584639,0.000749376,,,,,,,,,,,,
23.86,168,168,168,168,11.7859327,0.973874216,-0.067443848,0.010681152,1,1,1,3,0.035644531,0,0,0,0,,,,,5.033618927,0.398214579,0.333913565,0,-0.398006769,-0.334161235,0.25157663,0,165,0,0,165,165,165,0,0,0.505580436,0.000749376,,,,,,,,,,,,
23.87,168,168,168,168,11.78587128,0.973863213,-0.067443848,0.010681152,1,1,1,3,0.035644531,0,0,0,0,,,,,5.033618927,0.398214579,0.333913565,0,-0.398006769,-0.334161235,0,0,165,0,0,165,165,165,0,0,0.505576234,0.000749376,,,,,,,,,,,,
23.88,168,168,168,168,11.7858099,0.973852211,-0.067459106,0.010742188,1,1,1,3,0.035644531,0,0,0,0,,,,,5.033618927,0.398214579,0.333913565,0,-0.398006769,-0.334161235,0,0,165,0,0,165,165,165,0,0,0.505572032,0.000749546,,,,,,,,,,,,
23.89,168,168,168,168,11.78574855,0.973841208,-0.067459106,0.010742188,1,1,1,3,0.035644531,0,0,0,0,,,,,5.033618927,0.398214579,0.333913565,0,-0.398006769,-0.334161235,0,0,165,0,0,165,165,165,0,0,0.505567829,0.000749546,,,,,,,,,,,,
23.9,168,168,168,168,11.78568723,0.973830206,-0.067459106,0.010742188,1,1,1,3,0.035644531,0,0,0,0,,,,,5.033618927,0.398214579,0.333913565,0,-0.398006769,-0.334161235,0,0,165,0,0,165,165,165,0,0,0.505563627,0.000749546,,,,,,,,,,,,
23.91,168,168,168,168,11.78562595,0.973819203,-0.067459106,0.010742188,1,1,1,3,0.035644531,0,0,0,0,,,,,5.033618927,0.398214579,0.333913565,0,-0.398006769,-0.334161235,0,0,165,0,0,165,165,165,0,0,0.505559425,0.000749546,,,,,,,,,,,,
23.92,168,168,168,168,11.7855647,0.9738082,-0.067474365,0.010742188,1,1,1,3,0.035644531,0,0,0,0,,,,,5.033618927,0.398214579,0.333913565,0,-0.398006769,-0.334161235,0,0,165,0,0,165,165,165,0,0,0.505555222,0.000749715,,,,,,,,,,,,
23.93,168,168,168,168,11.78550348,0.973797198,-0.067474365,0.010742188,1,1,1,3,0.035644531,0,0,0,0,,,,,5.033618927,0.398214579,0.333913565,0,-0.398006769,-0.334161235,0,0,165,0,0,165,165,165,0,0,0.50555102,0.000749715,,,,,,,,,,,,
23.94,168,168,168,168,11.7854423,0.973786195,-0.067474365,0.010742188,1,1,1,3,0.035644531,0,0,0,0,,,,,5.033618927,0.398214579,0.333913565,0,-0.398006769,-0.334161235,0,0,165,0,0,165,165,165,0,0,0.505546818,0.000749715,,,,,,,,,,,,
23.95,168,168,168,168,11.78538115,0.973775192,-0.067474365,0.010742188,1,1,1,3,0.035644531,0,0,0,0,,,,,5.033618927,0.398214579,0.333913565,0,-0.398006769,-0.334161235,0,0,165,0,0,165,165,165,0,0,0.505542615,0.000749715,,,,,,,,,,,,
23.96,168,168,168,168,11.78532004,0.97376419,-0.067474365,0.010742188,1,1,1,3,0.035644531,0,0,0,0,,,,,5.033618927,0.398214579,0.333913565,0,-0.398006769,-0.334161235,0,0,165,0,0,165,165,165,0,0,0.505538413,0.000749715,,,,,,,,,,,,
23.97,168,168,168,168,11.78525896,0.973753187,-0.067474365,0.010742188,1,1,1,3,0.035644531,0,0,0,0,,,,,5.033618927,0.398214579,0.333913565,0,-0.398006769,-0.334161235,0,0,165,0,0,165,165,165,0,0,0.50553421,0.000749715,,,,,,,,,,,,
23.98,168,168,168,168,11.78519791,0.973742185,-0.067489624,0.010742188,1,1,1,3,0.035644531,0,0,0,0,,,,,5.033618927,0.398214579,0.333913565,0,-0.398006769,-0.334161235,0,0,165,0,0,165,165,165,0,0,0.505530008,0.000749885,,,,,,,,,,,,
23.99,168,168,168,168,11.7851369,0.973731182,-0.067489624,0.010742188,1,1,1,3,0.035644531,0,0,0,0,,,,,5.033618927,0.398214579,0.333913565,0,-0.398006769,-0.334161235,0,0,165,0,0,165,165,165,0,0,0.505525806,0.000749885,,,,,,,,,,,,
24,168,168,168,168,11.78507591,0.973720179,-0.067489624,0.010742188,1,1,1,3,0.035644531,0,0,0,0,,,,,5.033618927,0.398214579,0.333913565,0,-0.398006769,-0.334161235,0,0,165,0,0,165,165,165,0,0,0.505521603,0.000749885,,,,,,,,,,,,
24.01,168,168,168,168,11.78501497,0.973709177,-0.067489624,0.010742188,1,1,1,3,0.035644531,0,0,0,0,,,,,5.033618927,0.398214579,0.333913565,0,-0.398006769,-0.334161235,0,0,165,0,0,165,165,165,0,0,0.505517401,0.000749885,,,,,,,,,,,,
24.02,168,168,168,168,11.78495405,0.973698174,-0.067504883,0.010742188,1,1,1,3,0.035644531,0,0,0,0,,,,,5.033618927,0.398214579,0.333913565,0,-0.398006769,-0.334161235,0,0,165,0,0,165,165,165,0,0,0.505513199,0.000750054,,,,,,,,,,,,
24.03,168,168,168,168,11.78489317,0.973687172,-0.067504883,0.010742188,1,1,1,3,0.035644531,0,0,0,0,,,,,5.033618927,0.398214579,0.333913565,0,-0.398006769,-0.334161235,0,0,165,0,0,165,165,165,0,0,0.505508996,0.000750054,,,,,,,,,,,,
24.04,168,168,168,168,11.78483233,0.973676169,-0.067504883,0.010742188,1,1,1,3,0.035644531,0,0,0,0,,,,,5.033618927,0.4000296,0.347209215,0,-0.399813518,-0.347458012,0.265935541,0,165,0,0,165,165,165,0,0,0.505504794,0.000750054,,,,,,,,,,,,
24.05,168,168,168,168,11.78477151,0.973665166,-0.067504883,0.010742188,1,1,1,3,0.035644531,0,0,0,0,,,,,5.033618927,0.4000296,0.347209215,0,-0.399813518,-0.347458012,0,0,165,0,0,165,165,165,0,0,0.505500591,0.000750054,,,,,,,,,,,,
24.06,168,168,168,168,11.78471073,0.973654164,-0.067520142,0.010803223,1,1,1,3,0.035644531,0,0,0,0,,,,,5.033618927,0.4000296,0.347209215,0,-0.399813518,-0.347458012,0,0,165,0,0,165,165,165,0,0,0.505496389,0.000750224,,,,,,,,,,,,
24.07,168,168,168,168,11.78464999,0.973643161,-0.067520142,0.010803223,1,1,1,3,0.035644531,0,0,0,0,,,,,5.033618927,0.4000296,0.347209215,0,-0.399813518,-0.347458012,0,0,165,0,0,165,165,165,0,0,0.505492187,0.000750224,,,,,,,,,,,,
24.08,168,168,168,168,11.78458927,0.973632159,-0.067520142,0.010803223,1,1,1,3,0.035644531,0,0,0,0,,,,,5.033618927,0.4000296,0.347209215,0,-0.399813518,-0.347458012,0,0,165,0,0,165,165,165,0,0,0.505487984,0.000750224,,,,,,,,,,,,
24.09,168,168,168,168,11.78452859,0.973621156,-0.067520142,0.010803223,1,1,1,3,0.035644531,0,0,0,0,,,,,5.033618927,0.4000296,0.347209215,0,-0.399813518,-0.347458012,0,0,165,0,0,165,165,165,0,0,0.505483782,0.000750224,,,,,,,,,,,,
24.1,168,168,168,168,11.78446795,0.973610153,-0.067520142,0.010803223,1,1,1,3,0.035644531,0,0,0,0,,,,,5.033618927,0.4000296,0.347209215,0,-0.399813518,-0.347458012,0,0,165,0,0,165,165,165,0,0,0.50547958,0.000750224,,,,,,,,,,,,
24.11,168,168,168,168,11.78440733,0.973599151,-0.067520142,0.010803223,1,1,1,3,0.035644531,0,0,0,0,,,,,5.033618927,0.4000296,0.347209215,0,-0.399813518,-0.347458012,0,0,165,0,0,165,165,165,0,0,0.505475377,0.000750224,,,,,,,,,,,,
24.12,168,168,168,168,11.78434675,0.973588148,-0.0675354,0.010803223,1,1,1,3,0.035644531,0,0,0,0,,,,,5.033618927,0.4000296,0.347209215,0,-0.399813518,-0.347458012,0,0,165,0,0,165,165,165,0,0,0.505471175,0.000750393,,,,,,,,,,,,
24.13,168,168,168,168,11.7842862,0.973577145,-0.0675354,0.010864258,1,1,1,3,0.035644531,0,0,0,0,,,,,5.033618927,0.4000296,0.347209215,0,-0.399813518,-0.347458012,0,0,165,0,0,165,165,165,0,0,0.505466973,0.000750393,,,,,,,,,,,,
24.14,168,168,168,168,11.78422569,0.973566143,-0.0675354,0.010864258,1,1,1,3,0.035644531,0,0,0,0,,,,,5.033618927,0.4000296,0.347209215,0,-0.399813518,-0.347458012,0,0,165,0,0,165,165,165,0,0,0.50546277,0.000750393,,,,,,,,,,,,
24.15,168,168,168,168,11.78416521,0.97355514,-0.067550659,0.010864258,1,1,1,3,0.035644531,0,0,0,0,,,,,5.033618927,0.4000296,0.347209215,0,-0.399813518,-0.347458012,0,0,165,0,0,165,165,165,0,0,0.505458568,0.000750563,,,,,,,,,,,,
24.16,168,168,168,168,11.78410476,0.973544138,-0.067550659,0.010864258,1,1,1,3,0.035644531,0,0,0,0,,,,,5.033618927,0.4000296,0.347209215,0,-0.399813518,-0.347458012,0,0,165,0,0,165,165,165,0,0,0.505454365,0.000750563,,,,,,,,,,,,
24.17,168,168,168,168,11.78404434,0.973533135,-0.067550659,0.010864258,1,1,1,3,0.035644531,0,0,0,0,,,,,5.033618927,0.4000296,0.347209215,0,-0.399813518,-0.347458012,0,0,165,0,0,165,165,165,0,0,0.505450163,0.000750563,,,,,,,,,,,,
24.18,168,168,168,168,11.78398396,0.973522132,-0.067550659,0.010864258,1,1,1,3,0.035644531,0,0,0,0,,,,,5.033618927,0.4000296,0.347209215,0,-0.399813518,-0.347458012,0,0,165,0,0,165,165,165,0,0,0.505445961,0.000750563,,,,,,,,,,,,
24.19,168,168,168,168,11.78392361,0.97351113,-0.067550659,0.010864258,1,1,1,3,0.035644531,0,0,0,0,,,,,5.033618927,0.4000296,0.347209215,0,-0.399813518,-0.347458012,0,0,165,0,0,165,165,165,0,0,0.505441758,0.000750563,,,,,,,,,,,,
24.2,168,168,168,168,11.78386329,0.973500127,-0.067550659,0.010864258,1,1,1,3,0.035644531,0,0,0,0,,,,,5.033618927,0.4000296,0.347209215,0,-0.399813518,-0.347458012,0,0,165,0,0,165,165,165,0,0,0.505437556,0.000750563,,,,,,,,,,,,
24.21,168,168,168,168,11.783803,0.973489125,-0.067550659,0.010864258,1,1,1,3,0.035644531,0,0,0,0,,,,,5.033618927,0.4000296,0.347209215,0,-0.399813518,-0.347458012,0,0,165,0,0,165,165,165,0,0,0.505433354,0.000750563,,,,,,,,,,,,
24.22,178,178,178,178,11.74320351,0.973478122,-0.067565918,0.010864258,1,1,1,3,0.035644531,0,0,0,0,,,,,5.028334141,0.4000296,0.347209215,0,-0.399813518,-0.347458012,0,0,174,0,0,174,174,174,0,0,0.546617784,0.000750732,,,,,,,,,,,,
24.23,169,169,169,169,11.77923644,0.973465916,-0.067565918,0.010864258,1,1,1,3,0.035644531,0,0,0,0,,,,,5.028334141,0.4000296,0.347209215,0,-0.399813518,-0.347458012,0,0,166,0,0,166,166,166,0,0,0.505657149,0.000750732,,,,,,,,,,,,
24.24,169,169,169,169,11.77917109,0.973454783,-0.067565918,0.010864258,1,1,1,3,0.035644531,0,0,0,0,,,,,5.028334141,0.401779622,0.359952211,0,-0.401555613,-0.360202095,0.254881649,0,166,0,0,166,166,166,0,0,0.505653607,0.000750732,,,,,,,,,,,,
24.25,169,169,169,169,11.77910577,0.97344365,-0.067565918,0.010864258,1,1,1,3,0.035644531,0,0,0,0,,,,,5.028334141,0.401779622,0.359952211,0,-0.401555613,-0.360202095,0,0,166,0,0,166,166,166,0,0,0.505650066,0.000750732,,,,,,,,,,,,
24.26,169,169,169,169,11.7790405,0.973432517,-0.067581177,0.010864258,1,1,1,3,0.035644531,0,0,0,0,,,,,5.028334141,0.401779622,0.359952211,0,-0.401555613,-0.360202095,0,0,166,0,0,166,166,166,0,0,0.505646524,0.000750902,,,,,,,,,,,,
24.27,169,169,169,169,11.77897526,0.973421384,-0.067581177,0.010864258,1,1,1,3,0.035644531,0,0,0,0,,,,,5.028334141,0.401779622,0.359952211,0,-0.401555613,-0.360202095,0,0,166,0,0,166,166,166,0,0,0.505642982,0.000750902,,,,,,,,,,,,
24.28,169,169,169,169,11.77891006,0.973410251,-0.067581177,0.010864258,1,1,1,3,0.035644531,0,0,0,0,,,,,5.028334141,0.401779622,0.359952211,0,-0.401555613,-0.360202095,0,0,166,0,0,166,166,166,0,0,0.50563944,0.000750902,,,,,,,,,,,,
24.29,169,169,169,169,11.77884489,0.973399118,-0.067581177,0.010864258,1,1,1,3,0.035644531,0,0,0,0,,,,,5.028334141,0.401779622,0.359952211,0,-0.401555613,-0.360202095,0,0,166,0,0,166,166,166,0,0,0.505635899,0.000750902,,,,,,,,,,,,
24.3,168,168,168,168,11.78317782,0.973387984,-0.067581177,0.010864258,1,1,1,3,0.035644531,0,0,0,0,,,,,5.028334141,0.401779622,0.359952211,0,-0.401555613,-0.360202095,0,0,165,0,0,165,165,165,0,0,0.505632357,0.000750902,,,,,,,,,,,,
24.31,168,168,168,168,11.78311794,0.973376982,-0.067581177,0.010864258,1,1,1,3,0.035644531,0,0,0,0,,,,,5.028334141,0.401779622,0.359952211,0,-0.401555613,-0.360202095,0,0,165,0,0,165,165,165,0,0,0.505628815,0.000750902,,,,,,,,,,,,
24.32,168,168,168,168,11.7830581,0.973365979,-0.067581177,0.010864258,1,1,1,3,0.035644531,0,0,0,0,,,,,5.028334141,0.401779622,0.359952211,0,-0.401555613,-0.360202095,0,0,165,0,0,165,165,165,0,0,0.505625273,0.000750902,,,,,,,,,,,,
24.33,168,168,168,168,11.78299828,0.973354977,-0.067596436,0.010925293,1,1,1,3,0.035644531,0,0,0,0,,,,,5.028334141,0.401779622,0.359952211,0,-0.401555613,-0.360202095,0,0,165,0,0,165,165,165,0,0,0.505621732,0.000751072,,,,,,,,,,,,
24.34,168,168,168,168,11.7829385,0.973343974,-0.067596436,0.010925293,1,1,1,3,0.035644531,0,0,0,0,,,,,5.028334141,0.401779622,0.359952211,0,-0.401555613,-0.360202095,0,0,165,0,0,165,165,165,0,0,0.50561819,0.000751072,,,,,,,,,,,,
24.35,168,168,168,168,11.78287875,0.973332971,-0.067596436,0.010925293,1,1,1,3,0.035644531,0,0,0,0,,,,,5.028334141,0.401779622,0.359952211,0,-0.401555613,-0.360202095,0,0,165,0,0,165,165,165,0,0,0.505614648,0.000751072,,,,,,,,,,,,
24.36,168,168,168,168,11.78281903,0.973321969,-0.067596436,0.010925293,1,1,1,3,0.035644531,0,0,0,0,,,,,5.028334141,0.401779622,0.359952211,0,-0.401555613,-0.360202095,0,0,165,0,0,165,165,165,0,0,0.505611106,0.000751072,,,,,,,,,,,,
24.37,168,168,168,168,11.78275934,0.973310966,-0.067611694,0.010986328,1,1,1,3,0.035644531,0,0,0,0,,,,,5.028334141,0.401779622,0.359952211,0,-0.401555613,-0.360202095,0,0,165,0,0,165,165,165,0,0,0.505607564,0.000751241,,,,,,,,,,,,
24.38,168,168,168,168,11.78269969,0.973299964,-0.067611694,0.010986328,1,1,1,3,0.035644531,0,0,0,0,,,,,5.028334141,0.401779622,0.359952211,0,-0.401555613,-0.360202095,0,0,165,0,0,165,165,165,0,0,0.505604023,0.000751241,,,,,,,,,,,,
24.39,168,168,168,168,11.78264007,0.973288961,-0.067611694,0.010986328,1,1,1,3,0.035644531,0,0,0,0,,,,,5.028334141,0.401779622,0.359952211,0,-0.401555613,-0.360202095,0,0,165,0,0,165,165,165,0,0,0.505600481,0.000751241,,,,,,,,,,,,
24.4,168,168,168,168,11.78258048,0.973277958,-0.067611694,0.010986328,1,1,1,3,0.035644531,0,0,0,0,,,,,5.028334141,0.401779622,0.359952211,0,-0.401555613,-0.360202095,0,0,165,0,0,165,165,165,0,0,0.505596939,0.000751241,,,,,,,,,,,,
24.41,168,168,168,168,11.78252092,0.973266956,-0.067626953,0.010986328,1,1,1,3,0.035644531,0,0,0,0,,,,,5.028334141,0.401779622,0.359952211,0,-0.401555613,-0.360202095,0,0,165,0,0,165,165,165,0,0,0.505593397,0.000751411,,,,,,,,,,,,
24.42,168,168,168,168,11.7824614,0.973255953,-0.067626953,0.010986328,1,1,1,3,0.035644531,0,0,0,0,,,,,5.028334141,0.401779622,0.359952211,0,-0.401555613,-0.360202095,0,0,165,0,0,165,165,165,0,0,0.505589856,0.000751411,,,,,,,,,,,,
24.43,168,168,168,168,11.7824019,0.97324495,-0.067626953,0.010986328,1,1,1,3,0.035644531,0,0,0,0,,,,,5.028334141,0.403639942,0.373415947,0,-0.403407557,-0.373666985,0.269297806,0,165,0,0,165,165,165,0,0,0.505586314,0.000751411,,,,,,,,,,,,
24.44,178,178,178,178,11.7418032,0.973233948,-0.067626953,0.010986328,1,1,1,3,0.035644531,0,0,0,0,,,,,5.023049831,0.403639942,0.373415947,0,-0.403407557,-0.373666985,0,0,174,0,0,174,174,174,0,0,0.546767689,0.000751411,,,,,,,,,,,,
24.45,169,169,169,169,11.77783692,0.973221742,-0.067642212,0.010986328,1,1,1,3,0.035644531,0,0,0,0,,,,,5.023049831,0.403639942,0.373415947,0,-0.403407557,-0.373666985,0,0,166,0,0,166,166,166,0,0,0.50581141,0.00075158,,,,,,,,,,,,
24.46,169,169,169,169,11.77777236,0.973210609,-0.067642212,0.010986328,1,1,1,3,0.035644531,0,0,0,0,,,,,5.023049831,0.403639942,0.373415947,0,-0.403407557,-0.373666985,0,0,166,0,0,166,166,166,0,0,0.505808528,0.00075158,,,,,,,,,,,,
24.47,169,169,169,169,11.77770783,0.973199476,-0.067642212,0.010986328,1,1,1,3,0.035644531,0,0,0,0,,,,,5.023049831,0.403639942,0.373415947,0,-0.403407557,-0.373666985,0,0,166,0,0,166,166,166,0,0,0.505805647,0.00075158,,,,,,,,,,,,
24.48,169,169,169,169,11.77764334,0.973188343,-0.067642212,0.010986328,1,1,1,3,0.035644531,0,0,0,0,,,,,5.023049831,0.403639942,0.373415947,0,-0.403407557,-0.373666985,0,0,166,0,0,166,166,166,0,0,0.505802766,0.00075158,,,,,,,,,,,,
24.49,169,169,169,169,11.77757888,0.97317721,-0.067642212,0.010986328,1,1,1,3,0.035644531,0,0,0,0,,,,,5.023049831,0.403639942,0.373415947,0,-0.403407557,-0.373666985,0,0,166,0,0,166,166,166,0,0,0.505799885,0.00075158,,,,,,,,,,,,
24.5,169,169,169,169,11.77751447,0.973166076,-0.067642212,0.010986328,1,1,1,3,0.035644531,0,0,0,0,,,,,5.023049831,0.403639942,0.373415947,0,-0.403407557,-0.373666985,0,0,166,0,0,166,166,166,0,0,0.505797004,0.00075158,,,,,,,,,,,,
24.51,169,169,169,169,11.77745009,0.973154943,-0.067657471,0.010986328,1,1,1,3,0.035644531,0,0,0,0,,,,,5.023049831,0.403639942,0.373415947,0,-0.403407557,-0.373666985,0,0,166,0,0,166,166,166,0,0,0.505794122,0.00075175,,,,,,,,,,,,
24.52,169,169,169,169,11.77738574,0.97314381,-0.067657471,0.010986328,1,1,1,3,0.035644531,0,0,0,0,,,,,5.023049831,0.403639942,0.373415947,0,-0.403407557,-0.373666985,0,0,166,0,0,166,166,166,0,0,0.505791241,0.00075175,,,,,,,,,,,,
24.53,169,169,169,169,11.77732144,0.973132677,-0.067657471,0.010986328,1,1,1,3,0.035644531,0,0,0,0,,,,,5.023049831,0.403639942,0.373415947,0,-0.403407557,-0.373666985,0,0,166,0,0,166,166,166,0,0,0.50578836,0.00075175,,,,,,,,,,,,
24.54,169,169,169,169,11.77725717,0.973121544,-0.067672729,0.010986328,1,1,1,3,0.035644531,0,0,0,0,,,,,5.023049831,0.403639942,0.373415947,0,-0.403407557,-0.373666985,0,0,166,0,0,166,166,166,0,0,0.505785479,0.000751919,,,,,,,,,,,,
24.55,169,169,169,169,11.77719293,0.973110411,-0.067672729,0.010986328,1,1,1,3,0.035644531,0,0,0,0,,,,,5.023049831,0.403639942,0.373415947,0,-0.403407557,-0.373666985,0,0,166,0,0,166,166,166,0,0,0.505782597,0.000751919,,,,,,,,,,,,
24.56,169,169,169,169,11.77712873,0.973099278,-0.067672729,0.010986328,1,1,1,3,0.035644531,0,0,0,0,,,,,5.023049831,0.403639942,0.373415947,0,-0.403407557,-0.373666985,0,0,166,0,0,166,166,166,0,0,0.505779716,0.000751919,,,,,,,,,,,,
24.57,169,169,169,169,11.77706457,0.973088145,-0.067672729,0.011047363,1,1,1,3,0.035644531,0,0,0,0,,,,,5.023049831,0.403639942,0.373415947,0,-0.403407557,-0.373666985,0,0,166,0,0,166,166,166,0,0,0.505776835,0.000751919,,,,,,,,,,,,
24.58,169,169,169,169,11.77700045,0.973077011,-0.067672729,0.011047363,1,1,1,3,0.035644531,0,0,0,0,,,,,5.023049831,0.403639942,0.373415947,0,-0.403407557,-0.373666985,0,0,166,0,0,166,166,166,0,0,0.505773954,0.000751919,,,,,,,,,,,,
24.59,169,169,169,169,11.77693636,0.973065878,-0.067672729,0.011047363,1,1,1,3,0.035644531,0,0,0,0,,,,,5.023049831,0.403639942,0.373415947,0,-0.403407557,-0.373666985,0,0,166,0,0,166,166,166,0,0,0.505771072,0.000751919,,,,,,,,,,,,
24.6,169,169,169,169,11.7768723,0.973054745,-0.067672729,0.011047363,1,1,1,3,0.035644531,0,0,0,0,,,,,5.023049831,0.403639942,0.373415947,0,-0.403407557,-0.373666985,0,0,166,0,0,166,166,166,0,0,0.505768191,0.000751919,,,,,,,,,,,,
24.61,169,169,169,169,11.77680829,0.973043612,-0.067672729,0.011047363,1,1,1,3,0.035644531,0,0,0,0,,,,,5.023049831,0.405433923,0.386320114,0,-0.405193509,-0.386572266,0.258105615,0,166,0,0,166,166,166,0,0,0.50576531,0.000751919,,,,,,,,,,,,
24.62,169,169,169,169,11.77674431,0.973032479,-0.067672729,0.011047363,1,1,1,3,0.035644531,0,0,0,0,,,,,5.023049831,0.405433923,0.386320114,0,-0.405193509,-0.386572266,0,0,166,0,0,166,166,166,0,0,0.505762429,0.000751919,,,,,,,,,,,,
24.63,169,169,169,169,11.77668036,0.973021346,-0.067687988,0.011108398,1,1,1,3,0.035644531,0,0,0,0,,,,,5.023049831,0.405433923,0.386320114,0,-0.405193509,-0.386572266,0,0,166,0,0,166,166,166,0,0,0.505759548,0.000752089,,,,,,,,,,,,
24.64,169,169,169,169,11.77661645,0.973010213,-0.067687988,0.011108398,1,1,1,3,0.035644531,0,0,0,0,,,,,5.023049831,0.405433923,0.386320114,0,-0.405193509,-0.386572266,0,0,166,0,0,166,166,166,0,0,0.505756666,0.000752089,,,,,,,,,,,,
24.65,169,169,169,169,11.77655258,0.97299908,-0.067687988,0.011108398,1,1,1,3,0.035644531,0,0,0,0,,,,,5.023049831,0.405433923,0.386320114,0,-0.405193509,-0.386572266,0,0,166,0,0,166,166,166,0,0,0.505753785,0.000752089,,,,,,,,,,,,
24.66,169,169,169,169,11.77648875,0.972987946,-0.067687988,0.011108398,1,1,1,3,0.035644531,0,0,0,0,,,,,5.023049831,0.405433923,0.386320114,0,-0.405193509,-0.386572266,0,0,166,0,0,166,166,166,0,0,0.505750904,0.000752089,,,,,,,,,,,,
24.67,169,169,169,169,11.77642495,0.972976813,-0.067687988,0.011108398,1,1,1,3,0.035644531,0,0,0,0,,,,,5.023049831,0.405433923,0.386320114,0,-0.405193509,-0.386572266,0,0,166,0,0,166,166,166,0,0,0.505748023,0.000752089,,,,,,,,,,,,
24.68,169,169,169,169,11.77636118,0.97296568,-0.067687988,0.011108398,1,1,1,3,0.035644531,0,0,0,0,,,,,5.023049831,0.405433923,0.386320114,0,-0.405193509,-0.386572266,0,0,166,0,0,166,166,166,0,0,0.505745141,0.000752089,,,,,,,,,,,,
24.69,169,169,169,169,11.77629745,0.972954547,-0.067703247,0.011108398,1,1,1,3,0.035644531,0,0,0,0,,,,,5.023049831,0.405433923,0.386320114,0,-0.405193509,-0.386572266,0,0,166,0,0,166,166,166,0,0,0.50574226,0.000752258,,,,,,,,,,,,
24.7,169,169,169,169,11.77623376,0.972943414,-0.067703247,0.011108398,1,1,1,3,0.035644531,0,0,0,0,,,,,5.023049831,0.405433923,0.386320114,0,-0.405193509,-0.386572266,0,0,166,0,0,166,166,166,0,0,0.505739379,0.000752258,,,,,,,,,,,,
24.71,169,169,169,169,11.7761701,0.972932281,-0.067703247,0.011108398,1,1,1,3,0.035644531,0,0,0,0,,,,,5.023049831,0.405433923,0.386320114,0,-0.405193509,-0.386572266,0,0,166,0,0,166,166,166,0,0,0.505736498,0.000752258,,,,,,,,,,,,
24.72,169,169,169,169,11.77610648,0.972921148,-0.067718506,0.011108398,1,1,1,3,0.035644531,0,0,0,0,,,,,5.023049831,0.405433923,0.386320114,0,-0.405193509,-0.386572266,0,0,166,0,0,166,166,166,0,0,0.505733616,0.000752428,,,,,,,,,,,,
24.73,169,169,169,169,11.7760429,0.972910014,-0.067718506,0.011108398,1,1,1,3,0.035644531,0,0,0,0,,,,,5.023049831,0.405433923,0.386320114,0,-0.405193509,-0.386572266,0,0,166,0,0,166,166,166,0,0,0.505730735,0.000752428,,,,,,,,,,,,
24.74,169,169,169,169,11.77597935,0.972898881,-0.067718506,0.011108398,1,1,1,3,0.035644531,0,0,0,0,,,,,5.023049831,0.405433923,0.386320114,0,-0.405193509,-0.386572266,0,0,166,0,0,166,166,166,0,0,0.505727854,0.000752428,,,,,,,,,,,,
24.75,169,169,169,169,11.77591584,0.972887748,-0.067718506,0.011108398,1,1,1,3,0.035644531,0,0,0,0,,,,,5.023049831,0.405433923,0.386320114,0,-0.405193509,-0.386572266,0,0,166,0,0,166,166,166,0,0,0.505724973,0.000752428,,,,,,,,,,,,
24.76,169,169,169,169,11.77585236,0.972876615,-0.067718506,0.011108398,1,1,1,3,0.035644531,0,0,0,0,,,,,5.023049831,0.405433923,0.386320114,0,-0.405193509,-0.386572266,0,0,166,0,0,166,166,166,0,0,0.505722092,0.000752428,,,,,,,,,,,,
24.77,169,169,169,169,11.77578892,0.972865482,-0.067718506,0.011108398,1,1,1,3,0.035644531,0,0,0,0,,,,,5.023049831,0.405433923,0.386320114,0,-0.405193509,-0.386572266,0,0,166,0,0,166,166,166,0,0,0.50571921,0.000752428,,,,,,,,,,,,
24.78,169,169,169,169,11.77572551,0.972854349,-0.067718506,0.011108398,1,1,1,3,0.035644531,0,0,0,0,,,,,5.023049831,0.405433923,0.386320114,0,-0.405193509,-0.386572266,0,0,166,0,0,166,166,166,0,0,0.505716329,0.000752428,,,,,,,,,,,,
24.79,169,169,169,169,11.77566214,0.972843216,-0.067733765,0.011108398,1,1,1,3,0.035644531,0,0,0,0,,,,,5.023049831,0.405433923,0.386320114,0,-0.405193509,-0.386572266,0,0,166,0,0,166,166,166,0,0,0.505713448,0.000752597,,,,,,,,,,,,
24.8,169,169,169,169,11.7755988,0.972832083,-0.067733765,0.011108398,1,1,1,3,0.035644531,0,0,0,0,,,,,5.023049831,0.405433923,0.386320114,0,-0.405193509,-0.386572266,0,0,166,0,0,166,166,166,0,0,0.505710567,0.000752597,,,,,,,,,,,,
24.81,169,169,169,169,11.7755355,0.972820949,-0.067733765,0.011169434,1,1,1,3,0.035644531,0,0,0,0,,,,,5.023049831,0.407340944,0.399952412,0,-0.407092049,-0.400205747,0.272669625,0,166,0,0,166,166,166,0,0,0.505707685,0.000752597,,,,,,,,,,,,
24.82,169,169,169,169,11.77547224,0.972809816,-0.067733765,0.011169434,1,1,1,3,0.035644531,0,0,0,0,,,,,5.023049831,0.407340944,0.399952412,0,-0.407092049,-0.400205747,0,0,166,0,0,166,166,166,0,0,0.505704804,0.000752597,,,,,,,,,,,,
24.83,169,169,169,169,11.77540901,0.972798683,-0.067733765,0.011169434,1,1,1,3,0.035644531,0,0,0,0,,,,,5.023049831,0.407340944,0.399952412,0,-0.407092049,-0.400205747,0,0,166,0,0,166,166,166,0,0,0.505701923,0.000752597,,,,,,,,,,,,
24.84,169,169,169,169,11.77534581,0.97278755,-0.067733765,0.011169434,1,1,1,3,0.035644531,0,0,0,0,,,,,5.023049831,0.407340944,0.399952412,0,-0.407092049,-0.400205747,0,0,166,0,0,166,166,166,0,0,0.505699042,0.000752597,,,,,,,,,,,,
24.85,169,169,169,169,11.77528266,0.972776417,-0.067733765,0.011169434,1,1,1,3,0.035644531,0,0,0,0,,,,,5.023049831,0.407340944,0.399952412,0,-0.407092049,-0.400205747,0,0,166,0,0,166,166,166,0,0,0.50569616,0.000752597,,,,,,,,,,,,
24.86,169,169,169,169,11.77521953,0.972765284,-0.067749023,0.011169434,1,1,1,3,0.035644531,0,0,0,0,,,,,5.023049831,0.407340944,0.399952412,0,-0.407092049,-0.400205747,0,0,166,0,0,166,166,166,0,0,0.505693279,0.000752767,,,,,,,,,,,,
24.87,169,169,169,169,11.77515644,0.972754151,-0.067749023,0.011169434,1,1,1,3,0.035644531,0,0,0,0,,,,,5.023049831,0.407340944,0.399952412,0,-0.407092049,-0.400205747,0,0,166,0,0,166,166,166,0,0,0.505690398,0.000752767,,,,,,,,,,,,
24.88,169,169,169,169,11.77509339,0.972743017,-0.067749023,0.011230469,1,1,1,3,0.035644531,0,0,0,0,,,,,5.023049831,0.407340944,0.399952412,0,-0.407092049,-0.400205747,0,0,166,0,0,166,166,166,0,0,0.505687517,0.000752767,,,,,,,,,,,,
24.89,169,169,169,169,11.77503037,0.972731884,-0.067749023,0.011230469,1,1,1,3,0.035644531,0,0,0,0,,,,,5.023049831,0.407340944,0.399952412,0,-0.407092049,-0.400205747,0,0,166,0,0,166,166,166,0,0,0.505684636,0.000752767,,,,,,,,,,,,
24.9,169,169,169,169,11.77496739,0.972720751,-0.067749023,0.011230469,1,1,1,3,0.035644531,0,0,0,0,,,,,5.023049831,0.407340944,0.399952412,0,-0.407092049,-0.400205747,0,0,166,0,0,166,166,166,0,0,0.505681754,0.000752767,,,,,,,,,,,,
24.91,169,169,169,169,11.77490444,0.972709618,-0.067749023,0.011230469,1,1,1,3,0.035644531,0,0,0,0,,,,,5.023049831,0.407340944,0.399952412,0,-0.407092049,-0.400205747,0,0,166,0,0,166,166,166,0,0,0.505678873,0.000752767,,,,,,,,,,,,
24.92,158,158,158,158,11.81762631,0.972698485,-0.067764282,0.011230469,1,1,1,3,0.035644531,0,0,0,0,,,,,5.028334141,0.407340944,0.399952412,0,-0.407092049,-0.400205747,0,0,156,0,0,156,156,156,0,0,0.464491075,0.000752936,,,,,,,,,,,,
24.93,168,168,168,168,11.77922741,0.972688622,-0.067764282,0.011230469,1,1,1,3,0.035644531,0,0,0,0,,,,,5.028334141,0.407340944,0.399952412,0,-0.407092049,-0.400205747,0,0,165,0,0,165,165,165,0,0,0.505440931,0.000752936,,,,,,,,,,,,
24.94,168,168,168,168,11.77916973,0.972677619,-0.067764282,0.011230469,1,1,1,3,0.035644531,0,0,0,0,,,,,5.028334141,0.407340944,0.399952412,0,-0.407092049,-0.400205747,0,0,165,0,0,165,165,165,0,0,0.50543739,0.000752936,,,,,,,,,,,,
24.95,168,168,168,168,11.77911208,0.972666616,-0.067764282,0.011230469,1,1,1,3,0.035644531,0,0,0,0,,,,,5.028334141,0.407340944,0.399952412,0,-0.407092049,-0.400205747,0,0,165,0,0,165,165,165,0,0,0.505433848,0.000752936,,,,,,,,,,,,
24.96,168,168,168,168,11.77905446,0.972655614,-0.067779541,0.011230469,1,1,1,3,0.035644531,0,0,0,0,,,,,5.028334141,0.407340944,0.399952412,0,-0.407092049,-0.400205747,0,0,165,0,0,165,165,165,0,0,0.505430306,0.000753106,,,,,,,,,,,,
24.97,168,168,168,168,11.77899687,0.972644611,-0.067779541,0.011230469,1,1,1,3,0.035644531,0,0,0,0,,,,,5.028334141,0.407340944,0.399952412,0,-0.407092049,-0.400205747,0,0,165,0,0,165,165,165,0,0,0.505426764,0.000753106,,,,,,,,,,,,
24.98,168,168,168,168,11.77893931,0.972633608,-0.067779541,0.011230469,1,1,1,3,0.035644531,0,0,0,0,,,,,5.028334141,0.407340944,0.399952412,0,-0.407092049,-0.400205747,0,0,165,0,0,165,165,165,0,0,0.505423222,0.000753106,,,,,,,,,,,,
24.99,168,168,168,168,11.77888178,0.972622606,-0.067779541,0.011230469,1,1,1,3,0.035644531,0,0,0,0,,,,,5.028334141,0.407340944,0.399952412,0,-0.407092049,-0.400205747,0,0,165,0,0,165,165,165,0,0,0.505419681,0.000753106,,,,,,,,,,,,
25,168,168,168,168,11.77882429,0.972611603,-0.067779541,0.011230469,1,1,1,3,0.035644531,0,0,0,0,,,,,5.028334141,0.409179211,0.413011551,0,-0.408922191,-0.413266027,0.261205607,0,165,0,0,165,165,165,0,0,0.505416139,0.000753106,,,,,,,,,,,,
25.01,168,168,168,168,11.77876682,0.972600601,-0.067779541,0.011230469,1,1,1,3,0.035644531,0,0,0,0,,,,,5.028334141,0.409179211,0.413011551,0,-0.408922191,-0.413266027,0,0,165,0,0,165,165,165,0,0,0.505412597,0.000753106,,,,,,,,,,,,
25.02,168,168,168,168,11.77870938,0.972589598,-0.067779541,0.011230469,1,1,1,3,0.035644531,0,0,0,0,,,,,5.028334141,0.409179211,0.413011551,0,-0.408922191,-0.413266027,0,0,165,0,0,165,165,165,0,0,0.505409055,0.000753106,,,,,,,,,,,,
25.03,168,168,168,168,11.77865197,0.972578595,-0.0677948,0.011230469,1,1,1,3,0.035644531,0,0,0,0,,,,,5.028334141,0.409179211,0.413011551,0,-0.408922191,-0.413266027,0,0,165,0,0,165,165,165,0,0,0.505405514,0.000753276,,,,,,,,,,,,
25.04,168,168,168,168,11.77859459,0.972567593,-0.0677948,0.011230469,1,1,1,3,0.035644531,0,0,0,0,,,,,5.028334141,0.409179211,0.413011551,0,-0.408922191,-0.413266027,0,0,165,0,0,165,165,165,0,0,0.505401972,0.000753276,,,,,,,,,,,,
25.05,168,168,168,168,11.77853724,0.97255659,-0.0677948,0.011291504,1,1,1,3,0.035644531,0,0,0,0,,,,,5.028334141,0.409179211,0.413011551,0,-0.408922191,-0.413266027,0,0,165,0,0,165,165,165,0,0,0.50539843,0.000753276,,,,,,,,,,,,
25.06,168,168,168,168,11.77847992,0.972545588,-0.0677948,0.011291504,1,1,1,3,0.035644531,0,0,0,0,,,,,5.028334141,0.409179211,0.413011551,0,-0.408922191,-0.413266027,0,0,165,0,0,165,165,165,0,0,0.505394888,0.000753276,,,,,,,,,,,,
25.07,168,168,168,168,11.77842263,0.972534585,-0.0677948,0.011291504,1,1,1,3,0.035644531,0,0,0,0,,,,,5.028334141,0.409179211,0.413011551,0,-0.408922191,-0.413266027,0,0,165,0,0,165,165,165,0,0,0.505391347,0.000753276,,,,,,,,,,,,
25.08,168,168,168,168,11.77836538,0.972523582,-0.0677948,0.011291504,1,1,1,3,0.035644531,0,0,0,0,,,,,5.028334141,0.409179211,0.413011551,0,-0.408922191,-0.413266027,0,0,165,0,0,165,165,165,0,0,0.505387805,0.000753276,,,,,,,,,,,,
25.09,168,168,168,168,11.77830815,0.97251258,-0.0677948,0.011291504,1,1,1,3,0.035644531,0,0,0,0,,,,,5.028334141,0.409179211,0.413011551,0,-0.408922191,-0.413266027,0,0,165,0,0,165,165,165,0,0,0.505384263,0.000753276,,,,,,,,,,,,
25.1,168,168,168,168,11.77825095,0.972501577,-0.067810059,0.011352539,1,1,1,3,0.035644531,0,0,0,0,,,,,5.028334141,0.409179211,0.413011551,0,-0.408922191,-0.413266027,0,0,165,0,0,165,165,165,0,0,0.505380721,0.000753445,,,,,,,,,,,,
25.11,168,168,168,168,11.77819378,0.972490575,-0.067810059,0.011352539,1,1,1,3,0.035644531,0,0,0,0,,,,,5.028334141,0.409179211,0.413011551,0,-0.408922191,-0.413266027,0,0,165,0,0,165,165,165,0,0,0.50537718,0.000753445,,,,,,,,,,,,
25.12,168,168,168,168,11.77813663,0.972479572,-0.067810059,0.011352539,1,1,1,3,0.035644531,0,0,0,0,,,,,5.028334141,0.409179211,0.413011551,0,-0.408922191,-0.413266027,0,0,165,0,0,165,165,165,0,0,0.505373638,0.000753445,,,,,,,,,,,,
25.13,168,168,168,168,11.77807952,0.972468569,-0.067810059,0.011352539,1,1,1,3,0.035644531,0,0,0,0,,,,,5.028334141,0.409179211,0.413011551,0,-0.408922191,-0.413266027,0,0,165,0,0,165,165,165,0,0,0.505370096,0.000753445,,,,,,,,,,,,
25.14,168,168,168,168,11.77802244,0.972457567,-0.067810059,0.011352539,1,1,1,3,0.035644531,0,0,0,0,,,,,5.028334141,0.409179211,0.413011551,0,-0.408922191,-0.413266027,0,0,165,0,0,165,165,165,0,0,0.505366554,0.000753445,,,,,,,,,,,,
25.15,168,168,168,168,11.77796539,0.972446564,-0.067810059,0.011352539,1,1,1,3,0.035644531,0,0,0,0,,,,,5.028334141,0.409179211,0.413011551,0,-0.408922191,-0.413266027,0,0,165,0,0,165,165,165,0,0,0.505363012,0.000753445,,,,,,,,,,,,
25.16,168,168,168,168,11.77790837,0.972435562,-0.067825317,0.011352539,1,1,1,3,0.035644531,0,0,0,0,,,,,5.028334141,0.409179211,0.413011551,0,-0.408922191,-0.413266027,0,0,165,0,0,165,165,165,0,0,0.505359471,0.000753615,,,,,,,,,,,,
25.17,168,168,168,168,11.77785137,0.972424559,-0.067825317,0.011352539,1,1,1,3,0.035644531,0,0,0,0,,,,,5.028334141,0.409179211,0.413011551,0,-0.408922191,-0.413266027,0,0,165,0,0,165,165,165,0,0,0.505355929,0.000753615,,,,,,,,,,,,
25.18,168,168,168,168,11.77779441,0.972413556,-0.067825317,0.011352539,1,1,1,3,0.035644531,0,0,0,0,,,,,5.028334141,0.409179211,0.413011551,0,-0.408922191,-0.413266027,0,0,165,0,0,165,165,165,0,0,0.505352387,0.000753615,,,,,,,,,,,,
25.19,168,168,168,168,11.77773748,0.972402554,-0.067825317,0.011352539,1,1,1,3,0.035644531,0,0,0,0,,,,,5.028334141,0.411132038,0.42679882,0,-0.41086644,-0.427054509,0.275769636,0,165,0,0,165,165,165,0,0,0.505348845,0.000753615,,,,,,,,,,,,
25.2,168,168,168,168,11.77768057,0.972391551,-0.067825317,0.011352539,1,1,1,3,0.035644531,0,0,0,0,,,,,5.028334141,0.411132038,0.42679882,0,-0.41086644,-0.427054509,0,0,165,0,0,165,165,165,0,0,0.505345304,0.000753615,,,,,,,,,,,,
25.21,168,168,168,168,11.7776237,0.972380548,-0.067840576,0.011352539,1,1,1,3,0.035644531,0,0,0,0,,,,,5.028334141,0.411132038,0.42679882,0,-0.41086644,-0.427054509,0,0,165,0,0,165,165,165,0,0,0.505341762,0.000753784,,,,,,,,,,,,
25.22,168,168,168,168,11.77756685,0.972369546,-0.067840576,0.011352539,1,1,1,3,0.035644531,0,0,0,0,,,,,5.028334141,0.411132038,0.42679882,0,-0.41086644,-0.427054509,0,0,165,0,0,165,165,165,0,0,0.50533822,0.000753784,,,,,,,,,,,,
25.23,168,168,168,168,11.77751004,0.972358543,-0.067840576,0.011352539,1,1,1,3,0.035644531,0,0,0,0,,,,,5.028334141,0.411132038,0.42679882,0,-0.41086644,-0.427054509,0,0,165,0,0,165,165,165,0,0,0.505334678,0.000753784,,,,,,,,,,,,
25.24,168,168,168,168,11.77745325,0.972347541,-0.067840576,0.011352539,1,1,1,3,0.035644531,0,0,0,0,,,,,5.028334141,0.411132038,0.42679882,0,-0.41086644,-0.427054509,0,0,165,0,0,165,165,165,0,0,0.505331137,0.000753784,,,,,,,,,,,,
25.25,168,168,168,168,11.77739649,0.972336538,-0.067840576,0.011352539,1,1,1,3,0.035644531,0,0,0,0,,,,,5.028334141,0.411132038,0.42679882,0,-0.41086644,-0.427054509,0,0,165,0,0,165,165,165,0,0,0.505327595,0.000753784,,,,,,,,,,,,
25.26,168,168,168,168,11.77733976,0.972325535,-0.067840576,0.011352539,1,1,1,3,0.035644531,0,0,0,0,,,,,5.028334141,0.411132038,0.42679882,0,-0.41086644,-0.427054509,0,0,165,0,0,165,165,165,0,0,0.505324053,0.000753784,,,,,,,,,,,,
25.27,168,168,168,168,11.77728306,0.972314533,-0.067840576,0.011352539,1,1,1,3,0.035644531,0,0,0,0,,,,,5.028334141,0.411132038,0.42679882,0,-0.41086644,-0.427054509,0,0,165,0,0,165,165,165,0,0,0.505320511,0.000753784,,,,,,,,,,,,
25.28,168,168,168,168,11.77722639,0.97230353,-0.067840576,0.011352539,1,1,1,3,0.035644531,0,0,0,0,,,,,5.028334141,0.411132038,0.42679882,0,-0.41086644,-0.427054509,0,0,165,0,0,165,165,165,0,0,0.505316969,0.000753784,,,,,,,,,,,,
25.29,168,168,168,168,11.77716975,0.972292528,-0.067840576,0.011413574,1,1,1,3,0.035644531,0,0,0,0,,,,,5.028334141,0.411132038,0.42679882,0,-0.41086644,-0.427054509,0,0,165,0,0,165,165,165,0,0,0.505313428,0.000753784,,,,,,,,,,,,
25.3,168,168,168,168,11.77711314,0.972281525,-0.067840576,0.011413574,1,1,1,3,0.035644531,0,0,0,0,,,,,5.028334141,0.411132038,0.42679882,0,-0.41086644,-0.427054509,0,0,165,0,0,165,165,165,0,0,0.505309886,0.000753784,,,,,,,,,,,,
25.31,168,168,168,168,11.77705656,0.972270522,-0.067825317,0.011413574,1,1,1,3,0.035644531,0,0,0,0,,,,,5.028334141,0.411132038,0.42679882,0,-0.41086644,-0.427054509,0,0,165,0,0,165,165,165,0,0,0.505306344,0.000753615,,,,,,,,,,,,
25.32,168,168,168,168,11.777,0.97225952,-0.067825317,0.011413574,1,1,1,3,0.035644531,0,0,0,0,,,,,5.028334141,0.411132038,0.42679882,0,-0.41086644,-0.427054509,0,0,165,0,0,165,165,165,0,0,0.505302802,0.000753615,,,,,,,,,,,,
25.33,168,168,168,168,11.77694348,0.972248517,-0.067825317,0.011413574,1,1,1,3,0.035644531,0,0,0,0,,,,,5.028334141,0.411132038,0.42679882,0,-0.41086644,-0.427054509,0,0,165,0,0,165,165,165,0,0,0.505299261,0.000753615,,,,,,,,,,,,
25.34,168,168,168,168,11.77688698,0.972237515,-0.067825317,0.011413574,1,1,1,3,0.035644531,0,0,0,0,,,,,5.028334141,0.411132038,0.42679882,0,-0.41086644,-0.427054509,0,0,165,0,0,165,165,165,0,0,0.505295719,0.000753615,,,,,,,,,,,,
25.35,168,168,168,168,11.77683051,0.972226512,-0.067825317,0.011474609,1,1,1,3,0.035644531,0,0,0,0,,,,,5.028334141,0.411132038,0.42679882,0,-0.41086644,-0.427054509,0,0,165,0,0,165,165,165,0,0,0.505292177,0.000753615,,,,,,,,,,,,
25.36,168,168,168,168,11.77677408,0.972215509,-0.067825317,0.011474609,1,1,1,3,0.035644531,0,0,0,0,,,,,5.028334141,0.411132038,0.42679882,0,-0.41086644,-0.427054509,0,0,165,0,0,165,165,165,0,0,0.505288635,0.000753615,,,,,,,,,,,,
25.37,168,168,168,168,11.77671767,0.972204507,-0.067810059,0.011474609,1,1,1,3,0.035644531,0,0,0,0,,,,,5.028334141,0.411132038,0.42679882,0,-0.41086644,-0.427054509,0,0,165,0,0,165,165,165,0,0,0.505285094,0.000753445,,,,,,,,,,,,
25.38,168,168,168,168,11.77666129,0.972193504,-0.067810059,0.011474609,1,1,1,3,0.035644531,0,0,0,0,,,,,5.028334141,0.413013339,0.439997435,0,-0.41273953,-0.440254291,0.263995639,0,165,0,0,165,165,165,0,0,0.505281552,0.000753445,,,,,,,,,,,,
25.39,168,168,168,168,11.77660494,0.972182501,-0.067810059,0.011474609,1,1,1,3,0.035644531,0,0,0,0,,,,,5.028334141,0.413013339,0.439997435,0,-0.41273953,-0.440254291,0,0,165,0,0,165,165,165,0,0,0.50527801,0.000753445,,,,,,,,,,,,
25.4,168,168,168,168,11.77654861,0.972171499,-0.067810059,0.011474609,1,1,1,3,0.035644531,0,0,0,0,,,,,5.028334141,0.413013339,0.439997435,0,-0.41273953,-0.440254291,0,0,165,0,0,165,165,165,0,0,0.505274468,0.000753445,,,,,,,,,,,,
25.41,178,178,178,178,11.73595308,0.972160496,-0.067810059,0.011474609,1,1,1,3,0.035644531,0,0,0,0,,,,,5.023049831,0.413013339,0.439997435,0,-0.41273953,-0.440254291,0,0,174,0,0,174,174,174,0,0,0.546455843,0.000753445,,,,,,,,,,,,
25.42,168,168,168,168,11.77638803,0.972148291,-0.067810059,0.011474609,1,1,1,3,0.035644531,0,0,0,0,,,,,5.023049831,0.413013339,0.439997435,0,-0.41273953,-0.440254291,0,0,165,0,0,165,165,165,0,0,0.505499564,0.000753445,,,,,,,,,,,,
25.43,168,168,168,168,11.77633183,0.972137288,-0.067810059,0.011474609,1,1,1,3,0.035644531,0,0,0,0,,,,,5.023049831,0.413013339,0.439997435,0,-0.41273953,-0.440254291,0,0,165,0,0,165,165,165,0,0,0.505496683,0.000753445,,,,,,,,,,,,
25.44,168,168,168,168,11.77627567,0.972126285,-0.0677948,0.011474609,1,1,1,3,0.035644531,0,0,0,0,,,,,5.023049831,0.413013339,0.439997435,0,-0.41273953,-0.440254291,0,0,165,0,0,165,165,165,0,0,0.505493802,0.000753276,,,,,,,,,,,,
25.45,168,168,168,168,11.77621954,0.972115283,-0.0677948,0.011474609,1,1,1,3,0.035644531,0,0,0,0,,,,,5.023049831,0.413013339,0.439997435,0,-0.41273953,-0.440254291,0,0,165,0,0,165,165,165,0,0,0.50549092,0.000753276,,,,,,,,,,,,
25.46,168,168,168,168,11.77616343,0.97210428,-0.0677948,0.011474609,1,1,1,3,0.035644531,0,0,0,0,,,,,5.023049831,0.413013339,0.439997435,0,-0.41273953,-0.440254291,0,0,165,0,0,165,165,165,0,0,0.505488039,0.000753276,,,,,,,,,,,,
25.47,168,168,168,168,11.77610736,0.972093278,-0.0677948,0.011474609,1,1,1,3,0.035644531,0,0,0,0,,,,,5.023049831,0.413013339,0.439997435,0,-0.41273953,-0.440254291,0,0,165,0,0,165,165,165,0,0,0.505485158,0.000753276,,,,,,,,,,,,
25.48,168,168,168,168,11.77605131,0.972082275,-0.0677948,0.011474609,1,1,1,3,0.035644531,0,0,0,0,,,,,5.023049831,0.413013339,0.439997435,0,-0.41273953,-0.440254291,0,0,165,0,0,165,165,165,0,0,0.505482277,0.000753276,,,,,,,,,,,,
25.49,168,168,168,168,11.77599529,0.972071272,-0.0677948,0.011474609,1,1,1,3,0.035644531,0,0,0,0,,,,,5.023049831,0.413013339,0.439997435,0,-0.41273953,-0.440254291,0,0,165,0,0,165,165,165,0,0,0.505479395,0.000753276,,,,,,,,,,,,
25.5,168,168,168,168,11.7759393,0.97206027,-0.0677948,0.011474609,1,1,1,3,0.035644531,0,0,0,0,,,,,5.023049831,0.413013339,0.439997435,0,-0.41273953,-0.440254291,0,0,165,0,0,165,165,165,0,0,0.505476514,0.000753276,,,,,,,,,,,,
25.51,168,168,168,168,11.77588333,0.972049267,-0.0677948,0.011474609,1,1,1,3,0.035644531,0,0,0,0,,,,,5.023049831,0.413013339,0.439997435,0,-0.41273953,-0.440254291,0,0,165,0,0,165,165,165,0,0,0.505473633,0.000753276,,,,,,,,,,,,
25.52,168,168,168,168,11.7758274,0.972038264,-0.0677948,0.011474609,1,1,1,3,0.035644531,0,0,0,0,,,,,5.023049831,0.413013339,0.439997435,0,-0.41273953,-0.440254291,0,0,165,0,0,165,165,165,0,0,0.505470752,0.000753276,,,,,,,,,,,,
25.53,168,168,168,168,11.7757715,0.972027262,-0.0677948,0.011474609,1,1,1,3,0.035644531,0,0,0,0,,,,,5.023049831,0.413013339,0.439997435,0,-0.41273953,-0.440254291,0,0,165,0,0,165,165,165,0,0,0.505467871,0.000753276,,,,,,,,,,,,
25.54,168,168,168,168,11.77571562,0.972016259,-0.0677948,0.011535645,1,1,1,3,0.035644531,0,0,0,0,,,,,5.023049831,0.413013339,0.439997435,0,-0.41273953,-0.440254291,0,0,165,0,0,165,165,165,0,0,0.505464989,0.000753276,,,,,,,,,,,,
25.55,168,168,168,168,11.77565977,0.972005257,-0.0677948,0.011535645,1,1,1,3,0.035644531,0,0,0,0,,,,,5.023049831,0.413013339,0.439997435,0,-0.41273953,-0.440254291,0,0,165,0,0,165,165,165,0,0,0.505462108,0.000753276,,,,,,,,,,,,
25.56,168,168,168,168,11.77560395,0.971994254,-0.0677948,0.011535645,1,1,1,3,0.035644531,0,0,0,0,,,,,5.023049831,0.413013339,0.439997435,0,-0.41273953,-0.440254291,0,0,165,0,0,165,165,165,0,0,0.505459227,0.000753276,,,,,,,,,,,,
25.57,168,168,168,168,11.77554816,0.971983251,-0.0677948,0.011535645,1,1,1,3,0.035644531,0,0,0,0,,,,,5.023049831,0.413013339,0.439997435,0,-0.41273953,-0.440254291,0,0,165,0,0,165,165,165,0,0,0.505456346,0.000753276,,,,,,,,,,,,
25.58,168,168,168,168,11.77549239,0.971972249,-0.0677948,0.011535645,1,1,1,3,0.035644531,0,0,0,0,,,,,5.023049831,0.415011525,0.453927517,0,-0.41472905,-0.454185614,0.278626455,0,165,0,0,165,165,165,0,0,0.505453464,0.000753276,,,,,,,,,,,,
25.59,168,168,168,168,11.77543666,0.971961246,-0.0677948,0.011535645,1,1,1,3,0.035644531,0,0,0,0,,,,,5.023049831,0.415011525,0.453927517,0,-0.41472905,-0.454185614,0,0,165,0,0,165,165,165,0,0,0.505450583,0.000753276,,,,,,,,,,,,
25.6,168,168,168,168,11.77538095,0.971950244,-0.0677948,0.01159668,1,1,1,3,0.035644531,0,0,0,0,,,,,5.023049831,0.415011525,0.453927517,0,-0.41472905,-0.454185614,0,0,165,0,0,165,165,165,0,0,0.505447702,0.000753276,,,,,,,,,,,,
25.61,168,168,168,168,11.77532527,0.971939241,-0.0677948,0.01159668,1,1,1,3,0.035644531,0,0,0,0,,,,,5.023049831,0.415011525,0.453927517,0,-0.41472905,-0.454185614,0,0,165,0,0,165,165,165,0,0,0.505444821,0.000753276,,,,,,,,,,,,
25.62,168,168,168,168,11.77526962,0.971928238,-0.0677948,0.01159668,1,1,1,3,0.035644531,0,0,0,0,,,,,5.023049831,0.415011525,0.453927517,0,-0.41472905,-0.454185614,0,0,165,0,0,165,165,165,0,0,0.505441939,0.000753276,,,,,,,,,,,,
25.63,168,168,168,168,11.77521399,0.971917236,-0.0677948,0.01159668,1,1,1,3,0.035644531,0,0,0,0,,,,,5.023049831,0.415011525,0.453927517,0,-0.41472905,-0.454185614,0,0,165,0,0,165,165,165,0,0,0.505439058,0.000753276,,,,,,,,,,,,
25.64,168,168,168,168,11.7751584,0.971906233,-0.0677948,0.01159668,1,1,1,3,0.035644531,0,0,0,0,,,,,5.023049831,0.415011525,0.453927517,0,-0.41472905,-0.454185614,0,0,165,0,0,165,165,165,0,0,0.505436177,0.000753276,,,,,,,,,,,,
25.65,168,168,168,168,11.77510283,0.971895231,-0.0677948,0.01159668,1,1,1,3,0.035644531,0,0,0,0,,,,,5.023049831,0.415011525,0.453927517,0,-0.41472905,-0.454185614,0,0,165,0,0,165,165,165,0,0,0.505433296,0.000753276,,,,,,,,,,,,
25.66,168,168,168,168,11.77504729,0.971884228,-0.0677948,0.01159668,1,1,1,3,0.035644531,0,0,0,0,,,,,5.023049831,0.415011525,0.453927517,0,-0.41472905,-0.454185614,0,0,165,0,0,165,165,165,0,0,0.505430415,0.000753276,,,,,,,,,,,,
25.67,168,168,168,168,11.77499178,0.971873225,-0.0677948,0.01159668,1,1,1,3,0.035644531,0,0,0,0,,,,,5.023049831,0.415011525,0.453927517,0,-0.41472905,-0.454185614,0,0,165,0,0,165,165,165,0,0,0.505427533,0.000753276,,,,,,,,,,,,
25.68,168,168,168,168,11.7749363,0.971862223,-0.0677948,0.01159668,1,1,1,3,0.035644531,0,0,0,0,,,,,5.023049831,0.415011525,0.453927517,0,-0.41472905,-0.454185614,0,0,165,0,0,165,165,165,0,0,0.505424652,0.000753276,,,,,,,,,,,,
25.69,168,168,168,168,11.77488084,0.97185122,-0.0677948,0.01159668,1,1,1,3,0.035644531,0,0,0,0,,,,,5.023049831,0.415011525,0.453927517,0,-0.41472905,-0.454185614,0,0,165,0,0,165,165,165,0,0,0.505421771,0.000753276,,,,,,,,,,,,
25.7,168,168,168,168,11.77482542,0.971840217,-0.0677948,0.01159668,1,1,1,3,0.035644531,0,0,0,0,,,,,5.023049831,0.415011525,0.453927517,0,-0.41472905,-0.454185614,0,0,165,0,0,165,165,165,0,0,0.50541889,0.000753276,,,,,,,,,,,,
25.71,168,168,168,168,11.77477002,0.971829215,-0.0677948,0.01159668,1,1,1,3,0.035644531,0,0,0,0,,,,,5.023049831,0.415011525,0.453927517,0,-0.41472905,-0.454185614,0,0,165,0,0,165,165,165,0,0,0.505416008,0.000753276,,,,,,,,,,,,
25.72,168,168,168,168,11.77471465,0.971818212,-0.0677948,0.01159668,1,1,1,3,0.035644531,0,0,0,0,,,,,5.023049831,0.415011525,0.453927517,0,-0.41472905,-0.454185614,0,0,165,0,0,165,165,165,0,0,0.505413127,0.000753276,,,,,,,,,,,,
25.73,168,168,168,168,11.7746593,0.97180721,-0.0677948,0.01159668,1,1,1,3,0.035644531,0,0,0,0,,,,,5.023049831,0.415011525,0.453927517,0,-0.41472905,-0.454185614,0,0,165,0,0,165,165,165,0,0,0.505410246,0.000753276,,,,,,,,,,,,
25.74,168,168,168,168,11.77460399,0.971796207,-0.0677948,0.01159668,1,1,1,3,0.035644531,0,0,0,0,,,,,5.023049831,0.415011525,0.453927517,0,-0.41472905,-0.454185614,0,0,165,0,0,165,165,165,0,0,0.505407365,0.000753276,,,,,,,,,,,,
25.75,168,168,168,168,11.7745487,0.971785204,-0.0677948,0.01159668,1,1,1,3,0.035644531,0,0,0,0,,,,,5.023049831,0.415011525,0.453927517,0,-0.41472905,-0.454185614,0,0,165,0,0,165,165,165,0,0,0.505404483,0.000753276,,,,,,,,,,,,
25.76,178,178,178,178,11.7339542,0.971774202,-0.067810059,0.01159668,1,1,1,3,0.035644531,0,0,0,0,,,,,5.017765045,0.415011525,0.453927517,0,-0.41472905,-0.454185614,0,0,174,0,0,174,174,174,0,0,0.546590235,0.000753445,,,,,,,,,,,,
25.77,168,168,168,168,11.77439018,0.971761996,-0.067810059,0.011657715,1,1,1,3,0.035644531,0,0,0,0,,,,,5.017765045,0.417032808,0.467926741,0,-0.416741623,-0.468186092,0.280009569,0,165,0,0,165,165,165,0,0,0.505630921,0.000753445,,,,,,,,,,,,
25.78,168,168,168,168,11.77433502,0.971750994,-0.067810059,0.011657715,1,1,1,3,0.035644531,0,0,0,0,,,,,5.017765045,0.417032808,0.467926741,0,-0.416741623,-0.468186092,0,0,165,0,0,165,165,165,0,0,0.505628701,0.000753445,,,,,,,,,,,,
25.79,168,168,168,168,11.77427989,0.971739991,-0.067810059,0.011657715,1,1,1,3,0.035644531,0,0,0,0,,,,,5.017765045,0.417032808,0.467926741,0,-0.416741623,-0.468186092,0,0,165,0,0,165,165,165,0,0,0.50562648,0.000753445,,,,,,,,,,,,
25.8,168,168,168,168,11.77422478,0.971728988,-0.067810059,0.011657715,1,1,1,3,0.035644531,0,0,0,0,,,,,5.017765045,0.417032808,0.467926741,0,-0.416741623,-0.468186092,0,0,165,0,0,165,165,165,0,0,0.505624259,0.000753445,,,,,,,,,,,,
25.81,168,168,168,168,11.77416971,0.971717986,-0.067810059,0.011657715,1,1,1,3,0.035644531,0,0,0,0,,,,,5.017765045,0.417032808,0.467926741,0,-0.416741623,-0.468186092,0,0,165,0,0,165,165,165,0,0,0.505622039,0.000753445,,,,,,,,,,,,
25.82,168,168,168,168,11.77411466,0.971706983,-0.067810059,0.011657715,1,1,1,3,0.035644531,0,0,0,0,,,,,5.017765045,0.417032808,0.467926741,0,-0.416741623,-0.468186092,0,0,165,0,0,165,165,165,0,0,0.505619818,0.000753445,,,,,,,,,,,,
25.83,168,168,168,168,11.77405964,0.97169598,-0.067810059,0.011657715,1,1,1,3,0.035644531,0,0,0,0,,,,,5.017765045,0.417032808,0.467926741,0,-0.416741623,-0.468186092,0,0,165,0,0,165,165,165,0,0,0.505617598,0.000753445,,,,,,,,,,,,
25.84,168,168,168,168,11.77400464,0.971684978,-0.067825317,0.01171875,1,1,1,3,0.035644531,0,0,0,0,,,,,5.017765045,0.417032808,0.467926741,0,-0.416741623,-0.468186092,0,0,165,0,0,165,165,165,0,0,0.505615377,0.000753615,,,,,,,,,,,,
25.85,168,168,168,168,11.77394968,0.971673975,-0.067825317,0.01171875,1,1,1,3,0.035644531,0,0,0,0,,,,,5.017765045,0.417032808,0.467926741,0,-0.416741623,-0.468186092,0,0,165,0,0,165,165,165,0,0,0.505613156,0.000753615,,,,,,,,,,,,
25.86,168,168,168,168,11.77389474,0.971662973,-0.067825317,0.01171875,1,1,1,3,0.035644531,0,0,0,0,,,,,5.017765045,0.417032808,0.467926741,0,-0.416741623,-0.468186092,0,0,165,0,0,165,165,165,0,0,0.505610936,0.000753615,,,,,,,,,,,,
25.87,168,168,168,168,11.77383982,0.97165197,-0.067825317,0.01171875,1,1,1,3,0.035644531,0,0,0,0,,,,,5.017765045,0.417032808,0.467926741,0,-0.416741623,-0.468186092,0,0,165,0,0,165,165,165,0,0,0.505608715,0.000753615,,,,,,,,,,,,
25.88,168,168,168,168,11.77378494,0.971640967,-0.067825317,0.01171875,1,1,1,3,0.035644531,0,0,0,0,,,,,5.017765045,0.417032808,0.467926741,0,-0.416741623,-0.468186092,0,0,165,0,0,165,165,165,0,0,0.505606494,0.000753615,,,,,,,,,,,,
25.89,168,168,168,168,11.77373008,0.971629965,-0.067825317,0.01171875,1,1,1,3,0.035644531,0,0,0,0,,,,,5.017765045,0.417032808,0.467926741,0,-0.416741623,-0.468186092,0,0,165,0,0,165,165,165,0,0,0.505604274,0.000753615,,,,,,,,,,,,
25.9,168,168,168,168,11.77367525,0.971618962,-0.067825317,0.01171875,1,1,1,3,0.035644531,0,0,0,0,,,,,5.017765045,0.417032808,0.467926741,0,-0.416741623,-0.468186092,0,0,165,0,0,165,165,165,0,0,0.505602053,0.000753615,,,,,,,,,,,,
25.91,168,168,168,168,11.77362045,0.97160796,-0.067825317,0.01171875,1,1,1,3,0.035644531,0,0,0,0,,,,,5.017765045,0.417032808,0.467926741,0,-0.416741623,-0.468186092,0,0,165,0,0,165,165,165,0,0,0.505599833,0.000753615,,,,,,,,,,,,
25.92,168,168,168,168,11.77356568,0.971596957,-0.067840576,0.01171875,1,1,1,3,0.035644531,0,0,0,0,,,,,5.017765045,0.417032808,0.467926741,0,-0.416741623,-0.468186092,0,0,165,0,0,165,165,165,0,0,0.505597612,0.000753784,,,,,,,,,,,,
25.93,168,168,168,168,11.77351093,0.971585954,-0.067840576,0.01171875,1,1,1,3,0.035644531,0,0,0,0,,,,,5.017765045,0.417032808,0.467926741,0,-0.416741623,-0.468186092,0,0,165,0,0,165,165,165,0,0,0.505595391,0.000753784,,,,,,,,,,,,
25.94,168,168,168,168,11.77345621,0.971574952,-0.067840576,0.01171875,1,1,1,3,0.035644531,0,0,0,0,,,,,5.017765045,0.417032808,0.467926741,0,-0.416741623,-0.468186092,0,0,165,0,0,165,165,165,0,0,0.505593171,0.000753784,,,,,,,,,,,,
25.95,168,168,168,168,11.77340151,0.971563949,-0.067825317,0.01171875,1,1,1,3,0.035644531,0,0,0,0,,,,,5.017765045,0.417032808,0.467926741,0,-0.416741623,-0.468186092,0,0,165,0,0,165,165,165,0,0,0.50559095,0.000753615,,,,,,,,,,,,
25.96,168,168,168,168,11.77334685,0.971552947,-0.067825317,0.01171875,1,1,1,3,0.035644531,0,0,0,0,,,,,5.017765045,0.418979704,0.481323242,0,-0.418680185,-0.481583802,0.267954203,0,165,0,0,165,165,165,0,0,0.505588729,0.000753615,,,,,,,,,,,,
25.97,168,168,168,168,11.77329221,0.971541944,-0.067825317,0.01171875,1,1,1,3,0.035644531,0,0,0,0,,,,,5.017765045,0.418979704,0.481323242,0,-0.418680185,-0.481583802,0,0,165,0,0,165,165,165,0,0,0.505586509,0.000753615,,,,,,,,,,,,
25.98,168,168,168,168,11.7732376,0.971530941,-0.067825317,0.01171875,1,1,1,3,0.035644531,0,0,0,0,,,,,5.017765045,0.418979704,0.481323242,0,-0.418680185,-0.481583802,0,0,165,0,0,165,165,165,0,0,0.505584288,0.000753615,,,,,,,,,,,,
25.99,174,174,174,174,11.75092696,0.971519939,-0.067825317,0.01171875,1,1,1,3,0.035644531,0,0,0,0,,,,,5.01512289,0.418979704,0.481323242,0,-0.418680185,-0.481583802,0,0,170,0,0,170,170,170,0,0,0.526174526,0.000753615,,,,,,,,,,,,
26,169,169,169,169,11.76870402,0.971508276,-0.067825317,0.01171875,1,1,1,3,0.035644531,0,0,0,0,,,,,5.01512289,0.418979704,0.481323242,0,-0.418680185,-0.481583802,0,0,166,0,0,166,166,166,0,0,0.505695937,0.000753615,,,,,,,,,,,,
26.01,169,169,169,169,11.76864431,0.971497142,-0.067825317,0.01171875,1,1,1,3,0.035644531,0,0,0,0,,,,,5.01512289,0.418979704,0.481323242,0,-0.418680185,-0.481583802,0,0,166,0,0,166,166,166,0,0,0.505694046,0.000753615,,,,,,,,,,,,
26.02,169,169,169,169,11.76858462,0.971486009,-0.067825317,0.01171875,1,1,1,3,0.035644531,0,0,0,0,,,,,5.01512289,0.418979704,0.481323242,0,-0.418680185,-0.481583802,0,0,166,0,0,166,166,166,0,0,0.505692156,0.000753615,,,,,,,,,,,,
26.03,169,169,169,169,11.76852497,0.971474876,-0.067825317,0.01171875,1,1,1,3,0.035644531,0,0,0,0,,,,,5.01512289,0.418979704,0.481323242,0,-0.418680185,-0.481583802,0,0,166,0,0,166,166,166,0,0,0.505690265,0.000753615,,,,,,,,,,,,
26.04,169,169,169,169,11.76846535,0.971463743,-0.067810059,0.011779785,1,1,1,3,0.035644531,0,0,0,0,,,,,5.01512289,0.418979704,0.481323242,0,-0.418680185,-0.481583802,0,0,166,0,0,166,166,166,0,0,0.505688375,0.000753445,,,,,,,,,,,,
26.05,169,169,169,169,11.76840576,0.97145261,-0.067810059,0.011779785,1,1,1,3,0.035644531,0,0,0,0,,,,,5.01512289,0.418979704,0.481323242,0,-0.418680185,-0.481583802,0,0,166,0,0,166,166,166,0,0,0.505686485,0.000753445,,,,,,,,,,,,
26.06,169,169,169,169,11.7683462,0.971441477,-0.067810059,0.011779785,1,1,1,3,0.035644531,0,0,0,0,,,,,5.01512289,0.418979704,0.481323242,0,-0.418680185,-0.481583802,0,0,166,0,0,166,166,166,0,0,0.505684594,0.000753445,,,,,,,,,,,,
26.07,169,169,169,169,11.76828668,0.971430344,-0.067810059,0.011779785,1,1,1,3,0.035644531,0,0,0,0,,,,,5.01512289,0.418979704,0.481323242,0,-0.418680185,-0.481583802,0,0,166,0,0,166,166,166,0,0,0.505682704,0.000753445,,,,,,,,,,,,
26.08,169,169,169,169,11.76822718,0.971419211,-0.067810059,0.011779785,1,1,1,3,0.035644531,0,0,0,0,,,,,5.01512289,0.418979704,0.481323242,0,-0.418680185,-0.481583802,0,0,166,0,0,166,166,166,0,0,0.505680814,0.000753445,,,,,,,,,,,,
26.09,169,169,169,169,11.76816772,0.971408077,-0.067810059,0.01184082,1,1,1,3,0.035644531,0,0,0,0,,,,,5.01512289,0.418979704,0.481323242,0,-0.418680185,-0.481583802,0,0,166,0,0,166,166,166,0,0,0.505678923,0.000753445,,,,,,,,,,,,
26.1,169,169,169,169,11.76810829,0.971396944,-0.0677948,0.01184082,1,1,1,3,0.035644531,0,0,0,0,,,,,5.01512289,0.418979704,0.481323242,0,-0.418680185,-0.481583802,0,0,166,0,0,166,166,166,0,0,0.505677033,0.000753276,,,,,,,,,,,,
26.11,169,169,169,169,11.76804889,0.971385811,-0.0677948,0.01184082,1,1,1,3,0.035644531,0,0,0,0,,,,,5.01512289,0.418979704,0.481323242,0,-0.418680185,-0.481583802,0,0,166,0,0,166,166,166,0,0,0.505675143,0.000753276,,,,,,,,,,,,
26.12,169,169,169,169,11.76798952,0.971374678,-0.0677948,0.01184082,1,1,1,3,0.035644531,0,0,0,0,,,,,5.01512289,0.418979704,0.481323242,0,-0.418680185,-0.481583802,0,0,166,0,0,166,166,166,0,0,0.505673252,0.000753276,,,,,,,,,,,,
26.13,169,169,169,169,11.76793018,0.971363545,-0.0677948,0.01184082,1,1,1,3,0.035644531,0,0,0,0,,,,,5.01512289,0.418979704,0.481323242,0,-0.418680185,-0.481583802,0,0,166,0,0,166,166,166,0,0,0.505671362,0.000753276,,,,,,,,,,,,
26.14,169,169,169,169,11.76787088,0.971352412,-0.0677948,0.01184082,1,1,1,3,0.035644531,0,0,0,0,,,,,5.01512289,0.418979704,0.481323242,0,-0.418680185,-0.481583802,0,0,166,0,0,166,166,166,0,0,0.505669471,0.000753276,,,,,,,,,,,,
26.15,169,169,169,169,11.76781161,0.971341279,-0.0677948,0.01184082,1,1,1,3,0.035644531,0,0,0,0,,,,,5.01512289,0.418979704,0.481323242,0,-0.418680185,-0.481583802,0,0,166,0,0,166,166,166,0,0,0.505667581,0.000753276,,,,,,,,,,,,
26.16,169,169,169,169,11.76775236,0.971330146,-0.0677948,0.01184082,1,1,1,3,0.035644531,0,0,0,0,,,,,5.01512289,0.421046674,0.49545455,0,-0.420738363,-0.495716393,0.282651815,0,166,0,0,166,166,166,0,0,0.505665691,0.000753276,,,,,,,,,,,,
26.17,169,169,169,169,11.76769315,0.971319012,-0.0677948,0.01184082,1,1,1,3,0.035644531,0,0,0,0,,,,,5.01512289,0.421046674,0.49545455,0,-0.420738363,-0.495716393,0,0,166,0,0,166,166,166,0,0,0.5056638,0.000753276,,,,,,,,,,,,
26.18,169,169,169,169,11.76763397,0.971307879,-0.0677948,0.01184082,1,1,1,3,0.035644531,0,0,0,0,,,,,5.01512289,0.421046674,0.49545455,0,-0.420738363,-0.495716393,0,0,166,0,0,166,166,166,0,0,0.50566191,0.000753276,,,,,,,,,,,,
26.19,178,178,178,178,11.73143365,0.971296746,-0.0677948,0.01184082,1,1,1,3,0.035644531,0,0,0,0,,,,,5.009838104,0.421046674,0.49545455,0,-0.420738363,-0.495716393,0,0,174,0,0,174,174,174,0,0,0.546848653,0.000753276,,,,,,,,,,,,
26.2,169,169,169,169,11.76747289,0.97128454,-0.0677948,0.01184082,1,1,1,3,0.035644531,0,0,0,0,,,,,5.009838104,0.421046674,0.49545455,0,-0.420738363,-0.495716393,0,0,166,0,0,166,166,166,0,0,0.50589033,0.000753276,,,,,,,,,,,,
26.21,169,169,169,169,11.76741385,0.971273407,-0.0677948,0.01184082,1,1,1,3,0.035644531,0,0,0,0,,,,,5.009838104,0.421046674,0.49545455,0,-0.420738363,-0.495716393,0,0,166,0,0,166,166,166,0,0,0.5058891,0.000753276,,,,,,,,,,,,
26.22,169,169,169,169,11.76735483,0.971262274,-0.067779541,0.01184082,1,1,1,3,0.035644531,0,0,0,0,,,,,5.009838104,0.421046674,0.49545455,0,-0.420738363,-0.495716393,0,0,166,0,0,166,166,166,0,0,0.50588787,0.000753106,,,,,,,,,,,,
26.23,169,169,169,169,11.76729585,0.971251141,-0.067779541,0.01184082,1,1,1,3,0.035644531,0,0,0,0,,,,,5.009838104,0.421046674,0.49545455,0,-0.420738363,-0.495716393,0,0,166,0,0,166,166,166,0,0,0.50588664,0.000753106,,,,,,,,,,,,
26.24,169,169,169,169,11.7672369,0.971240008,-0.067779541,0.01184082,1,1,1,3,0.035644531,0,0,0,0,,,,,5.009838104,0.421046674,0.49545455,0,-0.420738363,-0.495716393,0,0,166,0,0,166,166,166,0,0,0.505885411,0.000753106,,,,,,,,,,,,
26.25,169,169,169,169,11.76717798,0.971228875,-0.067779541,0.01184082,1,1,1,3,0.035644531,0,0,0,0,,,,,5.009838104,0.421046674,0.49545455,0,-0.420738363,-0.495716393,0,0,166,0,0,166,166,166,0,0,0.505884181,0.000753106,,,,,,,,,,,,
26.26,169,169,169,169,11.76711909,0.971217742,-0.067779541,0.01184082,1,1,1,3,0.035644531,0,0,0,0,,,,,5.009838104,0.421046674,0.49545455,0,-0.420738363,-0.495716393,0,0,166,0,0,166,166,166,0,0,0.505882951,0.000753106,,,,,,,,,,,,
26.27,169,169,169,169,11.76706023,0.971206608,-0.067779541,0.011901855,1,1,1,3,0.035644531,0,0,0,0,,,,,5.009838104,0.421046674,0.49545455,0,-0.420738363,-0.495716393,0,0,166,0,0,166,166,166,0,0,0.505881721,0.000753106,,,,,,,,,,,,
26.28,169,169,169,169,11.7670014,0.971195475,-0.067779541,0.011901855,1,1,1,3,0.035644531,0,0,0,0,,,,,5.009838104,0.421046674,0.49545455,0,-0.420738363,-0.495716393,0,0,166,0,0,166,166,166,0,0,0.505880491,0.000753106,,,,,,,,,,,,
26.29,169,169,169,169,11.7669426,0.971184342,-0.067779541,0.011901855,1,1,1,3,0.035644531,0,0,0,0,,,,,5.009838104,0.421046674,0.49545455,0,-0.420738363,-0.495716393,0,0,166,0,0,166,166,166,0,0,0.505879262,0.000753106,,,,,,,,,,,,
26.3,169,169,169,169,11.76688384,0.971173209,-0.067779541,0.011901855,1,1,1,3,0.035644531,0,0,0,0,,,,,5.009838104,0.421046674,0.49545455,0,-0.420738363,-0.495716393,0,0,166,0,0,166,166,166,0,0,0.505878032,0.000753106,,,,,,,,,,,,
26.31,169,169,169,169,11.7668251,0.971162076,-0.067779541,0.011901855,1,1,1,3,0.035644531,0,0,0,0,,,,,5.009838104,0.421046674,0.49545455,0,-0.420738363,-0.495716393,0,0,166,0,0,166,166,166,0,0,0.505876802,0.000753106,,,,,,,,,,,,
26.32,169,169,169,169,11.7667664,0.971150943,-0.067779541,0.011962891,1,1,1,3,0.035644531,0,0,0,0,,,,,5.009838104,0.421046674,0.49545455,0,-0.420738363,-0.495716393,0,0,166,0,0,166,166,166,0,0,0.505875572,0.000753106,,,,,,,,,,,,
26.33,169,169,169,169,11.76670773,0.97113981,-0.067779541,0.011962891,1,1,1,3,0.035644531,0,0,0,0,,,,,5.009838104,0.421046674,0.49545455,0,-0.420738363,-0.495716393,0,0,166,0,0,166,166,166,0,0,0.505874343,0.000753106,,,,,,,,,,,,
26.34,169,169,169,169,11.76664909,0.971128677,-0.067779541,0.011962891,1,1,1,3,0.035644531,0,0,0,0,,,,,5.009838104,0.421046674,0.49545455,0,-0.420738363,-0.495716393,0,0,166,0,0,166,166,166,0,0,0.505873113,0.000753106,,,,,,,,,,,,
26.35,169,169,169,169,11.76659047,0.971117543,-0.0677948,0.011962891,1,1,1,3,0.035644531,0,0,0,0,,,,,5.009838104,0.423037648,0.50897646,0,-0.422720925,-0.509239539,0.270462914,0,166,0,0,166,166,166,0,0,0.505871883,0.000753276,,,,,,,,,,,,
26.36,169,169,169,169,11.76653189,0.97110641,-0.0677948,0.011962891,1,1,1,3,0.035644531,0,0,0,0,,,,,5.009838104,0.423037648,0.50897646,0,-0.422720925,-0.509239539,0,0,166,0,0,166,166,166,0,0,0.505870653,0.000753276,,,,,,,,,,,,
26.37,169,169,169,169,11.76647334,0.971095277,-0.0677948,0.011962891,1,1,1,3,0.035644531,0,0,0,0,,,,,5.009838104,0.423037648,0.50897646,0,-0.422720925,-0.509239539,0,0,166,0,0,166,166,166,0,0,0.505869424,0.000753276,,,,,,,,,,,,
26.38,169,169,169,169,11.76641482,0.971084144,-0.0677948,0.011962891,1,1,1,3,0.035644531,0,0,0,0,,,,,5.009838104,0.423037648,0.50897646,0,-0.422720925,-0.509239539,0,0,166,0,0,166,166,166,0,0,0.505868194,0.000753276,,,,,,,,,,,,
26.39,169,169,169,169,11.76635634,0.971073011,-0.0677948,0.011962891,1,1,1,3,0.035644531,0,0,0,0,,,,,5.009838104,0.423037648,0.50897646,0,-0.422720925,-0.509239539,0,0,166,0,0,166,166,166,0,0,0.505866964,0.000753276,,,,,,,,,,,,
26.4,169,169,169,169,11.76629788,0.971061878,-0.0677948,0.011962891,1,1,1,3,0.035644531,0,0,0,0,,,,,5.009838104,0.423037648,0.50897646,0,-0.422720925,-0.509239539,0,0,166,0,0,166,166,166,0,0,0.505865734,0.000753276,,,,,,,,,,,,
26.41,169,169,169,169,11.76623945,0.971050745,-0.0677948,0.011962891,1,1,1,3,0.035644531,0,0,0,0,,,,,5.009838104,0.423037648,0.50897646,0,-0.422720925,-0.509239539,0,0,166,0,0,166,166,166,0,0,0.505864505,0.000753276,,,,,,,,,,,,
26.42,169,169,169,169,11.76618105,0.971039612,-0.0677948,0.011962891,1,1,1,3,0.035644531,0,0,0,0,,,,,5.009838104,0.423037648,0.50897646,0,-0.422720925,-0.509239539,0,0,166,0,0,166,166,166,0,0,0.505863275,0.000753276,,,,,,,,,,,,
26.43,169,169,169,169,11.76612269,0.971028478,-0.0677948,0.011962891,1,1,1,3,0.035644531,0,0,0,0,,,,,5.009838104,0.423037648,0.50897646,0,-0.422720925,-0.509239539,0,0,166,0,0,166,166,166,0,0,0.505862045,0.000753276,,,,,,,,,,,,
26.44,169,169,169,169,11.76606435,0.971017345,-0.0677948,0.011962891,1,1,1,3,0.035644531,0,0,0,0,,,,,5.009838104,0.423037648,0.50897646,0,-0.422720925,-0.509239539,0,0,166,0,0,166,166,166,0,0,0.505860815,0.000753276,,,,,,,,,,,,
26.45,169,169,169,169,11.76600605,0.971006212,-0.0677948,0.011962891,1,1,1,3,0.035644531,0,0,0,0,,,,,5.009838104,0.423037648,0.50897646,0,-0.422720925,-0.509239539,0,0,166,0,0,166,166,166,0,0,0.505859585,0.000753276,,,,,,,,,,,,
26.46,169,169,169,169,11.76594777,0.970995079,-0.0677948,0.011962891,1,1,1,3,0.035644531,0,0,0,0,,,,,5.009838104,0.423037648,0.50897646,0,-0.422720925,-0.509239539,0,0,166,0,0,166,166,166,0,0,0.505858356,0.000753276,,,,,,,,,,,,
26.47,169,169,169,169,11.76588953,0.970983946,-0.0677948,0.011962891,1,1,1,3,0.035644531,0,0,0,0,,,,,5.009838104,0.423037648,0.50897646,0,-0.422720925,-0.509239539,0,0,166,0,0,166,166,166,0,0,0.505857126,0.000753276,,,,,,,,,,,,
26.48,169,169,169,169,11.76583132,0.970972813,-0.0677948,0.011962891,1,1,1,3,0.035644531,0,0,0,0,,,,,5.009838104,0.423037648,0.50897646,0,-0.422720925,-0.509239539,0,0,166,0,0,166,166,166,0,0,0.505855896,0.000753276,,,,,,,,,,,,
26.49,169,169,169,169,11.76577313,0.97096168,-0.067810059,0.012023926,1,1,1,3,0.035644531,0,0,0,0,,,,,5.009838104,0.423037648,0.50897646,0,-0.422720925,-0.509239539,0,0,166,0,0,166,166,166,0,0,0.505854666,0.000753445,,,,,,,,,,,,
26.5,169,169,169,169,11.76571498,0.970950546,-0.067810059,0.012023926,1,1,1,3,0.035644531,0,0,0,0,,,,,5.009838104,0.423037648,0.50897646,0,-0.422720925,-0.509239539,0,0,166,0,0,166,166,166,0,0,0.505853437,0.000753445,,,,,,,,,,,,
26.51,169,169,169,169,11.76565686,0.970939413,-0.067810059,0.012023926,1,1,1,3,0.035644531,0,0,0,0,,,,,5.009838104,0.423037648,0.50897646,0,-0.422720925,-0.509239539,0,0,166,0,0,166,166,166,0,0,0.505852207,0.000753445,,,,,,,,,,,,
26.52,169,169,169,169,11.76559876,0.97092828,-0.067810059,0.012023926,1,1,1,3,0.035644531,0,0,0,0,,,,,5.009838104,0.423037648,0.50897646,0,-0.422720925,-0.509239539,0,0,166,0,0,166,166,166,0,0,0.505850977,0.000753445,,,,,,,,,,,,
26.53,169,169,169,169,11.7655407,0.970917147,-0.067810059,0.012023926,1,1,1,3,0.035644531,0,0,0,0,,,,,5.009838104,0.423037648,0.50897646,0,-0.422720925,-0.509239539,0,0,166,0,0,166,166,166,0,0,0.505849747,0.000753445,,,,,,,,,,,,
26.54,169,169,169,169,11.76548267,0.970906014,-0.067810059,0.012023926,1,1,1,3,0.035644531,0,0,0,0,,,,,5.009838104,0.423037648,0.50897646,0,-0.422720925,-0.509239539,0,0,166,0,0,166,166,166,0,0,0.505848518,0.000753445,,,,,,,,,,,,
26.55,169,169,169,169,11.76542467,0.970894881,-0.067810059,0.012084961,1,1,1,3,0.035644531,0,0,0,0,,,,,5.009838104,0.425151646,0.52323854,0,-0.42482605,-0.523502931,0.285267852,0,166,0,0,166,166,166,0,0,0.505847288,0.000753445,,,,,,,,,,,,
26.56,169,169,169,169,11.7653667,0.970883748,-0.067810059,0.012084961,1,1,1,3,0.035644531,0,0,0,0,,,,,5.009838104,0.425151646,0.52323854,0,-0.42482605,-0.523502931,0,0,166,0,0,166,166,166,0,0,0.505846058,0.000753445,,,,,,,,,,,,
26.57,169,169,169,169,11.76530875,0.970872615,-0.067825317,0.012084961,1,1,1,3,0.035644531,0,0,0,0,,,,,5.009838104,0.425151646,0.52323854,0,-0.42482605,-0.523502931,0,0,166,0,0,166,166,166,0,0,0.505844828,0.000753615,,,,,,,,,,,,
26.58,169,169,169,169,11.76525084,0.970861481,-0.067825317,0.012084961,1,1,1,3,0.035644531,0,0,0,0,,,,,5.009838104,0.425151646,0.52323854,0,-0.42482605,-0.523502931,0,0,166,0,0,166,166,166,0,0,0.505843599,0.000753615,,,,,,,,,,,,
26.59,169,169,169,169,11.76519296,0.970850348,-0.067825317,0.012084961,1,1,1,3,0.035644531,0,0,0,0,,,,,5.009838104,0.425151646,0.52323854,0,-0.42482605,-0.523502931,0,0,166,0,0,166,166,166,0,0,0.505842369,0.000753615,,,,,,,,,,,,
26.6,169,169,169,169,11.76513511,0.970839215,-0.067825317,0.012084961,1,1,1,3,0.035644531,0,0,0,0,,,,,5.009838104,0.425151646,0.52323854,0,-0.42482605,-0.523502931,0,0,166,0,0,166,166,166,0,0,0.505841139,0.000753615,,,,,,,,,,,,
26.61,169,169,169,169,11.76507729,0.970828082,-0.067825317,0.012084961,1,1,1,3,0.035644531,0,0,0,0,,,,,5.009838104,0.425151646,0.52323854,0,-0.42482605,-0.523502931,0,0,166,0,0,166,166,166,0,0,0.505839909,0.000753615,,,,,,,,,,,,
26.62,160,160,160,160,11.80364538,0.970816949,-0.067825317,0.012084961,1,1,1,3,0.035644531,0,0,0,0,,,,,5.01512289,0.425151646,0.52323854,0,-0.42482605,-0.523502931,0,0,157,0,0,157,157,157,0,0,0.464650047,0.000753615,,,,,,,,,,,,
26.63,168,168,168,168,11.76940556,0.970806962,-0.067825317,0.012084961,1,1,1,3,0.035644531,0,0,0,0,,,,,5.01512289,0.425151646,0.52323854,0,-0.42482605,-0.523502931,0,0,165,0,0,165,165,165,0,0,0.505605249,0.000753615,,,,,,,,,,,,
26.64,168,168,168,168,11.769353,0.970795959,-0.067825317,0.012084961,1,1,1,3,0.035644531,0,0,0,0,,,,,5.01512289,0.425151646,0.52323854,0,-0.42482605,-0.523502931,0,0,165,0,0,165,165,165,0,0,0.505603359,0.000753615,,,,,,,,,,,,
26.65,168,168,168,168,11.76930046,0.970784957,-0.067825317,0.012084961,1,1,1,3,0.035644531,0,0,0,0,,,,,5.01512289,0.425151646,0.52323854,0,-0.42482605,-0.523502931,0,0,165,0,0,165,165,165,0,0,0.505601469,0.000753615,,,,,,,,,,,,
26.66,168,168,168,168,11.76924794,0.970773954,-0.067825317,0.012084961,1,1,1,3,0.035644531,0,0,0,0,,,,,5.01512289,0.425151646,0.52323854,0,-0.42482605,-0.523502931,0,0,165,0,0,165,165,165,0,0,0.505599578,0.000753615,,,,,,,,,,,,
26.67,168,168,168,168,11.76919546,0.970762952,-0.067825317,0.012084961,1,1,1,3,0.035644531,0,0,0,0,,,,,5.01512289,0.425151646,0.52323854,0,-0.42482605,-0.523502931,0,0,165,0,0,165,165,165,0,0,0.505597688,0.000753615,,,,,,,,,,,,
26.68,168,168,168,168,11.76914299,0.970751949,-0.067825317,0.012084961,1,1,1,3,0.035644531,0,0,0,0,,,,,5.01512289,0.425151646,0.52323854,0,-0.42482605,-0.523502931,0,0,165,0,0,165,165,165,0,0,0.505595798,0.000753615,,,,,,,,,,,,
26.69,178,178,178,178,11.72855131,0.970740946,-0.067825317,0.012084961,1,1,1,3,0.035644531,0,0,0,0,,,,,5.009838104,0.425151646,0.52323854,0,-0.42482605,-0.523502931,0,0,174,0,0,174,174,174,0,0,0.54678254,0.000753615,,,,,,,,,,,,
26.7,169,169,169,169,11.76459205,0.970728741,-0.067825317,0.012084961,1,1,1,3,0.035644531,0,0,0,0,,,,,5.009838104,0.425151646,0.52323854,0,-0.42482605,-0.523502931,0,0,166,0,0,166,166,166,0,0,0.505824217,0.000753615,,,,,,,,,,,,
26.71,169,169,169,169,11.76453449,0.970717608,-0.067825317,0.012084961,1,1,1,3,0.035644531,0,0,0,0,,,,,5.009838104,0.425151646,0.52323854,0,-0.42482605,-0.523502931,0,0,166,0,0,166,166,166,0,0,0.505822987,0.000753615,,,,,,,,,,,,
26.72,169,169,169,169,11.76447697,0.970706474,-0.067825317,0.012145996,1,1,1,3,0.035644531,0,0,0,0,,,,,5.009838104,0.425151646,0.52323854,0,-0.42482605,-0.523502931,0,0,166,0,0,166,166,166,0,0,0.505821758,0.000753615,,,,,,,,,,,,
26.73,169,169,169,169,11.76441947,0.970695341,-0.067825317,0.012145996,1,1,1,3,0.035644531,0,0,0,0,,,,,5.009838104,0.427186787,0.536877751,0,-0.426852705,-0.537143407,0.272809502,0,166,0,0,166,166,166,0,0,0.505820528,0.000753615,,,,,,,,,,,,
26.74,169,169,169,169,11.76436201,0.970684208,-0.067825317,0.012145996,1,1,1,3,0.035644531,0,0,0,0,,,,,5.009838104,0.427186787,0.536877751,0,-0.426852705,-0.537143407,0,0,166,0,0,166,166,166,0,0,0.505819298,0.000753615,,,,,,,,,,,,
26.75,169,169,169,169,11.76430457,0.970673075,-0.067810059,0.012145996,1,1,1,3,0.035644531,0,0,0,0,,,,,5.009838104,0.427186787,0.536877751,0,-0.426852705,-0.537143407,0,0,166,0,0,166,166,166,0,0,0.505818068,0.000753445,,,,,,,,,,,,
26.76,169,169,169,169,11.76424717,0.970661942,-0.067810059,0.012145996,1,1,1,3,0.035644531,0,0,0,0,,,,,5.009838104,0.427186787,0.536877751,0,-0.426852705,-0.537143407,0,0,166,0,0,166,166,166,0,0,0.505816839,0.000753445,,,,,,,,,,,,
26.77,169,169,169,169,11.76418979,0.970650809,-0.067810059,0.012207031,1,1,1,3,0.035644531,0,0,0,0,,,,,5.009838104,0.427186787,0.536877751,0,-0.426852705,-0.537143407,0,0,166,0,0,166,166,166,0,0,0.505815609,0.000753445,,,,,,,,,,,,
26.78,169,169,169,169,11.76413244,0.970639676,-0.067810059,0.012207031,1,1,1,3,0.035644531,0,0,0,0,,,,,5.009838104,0.427186787,0.536877751,0,-0.426852705,-0.537143407,0,0,166,0,0,166,166,166,0,0,0.505814379,0.000753445,,,,,,,,,,,,
26.79,169,169,169,169,11.76407512,0.970628543,-0.067810059,0.012207031,1,1,1,3,0.035644531,0,0,0,0,,,,,5.009838104,0.427186787,0.536877751,0,-0.426852705,-0.537143407,0,0,166,0,0,166,166,166,0,0,0.505813149,0.000753445,,,,,,,,,,,,
26.8,169,169,169,169,11.76401783,0.970617409,-0.067810059,0.012207031,1,1,1,3,0.035644531,0,0,0,0,,,,,5.009838104,0.427186787,0.536877751,0,-0.426852705,-0.537143407,0,0,166,0,0,166,166,166,0,0,0.50581192,0.000753445,,,,,,,,,,,,
26.81,169,169,169,169,11.76396058,0.970606276,-0.067810059,0.012207031,1,1,1,3,0.035644531,0,0,0,0,,,,,5.009838104,0.427186787,0.536877751,0,-0.426852705,-0.537143407,0,0,166,0,0,166,166,166,0,0,0.50581069,0.000753445,,,,,,,,,,,,
26.82,169,169,169,169,11.76390335,0.970595143,-0.067810059,0.012207031,1,1,1,3,0.035644531,0,0,0,0,,,,,5.009838104,0.427186787,0.536877751,0,-0.426852705,-0.537143407,0,0,166,0,0,166,166,166,0,0,0.50580946,0.000753445,,,,,,,,,,,,
26.83,169,169,169,169,11.76384615,0.97058401,-0.067810059,0.012207031,1,1,1,3,0.035644531,0,0,0,0,,,,,5.009838104,0.427186787,0.536877751,0,-0.426852705,-0.537143407,0,0,166,0,0,166,166,166,0,0,0.50580823,0.000753445,,,,,,,,,,,,
26.84,169,169,169,169,11.76378898,0.970572877,-0.067810059,0.012207031,1,1,1,3,0.035644531,0,0,0,0,,,,,5.009838104,0.427186787,0.536877751,0,-0.426852705,-0.537143407,0,0,166,0,0,166,166,166,0,0,0.505807001,0.000753445,,,,,,,,,,,,
26.85,169,169,169,169,11.76373183,0.970561744,-0.0677948,0.012207031,1,1,1,3,0.035644531,0,0,0,0,,,,,5.009838104,0.427186787,0.536877751,0,-0.426852705,-0.537143407,0,0,166,0,0,166,166,166,0,0,0.505805771,0.000753276,,,,,,,,,,,,
26.86,169,169,169,169,11.76367472,0.970550611,-0.0677948,0.012207031,1,1,1,3,0.035644531,0,0,0,0,,,,,5.009838104,0.427186787,0.536877751,0,-0.426852705,-0.537143407,0,0,166,0,0,166,166,166,0,0,0.505804541,0.000753276,,,,,,,,,,,,
26.87,169,169,169,169,11.76361764,0.970539477,-0.0677948,0.012207031,1,1,1,3,0.035644531,0,0,0,0,,,,,5.009838104,0.427186787,0.536877751,0,-0.426852705,-0.537143407,0,0,166,0,0,166,166,166,0,0,0.505803311,0.000753276,,,,,,,,,,,,
26.88,169,169,169,169,11.76356059,0.970528344,-0.0677948,0.012207031,1,1,1,3,0.035644531,0,0,0,0,,,,,5.009838104,0.427186787,0.536877751,0,-0.426852705,-0.537143407,0,0,166,0,0,166,166,166,0,0,0.505802081,0.000753276,,,,,,,,,,,,
26.89,169,169,169,169,11.76350356,0.970517211,-0.0677948,0.012207031,1,1,1,3,0.035644531,0,0,0,0,,,,,5.009838104,0.427186787,0.536877751,0,-0.426852705,-0.537143407,0,0,166,0,0,166,166,166,0,0,0.505800852,0.000753276,,,,,,,,,,,,
26.9,169,169,169,169,11.76344657,0.970506078,-0.067810059,0.012207031,1,1,1,3,0.035644531,0,0,0,0,,,,,5.009838104,0.427186787,0.536877751,0,-0.426852705,-0.537143407,0,0,166,0,0,166,166,166,0,0,0.505799622,0.000753445,,,,,,,,,,,,
26.91,169,169,169,169,11.7633896,0.970494945,-0.067810059,0.012207031,1,1,1,3,0.035644531,0,0,0,0,,,,,5.009838104,0.427186787,0.536877751,0,-0.426852705,-0.537143407,0,0,166,0,0,166,166,166,0,0,0.505798392,0.000753445,,,,,,,,,,,,
26.92,169,169,169,169,11.76333266,0.970483812,-0.067810059,0.012207031,1,1,1,3,0.035644531,0,0,0,0,,,,,5.009838104,0.427186787,0.536877751,0,-0.426852705,-0.537143407,0,0,166,0,0,166,166,166,0,0,0.505797162,0.000753445,,,,,,,,,,,,
26.93,169,169,169,169,11.76327575,0.970472679,-0.067810059,0.012207031,1,1,1,3,0.035644531,0,0,0,0,,,,,5.009838104,0.427186787,0.536877751,0,-0.426852705,-0.537143407,0,0,166,0,0,166,166,166,0,0,0.505795933,0.000753445,,,,,,,,,,,,
26.94,169,169,169,169,11.76321888,0.970461546,-0.067810059,0.012207031,1,1,1,3,0.035644531,0,0,0,0,,,,,5.009838104,0.427186787,0.536877751,0,-0.426852705,-0.537143407,0,0,166,0,0,166,166,166,0,0,0.505794703,0.000753445,,,,,,,,,,,,
26.95,169,169,169,169,11.76316203,0.970450412,-0.067810059,0.012268066,1,1,1,3,0.035644531,0,0,0,0,,,,,5.009838104,0.429346561,0.551256061,0,-0.429003534,-0.551523057,0.287593002,0,166,0,0,166,166,166,0,0,0.505793473,0.000753445,,,,,,,,,,,,
26.96,169,169,169,169,11.76310521,0.970439279,-0.067810059,0.012268066,1,1,1,3,0.035644531,0,0,0,0,,,,,5.009838104,0.429346561,0.551256061,0,-0.429003534,-0.551523057,0,0,166,0,0,166,166,166,0,0,0.505792243,0.000753445,,,,,,,,,,,,
26.97,169,169,169,169,11.76304841,0.970428146,-0.067810059,0.012268066,1,1,1,3,0.035644531,0,0,0,0,,,,,5.009838104,0.429346561,0.551256061,0,-0.429003534,-0.551523057,0,0,166,0,0,166,166,166,0,0,0.505791014,0.000753445,,,,,,,,,,,,
26.98,169,169,169,169,11.76299165,0.970417013,-0.067810059,0.012268066,1,1,1,3,0.035644531,0,0,0,0,,,,,5.009838104,0.429346561,0.551256061,0,-0.429003534,-0.551523057,0,0,166,0,0,166,166,166,0,0,0.505789784,0.000753445,,,,,,,,,,,,
26.99,169,169,169,169,11.76293492,0.97040588,-0.067810059,0.012268066,1,1,1,3,0.035644531,0,0,0,0,,,,,5.009838104,0.429346561,0.551256061,0,-0.429003534,-0.551523057,0,0,166,0,0,166,166,166,0,0,0.505788554,0.000753445,,,,,,,,,,,,
27,169,169,169,169,11.76287821,0.970394747,-0.067810059,0.012268066,1,1,1,3,0.035644531,0,0,0,0,,,,,5.009838104,0.429346561,0.551256061,0,-0.429003534,-0.551523057,0,0,166,0,0,166,166,166,0,0,0.505787324,0.000753445,,,,,,,,,,,,
27.01,169,169,169,169,11.76282154,0.970383614,-0.067810059,0.012329102,1,1,1,3,0.035644531,0,0,0,0,,,,,5.009838104,0.429346561,0.551256061,0,-0.429003534,-0.551523057,0,0,166,0,0,166,166,166,0,0,0.505786095,0.000753445,,,,,,,,,,,,
27.02,169,169,169,169,11.76276489,0.97037248,-0.067825317,0.012329102,1,1,1,3,0.035644531,0,0,0,0,,,,,5.009838104,0.429346561,0.551256061,0,-0.429003534,-0.551523057,0,0,166,0,0,166,166,166,0,0,0.505784865,0.000753615,,,,,,,,,,,,
27.03,169,169,169,169,11.76270827,0.970361347,-0.067825317,0.012329102,1,1,1,3,0.035644531,0,0,0,0,,,,,5.009838104,0.429346561,0.551256061,0,-0.429003534,-0.551523057,0,0,166,0,0,166,166,166,0,0,0.505783635,0.000753615,,,,,,,,,,,,
27.04,169,169,169,169,11.76265168,0.970350214,-0.067825317,0.012329102,1,1,1,3,0.035644531,0,0,0,0,,,,,5.009838104,0.429346561,0.551256061,0,-0.429003534,-0.551523057,0,0,166,0,0,166,166,166,0,0,0.505782405,0.000753615,,,,,,,,,,,,
27.05,169,169,169,169,11.76259512,0.970339081,-0.067825317,0.012329102,1,1,1,3,0.035644531,0,0,0,0,,,,,5.009838104,0.429346561,0.551256061,0,-0.429003534,-0.551523057,0,0,166,0,0,166,166,166,0,0,0.505781176,0.000753615,,,,,,,,,,,,
27.06,169,169,169,169,11.76253859,0.970327948,-0.067825317,0.012329102,1,1,1,3,0.035644531,0,0,0,0,,,,,5.009838104,0.429346561,0.551256061,0,-0.429003534,-0.551523057,0,0,166,0,0,166,166,166,0,0,0.505779946,0.000753615,,,,,,,,,,,,
27.07,169,169,169,169,11.76248208,0.970316815,-0.067825317,0.012329102,1,1,1,3,0.035644531,0,0,0,0,,,,,5.009838104,0.429346561,0.551256061,0,-0.429003534,-0.551523057,0,0,166,0,0,166,166,166,0,0,0.505778716,0.000753615,,,,,,,,,,,,
27.08,169,169,169,169,11.76242561,0.970305682,-0.067825317,0.012329102,1,1,1,3,0.035644531,0,0,0,0,,,,,5.009838104,0.429346561,0.551256061,0,-0.429003534,-0.551523057,0,0,166,0,0,166,166,166,0,0,0.505777486,0.000753615,,,,,,,,,,,,
27.09,169,169,169,169,11.76236916,0.970294549,-0.067825317,0.012329102,1,1,1,3,0.035644531,0,0,0,0,,,,,5.009838104,0.429346561,0.551256061,0,-0.429003534,-0.551523057,0,0,166,0,0,166,166,166,0,0,0.505776256,0.000753615,,,,,,,,,,,,
27.1,169,169,169,169,11.76231274,0.970283415,-0.067825317,0.012329102,1,1,1,3,0.035644531,0,0,0,0,,,,,5.009838104,0.429346561,0.551256061,0,-0.429003534,-0.551523057,0,0,166,0,0,166,166,166,0,0,0.505775027,0.000753615,,,,,,,,,,,,
27.11,169,169,169,169,11.76225635,0.970272282,-0.067825317,0.012329102,1,1,1,3,0.035644531,0,0,0,0,,,,,5.009838104,0.429346561,0.551256061,0,-0.429003534,-0.551523057,0,0,166,0,0,166,166,166,0,0,0.505773797,0.000753615,,,,,,,,,,,,
27.12,169,169,169,169,11.76219999,0.970261149,-0.067825317,0.012329102,1,1,1,3,0.035644531,0,0,0,0,,,,,5.009838104,0.429346561,0.551256061,0,-0.429003534,-0.551523057,0,0,166,0,0,166,166,166,0,0,0.505772567,0.000753615,,,,,,,,,,,,
27.13,169,169,169,169,11.76214366,0.970250016,-0.067825317,0.012329102,1,1,1,3,0.035644531,0,0,0,0,,,,,5.009838104,0.431425959,0.565004945,0,-0.431074378,-0.565273232,0.275003503,0,166,0,0,166,166,166,0,0,0.505771337,0.000753615,,,,,,,,,,,,
27.14,169,169,169,169,11.76208736,0.970238883,-0.067825317,0.012329102,1,1,1,3,0.035644531,0,0,0,0,,,,,5.009838104,0.431425959,0.565004945,0,-0.431074378,-0.565273232,0,0,166,0,0,166,166,166,0,0,0.505770108,0.000753615,,,,,,,,,,,,
27.15,159,159,159,159,11.80481586,0.97022775,-0.067825317,0.012329102,1,1,1,3,0.035644531,0,0,0,0,,,,,5.01512289,0.431425959,0.565004945,0,-0.431074378,-0.565273232,0,0,156,0,0,156,156,156,0,0,0.464580245,0.000753615,,,,,,,,,,,,
27.16,168,168,168,168,11.76642359,0.970217886,-0.067825317,0.012329102,1,1,1,3,0.035644531,0,0,0,0,,,,,5.01512289,0.431425959,0.565004945,0,-0.431074378,-0.565273232,0,0,165,0,0,165,165,165,0,0,0.505535448,0.000753615,,,,,,,,,,,,
27.17,168,168,168,168,11.76637253,0.970206884,-0.067825317,0.012329102,1,1,1,3,0.035644531,0,0,0,0,,,,,5.01512289,0.431425959,0.565004945,0,-0.431074378,-0.565273232,0,0,165,0,0,165,165,165,0,0,0.505533557,0.000753615,,,,,,,,,,,,
27.18,168,168,168,168,11.7663215,0.970195881,-0.067825317,0.012329102,1,1,1,3,0.035644531,0,0,0,0,,,,,5.01512289,0.431425959,0.565004945,0,-0.431074378,-0.565273232,0,0,165,0,0,165,165,165,0,0,0.505531667,0.000753615,,,,,,,,,,,,
27.19,168,168,168,168,11.76627049,0.970184879,-0.067810059,0.012390137,1,1,1,3,0.035644531,0,0,0,0,,,,,5.01512289,0.431425959,0.565004945,0,-0.431074378,-0.565273232,0,0,165,0,0,165,165,165,0,0,0.505529777,0.000753445,,,,,,,,,,,,
27.2,168,168,168,168,11.76621951,0.970173876,-0.067810059,0.012390137,1,1,1,3,0.035644531,0,0,0,0,,,,,5.01512289,0.431425959,0.565004945,0,-0.431074378,-0.565273232,0,0,165,0,0,165,165,165,0,0,0.505527886,0.000753445,,,,,,,,,,,,
27.21,168,168,168,168,11.76616855,0.970162873,-0.067810059,0.012390137,1,1,1,3,0.035644531,0,0,0,0,,,,,5.01512289,0.431425959,0.565004945,0,-0.431074378,-0.565273232,0,0,165,0,0,165,165,165,0,0,0.505525996,0.000753445,,,,,,,,,,,,
27.22,168,168,168,168,11.76611761,0.970151871,-0.067810059,0.012390137,1,1,1,3,0.035644531,0,0,0,0,,,,,5.01512289,0.431425959,0.565004945,0,-0.431074378,-0.565273232,0,0,165,0,0,165,165,165,0,0,0.505524106,0.000753445,,,,,,,,,,,,
27.23,178,178,178,178,11.72552746,0.970140868,-0.067810059,0.012451172,1,1,1,3,0.035644531,0,0,0,0,,,,,5.009838104,0.431425959,0.565004945,0,-0.431074378,-0.565273232,0,0,174,0,0,174,174,174,0,0,0.546710848,0.000753445,,,,,,,,,,,,
27.24,169,169,169,169,11.76156971,0.970128662,-0.067810059,0.012451172,1,1,1,3,0.035644531,0,0,0,0,,,,,5.009838104,0.431425959,0.565004945,0,-0.431074378,-0.565273232,0,0,166,0,0,166,166,166,0,0,0.505752525,0.000753445,,,,,,,,,,,,
27.25,169,169,169,169,11.76151368,0.970117529,-0.067810059,0.012451172,1,1,1,3,0.035644531,0,0,0,0,,,,,5.009838104,0.431425959,0.565004945,0,-0.431074378,-0.565273232,0,0,166,0,0,166,166,166,0,0,0.505751295,0.000753445,,,,,,,,,,,,
27.26,169,169,169,169,11.76145767,0.970106396,-0.067810059,0.012451172,1,1,1,3,0.035644531,0,0,0,0,,,,,5.009838104,0.431425959,0.565004945,0,-0.431074378,-0.565273232,0,0,166,0,0,166,166,166,0,0,0.505750066,0.000753445,,,,,,,,,,,,
27.27,169,169,169,169,11.7614017,0.970095263,-0.067810059,0.012451172,1,1,1,3,0.035644531,0,0,0,0,,,,,5.009838104,0.431425959,0.565004945,0,-0.431074378,-0.565273232,0,0,166,0,0,166,166,166,0,0,0.505748836,0.000753445,,,,,,,,,,,,
27.28,169,169,169,169,11.76134575,0.97008413,-0.067810059,0.012451172,1,1,1,3,0.035644531,0,0,0,0,,,,,5.009838104,0.431425959,0.565004945,0,-0.431074378,-0.565273232,0,0,166,0,0,166,166,166,0,0,0.505747606,0.000753445,,,,,,,,,,,,
27.29,169,169,169,169,11.76128983,0.970072997,-0.067810059,0.012451172,1,1,1,3,0.035644531,0,0,0,0,,,,,5.009838104,0.431425959,0.565004945,0,-0.431074378,-0.565273232,0,0,166,0,0,166,166,166,0,0,0.505746376,0.000753445,,,,,,,,,,,,
27.3,169,169,169,169,11.76123393,0.970061864,-0.067810059,0.012451172,1,1,1,3,0.035644531,0,0,0,0,,,,,5.009838104,0.431425959,0.565004945,0,-0.431074378,-0.565273232,0,0,166,0,0,166,166,166,0,0,0.505745147,0.000753445,,,,,,,,,,,,
27.31,169,169,169,169,11.76117807,0.97005073,-0.067810059,0.012451172,1,1,1,3,0.035644531,0,0,0,0,,,,,5.009838104,0.431425959,0.565004945,0,-0.431074378,-0.565273232,0,0,166,0,0,166,166,166,0,0,0.505743917,0.000753445,,,,,,,,,,,,
27.32,169,169,169,169,11.76112223,0.970039597,-0.067810059,0.012451172,1,1,1,3,0.035644531,0,0,0,0,,,,,5.009838104,0.431425959,0.565004945,0,-0.431074378,-0.565273232,0,0,166,0,0,166,166,166,0,0,0.505742687,0.000753445,,,,,,,,,,,,
27.33,169,169,169,169,11.76106642,0.970028464,-0.067810059,0.012451172,1,1,1,3,0.035644531,0,0,0,0,,,,,5.009838104,0.433632076,0.579493523,0,-0.433271481,-0.579763179,0.28979895,0,166,0,0,166,166,166,0,0,0.505741457,0.000753445,,,,,,,,,,,,
27.34,169,169,169,169,11.76101064,0.970017331,-0.067810059,0.012451172,1,1,1,3,0.035644531,0,0,0,0,,,,,5.009838104,0.433632076,0.579493523,0,-0.433271481,-0.579763179,0,0,166,0,0,166,166,166,0,0,0.505740228,0.000753445,,,,,,,,,,,,
27.35,169,169,169,169,11.76095489,0.970006198,-0.067810059,0.012451172,1,1,1,3,0.035644531,0,0,0,0,,,,,5.009838104,0.433632076,0.579493523,0,-0.433271481,-0.579763179,0,0,166,0,0,166,166,166,0,0,0.505738998,0.000753445,,,,,,,,,,,,
27.36,169,169,169,169,11.76089917,0.969995065,-0.067810059,0.012451172,1,1,1,3,0.035644531,0,0,0,0,,,,,5.009838104,0.433632076,0.579493523,0,-0.433271481,-0.579763179,0,0,166,0,0,166,166,166,0,0,0.505737768,0.000753445,,,,,,,,,,,,
27.37,169,169,169,169,11.76084347,0.969983932,-0.067810059,0.012451172,1,1,1,3,0.035644531,0,0,0,0,,,,,5.009838104,0.433632076,0.579493523,0,-0.433271481,-0.579763179,0,0,166,0,0,166,166,166,0,0,0.505736538,0.000753445,,,,,,,,,,,,
27.38,169,169,169,169,11.7607878,0.969972799,-0.067810059,0.012451172,1,1,1,3,0.035644531,0,0,0,0,,,,,5.009838104,0.433632076,0.579493523,0,-0.433271481,-0.579763179,0,0,166,0,0,166,166,166,0,0,0.505735309,0.000753445,,,,,,,,,,,,
27.39,169,169,169,169,11.76073216,0.969961665,-0.067810059,0.012451172,1,1,1,3,0.035644531,0,0,0,0,,,,,5.009838104,0.433632076,0.579493523,0,-0.433271481,-0.579763179,0,0,166,0,0,166,166,166,0,0,0.505734079,0.000753445,,,,,,,,,,,,
27.4,169,169,169,169,11.76067655,0.969950532,-0.067810059,0.012451172,1,1,1,3,0.035644531,0,0,0,0,,,,,5.009838104,0.433632076,0.579493523,0,-0.433271481,-0.579763179,0,0,166,0,0,166,166,166,0,0,0.505732849,0.000753445,,,,,,,,,,,,
27.41,169,169,169,169,11.76062096,0.969939399,-0.067810059,0.012512207,1,1,1,3,0.035644531,0,0,0,0,,,,,5.009838104,0.433632076,0.579493523,0,-0.433271481,-0.579763179,0,0,166,0,0,166,166,166,0,0,0.505731619,0.000753445,,,,,,,,,,,,
27.42,169,169,169,169,11.7605654,0.969928266,-0.067810059,0.012512207,1,1,1,3,0.035644531,0,0,0,0,,,,,5.009838104,0.433632076,0.579493523,0,-0.433271481,-0.579763179,0,0,166,0,0,166,166,166,0,0,0.50573039,0.000753445,,,,,,,,,,,,
27.43,169,169,169,169,11.76050987,0.969917133,-0.067825317,0.012512207,1,1,1,3,0.035644531,0,0,0,0,,,,,5.009838104,0.433632076,0.579493523,0,-0.433271481,-0.579763179,0,0,166,0,0,166,166,166,0,0,0.50572916,0.000753615,,,,,,,,,,,,
27.44,169,169,169,169,11.76045437,0.969906,-0.067825317,0.012512207,1,1,1,3,0.035644531,0,0,0,0,,,,,5.009838104,0.433632076,0.579493523,0,-0.433271481,-0.579763179,0,0,166,0,0,166,166,166,0,0,0.50572793,0.000753615,,,,,,,,,,,,
27.45,169,169,169,169,11.7603989,0.969894867,-0.067825317,0.012512207,1,1,1,3,0.035644531,0,0,0,0,,,,,5.009838104,0.433632076,0.579493523,0,-0.433271481,-0.579763179,0,0,166,0,0,166,166,166,0,0,0.5057267,0.000753615,,,,,,,,,,,,
27.46,169,169,169,169,11.76034345,0.969883733,-0.067825317,0.012512207,1,1,1,3,0.035644531,0,0,0,0,,,,,5.009838104,0.433632076,0.579493523,0,-0.433271481,-0.579763179,0,0,166,0,0,166,166,166,0,0,0.50572547,0.000753615,,,,,,,,,,,,
27.47,169,169,169,169,11.76028803,0.9698726,-0.067825317,0.012573242,1,1,1,3,0.035644531,0,0,0,0,,,,,5.009838104,0.433632076,0.579493523,0,-0.433271481,-0.579763179,0,0,166,0,0,166,166,166,0,0,0.505724241,0.000753615,,,,,,,,,,,,
27.48,169,169,169,169,11.76023264,0.969861467,-0.067825317,0.012573242,1,1,1,3,0.035644531,0,0,0,0,,,,,5.009838104,0.433632076,0.579493523,0,-0.433271481,-0.579763179,0,0,166,0,0,166,166,166,0,0,0.505723011,0.000753615,,,,,,,,,,,,
27.49,169,169,169,169,11.76017727,0.969850334,-0.067825317,0.012573242,1,1,1,3,0.035644531,0,0,0,0,,,,,5.009838104,0.433632076,0.579493523,0,-0.433271481,-0.579763179,0,0,166,0,0,166,166,166,0,0,0.505721781,0.000753615,,,,,,,,,,,,
27.5,169,169,169,169,11.76012194,0.969839201,-0.067825317,0.012573242,1,1,1,3,0.035644531,0,0,0,0,,,,,5.009838104,0.433632076,0.579493523,0,-0.433271481,-0.579763179,0,0,166,0,0,166,166,166,0,0,0.505720551,0.000753615,,,,,,,,,,,,
27.51,169,169,169,169,11.76006663,0.969828068,-0.067825317,0.012573242,1,1,1,3,0.035644531,0,0,0,0,,,,,5.009838104,0.435755372,0.593343019,0,-0.43538616,-0.593613994,0.277016302,0,166,0,0,166,166,166,0,0,0.505719322,0.000753615,,,,,,,,,,,,
27.52,169,169,169,169,11.76001134,0.969816935,-0.067825317,0.012573242,1,1,1,3,0.035644531,0,0,0,0,,,,,5.009838104,0.435755372,0.593343019,0,-0.43538616,-0.593613994,0,0,166,0,0,166,166,166,0,0,0.505718092,0.000753615,,,,,,,,,,,,
27.53,169,169,169,169,11.75995609,0.969805802,-0.067825317,0.012573242,1,1,1,3,0.035644531,0,0,0,0,,,,,5.009838104,0.435755372,0.593343019,0,-0.43538616,-0.593613994,0,0,166,0,0,166,166,166,0,0,0.505716862,0.000753615,,,,,,,,,,,,
27.54,169,169,169,169,11.75990086,0.969794668,-0.067825317,0.012573242,1,1,1,3,0.035644531,0,0,0,0,,,,,5.009838104,0.435755372,0.593343019,0,-0.43538616,-0.593613994,0,0,166,0,0,166,166,166,0,0,0.505715632,0.000753615,,,,,,,,,,,,
27.55,169,169,169,169,11.75984566,0.969783535,-0.067825317,0.012573242,1,1,1,3,0.035644531,0,0,0,0,,,,,5.009838104,0.435755372,0.593343019,0,-0.43538616,-0.593613994,0,0,166,0,0,166,166,166,0,0,0.505714403,0.000753615,,,,,,,,,,,,
27.56,169,169,169,169,11.75979049,0.969772402,-0.067825317,0.012573242,1,1,1,3,0.035644531,0,0,0,0,,,,,5.009838104,0.435755372,0.593343019,0,-0.43538616,-0.593613994,0,0,166,0,0,166,166,166,0,0,0.505713173,0.000753615,,,,,,,,,,,,
27.57,169,169,169,169,11.75973534,0.969761269,-0.067825317,0.012573242,1,1,1,3,0.035644531,0,0,0,0,,,,,5.009838104,0.435755372,0.593343019,0,-0.43538616,-0.593613994,0,0,166,0,0,166,166,166,0,0,0.505711943,0.000753615,,,,,,,,,,,,
27.58,169,169,169,169,11.75968023,0.969750136,-0.067810059,0.012573242,1,1,1,3,0.035644531,0,0,0,0,,,,,5.009838104,0.435755372,0.593343019,0,-0.43538616,-0.593613994,0,0,166,0,0,166,166,166,0,0,0.505710713,0.000753445,,,,,,,,,,,,
27.59,169,169,169,169,11.75962514,0.969739003,-0.067810059,0.012573242,1,1,1,3,0.035644531,0,0,0,0,,,,,5.009838104,0.435755372,0.593343019,0,-0.43538616,-0.593613994,0,0,166,0,0,166,166,166,0,0,0.505709484,0.000753445,,,,,,,,,,,,
27.6,169,169,169,169,11.75957007,0.96972787,-0.067810059,0.012573242,1,1,1,3,0.035644531,0,0,0,0,,,,,5.009838104,0.435755372,0.593343019,0,-0.43538616,-0.593613994,0,0,166,0,0,166,166,166,0,0,0.505708254,0.000753445,,,,,,,,,,,,
27.61,169,169,169,169,11.75951504,0.969716737,-0.067810059,0.012634277,1,1,1,3,0.035644531,0,0,0,0,,,,,5.009838104,0.435755372,0.593343019,0,-0.43538616,-0.593613994,0,0,166,0,0,166,166,166,0,0,0.505707024,0.000753445,,,,,,,,,,,,
27.62,169,169,169,169,11.75946003,0.969705603,-0.067810059,0.012634277,1,1,1,3,0.035644531,0,0,0,0,,,,,5.009838104,0.435755372,0.593343019,0,-0.43538616,-0.593613994,0,0,166,0,0,166,166,166,0,0,0.505705794,0.000753445,,,,,,,,,,,,
27.63,169,169,169,169,11.75940505,0.96969447,-0.067810059,0.012634277,1,1,1,3,0.035644531,0,0,0,0,,,,,5.009838104,0.435755372,0.593343019,0,-0.43538616,-0.593613994,0,0,166,0,0,166,166,166,0,0,0.505704564,0.000753445,,,,,,,,,,,,
27.64,169,169,169,169,11.75935009,0.969683337,-0.067810059,0.012634277,1,1,1,3,0.035644531,0,0,0,0,,,,,5.009838104,0.435755372,0.593343019,0,-0.43538616,-0.593613994,0,0,166,0,0,166,166,166,0,0,0.505703335,0.000753445,,,,,,,,,,,,
27.65,169,169,169,169,11.75929516,0.969672204,-0.067810059,0.012634277,1,1,1,3,0.035644531,0,0,0,0,,,,,5.009838104,0.435755372,0.593343019,0,-0.43538616,-0.593613994,0,0,166,0,0,166,166,166,0,0,0.505702105,0.000753445,,,,,,,,,,,,
27.66,169,169,169,169,11.75924026,0.969661071,-0.067810059,0.012634277,1,1,1,3,0.035644531,0,0,0,0,,,,,5.009838104,0.435755372,0.593343019,0,-0.43538616,-0.593613994,0,0,166,0,0,166,166,166,0,0,0.505700875,0.000753445,,,,,,,,,,,,
27.67,169,169,169,169,11.75918539,0.969649938,-0.0677948,0.012695313,1,1,1,3,0.035644531,0,0,0,0,,,,,5.009838104,0.435755372,0.593343019,0,-0.43538616,-0.593613994,0,0,166,0,0,166,166,166,0,0,0.505699645,0.000753276,,,,,,,,,,,,
27.68,169,169,169,169,11.75913054,0.969638805,-0.0677948,0.012695313,1,1,1,3,0.035644531,0,0,0,0,,,,,5.009838104,0.435755372,0.593343019,0,-0.43538616,-0.593613994,0,0,166,0,0,166,166,166,0,0,0.505698416,0.000753276,,,,,,,,,,,,
27.69,169,169,169,169,11.75907572,0.969627671,-0.0677948,0.012695313,1,1,1,3,0.035644531,0,0,0,0,,,,,5.009838104,0.435755372,0.593343019,0,-0.43538616,-0.593613994,0,0,166,0,0,166,166,166,0,0,0.505697186,0.000753276,,,,,,,,,,,,
27.7,169,169,169,169,11.75902093,0.969616538,-0.0677948,0.012695313,1,1,1,3,0.035644531,0,0,0,0,,,,,5.009838104,0.435755372,0.593343019,0,-0.43538616,-0.593613994,0,0,166,0,0,166,166,166,0,0,0.505695956,0.000753276,,,,,,,,,,,,
27.71,169,169,169,169,11.75896617,0.969605405,-0.0677948,0.012695313,1,1,1,3,0.035644531,0,0,0,0,,,,,5.009838104,0.438008547,0.607937813,0,-0.437630255,-0.608210187,0.291923845,0,166,0,0,166,166,166,0,0,0.505694726,0.000753276,,,,,,,,,,,,
27.72,169,169,169,169,11.75891143,0.969594272,-0.0677948,0.012695313,1,1,1,3,0.035644531,0,0,0,0,,,,,5.009838104,0.438008547,0.607937813,0,-0.437630255,-0.608210187,0,0,166,0,0,166,166,166,0,0,0.505693497,0.000753276,,,,,,,,,,,,
27.73,169,169,169,169,11.75885672,0.969583139,-0.0677948,0.012695313,1,1,1,3,0.035644531,0,0,0,0,,,,,5.009838104,0.438008547,0.607937813,0,-0.437630255,-0.608210187,0,0,166,0,0,166,166,166,0,0,0.505692267,0.000753276,,,,,,,,,,,,
27.74,169,169,169,169,11.75880203,0.969572006,-0.0677948,0.012695313,1,1,1,3,0.035644531,0,0,0,0,,,,,5.009838104,0.438008547,0.607937813,0,-0.437630255,-0.608210187,0,0,166,0,0,166,166,166,0,0,0.505691037,0.000753276,,,,,,,,,,,,
27.75,159,159,159,159,11.80153215,0.969560873,-0.0677948,0.012695313,1,1,1,3,0.035644531,0,0,0,0,,,,,5.01512289,0.438008547,0.607937813,0,-0.437630255,-0.608210187,0,0,156,0,0,156,156,156,0,0,0.464501174,0.000753276,,,,,,,,,,,,
27.76,168,168,168,168,11.76314149,0.969551009,-0.0677948,0.012695313,1,1,1,3,0.035644531,0,0,0,0,,,,,5.01512289,0.438008547,0.607937813,0,-0.437630255,-0.608210187,0,0,165,0,0,165,165,165,0,0,0.505456377,0.000753276,,,,,,,,,,,,
27.77,168,168,168,168,11.76309205,0.969540007,-0.0677948,0.012695313,1,1,1,3,0.035644531,0,0,0,0,,,,,5.01512289,0.438008547,0.607937813,0,-0.437630255,-0.608210187,0,0,165,0,0,165,165,165,0,0,0.505454487,0.000753276,,,,,,,,,,,,
27.78,168,168,168,168,11.76304263,0.969529004,-0.0677948,0.012695313,1,1,1,3,0.035644531,0,0,0,0,,,,,5.01512289,0.438008547,0.607937813,0,-0.437630255,-0.608210187,0,0,165,0,0,165,165,165,0,0,0.505452597,0.000753276,,,,,,,,,,,,
27.79,168,168,168,168,11.76299324,0.969518001,-0.0677948,0.012695313,1,1,1,3,0.035644531,0,0,0,0,,,,,5.01512289,0.438008547,0.607937813,0,-0.437630255,-0.608210187,0,0,165,0,0,165,165,165,0,0,0.505450706,0.000753276,,,,,,,,,,,,
27.8,168,168,168,168,11.76294386,0.969506999,-0.0677948,0.012695313,1,1,1,3,0.035644531,0,0,0,0,,,,,5.01512289,0.438008547,0.607937813,0,-0.437630255,-0.608210187,0,0,165,0,0,165,165,165,0,0,0.505448816,0.000753276,,,,,,,,,,,,
27.81,168,168,168,168,11.76289451,0.969495996,-0.0677948,0.012695313,1,1,1,3,0.035644531,0,0,0,0,,,,,5.01512289,0.438008547,0.607937813,0,-0.437630255,-0.608210187,0,0,165,0,0,165,165,165,0,0,0.505446925,0.000753276,,,,,,,,,,,,
27.82,168,168,168,168,11.76284518,0.969484994,-0.0677948,0.012695313,1,1,1,3,0.035644531,0,0,0,0,,,,,5.01512289,0.438008547,0.607937813,0,-0.437630255,-0.608210187,0,0,165,0,0,165,165,165,0,0,0.505445035,0.000753276,,,,,,,,,,,,
27.83,168,168,168,168,11.76279587,0.969473991,-0.0677948,0.012756348,1,1,1,3,0.035644531,0,0,0,0,,,,,5.01512289,0.438008547,0.607937813,0,-0.437630255,-0.608210187,0,0,165,0,0,165,165,165,0,0,0.505443145,0.000753276,,,,,,,,,,,,
27.84,168,168,168,168,11.76274658,0.969462988,-0.0677948,0.012756348,1,1,1,3,0.035644531,0,0,0,0,,,,,5.01512289,0.438008547,0.607937813,0,-0.437630255,-0.608210187,0,0,165,0,0,165,165,165,0,0,0.505441254,0.000753276,,,,,,,,,,,,
27.85,168,168,168,168,11.76269731,0.969451986,-0.0677948,0.012756348,1,1,1,3,0.035644531,0,0,0,0,,,,,5.01512289,0.438008547,0.607937813,0,-0.437630255,-0.608210187,0,0,165,0,0,165,165,165,0,0,0.505439364,0.000753276,,,,,,,,,,,,
27.86,168,168,168,168,11.76264807,0.969440983,-0.067810059,0.012756348,1,1,1,3,0.035644531,0,0,0,0,,,,,5.01512289,0.438008547,0.607937813,0,-0.437630255,-0.608210187,0,0,165,0,0,165,165,165,0,0,0.505437474,0.000753445,,,,,,,,,,,,
27.87,168,168,168,168,11.76259884,0.969429981,-0.067810059,0.012756348,1,1,1,3,0.035644531,0,0,0,0,,,,,5.01512289,0.438008547,0.607937813,0,-0.437630255,-0.608210187,0,0,165,0,0,165,165,165,0,0,0.505435583,0.000753445,,,,,,,,,,,,
27.88,168,168,168,168,11.76254964,0.969418978,-0.067810059,0.012817383,1,1,1,3,0.035644531,0,0,0,0,,,,,5.01512289,0.438008547,0.607937813,0,-0.437630255,-0.608210187,0,0,165,0,0,165,165,165,0,0,0.505433693,0.000753445,,,,,,,,,,,,
27.89,168,168,168,168,11.76250046,0.969407975,-0.067810059,0.012817383,1,1,1,3,0.035644531,0,0,0,0,,,,,5.01512289,0.440176845,0.621885777,0,-0.439789875,-0.622159497,0.278986199,0,165,0,0,165,165,165,0,0,0.505431803,0.000753445,,,,,,,,,,,,
27.9,168,168,168,168,11.76245131,0.969396973,-0.067810059,0.012817383,1,1,1,3,0.035644531,0,0,0,0,,,,,5.01512289,0.440176845,0.621885777,0,-0.439789875,-0.622159497,0,0,165,0,0,165,165,165,0,0,0.505429912,0.000753445,,,,,,,,,,,,
27.91,168,168,168,168,11.76240217,0.96938597,-0.067810059,0.012817383,1,1,1,3,0.035644531,0,0,0,0,,,,,5.01512289,0.440176845,0.621885777,0,-0.439789875,-0.622159497,0,0,165,0,0,165,165,165,0,0,0.505428022,0.000753445,,,,,,,,,,,,
27.92,168,168,168,168,11.76235305,0.969374968,-0.067810059,0.012817383,1,1,1,3,0.035644531,0,0,0,0,,,,,5.01512289,0.440176845,0.621885777,0,-0.439789875,-0.622159497,0,0,165,0,0,165,165,165,0,0,0.505426131,0.000753445,,,,,,,,,,,,
27.93,168,168,168,168,11.76230396,0.969363965,-0.067810059,0.012817383,1,1,1,3,0.035644531,0,0,0,0,,,,,5.01512289,0.440176845,0.621885777,0,-0.439789875,-0.622159497,0,0,165,0,0,165,165,165,0,0,0.505424241,0.000753445,,,,,,,,,,,,
27.94,168,168,168,168,11.76225489,0.969352962,-0.067810059,0.012817383,1,1,1,3,0.035644531,0,0,0,0,,,,,5.01512289,0.440176845,0.621885777,0,-0.439789875,-0.622159497,0,0,165,0,0,165,165,165,0,0,0.505422351,0.000753445,,,,,,,,,,,,
27.95,168,168,168,168,11.76220584,0.96934196,-0.067825317,0.012817383,1,1,1,3,0.035644531,0,0,0,0,,,,,5.01512289,0.440176845,0.621885777,0,-0.439789875,-0.622159497,0,0,165,0,0,165,165,165,0,0,0.50542046,0.000753615,,,,,,,,,,,,
27.96,168,168,168,168,11.76215681,0.969330957,-0.067825317,0.012817383,1,1,1,3,0.035644531,0,0,0,0,,,,,5.01512289,0.440176845,0.621885777,0,-0.439789875,-0.622159497,0,0,165,0,0,165,165,165,0,0,0.50541857,0.000753615,,,,,,,,,,,,
27.97,168,168,168,168,11.7621078,0.969319954,-0.067825317,0.012817383,1,1,1,3,0.035644531,0,0,0,0,,,,,5.01512289,0.440176845,0.621885777,0,-0.439789875,-0.622159497,0,0,165,0,0,165,165,165,0,0,0.50541668,0.000753615,,,,,,,,,,,,
27.98,168,168,168,168,11.76205882,0.969308952,-0.067825317,0.012817383,1,1,1,3,0.035644531,0,0,0,0,,,,,5.01512289,0.440176845,0.621885777,0,-0.439789875,-0.622159497,0,0,165,0,0,165,165,165,0,0,0.505414789,0.000753615,,,,,,,,,,,,
27.99,168,168,168,168,11.76200986,0.969297949,-0.067825317,0.012817383,1,1,1,3,0.035644531,0,0,0,0,,,,,5.01512289,0.440176845,0.621885777,0,-0.439789875,-0.622159497,0,0,165,0,0,165,165,165,0,0,0.505412899,0.000753615,,,,,,,,,,,,
28,168,168,168,168,11.76196091,0.969286947,-0.067825317,0.012817383,1,1,1,3,0.035644531,0,0,0,0,,,,,5.01512289,0.440176845,0.621885777,0,-0.439789875,-0.622159497,0,0,165,0,0,165,165,165,0,0,0.505411009,0.000753615,,,,,,,,,,,,
28.01,168,168,168,168,11.76191199,0.969275944,-0.067825317,0.012817383,1,1,1,3,0.035644531,0,0,0,0,,,,,5.01512289,0.440176845,0.621885777,0,-0.439789875,-0.622159497,0,0,165,0,0,165,165,165,0,0,0.505409118,0.000753615,,,,,,,,,,,,
28.02,168,168,168,168,11.76186309,0.969264941,-0.067825317,0.012817383,1,1,1,3,0.035644531,0,0,0,0,,,,,5.01512289,0.440176845,0.621885777,0,-0.439789875,-0.622159497,0,0,165,0,0,165,165,165,0,0,0.505407228,0.000753615,,,,,,,,,,,,
28.03,168,168,168,168,11.76181421,0.969253939,-0.067825317,0.012817383,1,1,1,3,0.035644531,0,0,0,0,,,,,5.01512289,0.440176845,0.621885777,0,-0.439789875,-0.622159497,0,0,165,0,0,165,165,165,0,0,0.505405338,0.000753615,,,,,,,,,,,,
28.04,168,168,168,168,11.76176536,0.969242936,-0.067825317,0.012817383,1,1,1,3,0.035644531,0,0,0,0,,,,,5.01512289,0.440176845,0.621885777,0,-0.439789875,-0.622159497,0,0,165,0,0,165,165,165,0,0,0.505403447,0.000753615,,,,,,,,,,,,
28.05,168,168,168,168,11.76171652,0.969231934,-0.067825317,0.012878418,1,1,1,3,0.035644531,0,0,0,0,,,,,5.01512289,0.440176845,0.621885777,0,-0.439789875,-0.622159497,0,0,165,0,0,165,165,165,0,0,0.505401557,0.000753615,,,,,,,,,,,,
28.06,168,168,168,168,11.76166771,0.969220931,-0.067825317,0.012878418,1,1,1,3,0.035644531,0,0,0,0,,,,,5.01512289,0.440176845,0.621885777,0,-0.439789875,-0.622159497,0,0,165,0,0,165,165,165,0,0,0.505399666,0.000753615,,,,,,,,,,,,
28.07,168,168,168,168,11.76161891,0.969209928,-0.067825317,0.012878418,1,1,1,3,0.035644531,0,0,0,0,,,,,5.01512289,0.440176845,0.621885777,0,-0.439789875,-0.622159497,0,0,165,0,0,165,165,165,0,0,0.505397776,0.000753615,,,,,,,,,,,,
28.08,168,168,168,168,11.76157014,0.969198926,-0.067825317,0.012878418,1,1,1,3,0.035644531,0,0,0,0,,,,,5.01512289,0.440176845,0.621885777,0,-0.439789875,-0.622159497,0,0,165,0,0,165,165,165,0,0,0.505395886,0.000753615,,,,,,,,,,,,
28.09,168,168,168,168,11.76152139,0.969187923,-0.067825317,0.012878418,1,1,1,3,0.035644531,0,0,0,0,,,,,5.01512289,0.440176845,0.621885777,0,-0.439789875,-0.622159497,0,0,165,0,0,165,165,165,0,0,0.505393995,0.000753615,,,,,,,,,,,,
28.1,168,168,168,168,11.76147266,0.969176921,-0.067825317,0.012939453,1,1,1,3,0.035644531,0,0,0,0,,,,,5.01512289,0.44247663,0.636577129,0,-0.442080521,-0.636852277,0.293855615,0,165,0,0,165,165,165,0,0,0.505392105,0.000753615,,,,,,,,,,,,
28.11,168,168,168,168,11.76142396,0.969165918,-0.067825317,0.012939453,1,1,1,3,0.035644531,0,0,0,0,,,,,5.01512289,0.44247663,0.636577129,0,-0.442080521,-0.636852277,0,0,165,0,0,165,165,165,0,0,0.505390215,0.000753615,,,,,,,,,,,,
28.12,168,168,168,168,11.76137527,0.969154915,-0.067810059,0.012939453,1,1,1,3,0.035644531,0,0,0,0,,,,,5.01512289,0.44247663,0.636577129,0,-0.442080521,-0.636852277,0,0,165,0,0,165,165,165,0,0,0.505388324,0.000753445,,,,,,,,,,,,
28.13,168,168,168,168,11.7613266,0.969143913,-0.067810059,0.012939453,1,1,1,3,0.035644531,0,0,0,0,,,,,5.01512289,0.44247663,0.636577129,0,-0.442080521,-0.636852277,0,0,165,0,0,165,165,165,0,0,0.505386434,0.000753445,,,,,,,,,,,,
28.14,168,168,168,168,11.76127796,0.96913291,-0.067810059,0.012939453,1,1,1,3,0.035644531,0,0,0,0,,,,,5.01512289,0.44247663,0.636577129,0,-0.442080521,-0.636852277,0,0,165,0,0,165,165,165,0,0,0.505384544,0.000753445,,,,,,,,,,,,
28.15,168,168,168,168,11.76122934,0.969121907,-0.067810059,0.012939453,1,1,1,3,0.035644531,0,0,0,0,,,,,5.01512289,0.44247663,0.636577129,0,-0.442080521,-0.636852277,0,0,165,0,0,165,165,165,0,0,0.505382653,0.000753445,,,,,,,,,,,,
28.16,168,168,168,168,11.76118073,0.969110905,-0.067810059,0.012939453,1,1,1,3,0.035644531,0,0,0,0,,,,,5.01512289,0.44247663,0.636577129,0,-0.442080521,-0.636852277,0,0,165,0,0,165,165,165,0,0,0.505380763,0.000753445,,,,,,,,,,,,
28.17,168,168,168,168,11.76113215,0.969099902,-0.067810059,0.012939453,1,1,1,3,0.035644531,0,0,0,0,,,,,5.01512289,0.44247663,0.636577129,0,-0.442080521,-0.636852277,0,0,165,0,0,165,165,165,0,0,0.505378872,0.000753445,,,,,,,,,,,,
28.18,168,168,168,168,11.76108359,0.9690889,-0.067810059,0.012939453,1,1,1,3,0.035644531,0,0,0,0,,,,,5.01512289,0.44247663,0.636577129,0,-0.442080521,-0.636852277,0,0,165,0,0,165,165,165,0,0,0.505376982,0.000753445,,,,,,,,,,,,
28.19,168,168,168,168,11.76103505,0.969077897,-0.067810059,0.012939453,1,1,1,3,0.035644531,0,0,0,0,,,,,5.01512289,0.44247663,0.636577129,0,-0.442080521,-0.636852277,0,0,165,0,0,165,165,165,0,0,0.505375092,0.000753445,,,,,,,,,,,,
28.2,168,168,168,168,11.76098653,0.969066894,-0.067810059,0.012939453,1,1,1,3,0.035644531,0,0,0,0,,,,,5.01512289,0.44247663,0.636577129,0,-0.442080521,-0.636852277,0,0,165,0,0,165,165,165,0,0,0.505373201,0.000753445,,,,,,,,,,,,
28.21,168,168,168,168,11.76093804,0.969055892,-0.067810059,0.012939453,1,1,1,3,0.035644531,0,0,0,0,,,,,5.01512289,0.44247663,0.636577129,0,-0.442080521,-0.636852277,0,0,165,0,0,165,165,165,0,0,0.505371311,0.000753445,,,,,,,,,,,,
28.22,168,168,168,168,11.76088956,0.969044889,-0.067810059,0.012939453,1,1,1,3,0.035644531,0,0,0,0,,,,,5.01512289,0.44247663,0.636577129,0,-0.442080521,-0.636852277,0,0,165,0,0,165,165,165,0,0,0.505369421,0.000753445,,,,,,,,,,,,
28.23,178,178,178,178,11.72030187,0.969033887,-0.067810059,0.012939453,1,1,1,3,0.035644531,0,0,0,0,,,,,5.009838104,0.44247663,0.636577129,0,-0.442080521,-0.636852277,0,0,174,0,0,174,174,174,0,0,0.546556163,0.000753445,,,,,,,,,,,,
28.24,168,168,168,168,11.76074464,0.969021681,-0.067810059,0.012939453,1,1,1,3,0.035644531,0,0,0,0,,,,,5.009838104,0.44247663,0.636577129,0,-0.442080521,-0.636852277,0,0,165,0,0,165,165,165,0,0,0.50559784,0.000753445,,,,,,,,,,,,
28.25,168,168,168,168,11.76069628,0.969010678,-0.067810059,0.012939453,1,1,1,3,0.035644531,0,0,0,0,,,,,5.009838104,0.44247663,0.636577129,0,-0.442080521,-0.636852277,0,0,165,0,0,165,165,165,0,0,0.50559661,0.000753445,,,,,,,,,,,,
28.26,168,168,168,168,11.76064793,0.968999676,-0.067810059,0.012939453,1,1,1,3,0.035644531,0,0,0,0,,,,,5.009838104,0.44247663,0.636577129,0,-0.442080521,-0.636852277,0,0,165,0,0,165,165,165,0,0,0.505595381,0.000753445,,,,,,,,,,,,
28.27,168,168,168,168,11.7605996,0.968988673,-0.067810059,0.013000488,1,1,1,3,0.035644531,0,0,0,0,,,,,5.009838104,0.44247663,0.636577129,0,-0.442080521,-0.636852277,0,0,165,0,0,165,165,165,0,0,0.505594151,0.000753445,,,,,,,,,,,,
28.28,168,168,168,168,11.7605513,0.96897767,-0.067810059,0.013000488,1,1,1,3,0.035644531,0,0,0,0,,,,,5.009838104,0.44247663,0.636577129,0,-0.442080521,-0.636852277,0,0,165,0,0,165,165,165,0,0,0.505592921,0.000753445,,,,,,,,,,,,
28.29,168,168,168,168,11.76050301,0.968966668,-0.067810059,0.013000488,1,1,1,3,0.035644531,0,0,0,0,,,,,5.009838104,0.44247663,0.636577129,0,-0.442080521,-0.636852277,0,0,165,0,0,165,165,165,0,0,0.505591691,0.000753445,,,,,,,,,,,,
28.3,168,168,168,168,11.76045475,0.968955665,-0.067810059,0.013000488,1,1,1,3,0.035644531,0,0,0,0,,,,,5.009838104,0.444800019,0.651313782,0,-0.444394742,-0.651590372,0.294761899,0,165,0,0,165,165,165,0,0,0.505590462,0.000753445,,,,,,,,,,,,
28.31,168,168,168,168,11.7604065,0.968944663,-0.067810059,0.013000488,1,1,1,3,0.035644531,0,0,0,0,,,,,5.009838104,0.444800019,0.651313782,0,-0.444394742,-0.651590372,0,0,165,0,0,165,165,165,0,0,0.505589232,0.000753445,,,,,,,,,,,,
28.32,168,168,168,168,11.76035828,0.96893366,-0.067810059,0.013000488,1,1,1,3,0.035644531,0,0,0,0,,,,,5.009838104,0.444800019,0.651313782,0,-0.444394742,-0.651590372,0,0,165,0,0,165,165,165,0,0,0.505588002,0.000753445,,,,,,,,,,,,
28.33,168,168,168,168,11.76031008,0.968922657,-0.067810059,0.013061523,1,1,1,3,0.035644531,0,0,0,0,,,,,5.009838104,0.444800019,0.651313782,0,-0.444394742,-0.651590372,0,0,165,0,0,165,165,165,0,0,0.505586772,0.000753445,,,,,,,,,,,,
28.34,168,168,168,168,11.7602619,0.968911655,-0.067810059,0.013061523,1,1,1,3,0.035644531,0,0,0,0,,,,,5.009838104,0.444800019,0.651313782,0,-0.444394742,-0.651590372,0,0,165,0,0,165,165,165,0,0,0.505585543,0.000753445,,,,,,,,,,,,
28.35,168,168,168,168,11.76021374,0.968900652,-0.067810059,0.013061523,1,1,1,3,0.035644531,0,0,0,0,,,,,5.009838104,0.444800019,0.651313782,0,-0.444394742,-0.651590372,0,0,165,0,0,165,165,165,0,0,0.505584313,0.000753445,,,,,,,,,,,,
28.36,168,168,168,168,11.7601656,0.96888965,-0.067825317,0.013061523,1,1,1,3,0.035644531,0,0,0,0,,,,,5.009838104,0.444800019,0.651313782,0,-0.444394742,-0.651590372,0,0,165,0,0,165,165,165,0,0,0.505583083,0.000753615,,,,,,,,,,,,
28.37,168,168,168,168,11.76011748,0.968878647,-0.067825317,0.013061523,1,1,1,3,0.035644531,0,0,0,0,,,,,5.009838104,0.444800019,0.651313782,0,-0.444394742,-0.651590372,0,0,165,0,0,165,165,165,0,0,0.505581853,0.000753615,,,,,,,,,,,,
28.38,168,168,168,168,11.76006938,0.968867644,-0.067825317,0.013061523,1,1,1,3,0.035644531,0,0,0,0,,,,,5.009838104,0.444800019,0.651313782,0,-0.444394742,-0.651590372,0,0,165,0,0,165,165,165,0,0,0.505580624,0.000753615,,,,,,,,,,,,
28.39,168,168,168,168,11.7600213,0.968856642,-0.067825317,0.013061523,1,1,1,3,0.035644531,0,0,0,0,,,,,5.009838104,0.444800019,0.651313782,0,-0.444394742,-0.651590372,0,0,165,0,0,165,165,165,0,0,0.505579394,0.000753615,,,,,,,,,,,,
28.4,168,168,168,168,11.75997324,0.968845639,-0.067825317,0.013061523,1,1,1,3,0.035644531,0,0,0,0,,,,,5.009838104,0.444800019,0.651313782,0,-0.444394742,-0.651590372,0,0,165,0,0,165,165,165,0,0,0.505578164,0.000753615,,,,,,,,,,,,
28.41,168,168,168,168,11.75992521,0.968834637,-0.067825317,0.013061523,1,1,1,3,0.035644531,0,0,0,0,,,,,5.009838104,0.444800019,0.651313782,0,-0.444394742,-0.651590372,0,0,165,0,0,165,165,165,0,0,0.505576934,0.000753615,,,,,,,,,,,,
28.42,168,168,168,168,11.75987719,0.968823634,-0.067825317,0.013061523,1,1,1,3,0.035644531,0,0,0,0,,,,,5.009838104,0.444800019,0.651313782,0,-0.444394742,-0.651590372,0,0,165,0,0,165,165,165,0,0,0.505575704,0.000753615,,,,,,,,,,,,
28.43,168,168,168,168,11.75982919,0.968812631,-0.067825317,0.013061523,1,1,1,3,0.035644531,0,0,0,0,,,,,5.009838104,0.444800019,0.651313782,0,-0.444394742,-0.651590372,0,0,165,0,0,165,165,165,0,0,0.505574475,0.000753615,,,,,,,,,,,,
28.44,168,168,168,168,11.75978122,0.968801629,-0.067825317,0.013061523,1,1,1,3,0.035644531,0,0,0,0,,,,,5.009838104,0.444800019,0.651313782,0,-0.444394742,-0.651590372,0,0,165,0,0,165,165,165,0,0,0.505573245,0.000753615,,,,,,,,,,,,
28.45,168,168,168,168,11.75973326,0.968790626,-0.067825317,0.013061523,1,1,1,3,0.035644531,0,0,0,0,,,,,5.009838104,0.444800019,0.651313782,0,-0.444394742,-0.651590372,0,0,165,0,0,165,165,165,0,0,0.505572015,0.000753615,,,,,,,,,,,,
28.46,168,168,168,168,11.75968533,0.968779623,-0.067825317,0.013061523,1,1,1,3,0.035644531,0,0,0,0,,,,,5.009838104,0.444800019,0.651313782,0,-0.444394742,-0.651590372,0,0,165,0,0,165,165,165,0,0,0.505570785,0.000753615,,,,,,,,,,,,
28.47,168,168,168,168,11.75963741,0.968768621,-0.067825317,0.013061523,1,1,1,3,0.035644531,0,0,0,0,,,,,5.009838104,0.444800019,0.651313782,0,-0.444394742,-0.651590372,0,0,165,0,0,165,165,165,0,0,0.505569556,0.000753615,,,,,,,,,,,,
28.48,178,178,178,178,11.71905028,0.968757618,-0.067825317,0.013061523,1,1,1,3,0.035644531,0,0,0,0,,,,,5.004553318,0.444800019,0.651313782,0,-0.444394742,-0.651590372,0,0,174,0,0,174,174,174,0,0,0.546756959,0.000753615,,,,,,,,,,,,
28.49,169,169,169,169,11.75509556,0.968745413,-0.067825317,0.013061523,1,1,1,3,0.035644531,0,0,0,0,,,,,5.004553318,0.447034836,0.665389657,0,-0.446620801,-0.665667635,0.281545257,0,166,0,0,166,166,166,0,0,0.505799296,0.000753615,,,,,,,,,,,,
28.5,169,169,169,169,11.75504254,0.968734279,-0.067825317,0.013061523,1,1,1,3,0.035644531,0,0,0,0,,,,,5.004553318,0.447034836,0.665389657,0,-0.446620801,-0.665667635,0,0,166,0,0,166,166,166,0,0,0.505798727,0.000753615,,,,,,,,,,,,
28.51,169,169,169,169,11.75498954,0.968723146,-0.067810059,0.013122559,1,1,1,3,0.035644531,0,0,0,0,,,,,5.004553318,0.447034836,0.665389657,0,-0.446620801,-0.665667635,0,0,166,0,0,166,166,166,0,0,0.505798158,0.000753445,,,,,,,,,,,,
28.52,169,169,169,169,11.75493658,0.968712013,-0.067810059,0.013122559,1,1,1,3,0.035644531,0,0,0,0,,,,,5.004553318,0.447034836,0.665389657,0,-0.446620801,-0.665667635,0,0,166,0,0,166,166,166,0,0,0.505797589,0.000753445,,,,,,,,,,,,
28.53,169,169,169,169,11.75488363,0.96870088,-0.067810059,0.013122559,1,1,1,3,0.035644531,0,0,0,0,,,,,5.004553318,0.447034836,0.665389657,0,-0.446620801,-0.665667635,0,0,166,0,0,166,166,166,0,0,0.50579702,0.000753445,,,,,,,,,,,,
28.54,169,169,169,169,11.75483071,0.968689747,-0.067810059,0.013122559,1,1,1,3,0.035644531,0,0,0,0,,,,,5.004553318,0.447034836,0.665389657,0,-0.446620801,-0.665667635,0,0,166,0,0,166,166,166,0,0,0.505796451,0.000753445,,,,,,,,,,,,
28.55,169,169,169,169,11.75477782,0.968678614,-0.067810059,0.013122559,1,1,1,3,0.035644531,0,0,0,0,,,,,5.004553318,0.447034836,0.665389657,0,-0.446620801,-0.665667635,0,0,166,0,0,166,166,166,0,0,0.505795881,0.000753445,,,,,,,,,,,,
28.56,169,169,169,169,11.75472495,0.968667481,-0.067810059,0.013183594,1,1,1,3,0.035644531,0,0,0,0,,,,,5.004553318,0.447034836,0.665389657,0,-0.446620801,-0.665667635,0,0,166,0,0,166,166,166,0,0,0.505795312,0.000753445,,,,,,,,,,,,
28.57,169,169,169,169,11.75467211,0.968656348,-0.067810059,0.013183594,1,1,1,3,0.035644531,0,0,0,0,,,,,5.004553318,0.447034836,0.665389657,0,-0.446620801,-0.665667635,0,0,166,0,0,166,166,166,0,0,0.505794743,0.000753445,,,,,,,,,,,,
28.58,169,169,169,169,11.75461929,0.968645214,-0.067810059,0.013183594,1,1,1,3,0.035644531,0,0,0,0,,,,,5.004553318,0.447034836,0.665389657,0,-0.446620801,-0.665667635,0,0,166,0,0,166,166,166,0,0,0.505794174,0.000753445,,,,,,,,,,,,
28.59,169,169,169,169,11.7545665,0.968634081,-0.067810059,0.013183594,1,1,1,3,0.035644531,0,0,0,0,,,,,5.004553318,0.447034836,0.665389657,0,-0.446620801,-0.665667635,0,0,166,0,0,166,166,166,0,0,0.505793605,0.000753445,,,,,,,,,,,,
28.6,169,169,169,169,11.75451373,0.968622948,-0.067810059,0.013183594,1,1,1,3,0.035644531,0,0,0,0,,,,,5.004553318,0.447034836,0.665389657,0,-0.446620801,-0.665667635,0,0,166,0,0,166,166,166,0,0,0.505793036,0.000753445,,,,,,,,,,,,
28.61,169,169,169,169,11.75446099,0.968611815,-0.067810059,0.013183594,1,1,1,3,0.035644531,0,0,0,0,,,,,5.004553318,0.447034836,0.665389657,0,-0.446620801,-0.665667635,0,0,166,0,0,166,166,166,0,0,0.505792466,0.000753445,,,,,,,,,,,,
28.62,169,169,169,169,11.75440827,0.968600682,-0.067810059,0.013183594,1,1,1,3,0.035644531,0,0,0,0,,,,,5.004553318,0.447034836,0.665389657,0,-0.446620801,-0.665667635,0,0,166,0,0,166,166,166,0,0,0.505791897,0.000753445,,,,,,,,,,,,
28.63,169,169,169,169,11.75435558,0.968589549,-0.067810059,0.013183594,1,1,1,3,0.035644531,0,0,0,0,,,,,5.004553318,0.447034836,0.665389657,0,-0.446620801,-0.665667635,0,0,166,0,0,166,166,166,0,0,0.505791328,0.000753445,,,,,,,,,,,,
28.64,169,169,169,169,11.75430291,0.968578416,-0.067810059,0.013183594,1,1,1,3,0.035644531,0,0,0,0,,,,,5.004553318,0.447034836,0.665389657,0,-0.446620801,-0.665667635,0,0,166,0,0,166,166,166,0,0,0.505790759,0.000753445,,,,,,,,,,,,
28.65,169,169,169,169,11.75425026,0.968567282,-0.067810059,0.013183594,1,1,1,3,0.035644531,0,0,0,0,,,,,5.004553318,0.447034836,0.665389657,0,-0.446620801,-0.665667635,0,0,166,0,0,166,166,166,0,0,0.50579019,0.000753445,,,,,,,,,,,,
28.66,169,169,169,169,11.75419764,0.968556149,-0.067810059,0.013183594,1,1,1,3,0.035644531,0,0,0,0,,,,,5.004553318,0.447034836,0.665389657,0,-0.446620801,-0.665667635,0,0,166,0,0,166,166,166,0,0,0.505789621,0.000753445,,,,,,,,,,,,
28.67,169,169,169,169,11.75414505,0.968545016,-0.067825317,0.013183594,1,1,1,3,0.035644531,0,0,0,0,,,,,5.004553318,0.447034836,0.665389657,0,-0.446620801,-0.665667635,0,0,166,0,0,166,166,166,0,0,0.505789051,0.000753615,,,,,,,,,,,,
28.68,169,169,169,169,11.75409248,0.968533883,-0.067825317,0.013183594,1,1,1,3,0.035644531,0,0,0,0,,,,,5.004553318,0.449405313,0.680214524,0,-0.448982054,-0.680493974,0.296526782,0,166,0,0,166,166,166,0,0,0.505788482,0.000753615,,,,,,,,,,,,
28.69,169,169,169,169,11.75403994,0.96852275,-0.067825317,0.013183594,1,1,1,3,0.035644531,0,0,0,0,,,,,5.004553318,0.449405313,0.680214524,0,-0.448982054,-0.680493974,0,0,166,0,0,166,166,166,0,0,0.505787913,0.000753615,,,,,,,,,,,,
28.7,169,169,169,169,11.75398742,0.968511617,-0.067825317,0.013183594,1,1,1,3,0.035644531,0,0,0,0,,,,,5.004553318,0.449405313,0.680214524,0,-0.448982054,-0.680493974,0,0,166,0,0,166,166,166,0,0,0.505787344,0.000753615,,,,,,,,,,,,
28.71,169,169,169,169,11.75393492,0.968500484,-0.067825317,0.013183594,1,1,1,3,0.035644531,0,0,0,0,,,,,5.004553318,0.449405313,0.680214524,0,-0.448982054,-0.680493974,0,0,166,0,0,166,166,166,0,0,0.505786775,0.000753615,,,,,,,,,,,,
28.72,169,169,169,169,11.75388245,0.968489351,-0.067825317,0.013244629,1,1,1,3,0.035644531,0,0,0,0,,,,,5.004553318,0.449405313,0.680214524,0,-0.448982054,-0.680493974,0,0,166,0,0,166,166,166,0,0,0.505786206,0.000753615,,,,,,,,,,,,
28.73,169,169,169,169,11.75383,0.968478217,-0.067825317,0.013244629,1,1,1,3,0.035644531,0,0,0,0,,,,,5.004553318,0.449405313,0.680214524,0,-0.448982054,-0.680493974,0,0,166,0,0,166,166,166,0,0,0.505785636,0.000753615,,,,,,,,,,,,
28.74,169,169,169,169,11.75377758,0.968467084,-0.067825317,0.013244629,1,1,1,3,0.035644531,0,0,0,0,,,,,5.004553318,0.449405313,0.680214524,0,-0.448982054,-0.680493974,0,0,166,0,0,166,166,166,0,0,0.505785067,0.000753615,,,,,,,,,,,,
28.75,169,169,169,169,11.75372519,0.968455951,-0.067825317,0.013244629,1,1,1,3,0.035644531,0,0,0,0,,,,,5.004553318,0.449405313,0.680214524,0,-0.448982054,-0.680493974,0,0,166,0,0,166,166,166,0,0,0.505784498,0.000753615,,,,,,,,,,,,
28.76,169,169,169,169,11.75367281,0.968444818,-0.067810059,0.013244629,1,1,1,3,0.035644531,0,0,0,0,,,,,5.004553318,0.449405313,0.680214524,0,-0.448982054,-0.680493974,0,0,166,0,0,166,166,166,0,0,0.505783929,0.000753445,,,,,,,,,,,,
28.77,169,169,169,169,11.75362047,0.968433685,-0.067810059,0.013305664,1,1,1,3,0.035644531,0,0,0,0,,,,,5.004553318,0.449405313,0.680214524,0,-0.448982054,-0.680493974,0,0,166,0,0,166,166,166,0,0,0.50578336,0.000753445,,,,,,,,,,,,
28.78,169,169,169,169,11.75356814,0.968422552,-0.067810059,0.013305664,1,1,1,3,0.035644531,0,0,0,0,,,,,5.004553318,0.449405313,0.680214524,0,-0.448982054,-0.680493974,0,0,166,0,0,166,166,166,0,0,0.505782791,0.000753445,,,,,,,,,,,,
28.79,169,169,169,169,11.75351584,0.968411419,-0.067810059,0.013305664,1,1,1,3,0.035644531,0,0,0,0,,,,,5.004553318,0.449405313,0.680214524,0,-0.448982054,-0.680493974,0,0,166,0,0,166,166,166,0,0,0.505782221,0.000753445,,,,,,,,,,,,
28.8,169,169,169,169,11.75346357,0.968400285,-0.067810059,0.013305664,1,1,1,3,0.035644531,0,0,0,0,,,,,5.004553318,0.449405313,0.680214524,0,-0.448982054,-0.680493974,0,0,166,0,0,166,166,166,0,0,0.505781652,0.000753445,,,,,,,,,,,,
28.81,169,169,169,169,11.75341132,0.968389152,-0.067810059,0.013305664,1,1,1,3,0.035644531,0,0,0,0,,,,,5.004553318,0.449405313,0.680214524,0,-0.448982054,-0.680493974,0,0,166,0,0,166,166,166,0,0,0.505781083,0.000753445,,,,,,,,,,,,
28.82,169,169,169,169,11.75335909,0.968378019,-0.067810059,0.013305664,1,1,1,3,0.035644531,0,0,0,0,,,,,5.004553318,0.449405313,0.680214524,0,-0.448982054,-0.680493974,0,0,166,0,0,166,166,166,0,0,0.505780514,0.000753445,,,,,,,,,,,,
28.83,169,169,169,169,11.75330689,0.968366886,-0.067810059,0.013305664,1,1,1,3,0.035644531,0,0,0,0,,,,,5.004553318,0.449405313,0.680214524,0,-0.448982054,-0.680493974,0,0,166,0,0,166,166,166,0,0,0.505779945,0.000753445,,,,,,,,,,,,
28.84,169,169,169,169,11.75325472,0.968355753,-0.067810059,0.013305664,1,1,1,3,0.035644531,0,0,0,0,,,,,5.004553318,0.449405313,0.680214524,0,-0.448982054,-0.680493974,0,0,166,0,0,166,166,166,0,0,0.505779376,0.000753445,,,,,,,,,,,,
28.85,169,169,169,169,11.75320256,0.96834462,-0.067810059,0.013305664,1,1,1,3,0.035644531,0,0,0,0,,,,,5.004553318,0.449405313,0.680214524,0,-0.448982054,-0.680493974,0,0,166,0,0,166,166,166,0,0,0.505778807,0.000753445,,,,,,,,,,,,
28.86,178,178,178,178,11.71700926,0.968333487,-0.067810059,0.013305664,1,1,1,3,0.035644531,0,0,0,0,,,,,4.999268532,0.451685905,0.69437623,0,-0.451253837,-0.694657096,0.28326244,0,174,0,0,174,174,174,0,0,0.54696687,0.000753445,,,,,,,,,,,,
28.87,169,169,169,169,11.75305551,0.968321281,-0.067810059,0.013305664,1,1,1,3,0.035644531,0,0,0,0,,,,,4.999268532,0.451685905,0.69437623,0,-0.451253837,-0.694657096,0,0,166,0,0,166,166,166,0,0,0.506009868,0.000753445,,,,,,,,,,,,
28.88,169,169,169,169,11.75300347,0.968310148,-0.067810059,0.013305664,1,1,1,3,0.035644531,0,0,0,0,,,,,4.999268532,0.451685905,0.69437623,0,-0.451253837,-0.694657096,0,0,166,0,0,166,166,166,0,0,0.50600996,0.000753445,,,,,,,,,,,,
28.89,169,169,169,169,11.75295146,0.968299015,-0.067810059,0.013305664,1,1,1,3,0.035644531,0,0,0,0,,,,,4.999268532,0.451685905,0.69437623,0,-0.451253837,-0.694657096,0,0,166,0,0,166,166,166,0,0,0.506010051,0.000753445,,,,,,,,,,,,
28.9,169,169,169,169,11.75289947,0.968287882,-0.067810059,0.013305664,1,1,1,3,0.035644531,0,0,0,0,,,,,4.999268532,0.451685905,0.69437623,0,-0.451253837,-0.694657096,0,0,166,0,0,166,166,166,0,0,0.506010143,0.000753445,,,,,,,,,,,,
28.91,169,169,169,169,11.7528475,0.968276748,-0.067810059,0.013305664,1,1,1,3,0.035644531,0,0,0,0,,,,,4.999268532,0.451685905,0.69437623,0,-0.451253837,-0.694657096,0,0,166,0,0,166,166,166,0,0,0.506010234,0.000753445,,,,,,,,,,,,
28.92,169,169,169,169,11.75279556,0.968265615,-0.067810059,0.013305664,1,1,1,3,0.035644531,0,0,0,0,,,,,4.999268532,0.451685905,0.69437623,0,-0.451253837,-0.694657096,0,0,166,0,0,166,166,166,0,0,0.506010326,0.000753445,,,,,,,,,,,,
28.93,169,169,169,169,11.75274364,0.968254482,-0.067810059,0.013305664,1,1,1,3,0.035644531,0,0,0,0,,,,,4.999268532,0.451685905,0.69437623,0,-0.451253837,-0.694657096,0,0,166,0,0,166,166,166,0,0,0.506010417,0.000753445,,,,,,,,,,,,
28.94,169,169,169,169,11.75269174,0.968243349,-0.067810059,0.013305664,1,1,1,3,0.035644531,0,0,0,0,,,,,4.999268532,0.451685905,0.69437623,0,-0.451253837,-0.694657096,0,0,166,0,0,166,166,166,0,0,0.506010509,0.000753445,,,,,,,,,,,,
28.95,169,169,169,169,11.75263987,0.968232216,-0.067810059,0.013305664,1,1,1,3,0.035644531,0,0,0,0,,,,,4.999268532,0.451685905,0.69437623,0,-0.451253837,-0.694657096,0,0,166,0,0,166,166,166,0,0,0.5060106,0.000753445,,,,,,,,,,,,
28.96,160,160,160,160,11.79121391,0.968221083,-0.067825317,0.013366699,1,1,1,3,0.035644531,0,0,0,0,,,,,5.004553318,0.451685905,0.69437623,0,-0.451253837,-0.694657096,0,0,157,0,0,157,157,157,0,0,0.464822058,0.000753615,,,,,,,,,,,,
28.97,169,169,169,169,11.75258197,0.968211096,-0.067825317,0.013366699,1,1,1,3,0.035644531,0,0,0,0,,,,,5.004553318,0.451685905,0.69437623,0,-0.451253837,-0.694657096,0,0,166,0,0,166,166,166,0,0,0.505778583,0.000753615,,,,,,,,,,,,
28.98,169,169,169,169,11.75253012,0.968199963,-0.067825317,0.013366699,1,1,1,3,0.035644531,0,0,0,0,,,,,5.004553318,0.451685905,0.69437623,0,-0.451253837,-0.694657096,0,0,166,0,0,166,166,166,0,0,0.505778013,0.000753615,,,,,,,,,,,,
28.99,169,169,169,169,11.75247831,0.96818883,-0.067825317,0.013366699,1,1,1,3,0.035644531,0,0,0,0,,,,,5.004553318,0.451685905,0.69437623,0,-0.451253837,-0.694657096,0,0,166,0,0,166,166,166,0,0,0.505777444,0.000753615,,,,,,,,,,,,
29,178,178,178,178,11.71628534,0.968177697,-0.067825317,0.013366699,1,1,1,3,0.035644531,0,0,0,0,,,,,4.999268532,0.451685905,0.69437623,0,-0.451253837,-0.694657096,0,0,174,0,0,174,174,174,0,0,0.546965508,0.000753615,,,,,,,,,,,,
29.01,169,169,169,169,11.75233193,0.968165491,-0.067825317,0.013427734,1,1,1,3,0.035644531,0,0,0,0,,,,,4.999268532,0.451685905,0.69437623,0,-0.451253837,-0.694657096,0,0,166,0,0,166,166,166,0,0,0.506008506,0.000753615,,,,,,,,,,,,
29.02,169,169,169,169,11.75228022,0.968154358,-0.067825317,0.013427734,1,1,1,3,0.035644531,0,0,0,0,,,,,4.999268532,0.451685905,0.69437623,0,-0.451253837,-0.694657096,0,0,166,0,0,166,166,166,0,0,0.506008598,0.000753615,,,,,,,,,,,,
29.03,169,169,169,169,11.75222854,0.968143225,-0.067810059,0.013427734,1,1,1,3,0.035644531,0,0,0,0,,,,,4.999268532,0.451685905,0.69437623,0,-0.451253837,-0.694657096,0,0,166,0,0,166,166,166,0,0,0.506008689,0.000753445,,,,,,,,,,,,
29.04,170,170,170,170,11.75217688,0.968132092,-0.067810059,0.013427734,1,1,1,3,0.035644531,0,0,0,0,,,,,4.999268532,0.451685905,0.69437623,0,-0.451253837,-0.694657096,0,0,166,0,0,166,166,166,0,0,0.50600878,0.000753445,,,,,,,,,,,,
29.05,170,170,170,170,11.75212525,0.968120958,-0.067810059,0.013427734,1,1,1,3,0.035644531,0,0,0,0,,,,,4.999268532,0.451685905,0.69437623,0,-0.451253837,-0.694657096,0,0,166,0,0,166,166,166,0,0,0.506008872,0.000753445,,,,,,,,,,,,
29.06,170,170,170,170,11.75207364,0.968109825,-0.067810059,0.013427734,1,1,1,3,0.035644531,0,0,0,0,,,,,4.999268532,0.451685905,0.69437623,0,-0.451253837,-0.694657096,0,0,166,0,0,166,166,166,0,0,0.506008963,0.000753445,,,,,,,,,,,,
29.07,170,170,170,170,11.75202205,0.968098692,-0.067810059,0.013427734,1,1,1,3,0.035644531,0,0,0,0,,,,,4.999268532,0.454104424,0.709288597,0,-0.453663077,-0.709570965,0.298277372,0,166,0,0,166,166,166,0,0,0.506009055,0.000753445,,,,,,,,,,,,
29.08,170,170,170,170,11.75197049,0.968087559,-0.067810059,0.013427734,1,1,1,3,0.035644531,0,0,0,0,,,,,4.999268532,0.454104424,0.709288597,0,-0.453663077,-0.709570965,0,0,166,0,0,166,166,166,0,0,0.506009146,0.000753445,,,,,,,,,,,,
29.09,160,160,160,160,11.79054483,0.968076426,-0.067810059,0.013427734,1,1,1,3,0.035644531,0,0,0,0,,,,,5.004553318,0.454104424,0.709288597,0,-0.453663077,-0.709570965,0,0,157,0,0,157,157,157,0,0,0.464820605,0.000753445,,,,,,,,,,,,
29.1,170,170,170,170,11.75191319,0.968066439,-0.067810059,0.013427734,1,1,1,3,0.035644531,0,0,0,0,,,,,5.004553318,0.454104424,0.709288597,0,-0.453663077,-0.709570965,0,0,166,0,0,166,166,166,0,0,0.505777129,0.000753445,,,,,,,,,,,,
29.11,170,170,170,170,11.75186166,0.968055306,-0.067810059,0.013427734,1,1,1,3,0.035644531,0,0,0,0,,,,,5.004553318,0.454104424,0.709288597,0,-0.453663077,-0.709570965,0,0,166,0,0,166,166,166,0,0,0.50577656,0.000753445,,,,,,,,,,,,
29.12,170,170,170,170,11.75181015,0.968044173,-0.067810059,0.013427734,1,1,1,3,0.035644531,0,0,0,0,,,,,5.004553318,0.454104424,0.709288597,0,-0.453663077,-0.709570965,0,0,166,0,0,166,166,166,0,0,0.50577599,0.000753445,,,,,,,,,,,,
29.13,170,170,170,170,11.75175866,0.96803304,-0.067810059,0.013427734,1,1,1,3,0.035644531,0,0,0,0,,,,,5.004553318,0.454104424,0.709288597,0,-0.453663077,-0.709570965,0,0,166,0,0,166,166,166,0,0,0.505775421,0.000753445,,,,,,,,,,,,
29.14,170,170,170,170,11.7517072,0.968021906,-0.067810059,0.013427734,1,1,1,3,0.035644531,0,0,0,0,,,,,5.004553318,0.454104424,0.709288597,0,-0.453663077,-0.709570965,0,0,166,0,0,166,166,166,0,0,0.505774852,0.000753445,,,,,,,,,,,,
29.15,170,170,170,170,11.75165576,0.968010773,-0.067810059,0.013427734,1,1,1,3,0.035644531,0,0,0,0,,,,,5.004553318,0.454104424,0.709288597,0,-0.453663077,-0.709570965,0,0,166,0,0,166,166,166,0,0,0.505774283,0.000753445,,,,,,,,,,,,
29.16,170,170,170,170,11.75160434,0.96799964,-0.067810059,0.013427734,1,1,1,3,0.035644531,0,0,0,0,,,,,5.004553318,0.454104424,0.709288597,0,-0.453663077,-0.709570965,0,0,166,0,0,166,166,166,0,0,0.505773714,0.000753445,,,,,,,,,,,,
29.17,170,170,170,170,11.75155295,0.967988507,-0.067810059,0.013427734,1,1,1,3,0.035644531,0,0,0,0,,,,,5.004553318,0.454104424,0.709288597,0,-0.453663077,-0.709570965,0,0,166,0,0,166,166,166,0,0,0.505773145,0.000753445,,,,,,,,,,,,
29.18,170,170,170,170,11.75150158,0.967977374,-0.067810059,0.013427734,1,1,1,3,0.035644531,0,0,0,0,,,,,5.004553318,0.454104424,0.709288597,0,-0.453663077,-0.709570965,0,0,166,0,0,166,166,166,0,0,0.505772575,0.000753445,,,,,,,,,,,,
29.19,170,170,170,170,11.75145023,0.967966241,-0.067810059,0.01348877,1,1,1,3,0.035644531,0,0,0,0,,,,,5.004553318,0.454104424,0.709288597,0,-0.453663077,-0.709570965,0,0,166,0,0,166,166,166,0,0,0.505772006,0.000753445,,,,,,,,,,,,
29.2,170,170,170,170,11.75139891,0.967955108,-0.067810059,0.01348877,1,1,1,3,0.035644531,0,0,0,0,,,,,5.004553318,0.454104424,0.709288597,0,-0.453663077,-0.709570965,0,0,166,0,0,166,166,166,0,0,0.505771437,0.000753445,,,,,,,,,,,,
29.21,170,170,170,170,11.75134761,0.967943975,-0.067825317,0.01348877,1,1,1,3,0.035644531,0,0,0,0,,,,,5.004553318,0.454104424,0.709288597,0,-0.453663077,-0.709570965,0,0,166,0,0,166,166,166,0,0,0.505770868,0.000753615,,,,,,,,,,,,
29.22,170,170,170,170,11.75129634,0.967932841,-0.067825317,0.01348877,1,1,1,3,0.035644531,0,0,0,0,,,,,5.004553318,0.454104424,0.709288597,0,-0.453663077,-0.709570965,0,0,166,0,0,166,166,166,0,0,0.505770299,0.000753615,,,,,,,,,,,,
29.23,170,170,170,170,11.75124509,0.967921708,-0.067825317,0.01348877,1,1,1,3,0.035644531,0,0,0,0,,,,,5.004553318,0.454104424,0.709288597,0,-0.453663077,-0.709570965,0,0,166,0,0,166,166,166,0,0,0.50576973,0.000753615,,,,,,,,,,,,
29.24,170,170,170,170,11.75119386,0.967910575,-0.067825317,0.01348877,1,1,1,3,0.035644531,0,0,0,0,,,,,5.004553318,0.454104424,0.709288597,0,-0.453663077,-0.709570965,0,0,166,0,0,166,166,166,0,0,0.50576916,0.000753615,,,,,,,,,,,,
29.25,170,170,170,170,11.75114265,0.967899442,-0.067825317,0.013549805,1,1,1,3,0.035644531,0,0,0,0,,,,,5.004553318,0.456431329,0.723533869,0,-0.45598112,-0.723817681,0.284934331,0,166,0,0,166,166,166,0,0,0.505768591,0.000753615,,,,,,,,,,,,
29.26,170,170,170,170,11.75109147,0.967888309,-0.067825317,0.013549805,1,1,1,3,0.035644531,0,0,0,0,,,,,5.004553318,0.456431329,0.723533869,0,-0.45598112,-0.723817681,0,0,166,0,0,166,166,166,0,0,0.505768022,0.000753615,,,,,,,,,,,,
29.27,159,159,159,159,11.79382509,0.967877176,-0.067825317,0.013549805,1,1,1,3,0.035644531,0,0,0,0,,,,,5.009838104,0.456431329,0.723533869,0,-0.45598112,-0.723817681,0,0,156,0,0,156,156,156,0,0,0.46457882,0.000753615,,,,,,,,,,,,
29.28,168,168,168,168,11.75543793,0.967867312,-0.067825317,0.013549805,1,1,1,3,0.035644531,0,0,0,0,,,,,5.009838104,0.456431329,0.723533869,0,-0.45598112,-0.723817681,0,0,165,0,0,165,165,165,0,0,0.505534683,0.000753615,,,,,,,,,,,,
29.29,168,168,168,168,11.75539198,0.96785631,-0.067825317,0.013549805,1,1,1,3,0.035644531,0,0,0,0,,,,,5.009838104,0.456431329,0.723533869,0,-0.45598112,-0.723817681,0,0,165,0,0,165,165,165,0,0,0.505533454,0.000753615,,,,,,,,,,,,
29.3,168,168,168,168,11.75534605,0.967845307,-0.067825317,0.013549805,1,1,1,3,0.035644531,0,0,0,0,,,,,5.009838104,0.456431329,0.723533869,0,-0.45598112,-0.723817681,0,0,165,0,0,165,165,165,0,0,0.505532224,0.000753615,,,,,,,,,,,,
29.31,168,168,168,168,11.75530014,0.967834305,-0.067810059,0.013549805,1,1,1,3,0.035644531,0,0,0,0,,,,,5.009838104,0.456431329,0.723533869,0,-0.45598112,-0.723817681,0,0,165,0,0,165,165,165,0,0,0.505530994,0.000753445,,,,,,,,,,,,
29.32,168,168,168,168,11.75525425,0.967823302,-0.067810059,0.013549805,1,1,1,3,0.035644531,0,0,0,0,,,,,5.009838104,0.456431329,0.723533869,0,-0.45598112,-0.723817681,0,0,165,0,0,165,165,165,0,0,0.505529764,0.000753445,,,,,,,,,,,,
29.33,168,168,168,168,11.75520837,0.967812299,-0.067810059,0.013549805,1,1,1,3,0.035644531,0,0,0,0,,,,,5.009838104,0.456431329,0.723533869,0,-0.45598112,-0.723817681,0,0,165,0,0,165,165,165,0,0,0.505528535,0.000753445,,,,,,,,,,,,
29.34,168,168,168,168,11.75516251,0.967801297,-0.067810059,0.013549805,1,1,1,3,0.035644531,0,0,0,0,,,,,5.009838104,0.456431329,0.723533869,0,-0.45598112,-0.723817681,0,0,165,0,0,165,165,165,0,0,0.505527305,0.000753445,,,,,,,,,,,,
29.35,168,168,168,168,11.75511668,0.967790294,-0.067810059,0.013549805,1,1,1,3,0.035644531,0,0,0,0,,,,,5.009838104,0.456431329,0.723533869,0,-0.45598112,-0.723817681,0,0,165,0,0,165,165,165,0,0,0.505526075,0.000753445,,,,,,,,,,,,
29.36,168,168,168,168,11.75507086,0.967779291,-0.067810059,0.013549805,1,1,1,3,0.035644531,0,0,0,0,,,,,5.009838104,0.456431329,0.723533869,0,-0.45598112,-0.723817681,0,0,165,0,0,165,165,165,0,0,0.505524845,0.000753445,,,,,,,,,,,,
29.37,168,168,168,168,11.75502505,0.967768289,-0.067810059,0.013549805,1,1,1,3,0.035644531,0,0,0,0,,,,,5.009838104,0.456431329,0.723533869,0,-0.45598112,-0.723817681,0,0,165,0,0,165,165,165,0,0,0.505523616,0.000753445,,,,,,,,,,,,
29.38,168,168,168,168,11.75497927,0.967757286,-0.067810059,0.013549805,1,1,1,3,0.035644531,0,0,0,0,,,,,5.009838104,0.456431329,0.723533869,0,-0.45598112,-0.723817681,0,0,165,0,0,165,165,165,0,0,0.505522386,0.000753445,,,,,,,,,,,,
29.39,168,168,168,168,11.75493351,0.967746284,-0.067810059,0.013549805,1,1,1,3,0.035644531,0,0,0,0,,,,,5.009838104,0.456431329,0.723533869,0,-0.45598112,-0.723817681,0,0,165,0,0,165,165,165,0,0,0.505521156,0.000753445,,,,,,,,,,,,
29.4,168,168,168,168,11.75488776,0.967735281,-0.067810059,0.013549805,1,1,1,3,0.035644531,0,0,0,0,,,,,5.009838104,0.456431329,0.723533869,0,-0.45598112,-0.723817681,0,0,165,0,0,165,165,165,0,0,0.505519926,0.000753445,,,,,,,,,,,,
29.41,168,168,168,168,11.75484203,0.967724278,-0.067810059,0.013549805,1,1,1,3,0.035644531,0,0,0,0,,,,,5.009838104,0.456431329,0.723533869,0,-0.45598112,-0.723817681,0,0,165,0,0,165,165,165,0,0,0.505518697,0.000753445,,,,,,,,,,,,
29.42,168,168,168,168,11.75479632,0.967713276,-0.067810059,0.01361084,1,1,1,3,0.035644531,0,0,0,0,,,,,5.009838104,0.456431329,0.723533869,0,-0.45598112,-0.723817681,0,0,165,0,0,165,165,165,0,0,0.505517467,0.000753445,,,,,,,,,,,,
29.43,168,168,168,168,11.75475063,0.967702273,-0.067810059,0.01361084,1,1,1,3,0.035644531,0,0,0,0,,,,,5.009838104,0.456431329,0.723533869,0,-0.45598112,-0.723817681,0,0,165,0,0,165,165,165,0,0,0.505516237,0.000753445,,,,,,,,,,,,
29.44,168,168,168,168,11.75470495,0.967691271,-0.067810059,0.01361084,1,1,1,3,0.035644531,0,0,0,0,,,,,5.009838104,0.458898365,0.738530278,0,-0.458438826,-0.738815623,0.299958826,0,165,0,0,165,165,165,0,0,0.505515007,0.000753445,,,,,,,,,,,,
29.45,168,168,168,168,11.7546593,0.967680268,-0.067810059,0.01361084,1,1,1,3,0.035644531,0,0,0,0,,,,,5.009838104,0.458898365,0.738530278,0,-0.458438826,-0.738815623,0,0,165,0,0,165,165,165,0,0,0.505513778,0.000753445,,,,,,,,,,,,
29.46,168,168,168,168,11.75461366,0.967669265,-0.067825317,0.01361084,1,1,1,3,0.035644531,0,0,0,0,,,,,5.009838104,0.458898365,0.738530278,0,-0.458438826,-0.738815623,0,0,165,0,0,165,165,165,0,0,0.505512548,0.000753615,,,,,,,,,,,,
29.47,168,168,168,168,11.75456804,0.967658263,-0.067825317,0.013671875,1,1,1,3,0.035644531,0,0,0,0,,,,,5.009838104,0.458898365,0.738530278,0,-0.458438826,-0.738815623,0,0,165,0,0,165,165,165,0,0,0.505511318,0.000753615,,,,,,,,,,,,
29.48,168,168,168,168,11.75452244,0.96764726,-0.067825317,0.013671875,1,1,1,3,0.035644531,0,0,0,0,,,,,5.009838104,0.458898365,0.738530278,0,-0.458438826,-0.738815623,0,0,165,0,0,165,165,165,0,0,0.505510088,0.000753615,,,,,,,,,,,,
29.49,168,168,168,168,11.75447686,0.967636258,-0.067825317,0.013671875,1,1,1,3,0.035644531,0,0,0,0,,,,,5.009838104,0.458898365,0.738530278,0,-0.458438826,-0.738815623,0,0,165,0,0,165,165,165,0,0,0.505508858,0.000753615,,,,,,,,,,,,
29.5,168,168,168,168,11.75443129,0.967625255,-0.067825317,0.013671875,1,1,1,3,0.035644531,0,0,0,0,,,,,5.009838104,0.458898365,0.738530278,0,-0.458438826,-0.738815623,0,0,165,0,0,165,165,165,0,0,0.505507629,0.000753615,,,,,,,,,,,,
29.51,168,168,168,168,11.75438574,0.967614252,-0.067825317,0.013671875,1,1,1,3,0.035644531,0,0,0,0,,,,,5.009838104,0.458898365,0.738530278,0,-0.458438826,-0.738815623,0,0,165,0,0,165,165,165,0,0,0.505506399,0.000753615,,,,,,,,,,,,
29.52,168,168,168,168,11.75434021,0.96760325,-0.067825317,0.013671875,1,1,1,3,0.035644531,0,0,0,0,,,,,5.009838104,0.458898365,0.738530278,0,-0.458438826,-0.738815623,0,0,165,0,0,165,165,165,0,0,0.505505169,0.000753615,,,,,,,,,,,,
29.53,159,159,159,159,11.79268141,0.967592247,-0.067825317,0.013671875,1,1,1,3,0.035644531,0,0,0,0,,,,,5.01512289,0.458898365,0.738530278,0,-0.458438826,-0.738815623,0,0,156,0,0,156,156,156,0,0,0.464315306,0.000753615,,,,,,,,,,,,
29.54,168,168,168,168,11.75429469,0.967582384,-0.067825317,0.013671875,1,1,1,3,0.035644531,0,0,0,0,,,,,5.01512289,0.458898365,0.738530278,0,-0.458438826,-0.738815623,0,0,165,0,0,165,165,165,0,0,0.505270509,0.000753615,,,,,,,,,,,,
29.55,168,168,168,168,11.75424917,0.967571381,-0.067810059,0.013671875,1,1,1,3,0.035644531,0,0,0,0,,,,,5.01512289,0.458898365,0.738530278,0,-0.458438826,-0.738815623,0,0,165,0,0,165,165,165,0,0,0.505268619,0.000753445,,,,,,,,,,,,
29.56,168,168,168,168,11.75420367,0.967560379,-0.067810059,0.013671875,1,1,1,3,0.035644531,0,0,0,0,,,,,5.01512289,0.458898365,0.738530278,0,-0.458438826,-0.738815623,0,0,165,0,0,165,165,165,0,0,0.505266729,0.000753445,,,,,,,,,,,,
29.57,168,168,168,168,11.75415819,0.967549376,-0.067810059,0.013671875,1,1,1,3,0.035644531,0,0,0,0,,,,,5.01512289,0.458898365,0.738530278,0,-0.458438826,-0.738815623,0,0,165,0,0,165,165,165,0,0,0.505264838,0.000753445,,,,,,,,,,,,
29.58,168,168,168,168,11.75411272,0.967538373,-0.067810059,0.013671875,1,1,1,3,0.035644531,0,0,0,0,,,,,5.01512289,0.458898365,0.738530278,0,-0.458438826,-0.738815623,0,0,165,0,0,165,165,165,0,0,0.505262948,0.000753445,,,,,,,,,,,,
29.59,168,168,168,168,11.75406728,0.967527371,-0.067810059,0.013671875,1,1,1,3,0.035644531,0,0,0,0,,,,,5.01512289,0.458898365,0.738530278,0,-0.458438826,-0.738815623,0,0,165,0,0,165,165,165,0,0,0.505261058,0.000753445,,,,,,,,,,,,
29.6,168,168,168,168,11.75402185,0.967516368,-0.067810059,0.013671875,1,1,1,3,0.035644531,0,0,0,0,,,,,5.01512289,0.458898365,0.738530278,0,-0.458438826,-0.738815623,0,0,165,0,0,165,165,165,0,0,0.505259167,0.000753445,,,,,,,,,,,,
29.61,168,168,168,168,11.75397644,0.967505365,-0.067810059,0.013671875,1,1,1,3,0.035644531,0,0,0,0,,,,,5.01512289,0.458898365,0.738530278,0,-0.458438826,-0.738815623,0,0,165,0,0,165,165,165,0,0,0.505257277,0.000753445,,,,,,,,,,,,
29.62,168,168,168,168,11.75393105,0.967494363,-0.067810059,0.013671875,1,1,1,3,0.035644531,0,0,0,0,,,,,5.01512289,0.458898365,0.738530278,0,-0.458438826,-0.738815623,0,0,165,0,0,165,165,165,0,0,0.505255386,0.000753445,,,,,,,,,,,,
29.63,168,168,168,168,11.75388567,0.96748336,-0.067810059,0.013671875,1,1,1,3,0.035644531,0,0,0,0,,,,,5.01512289,0.461269885,0.752845407,0,-0.46080144,-0.753132223,0.286332018,0,165,0,0,165,165,165,0,0,0.505253496,0.000753445,,,,,,,,,,,,
29.64,168,168,168,168,11.75384032,0.967472358,-0.067810059,0.013671875,1,1,1,3,0.035644531,0,0,0,0,,,,,5.01512289,0.461269885,0.752845407,0,-0.46080144,-0.753132223,0,0,165,0,0,165,165,165,0,0,0.505251606,0.000753445,,,,,,,,,,,,
29.65,168,168,168,168,11.75379498,0.967461355,-0.067810059,0.01373291,1,1,1,3,0.035644531,0,0,0,0,,,,,5.01512289,0.461269885,0.752845407,0,-0.46080144,-0.753132223,0,0,165,0,0,165,165,165,0,0,0.505249715,0.000753445,,,,,,,,,,,,
29.66,168,168,168,168,11.75374966,0.967450352,-0.067810059,0.01373291,1,1,1,3,0.035644531,0,0,0,0,,,,,5.01512289,0.461269885,0.752845407,0,-0.46080144,-0.753132223,0,0,165,0,0,165,165,165,0,0,0.505247825,0.000753445,,,,,,,,,,,,
29.67,168,168,168,168,11.75370435,0.96743935,-0.067810059,0.01373291,1,1,1,3,0.035644531,0,0,0,0,,,,,5.01512289,0.461269885,0.752845407,0,-0.46080144,-0.753132223,0,0,165,0,0,165,165,165,0,0,0.505245935,0.000753445,,,,,,,,,,,,
29.68,168,168,168,168,11.75365907,0.967428347,-0.067810059,0.01373291,1,1,1,3,0.035644531,0,0,0,0,,,,,5.01512289,0.461269885,0.752845407,0,-0.46080144,-0.753132223,0,0,165,0,0,165,165,165,0,0,0.505244044,0.000753445,,,,,,,,,,,,
29.69,168,168,168,168,11.7536138,0.967417345,-0.067810059,0.01373291,1,1,1,3,0.035644531,0,0,0,0,,,,,5.01512289,0.461269885,0.752845407,0,-0.46080144,-0.753132223,0,0,165,0,0,165,165,165,0,0,0.505242154,0.000753445,,,,,,,,,,,,
29.7,168,168,168,168,11.75356855,0.967406342,-0.067810059,0.01373291,1,1,1,3,0.035644531,0,0,0,0,,,,,5.01512289,0.461269885,0.752845407,0,-0.46080144,-0.753132223,0,0,165,0,0,165,165,165,0,0,0.505240264,0.000753445,,,,,,,,,,,,
29.71,168,168,168,168,11.75352332,0.967395339,-0.067825317,0.013793945,1,1,1,3,0.035644531,0,0,0,0,,,,,5.01512289,0.461269885,0.752845407,0,-0.46080144,-0.753132223,0,0,165,0,0,165,165,165,0,0,0.505238373,0.000753615,,,,,,,,,,,,
29.72,168,168,168,168,11.7534781,0.967384337,-0.067825317,0.013793945,1,1,1,3,0.035644531,0,0,0,0,,,,,5.01512289,0.461269885,0.752845407,0,-0.46080144,-0.753132223,0,0,165,0,0,165,165,165,0,0,0.505236483,0.000753615,,,,,,,,,,,,
29.73,168,168,168,168,11.75343291,0.967373334,-0.067825317,0.013793945,1,1,1,3,0.035644531,0,0,0,0,,,,,5.01512289,0.461269885,0.752845407,0,-0.46080144,-0.753132223,0,0,165,0,0,165,165,165,0,0,0.505234592,0.000753615,,,,,,,,,,,,
29.74,168,168,168,168,11.75338773,0.967362332,-0.067825317,0.013793945,1,1,1,3,0.035644531,0,0,0,0,,,,,5.01512289,0.461269885,0.752845407,0,-0.46080144,-0.753132223,0,0,165,0,0,165,165,165,0,0,0.505232702,0.000753615,,,,,,,,,,,,
29.75,168,168,168,168,11.75334257,0.967351329,-0.067825317,0.013793945,1,1,1,3,0.035644531,0,0,0,0,,,,,5.01512289,0.461269885,0.752845407,0,-0.46080144,-0.753132223,0,0,165,0,0,165,165,165,0,0,0.505230812,0.000753615,,,,,,,,,,,,
29.76,168,168,168,168,11.75329742,0.967340326,-0.067825317,0.013793945,1,1,1,3,0.035644531,0,0,0,0,,,,,5.01512289,0.461269885,0.752845407,0,-0.46080144,-0.753132223,0,0,165,0,0,165,165,165,0,0,0.505228921,0.000753615,,,,,,,,,,,,
29.77,168,168,168,168,11.7532523,0.967329324,-0.067825317,0.013793945,1,1,1,3,0.035644531,0,0,0,0,,,,,5.01512289,0.461269885,0.752845407,0,-0.46080144,-0.753132223,0,0,165,0,0,165,165,165,0,0,0.505227031,0.000753615,,,,,,,,,,,,
29.78,168,168,168,168,11.75320719,0.967318321,-0.067825317,0.013793945,1,1,1,3,0.035644531,0,0,0,0,,,,,5.01512289,0.461269885,0.752845407,0,-0.46080144,-0.753132223,0,0,165,0,0,165,165,165,0,0,0.505225141,0.000753615,,,,,,,,,,,,
29.79,168,168,168,168,11.7531621,0.967307318,-0.067825317,0.013793945,1,1,1,3,0.035644531,0,0,0,0,,,,,5.01512289,0.461269885,0.752845407,0,-0.46080144,-0.753132223,0,0,165,0,0,165,165,165,0,0,0.50522325,0.000753615,,,,,,,,,,,,
29.8,168,168,168,168,11.75311703,0.967296316,-0.067825317,0.013793945,1,1,1,3,0.035644531,0,0,0,0,,,,,5.01512289,0.461269885,0.752845407,0,-0.46080144,-0.753132223,0,0,165,0,0,165,165,165,0,0,0.50522136,0.000753615,,,,,,,,,,,,
29.81,168,168,168,168,11.75307197,0.967285313,-0.067825317,0.013793945,1,1,1,3,0.035644531,0,0,0,0,,,,,5.01512289,0.461269885,0.752845407,0,-0.46080144,-0.753132223,0,0,165,0,0,165,165,165,0,0,0.50521947,0.000753615,,,,,,,,,,,,
29.82,168,168,168,168,11.75302693,0.967274311,-0.067810059,0.013793945,1,1,1,3,0.035644531,0,0,0,0,,,,,5.01512289,0.461269885,0.752845407,0,-0.46080144,-0.753132223,0,0,165,0,0,165,165,165,0,0,0.505217579,0.000753445,,,,,,,,,,,,
29.83,168,168,168,168,11.75298191,0.967263308,-0.067810059,0.013793945,1,1,1,3,0.035644531,0,0,0,0,,,,,5.01512289,0.463783234,0.767910004,0,-0.463305417,-0.768198381,0.301323156,0,165,0,0,165,165,165,0,0,0.505215689,0.000753445,,,,,,,,,,,,
29.84,168,168,168,168,11.75293691,0.967252305,-0.067810059,0.013793945,1,1,1,3,0.035644531,0,0,0,0,,,,,5.01512289,0.463783234,0.767910004,0,-0.463305417,-0.768198381,0,0,165,0,0,165,165,165,0,0,0.505213799,0.000753445,,,,,,,,,,,,
29.85,178,178,178,178,11.71235268,0.967241303,-0.067810059,0.013793945,1,1,1,3,0.035644531,0,0,0,0,,,,,5.009838104,0.463783234,0.767910004,0,-0.463305417,-0.768198381,0,0,174,0,0,174,174,174,0,0,0.546400541,0.000753445,,,,,,,,,,,,
29.86,168,168,168,168,11.75279893,0.967229097,-0.067810059,0.013793945,1,1,1,3,0.035644531,0,0,0,0,,,,,5.009838104,0.463783234,0.767910004,0,-0.463305417,-0.768198381,0,0,165,0,0,165,165,165,0,0,0.505442218,0.000753445,,,,,,,,,,,,
29.87,168,168,168,168,11.75275402,0.967218095,-0.067810059,0.013793945,1,1,1,3,0.035644531,0,0,0,0,,,,,5.009838104,0.463783234,0.767910004,0,-0.463305417,-0.768198381,0,0,165,0,0,165,165,165,0,0,0.505440988,0.000753445,,,,,,,,,,,,
29.88,168,168,168,168,11.75270913,0.967207092,-0.067810059,0.013793945,1,1,1,3,0.035644531,0,0,0,0,,,,,5.009838104,0.463783234,0.767910004,0,-0.463305417,-0.768198381,0,0,165,0,0,165,165,165,0,0,0.505439759,0.000753445,,,,,,,,,,,,
29.89,168,168,168,168,11.75266426,0.967196089,-0.067810059,0.01385498,1,1,1,3,0.035644531,0,0,0,0,,,,,5.009838104,0.463783234,0.767910004,0,-0.463305417,-0.768198381,0,0,165,0,0,165,165,165,0,0,0.505438529,0.000753445,,,,,,,,,,,,
29.9,168,168,168,168,11.75261941,0.967185087,-0.067810059,0.01385498,1,1,1,3,0.035644531,0,0,0,0,,,,,5.009838104,0.463783234,0.767910004,0,-0.463305417,-0.768198381,0,0,165,0,0,165,165,165,0,0,0.505437299,0.000753445,,,,,,,,,,,,
29.91,168,168,168,168,11.75257457,0.967174084,-0.067810059,0.01385498,1,1,1,3,0.035644531,0,0,0,0,,,,,5.009838104,0.463783234,0.767910004,0,-0.463305417,-0.768198381,0,0,165,0,0,165,165,165,0,0,0.505436069,0.000753445,,,,,,,,,,,,
29.92,168,168,168,168,11.75252975,0.967163081,-0.067810059,0.01385498,1,1,1,3,0.035644531,0,0,0,0,,,,,5.009838104,0.463783234,0.767910004,0,-0.463305417,-0.768198381,0,0,165,0,0,165,165,165,0,0,0.50543484,0.000753445,,,,,,,,,,,,
29.93,168,168,168,168,11.75248495,0.967152079,-0.067810059,0.01385498,1,1,1,3,0.035644531,0,0,0,0,,,,,5.009838104,0.463783234,0.767910004,0,-0.463305417,-0.768198381,0,0,165,0,0,165,165,165,0,0,0.50543361,0.000753445,,,,,,,,,,,,
29.94,168,168,168,168,11.75244017,0.967141076,-0.067810059,0.013916016,1,1,1,3,0.035644531,0,0,0,0,,,,,5.009838104,0.463783234,0.767910004,0,-0.463305417,-0.768198381,0,0,165,0,0,165,165,165,0,0,0.50543238,0.000753445,,,,,,,,,,,,
29.95,168,168,168,168,11.7523954,0.967130074,-0.067810059,0.013916016,1,1,1,3,0.035644531,0,0,0,0,,,,,5.009838104,0.463783234,0.767910004,0,-0.463305417,-0.768198381,0,0,165,0,0,165,165,165,0,0,0.50543115,0.000753445,,,,,,,,,,,,
29.96,168,168,168,168,11.75235065,0.967119071,-0.067810059,0.013916016,1,1,1,3,0.035644531,0,0,0,0,,,,,5.009838104,0.463783234,0.767910004,0,-0.463305417,-0.768198381,0,0,165,0,0,165,165,165,0,0,0.50542992,0.000753445,,,,,,,,,,,,
29.97,168,168,168,168,11.75230592,0.967108068,-0.067810059,0.013916016,1,1,1,3,0.035644531,0,0,0,0,,,,,5.009838104,0.463783234,0.767910004,0,-0.463305417,-0.768198381,0,0,165,0,0,165,165,165,0,0,0.505428691,0.000753445,,,,,,,,,,,,
29.98,168,168,168,168,11.7522612,0.967097066,-0.067810059,0.013916016,1,1,1,3,0.035644531,0,0,0,0,,,,,5.009838104,0.463783234,0.767910004,0,-0.463305417,-0.768198381,0,0,165,0,0,165,165,165,0,0,0.505427461,0.000753445,,,,,,,,,,,,
29.99,168,168,168,168,11.7522165,0.967086063,-0.067825317,0.013916016,1,1,1,3,0.035644531,0,0,0,0,,,,,5.009838104,0.463783234,0.767910004,0,-0.463305417,-0.768198381,0,0,165,0,0,165,165,165,0,0,0.505426231,0.000753615,,,,,,,,,,,,
30,168,168,168,168,11.75217182,0.967075061,-0.067825317,0.013916016,1,1,1,3,0.035644531,0,0,0,0,,,,,5.009838104,0.463783234,0.767910004,0,-0.463305417,-0.768198381,0,0,165,0,0,165,165,165,0,0,0.505425001,0.000753615,,,,,,,,,,,,
30.01,168,168,168,168,11.75212716,0.967064058,-0.067825317,0.013916016,1,1,1,3,0.035644531,0,0,0,0,,,,,5.009838104,0.463783234,0.767910004,0,-0.463305417,-0.768198381,0,0,165,0,0,165,165,165,0,0,0.505423772,0.000753615,,,,,,,,,,,,
30.02,168,168,168,168,11.75208251,0.967053055,-0.067825317,0.013916016,1,1,1,3,0.035644531,0,0,0,0,,,,,5.009838104,0.466199398,0.782290339,0,-0.465712634,-0.782580217,0.287636723,0,165,0,0,165,165,165,0,0,0.505422542,0.000753615,,,,,,,,,,,,
30.03,168,168,168,168,11.75203788,0.967042053,-0.067825317,0.013916016,1,1,1,3,0.035644531,0,0,0,0,,,,,5.009838104,0.466199398,0.782290339,0,-0.465712634,-0.782580217,0,0,165,0,0,165,165,165,0,0,0.505421312,0.000753615,,,,,,,,,,,,
30.04,168,168,168,168,11.75199327,0.96703105,-0.067825317,0.013916016,1,1,1,3,0.035644531,0,0,0,0,,,,,5.009838104,0.466199398,0.782290339,0,-0.465712634,-0.782580217,0,0,165,0,0,165,165,165,0,0,0.505420082,0.000753615,,,,,,,,,,,,
30.05,168,168,168,168,11.75194868,0.967020048,-0.067825317,0.013916016,1,1,1,3,0.035644531,0,0,0,0,,,,,5.009838104,0.466199398,0.782290339,0,-0.465712634,-0.782580217,0,0,165,0,0,165,165,165,0,0,0.505418853,0.000753615,,,,,,,,,,,,
30.06,168,168,168,168,11.7519041,0.967009045,-0.067825317,0.013916016,1,1,1,3,0.035644531,0,0,0,0,,,,,5.009838104,0.466199398,0.782290339,0,-0.465712634,-0.782580217,0,0,165,0,0,165,165,165,0,0,0.505417623,0.000753615,,,,,,,,,,,,
30.07,168,168,168,168,11.75185954,0.966998042,-0.067825317,0.013916016,1,1,1,3,0.035644531,0,0,0,0,,,,,5.009838104,0.466199398,0.782290339,0,-0.465712634,-0.782580217,0,0,165,0,0,165,165,165,0,0,0.505416393,0.000753615,,,,,,,,,,,,
30.08,168,168,168,168,11.75181499,0.96698704,-0.067825317,0.013916016,1,1,1,3,0.035644531,0,0,0,0,,,,,5.009838104,0.466199398,0.782290339,0,-0.465712634,-0.782580217,0,0,165,0,0,165,165,165,0,0,0.505415163,0.000753615,,,,,,,,,,,,
30.09,168,168,168,168,11.75177046,0.966976037,-0.067825317,0.013916016,1,1,1,3,0.035644531,0,0,0,0,,,,,5.009838104,0.466199398,0.782290339,0,-0.465712634,-0.782580217,0,0,165,0,0,165,165,165,0,0,0.505413934,0.000753615,,,,,,,,,,,,
30.1,168,168,168,168,11.75172595,0.966965034,-0.067810059,0.013977051,1,1,1,3,0.035644531,0,0,0,0,,,,,5.009838104,0.466199398,0.782290339,0,-0.465712634,-0.782580217,0,0,165,0,0,165,165,165,0,0,0.505412704,0.000753445,,,,,,,,,,,,
30.11,168,168,168,168,11.75168146,0.966954032,-0.067810059,0.013977051,1,1,1,3,0.035644531,0,0,0,0,,,,,5.009838104,0.466199398,0.782290339,0,-0.465712634,-0.782580217,0,0,165,0,0,165,165,165,0,0,0.505411474,0.000753445,,,,,,,,,,,,
30.12,168,168,168,168,11.75163699,0.966943029,-0.067810059,0.013977051,1,1,1,3,0.035644531,0,0,0,0,,,,,5.009838104,0.466199398,0.782290339,0,-0.465712634,-0.782580217,0,0,165,0,0,165,165,165,0,0,0.505410244,0.000753445,,,,,,,,,,,,
30.13,168,168,168,168,11.75159253,0.966932027,-0.067810059,0.013977051,1,1,1,3,0.035644531,0,0,0,0,,,,,5.009838104,0.466199398,0.782290339,0,-0.465712634,-0.782580217,0,0,165,0,0,165,165,165,0,0,0.505409014,0.000753445,,,,,,,,,,,,
30.14,168,168,168,168,11.75154808,0.966921024,-0.067810059,0.013977051,1,1,1,3,0.035644531,0,0,0,0,,,,,5.009838104,0.466199398,0.782290339,0,-0.465712634,-0.782580217,0,0,165,0,0,165,165,165,0,0,0.505407785,0.000753445,,,,,,,,,,,,
30.15,168,168,168,168,11.75150366,0.966910021,-0.067810059,0.014038086,1,1,1,3,0.035644531,0,0,0,0,,,,,5.009838104,0.466199398,0.782290339,0,-0.465712634,-0.782580217,0,0,165,0,0,165,165,165,0,0,0.505406555,0.000753445,,,,,,,,,,,,
30.16,168,168,168,168,11.75145925,0.966899019,-0.067810059,0.014038086,1,1,1,3,0.035644531,0,0,0,0,,,,,5.009838104,0.466199398,0.782290339,0,-0.465712634,-0.782580217,0,0,165,0,0,165,165,165,0,0,0.505405325,0.000753445,,,,,,,,,,,,
30.17,168,168,168,168,11.75141486,0.966888016,-0.067810059,0.014038086,1,1,1,3,0.035644531,0,0,0,0,,,,,5.009838104,0.466199398,0.782290339,0,-0.465712634,-0.782580217,0,0,165,0,0,165,165,165,0,0,0.505404095,0.000753445,,,,,,,,,,,,
30.18,168,168,168,168,11.75137048,0.966877014,-0.067810059,0.014038086,1,1,1,3,0.035644531,0,0,0,0,,,,,5.009838104,0.466199398,0.782290339,0,-0.465712634,-0.782580217,0,0,165,0,0,165,165,165,0,0,0.505402866,0.000753445,,,,,,,,,,,,
30.19,168,168,168,168,11.75132613,0.966866011,-0.067810059,0.014038086,1,1,1,3,0.035644531,0,0,0,0,,,,,5.009838104,0.466199398,0.782290339,0,-0.465712634,-0.782580217,0,0,165,0,0,165,165,165,0,0,0.505401636,0.000753445,,,,,,,,,,,,
30.2,168,168,168,168,11.75128179,0.966855008,-0.067810059,0.014038086,1,1,1,3,0.035644531,0,0,0,0,,,,,5.009838104,0.466199398,0.782290339,0,-0.465712634,-0.782580217,0,0,165,0,0,165,165,165,0,0,0.505400406,0.000753445,,,,,,,,,,,,
30.21,168,168,168,168,11.75123746,0.966844006,-0.067810059,0.014038086,1,1,1,3,0.035644531,0,0,0,0,,,,,5.009838104,0.466199398,0.782290339,0,-0.465712634,-0.782580217,0,0,165,0,0,165,165,165,0,0,0.505399176,0.000753445,,,,,,,,,,,,
30.22,168,168,168,168,11.75119315,0.966833003,-0.067810059,0.014038086,1,1,1,3,0.035644531,0,0,0,0,,,,,5.009838104,0.468759835,0.797422051,0,-0.468263656,-0.797713519,0.302666038,0,165,0,0,165,165,165,0,0,0.505397947,0.000753445,,,,,,,,,,,,
30.23,168,168,168,168,11.75114886,0.966822001,-0.067810059,0.014038086,1,1,1,3,0.035644531,0,0,0,0,,,,,5.009838104,0.468759835,0.797422051,0,-0.468263656,-0.797713519,0,0,165,0,0,165,165,165,0,0,0.505396717,0.000753445,,,,,,,,,,,,
30.24,168,168,168,168,11.75110459,0.966810998,-0.067810059,0.014038086,1,1,1,3,0.035644531,0,0,0,0,,,,,5.009838104,0.468759835,0.797422051,0,-0.468263656,-0.797713519,0,0,165,0,0,165,165,165,0,0,0.505395487,0.000753445,,,,,,,,,,,,
30.25,168,168,168,168,11.75106033,0.966799995,-0.067810059,0.014038086,1,1,1,3,0.035644531,0,0,0,0,,,,,5.009838104,0.468759835,0.797422051,0,-0.468263656,-0.797713519,0,0,165,0,0,165,165,165,0,0,0.505394257,0.000753445,,,,,,,,,,,,
30.26,178,178,178,178,11.71047685,0.966788993,-0.067810059,0.014038086,1,1,1,3,0.035644531,0,0,0,0,,,,,5.004553318,0.468759835,0.797422051,0,-0.468263656,-0.797713519,0,0,174,0,0,174,174,174,0,0,0.546581661,0.000753445,,,,,,,,,,,,
30.27,168,168,168,168,11.75092384,0.966776787,-0.067825317,0.014038086,1,1,1,3,0.035644531,0,0,0,0,,,,,5.004553318,0.468759835,0.797422051,0,-0.468263656,-0.797713519,0,0,165,0,0,165,165,165,0,0,0.505623998,0.000753615,,,,,,,,,,,,
30.28,168,168,168,168,11.75087968,0.966765784,-0.067825317,0.014038086,1,1,1,3,0.035644531,0,0,0,0,,,,,5.004553318,0.468759835,0.797422051,0,-0.468263656,-0.797713519,0,0,165,0,0,165,165,165,0,0,0.505623429,0.000753615,,,,,,,,,,,,
30.29,168,168,168,168,11.75083553,0.966754782,-0.067825317,0.014038086,1,1,1,3,0.035644531,0,0,0,0,,,,,5.004553318,0.468759835,0.797422051,0,-0.468263656,-0.797713519,0,0,165,0,0,165,165,165,0,0,0.50562286,0.000753615,,,,,,,,,,,,
30.3,168,168,168,168,11.75079141,0.966743779,-0.067825317,0.014038086,1,1,1,3,0.035644531,0,0,0,0,,,,,5.004553318,0.468759835,0.797422051,0,-0.468263656,-0.797713519,0,0,165,0,0,165,165,165,0,0,0.505622291,0.000753615,,,,,,,,,,,,
30.31,168,168,168,168,11.75074729,0.966732777,-0.067825317,0.014038086,1,1,1,3,0.035644531,0,0,0,0,,,,,5.004553318,0.468759835,0.797422051,0,-0.468263656,-0.797713519,0,0,165,0,0,165,165,165,0,0,0.505621721,0.000753615,,,,,,,,,,,,
30.32,169,169,169,169,11.7507032,0.966721774,-0.067825317,0.014099121,1,1,1,3,0.035644531,0,0,0,0,,,,,5.004553318,0.468759835,0.797422051,0,-0.468263656,-0.797713519,0,0,165,0,0,165,165,165,0,0,0.505621152,0.000753615,,,,,,,,,,,,
30.33,169,169,169,169,11.75065912,0.966710771,-0.067825317,0.014099121,1,1,1,3,0.035644531,0,0,0,0,,,,,5.004553318,0.468759835,0.797422051,0,-0.468263656,-0.797713519,0,0,165,0,0,165,165,165,0,0,0.505620583,0.000753615,,,,,,,,,,,,
30.34,169,169,169,169,11.75061506,0.966699769,-0.067825317,0.014099121,1,1,1,3,0.035644531,0,0,0,0,,,,,5.004553318,0.468759835,0.797422051,0,-0.468263656,-0.797713519,0,0,165,0,0,165,165,165,0,0,0.505620014,0.000753615,,,,,,,,,,,,
30.35,169,169,169,169,11.75057101,0.966688766,-0.067825317,0.014099121,1,1,1,3,0.035644531,0,0,0,0,,,,,5.004553318,0.468759835,0.797422051,0,-0.468263656,-0.797713519,0,0,165,0,0,165,165,165,0,0,0.505619445,0.000753615,,,,,,,,,,,,
30.36,169,169,169,169,11.75052698,0.966677764,-0.067825317,0.014099121,1,1,1,3,0.035644531,0,0,0,0,,,,,5.004553318,0.468759835,0.797422051,0,-0.468263656,-0.797713519,0,0,165,0,0,165,165,165,0,0,0.505618876,0.000753615,,,,,,,,,,,,
30.37,169,169,169,169,11.75048297,0.966666761,-0.067810059,0.014160156,1,1,1,3,0.035644531,0,0,0,0,,,,,5.004553318,0.468759835,0.797422051,0,-0.468263656,-0.797713519,0,0,165,0,0,165,165,165,0,0,0.505618306,0.000753445,,,,,,,,,,,,
30.38,169,169,169,169,11.75043898,0.966655758,-0.067810059,0.014160156,1,1,1,3,0.035644531,0,0,0,0,,,,,5.004553318,0.468759835,0.797422051,0,-0.468263656,-0.797713519,0,0,165,0,0,165,165,165,0,0,0.505617737,0.000753445,,,,,,,,,,,,
30.39,169,169,169,169,11.750395,0.966644756,-0.067810059,0.014160156,1,1,1,3,0.035644531,0,0,0,0,,,,,5.004553318,0.468759835,0.797422051,0,-0.468263656,-0.797713519,0,0,165,0,0,165,165,165,0,0,0.505617168,0.000753445,,,,,,,,,,,,
30.4,169,169,169,169,11.75035103,0.966633753,-0.067810059,0.014160156,1,1,1,3,0.035644531,0,0,0,0,,,,,5.004553318,0.468759835,0.797422051,0,-0.468263656,-0.797713519,0,0,165,0,0,165,165,165,0,0,0.505616599,0.000753445,,,,,,,,,,,,
30.41,169,169,169,169,11.75030709,0.96662275,-0.067810059,0.014160156,1,1,1,3,0.035644531,0,0,0,0,,,,,5.004553318,0.471220911,0.811864138,0,-0.470715747,-0.812157134,0.28887229,0,165,0,0,165,165,165,0,0,0.50561603,0.000753445,,,,,,,,,,,,
30.42,169,169,169,169,11.75026316,0.966611748,-0.067810059,0.014160156,1,1,1,3,0.035644531,0,0,0,0,,,,,5.004553318,0.471220911,0.811864138,0,-0.470715747,-0.812157134,0,0,165,0,0,165,165,165,0,0,0.505615461,0.000753445,,,,,,,,,,,,
30.43,169,169,169,169,11.75021924,0.966600745,-0.067810059,0.014160156,1,1,1,3,0.035644531,0,0,0,0,,,,,5.004553318,0.471220911,0.811864138,0,-0.470715747,-0.812157134,0,0,165,0,0,165,165,165,0,0,0.505614891,0.000753445,,,,,,,,,,,,
30.44,169,169,169,169,11.75017534,0.966589743,-0.067810059,0.014160156,1,1,1,3,0.035644531,0,0,0,0,,,,,5.004553318,0.471220911,0.811864138,0,-0.470715747,-0.812157134,0,0,165,0,0,165,165,165,0,0,0.505614322,0.000753445,,,,,,,,,,,,
30.45,169,169,169,169,11.75013146,0.96657874,-0.067810059,0.014160156,1,1,1,3,0.035644531,0,0,0,0,,,,,5.004553318,0.471220911,0.811864138,0,-0.470715747,-0.812157134,0,0,165,0,0,165,165,165,0,0,0.505613753,0.000753445,,,,,,,,,,,,
30.46,169,169,169,169,11.7500876,0.966567737,-0.067810059,0.014160156,1,1,1,3,0.035644531,0,0,0,0,,,,,5.004553318,0.471220911,0.811864138,0,-0.470715747,-0.812157134,0,0,165,0,0,165,165,165,0,0,0.505613184,0.000753445,,,,,,,,,,,,
30.47,169,169,169,169,11.75004375,0.966556735,-0.067810059,0.014160156,1,1,1,3,0.035644531,0,0,0,0,,,,,5.004553318,0.471220911,0.811864138,0,-0.470715747,-0.812157134,0,0,165,0,0,165,165,165,0,0,0.505612615,0.000753445,,,,,,,,,,,,
30.48,169,169,169,169,11.74999992,0.966545732,-0.067810059,0.014160156,1,1,1,3,0.035644531,0,0,0,0,,,,,5.004553318,0.471220911,0.811864138,0,-0.470715747,-0.812157134,0,0,165,0,0,165,165,165,0,0,0.505612046,0.000753445,,,,,,,,,,,,
30.49,169,169,169,169,11.7499561,0.96653473,-0.067810059,0.014160156,1,1,1,3,0.035644531,0,0,0,0,,,,,5.004553318,0.471220911,0.811864138,0,-0.470715747,-0.812157134,0,0,165,0,0,165,165,165,0,0,0.505611476,0.000753445,,,,,,,,,,,,
30.5,169,169,169,169,11.7499123,0.966523727,-0.067810059,0.014160156,1,1,1,3,0.035644531,0,0,0,0,,,,,5.004553318,0.471220911,0.811864138,0,-0.470715747,-0.812157134,0,0,165,0,0,165,165,165,0,0,0.505610907,0.000753445,,,,,,,,,,,,
30.51,169,169,169,169,11.74986852,0.966512724,-0.067810059,0.014160156,1,1,1,3,0.035644531,0,0,0,0,,,,,5.004553318,0.471220911,0.811864138,0,-0.470715747,-0.812157134,0,0,165,0,0,165,165,165,0,0,0.505610338,0.000753445,,,,,,,,,,,,
30.52,169,169,169,169,11.74982475,0.966501722,-0.067810059,0.014160156,1,1,1,3,0.035644531,0,0,0,0,,,,,5.004553318,0.471220911,0.811864138,0,-0.470715747,-0.812157134,0,0,165,0,0,165,165,165,0,0,0.505609769,0.000753445,,,,,,,,,,,,
30.53,169,169,169,169,11.749781,0.966490719,-0.067810059,0.014160156,1,1,1,3,0.035644531,0,0,0,0,,,,,5.004553318,0.471220911,0.811864138,0,-0.470715747,-0.812157134,0,0,165,0,0,165,165,165,0,0,0.5056092,0.000753445,,,,,,,,,,,,
30.54,169,169,169,169,11.74973727,0.966479717,-0.067810059,0.014160156,1,1,1,3,0.035644531,0,0,0,0,,,,,5.004553318,0.471220911,0.811864138,0,-0.470715747,-0.812157134,0,0,165,0,0,165,165,165,0,0,0.505608631,0.000753445,,,,,,,,,,,,
30.55,169,169,169,169,11.74969355,0.966468714,-0.067810059,0.014221191,1,1,1,3,0.035644531,0,0,0,0,,,,,5.004553318,0.471220911,0.811864138,0,-0.470715747,-0.812157134,0,0,165,0,0,165,165,165,0,0,0.505608061,0.000753445,,,,,,,,,,,,
30.56,169,169,169,169,11.74964985,0.966457711,-0.067810059,0.014221191,1,1,1,3,0.035644531,0,0,0,0,,,,,5.004553318,0.471220911,0.811864138,0,-0.470715747,-0.812157134,0,0,165,0,0,165,165,165,0,0,0.505607492,0.000753445,,,,,,,,,,,,
30.57,169,169,169,169,11.74960616,0.966446709,-0.067825317,0.014221191,1,1,1,3,0.035644531,0,0,0,0,,,,,5.004553318,0.471220911,0.811864138,0,-0.470715747,-0.812157134,0,0,165,0,0,165,165,165,0,0,0.505606923,0.000753615,,,,,,,,,,,,
30.58,169,169,169,169,11.74956249,0.966435706,-0.067825317,0.014221191,1,1,1,3,0.035644531,0,0,0,0,,,,,5.004553318,0.471220911,0.811864138,0,-0.470715747,-0.812157134,0,0,165,0,0,165,165,165,0,0,0.505606354,0.000753615,,,,,,,,,,,,
30.59,169,169,169,169,11.74951884,0.966424704,-0.067825317,0.014282227,1,1,1,3,0.035644531,0,0,0,0,,,,,5.004553318,0.471220911,0.811864138,0,-0.470715747,-0.812157134,0,0,165,0,0,165,165,165,0,0,0.505605785,0.000753615,,,,,,,,,,,,
30.6,169,169,169,169,11.7494752,0.966413701,-0.067825317,0.014282227,1,1,1,3,0.035644531,0,0,0,0,,,,,5.004553318,0.471220911,0.811864138,0,-0.470715747,-0.812157134,0,0,165,0,0,165,165,165,0,0,0.505605216,0.000753615,,,,,,,,,,,,
30.61,169,169,169,169,11.74943158,0.966402698,-0.067825317,0.014282227,1,1,1,3,0.035644531,0,0,0,0,,,,,5.004553318,0.473829389,0.827062249,0,-0.47331477,-0.827356865,0.303994627,0,165,0,0,165,165,165,0,0,0.505604647,0.000753615,,,,,,,,,,,,
30.62,169,169,169,169,11.74938798,0.966391696,-0.067825317,0.014282227,1,1,1,3,0.035644531,0,0,0,0,,,,,5.004553318,0.473829389,0.827062249,0,-0.47331477,-0.827356865,0,0,165,0,0,165,165,165,0,0,0.505604077,0.000753615,,,,,,,,,,,,
30.63,169,169,169,169,11.74934439,0.966380693,-0.067825317,0.014282227,1,1,1,3,0.035644531,0,0,0,0,,,,,5.004553318,0.473829389,0.827062249,0,-0.47331477,-0.827356865,0,0,165,0,0,165,165,165,0,0,0.505603508,0.000753615,,,,,,,,,,,,
30.64,169,169,169,169,11.74930082,0.96636969,-0.067825317,0.014282227,1,1,1,3,0.035644531,0,0,0,0,,,,,5.004553318,0.473829389,0.827062249,0,-0.47331477,-0.827356865,0,0,165,0,0,165,165,165,0,0,0.505602939,0.000753615,,,,,,,,,,,,
30.65,169,169,169,169,11.74925726,0.966358688,-0.067825317,0.014282227,1,1,1,3,0.035644531,0,0,0,0,,,,,5.004553318,0.473829389,0.827062249,0,-0.47331477,-0.827356865,0,0,165,0,0,165,165,165,0,0,0.50560237,0.000753615,,,,,,,,,,,,
30.66,169,169,169,169,11.74921372,0.966347685,-0.067825317,0.014282227,1,1,1,3,0.035644531,0,0,0,0,,,,,5.004553318,0.473829389,0.827062249,0,-0.47331477,-0.827356865,0,0,165,0,0,165,165,165,0,0,0.505601801,0.000753615,,,,,,,,,,,,
30.67,169,169,169,169,11.74917019,0.966336683,-0.067810059,0.014282227,1,1,1,3,0.035644531,0,0,0,0,,,,,5.004553318,0.473829389,0.827062249,0,-0.47331477,-0.827356865,0,0,165,0,0,165,165,165,0,0,0.505601232,0.000753445,,,,,,,,,,,,
30.68,169,169,169,169,11.74912669,0.96632568,-0.067810059,0.014282227,1,1,1,3,0.035644531,0,0,0,0,,,,,5.004553318,0.473829389,0.827062249,0,-0.47331477,-0.827356865,0,0,165,0,0,165,165,165,0,0,0.505600662,0.000753445,,,,,,,,,,,,
30.69,169,169,169,169,11.74908319,0.966314677,-0.067810059,0.014282227,1,1,1,3,0.035644531,0,0,0,0,,,,,5.004553318,0.473829389,0.827062249,0,-0.47331477,-0.827356865,0,0,165,0,0,165,165,165,0,0,0.505600093,0.000753445,,,,,,,,,,,,
30.7,169,169,169,169,11.74903972,0.966303675,-0.067810059,0.014282227,1,1,1,3,0.035644531,0,0,0,0,,,,,5.004553318,0.473829389,0.827062249,0,-0.47331477,-0.827356865,0,0,165,0,0,165,165,165,0,0,0.505599524,0.000753445,,,,,,,,,,,,
30.71,169,169,169,169,11.74899626,0.966292672,-0.067810059,0.014282227,1,1,1,3,0.035644531,0,0,0,0,,,,,5.004553318,0.473829389,0.827062249,0,-0.47331477,-0.827356865,0,0,165,0,0,165,165,165,0,0,0.505598955,0.000753445,,,,,,,,,,,,
30.72,169,169,169,169,11.74895281,0.96628167,-0.067810059,0.014282227,1,1,1,3,0.035644531,0,0,0,0,,,,,5.004553318,0.473829389,0.827062249,0,-0.47331477,-0.827356865,0,0,165,0,0,165,165,165,0,0,0.505598386,0.000753445,,,,,,,,,,,,
30.73,169,169,169,169,11.74890938,0.966270667,-0.067810059,0.014282227,1,1,1,3,0.035644531,0,0,0,0,,,,,5.004553318,0.473829389,0.827062249,0,-0.47331477,-0.827356865,0,0,165,0,0,165,165,165,0,0,0.505597817,0.000753445,,,,,,,,,,,,
30.74,169,169,169,169,11.74886597,0.966259664,-0.067810059,0.014282227,1,1,1,3,0.035644531,0,0,0,0,,,,,5.004553318,0.473829389,0.827062249,0,-0.47331477,-0.827356865,0,0,165,0,0,165,165,165,0,0,0.505597247,0.000753445,,,,,,,,,,,,
30.75,169,169,169,169,11.74882257,0.966248662,-0.067810059,0.014282227,1,1,1,3,0.035644531,0,0,0,0,,,,,5.004553318,0.473829389,0.827062249,0,-0.47331477,-0.827356865,0,0,165,0,0,165,165,165,0,0,0.505596678,0.000753445,,,,,,,,,,,,
30.76,169,169,169,169,11.74877919,0.966237659,-0.067810059,0.014343262,1,1,1,3,0.035644531,0,0,0,0,,,,,5.004553318,0.473829389,0.827062249,0,-0.47331477,-0.827356865,0,0,165,0,0,165,165,165,0,0,0.505596109,0.000753445,,,,,,,,,,,,
30.77,169,169,169,169,11.74873582,0.966226657,-0.067810059,0.014343262,1,1,1,3,0.035644531,0,0,0,0,,,,,5.004553318,0.473829389,0.827062249,0,-0.47331477,-0.827356865,0,0,165,0,0,165,165,165,0,0,0.50559554,0.000753445,,,,,,,,,,,,
30.78,169,169,169,169,11.74869248,0.966215654,-0.067810059,0.014343262,1,1,1,3,0.035644531,0,0,0,0,,,,,5.004553318,0.473829389,0.827062249,0,-0.47331477,-0.827356865,0,0,165,0,0,165,165,165,0,0,0.505594971,0.000753445,,,,,,,,,,,,
30.79,169,169,169,169,11.74864914,0.966204651,-0.067810059,0.014343262,1,1,1,3,0.035644531,0,0,0,0,,,,,5.004553318,0.476462871,0.842294693,0,-0.475938775,-0.842590944,0.304681584,0,165,0,0,165,165,165,0,0,0.505594402,0.000753445,,,,,,,,,,,,
30.8,169,169,169,169,11.74860582,0.966193649,-0.067810059,0.014343262,1,1,1,3,0.035644531,0,0,0,0,,,,,5.004553318,0.476462871,0.842294693,0,-0.475938775,-0.842590944,0,0,165,0,0,165,165,165,0,0,0.505593832,0.000753445,,,,,,,,,,,,
30.81,169,169,169,169,11.74856252,0.966182646,-0.067810059,0.014343262,1,1,1,3,0.035644531,0,0,0,0,,,,,5.004553318,0.476462871,0.842294693,0,-0.475938775,-0.842590944,0,0,165,0,0,165,165,165,0,0,0.505593263,0.000753445,,,,,,,,,,,,
30.82,169,169,169,169,11.74851924,0.966171643,-0.067810059,0.014404297,1,1,1,3,0.035644531,0,0,0,0,,,,,5.004553318,0.476462871,0.842294693,0,-0.475938775,-0.842590944,0,0,165,0,0,165,165,165,0,0,0.505592694,0.000753445,,,,,,,,,,,,
30.83,169,169,169,169,11.74847597,0.966160641,-0.067810059,0.014404297,1,1,1,3,0.035644531,0,0,0,0,,,,,5.004553318,0.476462871,0.842294693,0,-0.475938775,-0.842590944,0,0,165,0,0,165,165,165,0,0,0.505592125,0.000753445,,,,,,,,,,,,
30.84,169,169,169,169,11.74843271,0.966149638,-0.067810059,0.014404297,1,1,1,3,0.035644531,0,0,0,0,,,,,5.004553318,0.476462871,0.842294693,0,-0.475938775,-0.842590944,0,0,165,0,0,165,165,165,0,0,0.505591556,0.000753445,,,,,,,,,,,,
30.85,169,169,169,169,11.74838947,0.966138636,-0.067810059,0.014404297,1,1,1,3,0.035644531,0,0,0,0,,,,,5.004553318,0.476462871,0.842294693,0,-0.475938775,-0.842590944,0,0,165,0,0,165,165,165,0,0,0.505590987,0.000753445,,,,,,,,,,,,
30.86,169,169,169,169,11.74834625,0.966127633,-0.067825317,0.014404297,1,1,1,3,0.035644531,0,0,0,0,,,,,5.004553318,0.476462871,0.842294693,0,-0.475938775,-0.842590944,0,0,165,0,0,165,165,165,0,0,0.505590417,0.000753615,,,,,,,,,,,,
30.87,169,169,169,169,11.74830304,0.96611663,-0.067825317,0.014404297,1,1,1,3,0.035644531,0,0,0,0,,,,,5.004553318,0.476462871,0.842294693,0,-0.475938775,-0.842590944,0,0,165,0,0,165,165,165,0,0,0.505589848,0.000753615,,,,,,,,,,,,
30.88,169,169,169,169,11.74825985,0.966105628,-0.067825317,0.014404297,1,1,1,3,0.035644531,0,0,0,0,,,,,5.004553318,0.476462871,0.842294693,0,-0.475938775,-0.842590944,0,0,165,0,0,165,165,165,0,0,0.505589279,0.000753615,,,,,,,,,,,,
30.89,169,169,169,169,11.74821667,0.966094625,-0.067825317,0.014404297,1,1,1,3,0.035644531,0,0,0,0,,,,,5.004553318,0.476462871,0.842294693,0,-0.475938775,-0.842590944,0,0,165,0,0,165,165,165,0,0,0.50558871,0.000753615,,,,,,,,,,,,
30.9,169,169,169,169,11.74817351,0.966083623,-0.067825317,0.014404297,1,1,1,3,0.035644531,0,0,0,0,,,,,5.004553318,0.476462871,0.842294693,0,-0.475938775,-0.842590944,0,0,165,0,0,165,165,165,0,0,0.505588141,0.000753615,,,,,,,,,,,,
30.91,169,169,169,169,11.74813037,0.96607262,-0.067825317,0.014404297,1,1,1,3,0.035644531,0,0,0,0,,,,,5.004553318,0.476462871,0.842294693,0,-0.475938775,-0.842590944,0,0,165,0,0,165,165,165,0,0,0.505587572,0.000753615,,,,,,,,,,,,
30.92,169,169,169,169,11.74808724,0.966061617,-0.067825317,0.014404297,1,1,1,3,0.035644531,0,0,0,0,,,,,5.004553318,0.476462871,0.842294693,0,-0.475938775,-0.842590944,0,0,165,0,0,165,165,165,0,0,0.505587002,0.000753615,,,,,,,,,,,,
30.93,169,169,169,169,11.74804413,0.966050615,-0.067825317,0.014404297,1,1,1,3,0.035644531,0,0,0,0,,,,,5.004553318,0.476462871,0.842294693,0,-0.475938775,-0.842590944,0,0,165,0,0,165,165,165,0,0,0.505586433,0.000753615,,,,,,,,,,,,
30.94,169,169,169,169,11.74800103,0.966039612,-0.067825317,0.014404297,1,1,1,3,0.035644531,0,0,0,0,,,,,5.004553318,0.476462871,0.842294693,0,-0.475938775,-0.842590944,0,0,165,0,0,165,165,165,0,0,0.505585864,0.000753615,,,,,,,,,,,,
30.95,169,169,169,169,11.74795794,0.96602861,-0.067810059,0.014404297,1,1,1,3,0.035644531,0,0,0,0,,,,,5.004553318,0.476462871,0.842294693,0,-0.475938775,-0.842590944,0,0,165,0,0,165,165,165,0,0,0.505585295,0.000753445,,,,,,,,,,,,
30.96,169,169,169,169,11.74791488,0.966017607,-0.067810059,0.014404297,1,1,1,3,0.035644531,0,0,0,0,,,,,5.004553318,0.476462871,0.842294693,0,-0.475938775,-0.842590944,0,0,165,0,0,165,165,165,0,0,0.505584726,0.000753445,,,,,,,,,,,,
30.97,169,169,169,169,11.74787183,0.966006604,-0.067810059,0.014465332,1,1,1,3,0.035644531,0,0,0,0,,,,,5.004553318,0.476462871,0.842294693,0,-0.475938775,-0.842590944,0,0,165,0,0,165,165,165,0,0,0.505584157,0.000753445,,,,,,,,,,,,
30.98,169,169,169,169,11.74782879,0.965995602,-0.067810059,0.014465332,1,1,1,3,0.035644531,0,0,0,0,,,,,5.004553318,0.47899422,0.856832504,0,-0.47846108,-0.857130328,0.290787665,0,165,0,0,165,165,165,0,0,0.505583587,0.000753445,,,,,,,,,,,,
30.99,169,169,169,169,11.74778577,0.965984599,-0.067810059,0.014465332,1,1,1,3,0.035644531,0,0,0,0,,,,,5.004553318,0.47899422,0.856832504,0,-0.47846108,-0.857130328,0,0,165,0,0,165,165,165,0,0,0.505583018,0.000753445,,,,,,,,,,,,
31,169,169,169,169,11.74774277,0.965973596,-0.067810059,0.014465332,1,1,1,3,0.035644531,0,0,0,0,,,,,5.004553318,0.47899422,0.856832504,0,-0.47846108,-0.857130328,0,0,165,0,0,165,165,165,0,0,0.505582449,0.000753445,,,,,,,,,,,,
31.01,169,169,169,169,11.74769978,0.965962594,-0.067810059,0.014465332,1,1,1,3,0.035644531,0,0,0,0,,,,,5.004553318,0.47899422,0.856832504,0,-0.47846108,-0.857130328,0,0,165,0,0,165,165,165,0,0,0.50558188,0.000753445,,,,,,,,,,,,
31.02,169,169,169,169,11.7476568,0.965951591,-0.067810059,0.014465332,1,1,1,3,0.035644531,0,0,0,0,,,,,5.004553318,0.47899422,0.856832504,0,-0.47846108,-0.857130328,0,0,165,0,0,165,165,165,0,0,0.505581311,0.000753445,,,,,,,,,,,,
31.03,169,169,169,169,11.74761384,0.965940589,-0.067810059,0.014526367,1,1,1,3,0.035644531,0,0,0,0,,,,,5.004553318,0.47899422,0.856832504,0,-0.47846108,-0.857130328,0,0,165,0,0,165,165,165,0,0,0.505580742,0.000753445,,,,,,,,,,,,
31.04,169,169,169,169,11.7475709,0.965929586,-0.067810059,0.014526367,1,1,1,3,0.035644531,0,0,0,0,,,,,5.004553318,0.47899422,0.856832504,0,-0.47846108,-0.857130328,0,0,165,0,0,165,165,165,0,0,0.505580172,0.000753445,,,,,,,,,,,,
31.05,169,169,169,169,11.74752797,0.965918583,-0.067810059,0.014526367,1,1,1,3,0.035644531,0,0,0,0,,,,,5.004553318,0.47899422,0.856832504,0,-0.47846108,-0.857130328,0,0,165,0,0,165,165,165,0,0,0.505579603,0.000753445,,,,,,,,,,,,
31.06,169,169,169,169,11.74748506,0.965907581,-0.067810059,0.014526367,1,1,1,3,0.035644531,0,0,0,0,,,,,5.004553318,0.47899422,0.856832504,0,-0.47846108,-0.857130328,0,0,165,0,0,165,165,165,0,0,0.505579034,0.000753445,,,,,,,,,,,,
31.07,169,169,169,169,11.74744217,0.965896578,-0.067810059,0.014526367,1,1,1,3,0.035644531,0,0,0,0,,,,,5.004553318,0.47899422,0.856832504,0,-0.47846108,-0.857130328,0,0,165,0,0,165,165,165,0,0,0.505578465,0.000753445,,,,,,,,,,,,
31.08,169,169,169,169,11.74739928,0.965885576,-0.067810059,0.014526367,1,1,1,3,0.035644531,0,0,0,0,,,,,5.004553318,0.47899422,0.856832504,0,-0.47846108,-0.857130328,0,0,165,0,0,165,165,165,0,0,0.505577896,0.000753445,,,,,,,,,,,,
31.09,169,169,169,169,11.74735642,0.965874573,-0.067810059,0.014526367,1,1,1,3,0.035644531,0,0,0,0,,,,,5.004553318,0.47899422,0.856832504,0,-0.47846108,-0.857130328,0,0,165,0,0,165,165,165,0,0,0.505577327,0.000753445,,,,,,,,,,,,
31.1,169,169,169,169,11.74731357,0.96586357,-0.067810059,0.014526367,1,1,1,3,0.035644531,0,0,0,0,,,,,5.004553318,0.47899422,0.856832504,0,-0.47846108,-0.857130328,0,0,165,0,0,165,165,165,0,0,0.505576757,0.000753445,,,,,,,,,,,,
31.11,169,169,169,169,11.74727073,0.965852568,-0.067810059,0.014526367,1,1,1,3,0.035644531,0,0,0,0,,,,,5.004553318,0.47899422,0.856832504,0,-0.47846108,-0.857130328,0,0,165,0,0,165,165,165,0,0,0.505576188,0.000753445,,,,,,,,,,,,
31.12,169,169,169,169,11.74722791,0.965841565,-0.067810059,0.014526367,1,1,1,3,0.035644531,0,0,0,0,,,,,5.004553318,0.47899422,0.856832504,0,-0.47846108,-0.857130328,0,0,165,0,0,165,165,165,0,0,0.505575619,0.000753445,,,,,,,,,,,,
31.13,169,169,169,169,11.74718511,0.965830563,-0.067825317,0.014526367,1,1,1,3,0.035644531,0,0,0,0,,,,,5.004553318,0.47899422,0.856832504,0,-0.47846108,-0.857130328,0,0,165,0,0,165,165,165,0,0,0.50557505,0.000753615,,,,,,,,,,,,
31.14,169,169,169,169,11.74714232,0.96581956,-0.067825317,0.014526367,1,1,1,3,0.035644531,0,0,0,0,,,,,5.004553318,0.47899422,0.856832504,0,-0.47846108,-0.857130328,0,0,165,0,0,165,165,165,0,0,0.505574481,0.000753615,,,,,,,,,,,,
31.15,169,169,169,169,11.74709955,0.965808557,-0.067825317,0.014526367,1,1,1,3,0.035644531,0,0,0,0,,,,,5.004553318,0.47899422,0.856832504,0,-0.47846108,-0.857130328,0,0,165,0,0,165,165,165,0,0,0.505573912,0.000753615,,,,,,,,,,,,
31.16,169,169,169,169,11.74705679,0.965797555,-0.067825317,0.014526367,1,1,1,3,0.035644531,0,0,0,0,,,,,5.004553318,0.47899422,0.856832504,0,-0.47846108,-0.857130328,0,0,165,0,0,165,165,165,0,0,0.505573342,0.000753615,,,,,,,,,,,,
31.17,169,169,169,169,11.74701404,0.965786552,-0.067825317,0.014526367,1,1,1,3,0.035644531,0,0,0,0,,,,,5.004553318,0.47899422,0.856832504,0,-0.47846108,-0.857130328,0,0,165,0,0,165,165,165,0,0,0.505572773,0.000753615,,,,,,,,,,,,
31.18,169,169,169,169,11.74697132,0.96577555,-0.067825317,0.014526367,1,1,1,3,0.035644531,0,0,0,0,,,,,5.004553318,0.47899422,0.856832504,0,-0.47846108,-0.857130328,0,0,165,0,0,165,165,165,0,0,0.505572204,0.000753615,,,,,,,,,,,,
31.19,169,169,169,169,11.7469286,0.965764547,-0.067825317,0.014526367,1,1,1,3,0.035644531,0,0,0,0,,,,,5.004553318,0.47899422,0.856832504,0,-0.47846108,-0.857130328,0,0,165,0,0,165,165,165,0,0,0.505571635,0.000753615,,,,,,,,,,,,
31.2,159,159,159,159,11.78527262,0.965753544,-0.067810059,0.014587402,1,1,1,3,0.035644531,0,0,0,0,,,,,5.009838104,0.481676638,0.872128725,0,-0.481133981,-0.872428214,0.305957732,0,156,0,0,156,156,156,0,0,0.464382433,0.000753445,,,,,,,,,,,,
31.21,169,169,169,169,11.7468887,0.965743681,-0.067810059,0.014587402,1,1,1,3,0.035644531,0,0,0,0,,,,,5.009838104,0.481676638,0.872128725,0,-0.481133981,-0.872428214,0,0,165,0,0,165,165,165,0,0,0.505338296,0.000753445,,,,,,,,,,,,
31.22,169,169,169,169,11.74684599,0.965732678,-0.067810059,0.014587402,1,1,1,3,0.035644531,0,0,0,0,,,,,5.009838104,0.481676638,0.872128725,0,-0.481133981,-0.872428214,0,0,165,0,0,165,165,165,0,0,0.505337067,0.000753445,,,,,,,,,,,,
31.23,169,169,169,169,11.7468033,0.965721676,-0.067810059,0.014587402,1,1,1,3,0.035644531,0,0,0,0,,,,,5.009838104,0.481676638,0.872128725,0,-0.481133981,-0.872428214,0,0,165,0,0,165,165,165,0,0,0.505335837,0.000753445,,,,,,,,,,,,
31.24,169,169,169,169,11.74676062,0.965710673,-0.067810059,0.014587402,1,1,1,3,0.035644531,0,0,0,0,,,,,5.009838104,0.481676638,0.872128725,0,-0.481133981,-0.872428214,0,0,165,0,0,165,165,165,0,0,0.505334607,0.000753445,,,,,,,,,,,,
31.25,169,169,169,169,11.74671795,0.96569967,-0.067810059,0.014648438,1,1,1,3,0.035644531,0,0,0,0,,,,,5.009838104,0.481676638,0.872128725,0,-0.481133981,-0.872428214,0,0,165,0,0,165,165,165,0,0,0.505333377,0.000753445,,,,,,,,,,,,
31.26,169,169,169,169,11.7466753,0.965688668,-0.067810059,0.014648438,1,1,1,3,0.035644531,0,0,0,0,,,,,5.009838104,0.481676638,0.872128725,0,-0.481133981,-0.872428214,0,0,165,0,0,165,165,165,0,0,0.505332148,0.000753445,,,,,,,,,,,,
31.27,169,169,169,169,11.74663267,0.965677665,-0.067810059,0.014648438,1,1,1,3,0.035644531,0,0,0,0,,,,,5.009838104,0.481676638,0.872128725,0,-0.481133981,-0.872428214,0,0,165,0,0,165,165,165,0,0,0.505330918,0.000753445,,,,,,,,,,,,
31.28,169,169,169,169,11.74659005,0.965666663,-0.067810059,0.014648438,1,1,1,3,0.035644531,0,0,0,0,,,,,5.009838104,0.481676638,0.872128725,0,-0.481133981,-0.872428214,0,0,165,0,0,165,165,165,0,0,0.505329688,0.000753445,,,,,,,,,,,,
31.29,169,169,169,169,11.74654744,0.96565566,-0.067810059,0.014648438,1,1,1,3,0.035644531,0,0,0,0,,,,,5.009838104,0.481676638,0.872128725,0,-0.481133981,-0.872428214,0,0,165,0,0,165,165,165,0,0,0.505328458,0.000753445,,,,,,,,,,,,
31.3,169,169,169,169,11.74650486,0.965644657,-0.067825317,0.014648438,1,1,1,3,0.035644531,0,0,0,0,,,,,5.009838104,0.481676638,0.872128725,0,-0.481133981,-0.872428214,0,0,165,0,0,165,165,165,0,0,0.505327228,0.000753615,,,,,,,,,,,,
31.31,169,169,169,169,11.74646228,0.965633655,-0.067825317,0.014648438,1,1,1,3,0.035644531,0,0,0,0,,,,,5.009838104,0.481676638,0.872128725,0,-0.481133981,-0.872428214,0,0,165,0,0,165,165,165,0,0,0.505325999,0.000753615,,,,,,,,,,,,
31.32,169,169,169,169,11.74641972,0.965622652,-0.067825317,0.014648438,1,1,1,3,0.035644531,0,0,0,0,,,,,5.009838104,0.481676638,0.872128725,0,-0.481133981,-0.872428214,0,0,165,0,0,165,165,165,0,0,0.505324769,0.000753615,,,,,,,,,,,,
31.33,169,169,169,169,11.74637718,0.96561165,-0.067825317,0.014648438,1,1,1,3,0.035644531,0,0,0,0,,,,,5.009838104,0.481676638,0.872128725,0,-0.481133981,-0.872428214,0,0,165,0,0,165,165,165,0,0,0.505323539,0.000753615,,,,,,,,,,,,
31.34,169,169,169,169,11.74633465,0.965600647,-0.067825317,0.014648438,1,1,1,3,0.035644531,0,0,0,0,,,,,5.009838104,0.481676638,0.872128725,0,-0.481133981,-0.872428214,0,0,165,0,0,165,165,165,0,0,0.505322309,0.000753615,,,,,,,,,,,,
31.35,169,169,169,169,11.74629214,0.965589644,-0.067825317,0.014648438,1,1,1,4,0.035644531,0,0,0,0,,,,,5.009838104,0.481676638,0.872128725,0,-0.481133981,-0.872428214,0,0,165,0,0,165,165,165,0,0,0.50532108,0.000753615,,,,,,,,,,,,
31.36,160,160,160,160,11.78047746,0.965578642,-0.067810059,0.014648438,1,1,1,4,0.035644531,0,0,0,0,,,,,5.009838104,0.484254658,0.886725307,0,-0.48370292,-0.887026397,0.291963649,0,157,0,0,157,157,157,0,0,0.466350787,0.000753445,,,,,,,,,,,,
31.37,160,160,160,160,11.78047553,0.965568655,-0.067810059,0.014648438,1,1,1,4,0.035644531,0,0,0,0,,,,,5.009838104,0.484254658,0.886725307,0,-0.48370292,-0.887026397,0,0,157,0,0,157,157,157,0,0,0.46612987,0.000753445,,,,,,,,,,,,
31.38,160,160,160,160,11.78047357,0.965558668,-0.067810059,0.014648438,1,1,1,4,0.035644531,0,0,0,0,,,,,5.009838104,0.484254658,0.886725307,0,-0.48370292,-0.887026397,0,0,157,0,0,157,157,157,0,0,0.465908328,0.000753445,,,,,,,,,,,,
31.39,149,149,149,149,11.82086467,0.965548681,-0.067810059,0.014648438,1,1,1,4,0.035644531,0,0,0,0,,,,,5.01512289,0.484254658,0.886725307,0,-0.48370292,-0.887026397,0,0,147,0,0,147,147,147,0,0,0.424497528,0.000753445,,,,,,,,,,,,
31.4,160,160,160,160,11.78051745,0.965539893,-0.067810059,0.014648438,1,1,1,4,0.035644531,0,0,0,0,,,,,5.01512289,0.484254658,0.886725307,0,-0.48370292,-0.887026397,0,0,157,0,0,157,157,157,0,0,0.465231168,0.000753445,,,,,,,,,,,,
31.41,160,160,160,160,11.78051538,0.965529906,-0.067810059,0.014648438,1,1,1,4,0.035644531,0,0,0,0,,,,,5.01512289,0.484254658,0.886725307,0,-0.48370292,-0.887026397,0,0,157,0,0,157,157,157,0,0,0.46500709,0.000753445,,,,,,,,,,,,
31.42,160,160,160,160,11.78051328,0.96551992,-0.067810059,0.014648438,1,1,1,4,0.035644531,0,0,0,0,,,,,5.01512289,0.484254658,0.886725307,0,-0.48370292,-0.887026397,0,0,157,0,0,157,157,157,0,0,0.464782387,0.000753445,,,,,,,,,,,,
31.43,159,159,159,159,11.78467006,0.965509933,-0.067810059,0.014709473,1,1,1,4,0.035644531,0,0,0,0,,,,,5.01512289,0.484254658,0.886725307,0,-0.48370292,-0.887026397,0,0,156,0,0,156,156,156,0,0,0.464557059,0.000753445,,,,,,,,,,,,
31.44,159,159,159,159,11.78467285,0.965500069,-0.067810059,0.014709473,1,1,1,4,0.035644531,0,0,0,0,,,,,5.01512289,0.484254658,0.886725307,0,-0.48370292,-0.887026397,0,0,156,0,0,156,156,156,0,0,0.464331107,0.000753445,,,,,,,,,,,,
31.45,159,159,159,159,11.78467561,0.965490206,-0.067810059,0.014709473,1,1,1,4,0.035644531,0,0,0,0,,,,,5.01512289,0.484254658,0.886725307,0,-0.48370292,-0.887026397,0,0,156,0,0,156,156,156,0,0,0.464104529,0.000753445,,,,,,,,,,,,
31.46,159,159,159,159,11.78467835,0.965480342,-0.067810059,0.014709473,1,1,1,4,0.035644531,0,0,0,0,,,,,5.01512289,0.484254658,0.886725307,0,-0.48370292,-0.887026397,0,0,156,0,0,156,156,156,0,0,0.463877326,0.000753445,,,,,,,,,,,,
31.47,159,159,159,159,11.78468106,0.965470479,-0.067810059,0.014709473,1,1,1,4,0.035644531,0,0,0,0,,,,,5.01512289,0.484254658,0.886725307,0,-0.48370292,-0.887026397,0,0,156,0,0,156,156,156,0,0,0.463649498,0.000753445,,,,,,,,,,,,
31.48,169,169,169,169,11.74629702,0.965460616,-0.067810059,0.014770508,1,1,1,4,0.035644531,0,0,0,0,,,,,5.009838104,0.484254658,0.886725307,0,-0.48370292,-0.887026397,0,0,165,0,0,165,165,165,0,0,0.504609678,0.000753445,,,,,,,,,,,,
31.49,159,159,159,159,11.78464091,0.965449613,-0.067810059,0.014770508,1,1,1,4,0.035644531,0,0,0,0,,,,,5.009838104,0.484254658,0.886725307,0,-0.48370292,-0.887026397,0,0,156,0,0,156,156,156,0,0,0.463424168,0.000753445,,,,,,,,,,,,
31.5,159,159,159,159,11.78464358,0.96543975,-0.067825317,0.014770508,1,1,1,4,0.035644531,0,0,0,0,,,,,5.009838104,0.484254658,0.886725307,0,-0.48370292,-0.887026397,0,0,156,0,0,156,156,156,0,0,0.463195125,0.000753615,,,,,,,,,,,,
31.51,159,159,159,159,11.78464622,0.965429886,-0.067825317,0.014770508,1,1,1,4,0.035644531,0,0,0,0,,,,,5.009838104,0.484254658,0.886725307,0,-0.48370292,-0.887026397,0,0,156,0,0,156,156,156,0,0,0.462965458,0.000753615,,,,,,,,,,,,
31.52,159,159,159,159,11.78464883,0.965420023,-0.067825317,0.014770508,1,1,1,4,0.035644531,0,0,0,0,,,,,5.009838104,0.484254658,0.886725307,0,-0.48370292,-0.887026397,0,0,156,0,0,156,156,156,0,0,0.462735166,0.000753615,,,,,,,,,,,,
31.53,159,159,159,159,11.78465142,0.965410159,-0.067825317,0.014770508,1,1,1,4,0.035644531,0,0,0,0,,,,,5.009838104,0.484254658,0.886725307,0,-0.48370292,-0.887026397,0,0,156,0,0,156,156,156,0,0,0.462504249,0.000753615,,,,,,,,,,,,
31.54,159,159,159,159,11.78465398,0.965400296,-0.067825317,0.014770508,1,1,1,4,0.035644531,0,0,0,0,,,,,5.009838104,0.484254658,0.886725307,0,-0.48370292,-0.887026397,0,0,156,0,0,156,156,156,0,0,0.462272706,0.000753615,,,,,,,,,,,,
31.55,159,159,159,159,11.78465651,0.965390433,-0.067825317,0.014770508,1,1,1,4,0.035644531,0,0,0,0,,,,,5.009838104,0.484254658,0.886725307,0,-0.48370292,-0.887026397,0,0,156,0,0,156,156,156,0,0,0.462040539,0.000753615,,,,,,,,,,,,
31.56,159,159,159,159,11.78465901,0.965380569,-0.067825317,0.014770508,1,1,1,4,0.035644531,0,0,0,0,,,,,5.009838104,0.484254658,0.886725307,0,-0.48370292,-0.887026397,0,0,156,0,0,156,156,156,0,0,0.461807747,0.000753615,,,,,,,,,,,,
31.57,169,169,169,169,11.74627478,0.965370706,-0.067810059,0.014770508,1,1,1,4,0.035644531,0,0,0,0,,,,,5.004553318,0.486852646,0.901335955,0,-0.486291818,-0.901638658,0.292245231,0,165,0,0,165,165,165,0,0,0.502762962,0.000753445,,,,,,,,,,,,
31.58,159,159,159,159,11.78461846,0.965359703,-0.067810059,0.014770508,1,1,1,4,0.035644531,0,0,0,0,,,,,5.004553318,0.486852646,0.901335955,0,-0.486291818,-0.901638658,0,0,156,0,0,156,156,156,0,0,0.461572488,0.000753445,,,,,,,,,,,,
31.59,169,169,169,169,11.74623421,0.96534984,-0.067810059,0.014770508,1,1,1,4,0.035644531,0,0,0,0,,,,,4.999268532,0.486852646,0.901335955,0,-0.486291818,-0.901638658,0,0,165,0,0,165,165,165,0,0,0.502527114,0.000753445,,,,,,,,,,,,
31.6,159,159,159,159,11.78457789,0.965338837,-0.067810059,0.014770508,1,1,1,4,0.035644531,0,0,0,0,,,,,4.999268532,0.486852646,0.901335955,0,-0.486291818,-0.901638658,0,0,156,0,0,156,156,156,0,0,0.461336049,0.000753445,,,,,,,,,,,,
31.61,159,159,159,159,11.78458034,0.965328974,-0.067810059,0.014770508,1,1,1,4,0.035644531,0,0,0,0,,,,,4.999268532,0.486852646,0.901335955,0,-0.486291818,-0.901638658,0,0,156,0,0,156,156,156,0,0,0.461101453,0.000753445,,,,,,,,,,,,
31.62,159,159,159,159,11.78458277,0.96531911,-0.067810059,0.014770508,1,1,1,4,0.035644531,0,0,0,0,,,,,4.999268532,0.486852646,0.901335955,0,-0.486291818,-0.901638658,0,0,156,0,0,156,156,156,0,0,0.460866232,0.000753445,,,,,,,,,,,,
31.63,163,163,163,163,11.76779015,0.965309247,-0.067810059,0.014770508,1,1,1,4,0.035644531,0,0,0,0,,,,,4.996626377,0.486852646,0.901335955,0,-0.486291818,-0.901638658,0,0,160,0,0,160,160,160,0,0,0.481222845,0.000753445,,,,,,,,,,,,
31.64,159,159,159,159,11.78456764,0.965298885,-0.067810059,0.014770508,1,1,1,4,0.035644531,0,0,0,0,,,,,4.996626377,0.486852646,0.901335955,0,-0.486291818,-0.901638658,0,0,156,0,0,156,156,156,0,0,0.460510005,0.000753445,,,,,,,,,,,,
31.65,169,169,169,169,11.74618329,0.965289022,-0.067810059,0.014770508,1,1,1,4,0.035644531,0,0,0,0,,,,,4.991341591,0.486852646,0.901335955,0,-0.486291818,-0.901638658,0,0,165,0,0,165,165,165,0,0,0.501461872,0.000753445,,,,,,,,,,,,
31.66,159,159,159,159,11.78452687,0.965278019,-0.067810059,0.014831543,1,1,1,4,0.035644531,0,0,0,0,,,,,4.991341591,0.486852646,0.901335955,0,-0.486291818,-0.901638658,0,0,156,0,0,156,156,156,0,0,0.460268049,0.000753445,,,,,,,,,,,,
31.67,158,158,158,158,11.78866154,0.965268156,-0.067810059,0.014831543,1,1,1,4,0.035644531,0,0,0,0,,,,,4.991341591,0.486852646,0.901335955,0,-0.486291818,-0.901638658,0,0,155,0,0,155,155,155,0,0,0.460030693,0.000753445,,,,,,,,,,,,
31.68,167,167,167,167,11.75052122,0.965258415,-0.067810059,0.014831543,1,1,1,4,0.035644531,0,0,0,0,,,,,4.986057281,0.486852646,0.901335955,0,-0.486291818,-0.901638658,0,0,164,0,0,164,164,164,0,0,0.50097763,0.000753445,,,,,,,,,,,,
31.69,158,158,158,158,11.78863076,0.965247542,-0.067810059,0.014831543,1,1,1,4,0.035644531,0,0,0,0,,,,,4.986057281,0.486852646,0.901335955,0,-0.486291818,-0.901638658,0,0,155,0,0,155,155,155,0,0,0.459786287,0.000753445,,,,,,,,,,,,
31.7,167,167,167,167,11.75049041,0.965237801,-0.067825317,0.014831543,1,1,1,4,0.035644531,0,0,0,0,,,,,4.980772495,0.486852646,0.901335955,0,-0.486291818,-0.901638658,0,0,164,0,0,164,164,164,0,0,0.500736351,0.000753615,,,,,,,,,,,,
31.71,158,158,158,158,11.78859993,0.965226928,-0.067825317,0.014892578,1,1,1,4,0.035644531,0,0,0,0,,,,,4.980772495,0.486852646,0.901335955,0,-0.486291818,-0.901638658,0,0,155,0,0,155,155,155,0,0,0.459540723,0.000753615,,,,,,,,,,,,
31.72,158,158,158,158,11.78860711,0.965217188,-0.067825317,0.014892578,1,1,1,4,0.035644531,0,0,0,0,,,,,4.980772495,0.486852646,0.901335955,0,-0.486291818,-0.901638658,0,0,155,0,0,155,155,155,0,0,0.459301564,0.000753615,,,,,,,,,,,,
31.73,167,167,167,167,11.75046672,0.965207447,-0.067825317,0.014892578,1,1,1,4,0.035644531,0,0,0,0,,,,,4.975487709,0.489466608,0.915942073,0,-0.488896692,-0.9162464,0.292154831,0,164,0,0,164,164,164,0,0,0.500250413,0.000753615,,,,,,,,,,,,
31.74,163,163,163,163,11.76764885,0.965196574,-0.067810059,0.014892578,1,1,1,4,0.035644531,0,0,0,0,,,,,4.972845554,0.489466608,0.915942073,0,-0.488896692,-0.9162464,0,0,160,0,0,160,160,160,0,0,0.47964603,0.000753445,,,,,,,,,,,,
31.75,158,158,158,158,11.78855852,0.965186212,-0.067810059,0.014892578,1,1,1,4,0.035644531,0,0,0,0,,,,,4.972845554,0.489466608,0.915942073,0,-0.488896692,-0.9162464,0,0,155,0,0,155,155,155,0,0,0.458929288,0.000753445,,,,,,,,,,,,
31.76,158,158,158,158,11.78856564,0.965176471,-0.067810059,0.014892578,1,1,1,4,0.035644531,0,0,0,0,,,,,4.972845554,0.489466608,0.915942073,0,-0.488896692,-0.9162464,0,0,155,0,0,155,155,155,0,0,0.458688619,0.000753445,,,,,,,,,,,,
31.77,158,158,158,158,11.78857273,0.965166731,-0.067810059,0.014892578,1,1,1,4,0.035644531,0,0,0,0,,,,,4.972845554,0.489466608,0.915942073,0,-0.488896692,-0.9162464,0,0,155,0,0,155,155,155,0,0,0.458447326,0.000753445,,,,,,,,,,,,
31.78,167,167,167,167,11.75043224,0.96515699,-0.067810059,0.014892578,1,1,1,4,0.035644531,0,0,0,0,,,,,4.967560768,0.489466608,0.915942073,0,-0.488896692,-0.9162464,0,0,164,0,0,164,164,164,0,0,0.499394041,0.000753445,,,,,,,,,,,,
31.79,158,158,158,158,11.78854161,0.965146117,-0.067810059,0.014892578,1,1,1,4,0.035644531,0,0,0,0,,,,,4.967560768,0.489466608,0.915942073,0,-0.488896692,-0.9162464,0,0,155,0,0,155,155,155,0,0,0.458195065,0.000753445,,,,,,,,,,,,
31.8,167,167,167,167,11.75040111,0.965136376,-0.067810059,0.014892578,1,1,1,4,0.035644531,0,0,0,0,,,,,4.962276459,0.489466608,0.915942073,0,-0.488896692,-0.9162464,0,0,164,0,0,164,164,164,0,0,0.499137474,0.000753445,,,,,,,,,,,,
31.81,158,158,158,158,11.78851046,0.965125503,-0.067810059,0.014892578,1,1,1,4,0.035644531,0,0,0,0,,,,,4.962276459,0.489466608,0.915942073,0,-0.488896692,-0.9162464,0,0,155,0,0,155,155,155,0,0,0.457941604,0.000753445,,,,,,,,,,,,
31.82,167,167,167,167,11.75036993,0.965115763,-0.067810059,0.014892578,1,1,1,4,0.035644531,0,0,0,0,,,,,4.956991673,0.489466608,0.915942073,0,-0.488896692,-0.9162464,0,0,164,0,0,164,164,164,0,0,0.49888714,0.000753445,,,,,,,,,,,,
31.83,158,158,158,158,11.78847927,0.96510489,-0.067810059,0.014892578,1,1,1,4,0.035644531,0,0,0,0,,,,,4.956991673,0.489466608,0.915942073,0,-0.488896692,-0.9162464,0,0,155,0,0,155,155,155,0,0,0.457686985,0.000753445,,,,,,,,,,,,
31.84,162,162,162,162,11.77179754,0.965095149,-0.067810059,0.014892578,1,1,1,4,0.035644531,0,0,0,0,,,,,4.954349518,0.489466608,0.915942073,0,-0.488896692,-0.9162464,0,0,159,0,0,159,159,159,0,0,0.478035757,0.000753445,,,,,,,,,,,,
31.85,158,158,158,158,11.78847346,0.965084913,-0.067810059,0.014892578,1,1,1,4,0.035644531,0,0,0,0,,,,,4.954349518,0.489466608,0.915942073,0,-0.488896692,-0.9162464,0,0,155,0,0,155,155,155,0,0,0.457315077,0.000753445,,,,,,,,,,,,
31.86,167,167,167,167,11.75033286,0.965075172,-0.067810059,0.014892578,1,1,1,4,0.035644531,0,0,0,0,,,,,4.949064732,0.489466608,0.915942073,0,-0.488896692,-0.9162464,0,0,164,0,0,164,164,164,0,0,0.498259104,0.000753445,,,,,,,,,,,,
31.87,158,158,158,158,11.78844213,0.965064299,-0.067810059,0.014892578,1,1,1,4,0.035644531,0,0,0,0,,,,,4.949064732,0.489466608,0.915942073,0,-0.488896692,-0.9162464,0,0,155,0,0,155,155,155,0,0,0.45705744,0.000753445,,,,,,,,,,,,
31.88,167,167,167,167,11.75030152,0.965054559,-0.067810059,0.014953613,1,1,1,4,0.035644531,0,0,0,0,,,,,4.943779945,0.489466608,0.915942073,0,-0.488896692,-0.9162464,0,0,164,0,0,164,164,164,0,0,0.498000877,0.000753445,,,,,,,,,,,,
31.89,167,167,167,167,11.75026323,0.965043686,-0.067825317,0.014953613,1,1,1,4,0.035644531,0,0,0,0,,,,,4.938495636,0.489466608,0.915942073,0,-0.488896692,-0.9162464,0,0,164,0,0,164,164,164,0,0,0.497983541,0.000753615,,,,,,,,,,,,
31.9,158,158,158,158,11.78837249,0.965032813,-0.067825317,0.014953613,1,1,1,4,0.035644531,0,0,0,0,,,,,4.938495636,0.489466608,0.915942073,0,-0.488896692,-0.9162464,0,0,155,0,0,155,155,155,0,0,0.456785019,0.000753615,,,,,,,,,,,,
31.91,167,167,167,167,11.75023187,0.965023072,-0.067825317,0.014953613,1,1,1,4,0.035644531,0,0,0,0,,,,,4.93321085,0.489466608,0.915942073,0,-0.488896692,-0.9162464,0,0,164,0,0,164,164,164,0,0,0.497727902,0.000753615,,,,,,,,,,,,
31.92,158,158,158,158,11.78834111,0.965012199,-0.067825317,0.014953613,1,1,1,4,0.035644531,0,0,0,0,,,,,4.93321085,0.489466608,0.915942073,0,-0.488896692,-0.9162464,0,0,155,0,0,155,155,155,0,0,0.456525095,0.000753615,,,,,,,,,,,,
31.93,158,158,158,158,11.78834801,0.965002458,-0.067825317,0.014953613,1,1,1,4,0.035644531,0,0,0,0,,,,,4.93321085,0.489466608,0.915942073,0,-0.488896692,-0.9162464,0,0,155,0,0,155,155,155,0,0,0.456278756,0.000753615,,,,,,,,,,,,
31.94,162,162,162,162,11.77166616,0.964992718,-0.067810059,0.015014648,1,1,1,4,0.035644531,0,0,0,0,,,,,4.930568218,0.492098957,0.930553913,0,-0.491519951,-0.930859875,0.292269501,0,159,0,0,159,159,159,0,0,0.476627967,0.000753445,,,,,,,,,,,,
31.95,158,158,158,158,11.78834195,0.964982482,-0.067810059,0.015014648,1,1,1,4,0.035644531,0,0,0,0,,,,,4.930568218,0.492098957,0.930553913,0,-0.491519951,-0.930859875,0,0,155,0,0,155,155,155,0,0,0.455900314,0.000753445,,,,,,,,,,,,
31.96,176,176,176,176,11.71448525,0.964972741,-0.067810059,0.015014648,1,1,1,4,0.035644531,0,0,0,0,,,,,4.919999123,0.492098957,0.930553913,0,-0.491519951,-0.930859875,0,0,172,0,0,172,172,172,0,0,0.53802598,0.000753445,,,,,,,,,,,,
31.97,158,158,158,158,11.78826806,0.964960808,-0.067810059,0.015014648,1,1,1,4,0.035644531,0,0,0,0,,,,,4.919999123,0.492098957,0.930553913,0,-0.491519951,-0.930859875,0,0,155,0,0,155,155,155,0,0,0.455868302,0.000753445,,,,,,,,,,,,
31.98,167,167,167,167,11.75012737,0.964951067,-0.067810059,0.015014648,1,1,1,4,0.035644531,0,0,0,0,,,,,4.914714336,0.492098957,0.930553913,0,-0.491519951,-0.930859875,0,0,164,0,0,164,164,164,0,0,0.496809122,0.000753445,,,,,,,,,,,,
31.99,157,157,157,157,11.79234227,0.964940194,-0.067810059,0.015014648,1,1,1,4,0.035644531,0,0,0,0,,,,,4.914714336,0.492098957,0.930553913,0,-0.491519951,-0.930859875,0,0,154,0,0,154,154,154,0,0,0.455604252,0.000753445,,,,,,,,,,,,
32,162,162,162,162,11.7715595,0.964930575,-0.067810059,0.015014648,1,1,1,4,0.035644531,0,0,0,0,,,,,4.912072182,0.492098957,0.930553913,0,-0.491519951,-0.930859875,0,0,159,0,0,159,159,159,0,0,0.475948309,0.000753445,,,,,,,,,,,,
32.01,167,167,167,167,11.7500877,0.964920339,-0.067810059,0.015014648,1,1,1,4,0.035644531,0,0,0,0,,,,,4.906787395,0.492098957,0.930553913,0,-0.491519951,-0.930859875,0,0,164,0,0,164,164,164,0,0,0.496411546,0.000753445,,,,,,,,,,,,
32.02,157,157,157,157,11.79230257,0.964909467,-0.067810059,0.015014648,1,1,1,4,0.035644531,0,0,0,0,,,,,4.906787395,0.492098957,0.930553913,0,-0.491519951,-0.930859875,0,0,154,0,0,154,154,154,0,0,0.455205792,0.000753445,,,,,,,,,,,,
32.03,176,176,176,176,11.71434495,0.964899848,-0.067810059,0.015014648,1,1,1,4,0.035644531,0,0,0,0,,,,,4.8962183,0.492098957,0.930553913,0,-0.491519951,-0.930859875,0,0,172,0,0,172,172,172,0,0,0.537330056,0.000753445,,,,,,,,,,,,
32.04,157,157,157,157,11.79223347,0.964887915,-0.067810059,0.015014648,1,1,1,4,0.035644531,0,0,0,0,,,,,4.8962183,0.492098957,0.930553913,0,-0.491519951,-0.930859875,0,0,154,0,0,154,154,154,0,0,0.455170975,0.000753445,,,,,,,,,,,,
32.05,166,166,166,166,11.75433676,0.964878296,-0.067825317,0.015014648,1,1,1,4,0.035644531,0,0,0,0,,,,,4.890933514,0.492098957,0.930553913,0,-0.491519951,-0.930859875,0,0,163,0,0,163,163,163,0,0,0.496110393,0.000753615,,,,,,,,,,,,
32.06,157,157,157,157,11.79221186,0.964867552,-0.067825317,0.015014648,1,1,1,4,0.035644531,0,0,0,0,,,,,4.890933514,0.492098957,0.930553913,0,-0.491519951,-0.930859875,0,0,154,0,0,154,154,154,0,0,0.454904121,0.000753615,,,,,,,,,,,,
32.07,157,157,157,157,11.7922235,0.964857933,-0.067825317,0.015014648,1,1,1,4,0.035644531,0,0,0,0,,,,,4.890933514,0.492098957,0.930553913,0,-0.491519951,-0.930859875,0,0,154,0,0,154,154,154,0,0,0.454654316,0.000753615,,,,,,,,,,,,
32.08,172,172,172,172,11.73233642,0.964848314,-0.067825317,0.015014648,1,1,1,4,0.035644531,0,0,0,0,,,,,4.883006573,0.492098957,0.930553913,0,-0.491519951,-0.930859875,0,0,168,0,0,168,168,168,0,0,0.516184978,0.000753615,,,,,,,,,,,,
32.09,157,157,157,157,11.79217571,0.964836918,-0.067825317,0.015014648,1,1,1,4,0.035644531,0,0,0,0,,,,,4.883006573,0.492098957,0.930553913,0,-0.491519951,-0.930859875,0,0,154,0,0,154,154,154,0,0,0.454501123,0.000753615,,,,,,,,,,,,
32.1,166,166,166,166,11.75427893,0.964827299,-0.067825317,0.015014648,1,1,1,4,0.035644531,0,0,0,0,,,,,4.877722263,0.492098957,0.930553913,0,-0.491519951,-0.930859875,0,0,163,0,0,163,163,163,0,0,0.495435351,0.000753615,,,,,,,,,,,,
32.11,157,157,157,157,11.79215396,0.964816555,-0.067825317,0.015014648,1,1,1,4,0.035644531,0,0,0,0,,,,,4.877722263,0.492098957,0.930553913,0,-0.491519951,-0.930859875,0,0,154,0,0,154,154,154,0,0,0.454231301,0.000753615,,,,,,,,,,,,
32.12,172,172,172,172,11.73226685,0.964806936,-0.067810059,0.015075684,1,1,1,4,0.035644531,0,0,0,0,,,,,4.869795322,0.492098957,0.930553913,0,-0.491519951,-0.930859875,0,0,168,0,0,168,168,168,0,0,0.515761114,0.000753445,,,,,,,,,,,,
32.13,157,157,157,157,11.7921061,0.964795539,-0.067810059,0.015075684,1,1,1,4,0.035644531,0,0,0,0,,,,,4.869795322,0.492098957,0.930553913,0,-0.491519951,-0.930859875,0,0,154,0,0,154,154,154,0,0,0.45407641,0.000753445,,,,,,,,,,,,
32.14,166,166,166,166,11.75420929,0.96478592,-0.067810059,0.015075684,1,1,1,4,0.035644531,0,0,0,0,,,,,4.864510536,0.494883001,0.945902824,0,-0.494294445,-0.946210515,0.307012806,0,163,0,0,163,163,163,0,0,0.495013506,0.000753445,,,,,,,,,,,,
32.15,166,166,166,166,11.75417591,0.964775176,-0.067810059,0.015075684,1,1,1,4,0.035644531,0,0,0,0,,,,,4.85922575,0.494883001,0.945902824,0,-0.494294445,-0.946210515,0,0,163,0,0,163,163,163,0,0,0.494993544,0.000753445,,,,,,,,,,,,
32.16,166,166,166,166,11.75414254,0.964764432,-0.067810059,0.015075684,1,1,1,4,0.035644531,0,0,0,0,,,,,4.853940964,0.494883001,0.945902824,0,-0.494294445,-0.946210515,0,0,163,0,0,163,163,163,0,0,0.494973618,0.000753445,,,,,,,,,,,,
32.17,157,157,157,157,11.79201754,0.964753688,-0.067810059,0.015136719,1,1,1,4,0.035644531,0,0,0,0,,,,,4.853940964,0.494883001,0.945902824,0,-0.494294445,-0.946210515,0,0,154,0,0,154,154,154,0,0,0.453765095,0.000753445,,,,,,,,,,,,
32.18,166,166,166,166,11.75412072,0.96474407,-0.067810059,0.015136719,1,1,1,4,0.035644531,0,0,0,0,,,,,4.848656654,0.494883001,0.945902824,0,-0.494294445,-0.946210515,0,0,163,0,0,163,163,163,0,0,0.494697956,0.000753445,,,,,,,,,,,,
32.19,157,157,157,157,11.79199569,0.964733326,-0.067810059,0.015136719,1,1,1,4,0.035644531,0,0,0,0,,,,,4.848656654,0.494883001,0.945902824,0,-0.494294445,-0.946210515,0,0,154,0,0,154,154,154,0,0,0.453492539,0.000753445,,,,,,,,,,,,
32.2,172,172,172,172,11.73210853,0.964723707,-0.067810059,0.015136719,1,1,1,4,0.035644531,0,0,0,0,,,,,4.840729713,0.494883001,0.945902824,0,-0.494294445,-0.946210515,0,0,168,0,0,168,168,168,0,0,0.515020986,0.000753445,,,,,,,,,,,,
32.21,157,157,157,157,11.79194774,0.96471231,-0.067810059,0.015136719,1,1,1,4,0.035644531,0,0,0,0,,,,,4.840729713,0.494883001,0.945902824,0,-0.494294445,-0.946210515,0,0,154,0,0,154,154,154,0,0,0.453334915,0.000753445,,,,,,,,,,,,
32.22,166,166,166,166,11.75405088,0.964702691,-0.067825317,0.015136719,1,1,1,4,0.035644531,0,0,0,0,,,,,4.835444927,0.494883001,0.945902824,0,-0.494294445,-0.946210515,0,0,163,0,0,163,163,163,0,0,0.494270644,0.000753615,,,,,,,,,,,,
32.23,157,157,157,157,11.79192582,0.964691947,-0.067825317,0.015136719,1,1,1,4,0.035644531,0,0,0,0,,,,,4.835444927,0.494883001,0.945902824,0,-0.494294445,-0.946210515,0,0,154,0,0,154,154,154,0,0,0.453060683,0.000753615,,,,,,,,,,,,
32.24,157,157,157,157,11.79193731,0.964682328,-0.067825317,0.015136719,1,1,1,4,0.035644531,0,0,0,0,,,,,4.835444927,0.494883001,0.945902824,0,-0.494294445,-0.946210515,0,0,154,0,0,154,154,154,0,0,0.45280719,0.000753615,,,,,,,,,,,,
32.25,171,171,171,171,11.73650129,0.964672709,-0.067825317,0.015136719,1,1,1,4,0.035644531,0,0,0,0,,,,,4.827517986,0.494883001,0.945902824,0,-0.494294445,-0.946210515,0,0,167,0,0,167,167,167,0,0,0.514334163,0.000753615,,,,,,,,,,,,
32.26,157,157,157,157,11.79189449,0.964661445,-0.067825317,0.015136719,1,1,1,4,0.035644531,0,0,0,0,,,,,4.827517986,0.494883001,0.945902824,0,-0.494294445,-0.946210515,0,0,154,0,0,154,154,154,0,0,0.452646618,0.000753615,,,,,,,,,,,,
32.27,157,157,157,157,11.79190593,0.964651826,-0.067825317,0.015136719,1,1,1,4,0.035644531,0,0,0,0,,,,,4.827517986,0.494883001,0.945902824,0,-0.494294445,-0.946210515,0,0,154,0,0,154,154,154,0,0,0.452392241,0.000753615,,,,,,,,,,,,
32.28,176,176,176,176,11.71394806,0.964642207,-0.067810059,0.015136719,1,1,1,4,0.035644531,0,0,0,0,,,,,4.816948891,0.494883001,0.945902824,0,-0.494294445,-0.946210515,0,0,172,0,0,172,172,172,0,0,0.534510788,0.000753445,,,,,,,,,,,,
32.29,157,157,157,157,11.79183633,0.964630274,-0.067810059,0.015136719,1,1,1,4,0.035644531,0,0,0,0,,,,,4.816948891,0.494883001,0.945902824,0,-0.494294445,-0.946210515,0,0,154,0,0,154,154,154,0,0,0.452345991,0.000753445,,,,,,,,,,,,
32.3,181,181,181,181,11.6953827,0.964620655,-0.067810059,0.015136719,1,1,1,4,0.035644531,0,0,0,0,,,,,4.803737164,0.494883001,0.945902824,0,-0.494294445,-0.946210515,0,0,176,0,0,176,176,176,0,0,0.555060784,0.000753445,,,,,,,,,,,,
32.31,157,157,157,157,11.79174486,0.964608174,-0.067810059,0.015136719,1,1,1,4,0.035644531,0,0,0,0,,,,,4.803737164,0.494883001,0.945902824,0,-0.494294445,-0.946210515,0,0,154,0,0,154,154,154,0,0,0.452415994,0.000753445,,,,,,,,,,,,
32.32,166,166,166,166,11.75384794,0.964598555,-0.067810059,0.015136719,1,1,1,4,0.035644531,0,0,0,0,,,,,4.798452377,0.497556418,0.960538983,0,-0.496958757,-0.960848334,0.292756386,0,163,0,0,163,163,163,0,0,0.493350098,0.000753445,,,,,,,,,,,,
32.33,157,157,157,157,11.79172283,0.964587811,-0.067810059,0.015136719,1,1,1,4,0.035644531,0,0,0,0,,,,,4.798452377,0.497556418,0.960538983,0,-0.496958757,-0.960848334,0,0,154,0,0,154,154,154,0,0,0.45213851,0.000753445,,,,,,,,,,,,
32.34,176,176,176,176,11.71376498,0.964578192,-0.067810059,0.015197754,1,1,1,4,0.035644531,0,0,0,0,,,,,4.787883282,0.497556418,0.960538983,0,-0.496958757,-0.960848334,0,0,172,0,0,172,172,172,0,0,0.534256941,0.000753445,,,,,,,,,,,,
32.35,157,157,157,157,11.79165328,0.964566259,-0.067810059,0.015197754,1,1,1,4,0.035644531,0,0,0,0,,,,,4.787883282,0.497556418,0.960538983,0,-0.496958757,-0.960848334,0,0,154,0,0,154,154,154,0,0,0.452092027,0.000753445,,,,,,,,,,,,
32.36,161,161,161,161,11.7750823,0.96455664,-0.067810059,0.015197754,1,1,1,4,0.035644531,0,0,0,0,,,,,4.78524065,0.497556418,0.960538983,0,-0.496958757,-0.960848334,0,0,158,0,0,158,158,158,0,0,0.472433154,0.000753445,,,,,,,,,,,,
32.37,157,157,157,157,11.79165649,0.964546529,-0.067810059,0.015197754,1,1,1,4,0.035644531,0,0,0,0,,,,,4.78524065,0.497556418,0.960538983,0,-0.496958757,-0.960848334,0,0,154,0,0,154,154,154,0,0,0.451697417,0.000753445,,,,,,,,,,,,
32.38,175,175,175,175,11.71825612,0.96453691,-0.067810059,0.015197754,1,1,1,4,0.035644531,0,0,0,0,,,,,4.774671555,0.497556418,0.960538983,0,-0.496958757,-0.960848334,0,0,171,0,0,171,171,171,0,0,0.533814999,0.000753445,,,,,,,,,,,,
32.39,157,157,157,157,11.79159226,0.964525113,-0.067810059,0.015197754,1,1,1,4,0.035644531,0,0,0,0,,,,,4.774671555,0.497556418,0.960538983,0,-0.496958757,-0.960848334,0,0,154,0,0,154,154,154,0,0,0.451649236,0.000753445,,,,,,,,,,,,
32.4,171,171,171,171,11.73615619,0.964515494,-0.067825317,0.015258789,1,1,1,4,0.035644531,0,0,0,0,,,,,4.766744614,0.497556418,0.960538983,0,-0.496958757,-0.960848334,0,0,167,0,0,167,167,167,0,0,0.513174431,0.000753615,,,,,,,,,,,,
32.41,157,157,157,157,11.79154934,0.964504229,-0.067825317,0.015258789,1,1,1,4,0.035644531,0,0,0,0,,,,,4.766744614,0.497556418,0.960538983,0,-0.496958757,-0.960848334,0,0,154,0,0,154,154,154,0,0,0.451485108,0.000753615,,,,,,,,,,,,
32.42,185,185,185,185,11.67617472,0.96449461,-0.067825317,0.015258789,1,1,1,4,0.035644531,0,0,0,0,,,,,4.750890732,0.497556418,0.960538983,0,-0.496958757,-0.960848334,0,0,180,0,0,180,180,180,0,0,0.574791135,0.000753615,,,,,,,,,,,,
32.43,157,157,157,157,11.7914354,0.964481567,-0.067825317,0.015258789,1,1,1,4,0.035644531,0,0,0,0,,,,,4.750890732,0.497556418,0.960538983,0,-0.496958757,-0.960848334,0,0,154,0,0,154,154,154,0,0,0.451668752,0.000753615,,,,,,,,,,,,
32.44,166,166,166,166,11.75353847,0.964471948,-0.067825317,0.015258789,1,1,1,4,0.035644531,0,0,0,0,,,,,4.745605946,0.497556418,0.960538983,0,-0.496958757,-0.960848334,0,0,163,0,0,163,163,163,0,0,0.492601961,0.000753615,,,,,,,,,,,,
32.45,161,161,161,161,11.77483093,0.964461204,-0.067825317,0.015258789,1,1,1,4,0.035644531,0,0,0,0,,,,,4.742963791,0.497556418,0.960538983,0,-0.496958757,-0.960848334,0,0,158,0,0,158,158,158,0,0,0.471981938,0.000753615,,,,,,,,,,,,
32.46,156,156,156,156,11.7954843,0.964451093,-0.067825317,0.015258789,1,1,1,4,0.035644531,0,0,0,0,,,,,4.742963791,0.497556418,0.960538983,0,-0.496958757,-0.960848334,0,0,153,0,0,153,153,153,0,0,0.451249556,0.000753615,,,,,,,,,,,,
32.47,166,166,166,166,11.75351299,0.964441595,-0.067810059,0.015258789,1,1,1,4,0.035644531,0,0,0,0,,,,,4.737679005,0.497556418,0.960538983,0,-0.496958757,-0.960848334,0,0,163,0,0,163,163,163,0,0,0.492181881,0.000753445,,,,,,,,,,,,
32.48,156,156,156,156,11.79546699,0.964430851,-0.067810059,0.015258789,1,1,1,4,0.035644531,0,0,0,0,,,,,4.737679005,0.497556418,0.960538983,0,-0.496958757,-0.960848334,0,0,153,0,0,153,153,153,0,0,0.450968515,0.000753445,,,,,,,,,,,,
32.49,181,181,181,181,11.69493898,0.964421354,-0.067810059,0.015258789,1,1,1,4,0.035644531,0,0,0,0,,,,,4.724467754,0.497556418,0.960538983,0,-0.496958757,-0.960848334,0,0,176,0,0,176,176,176,0,0,0.553677626,0.000753445,,,,,,,,,,,,
32.5,156,156,156,156,11.79538024,0.964408872,-0.067810059,0.015258789,1,1,1,4,0.035644531,0,0,0,0,,,,,4.724467754,0.497556418,0.960538983,0,-0.496958757,-0.960848334,0,0,153,0,0,153,153,153,0,0,0.451034565,0.000753445,,,,,,,,,,,,
32.51,156,156,156,156,11.79539648,0.964399374,-0.067810059,0.015258789,1,1,1,4,0.035644531,0,0,0,0,,,,,4.724467754,0.497556418,0.960538983,0,-0.496958757,-0.960848334,0,0,153,0,0,153,153,153,0,0,0.450778069,0.000753445,,,,,,,,,,,,
32.52,194,194,194,194,11.63682998,0.964389876,-0.067810059,0.015258789,1,1,1,4,0.035644531,0,0,0,0,,,,,4.703329086,0.500382185,0.975906253,0,-0.499774963,-0.976217359,0.30738049,0,188,0,0,188,188,188,0,0,0.615271763,0.000753445,,,,,,,,,,,,
32.53,156,156,156,156,11.79524095,0.964375672,-0.067810059,0.015258789,1,1,1,4,0.035644531,0,0,0,0,,,,,4.703329086,0.500382185,0.975906253,0,-0.499774963,-0.976217359,0,0,153,0,0,153,153,153,0,0,0.451191982,0.000753445,,,,,,,,,,,,
32.54,171,171,171,171,11.7357306,0.964366174,-0.067810059,0.015258789,1,1,1,4,0.035644531,0,0,0,0,,,,,4.695402145,0.500382185,0.975906253,0,-0.499774963,-0.976217359,0,0,167,0,0,167,167,167,0,0,0.512717345,0.000753445,,,,,,,,,,,,
32.55,166,166,166,166,11.75321543,0.96435491,-0.067810059,0.015258789,1,1,1,4,0.035644531,0,0,0,0,,,,,4.690117359,0.500382185,0.975906253,0,-0.499774963,-0.976217359,0,0,163,0,0,163,163,163,0,0,0.492216823,0.000753445,,,,,,,,,,,,
32.56,156,156,156,156,11.79516951,0.964344166,-0.067810059,0.015258789,1,1,1,4,0.035644531,0,0,0,0,,,,,4.690117359,0.500382185,0.975906253,0,-0.499774963,-0.976217359,0,0,153,0,0,153,153,153,0,0,0.451004403,0.000753445,,,,,,,,,,,,
32.57,171,171,171,171,11.73565915,0.964334668,-0.067810059,0.015319824,1,1,1,4,0.035644531,0,0,0,0,,,,,4.682190418,0.500382185,0.975906253,0,-0.499774963,-0.976217359,0,0,167,0,0,167,167,167,0,0,0.512529542,0.000753445,,,,,,,,,,,,
32.58,156,156,156,156,11.79513152,0.964323403,-0.067810059,0.015319824,1,1,1,4,0.035644531,0,0,0,0,,,,,4.682190418,0.500382185,0.975906253,0,-0.499774963,-0.976217359,0,0,153,0,0,153,153,153,0,0,0.450840163,0.000753445,,,,,,,,,,,,
32.59,194,194,194,194,11.63656509,0.964313906,-0.067810059,0.015319824,1,1,1,4,0.035644531,0,0,0,0,,,,,4.66105175,0.500382185,0.975906253,0,-0.499774963,-0.976217359,0,0,188,0,0,188,188,188,0,0,0.615334767,0.000753445,,,,,,,,,,,,
32.6,156,156,156,156,11.79497614,0.964299701,-0.067810059,0.015319824,1,1,1,4,0.035644531,0,0,0,0,,,,,4.66105175,0.500382185,0.975906253,0,-0.499774963,-0.976217359,0,0,153,0,0,153,153,153,0,0,0.451255896,0.000753445,,,,,,,,,,,,
32.61,161,161,161,161,11.77433092,0.964290204,-0.067810059,0.015319824,1,1,1,4,0.035644531,0,0,0,0,,,,,4.658409595,0.500382185,0.975906253,0,-0.499774963,-0.976217359,0,0,158,0,0,158,158,158,0,0,0.471593535,0.000753445,,,,,,,,,,,,
32.62,166,166,166,166,11.75299682,0.964280093,-0.067825317,0.015380859,1,1,1,4,0.035644531,0,0,0,0,,,,,4.653124809,0.500382185,0.975906253,0,-0.499774963,-0.976217359,0,0,163,0,0,163,163,163,0,0,0.492050355,0.000753615,,,,,,,,,,,,
32.63,156,156,156,156,11.79495093,0.964269349,-0.067825317,0.015380859,1,1,1,4,0.035644531,0,0,0,0,,,,,4.653124809,0.500382185,0.975906253,0,-0.499774963,-0.976217359,0,0,153,0,0,153,153,153,0,0,0.450838184,0.000753615,,,,,,,,,,,,
32.64,189,189,189,189,11.6561559,0.964259851,-0.067825317,0.015380859,1,1,1,4,0.035644531,0,0,0,0,,,,,4.634628773,0.500382185,0.975906253,0,-0.499774963,-0.976217359,0,0,184,0,0,184,184,184,0,0,0.594737122,0.000753615,,,,,,,,,,,,
32.65,156,156,156,156,11.79481907,0.964246233,-0.067825317,0.015380859,1,1,1,4,0.035644531,0,0,0,0,,,,,4.634628773,0.500382185,0.975906253,0,-0.499774963,-0.976217359,0,0,153,0,0,153,153,153,0,0,0.451138822,0.000753615,,,,,,,,,,,,
32.66,185,185,185,185,11.67537027,0.964236736,-0.067825317,0.015380859,1,1,1,4,0.035644531,0,0,0,0,,,,,4.618774891,0.500382185,0.975906253,0,-0.499774963,-0.976217359,0,0,180,0,0,180,180,180,0,0,0.574446364,0.000753615,,,,,,,,,,,,
32.67,157,157,157,157,11.79063111,0.964223692,-0.067825317,0.015380859,1,1,1,4,0.035644531,0,0,0,0,,,,,4.618774891,0.500382185,0.975906253,0,-0.499774963,-0.976217359,0,0,154,0,0,154,154,154,0,0,0.451325495,0.000753615,,,,,,,,,,,,
32.68,181,181,181,181,11.69417766,0.964214073,-0.067810059,0.015380859,1,1,1,4,0.035644531,0,0,0,0,,,,,4.605563164,0.500382185,0.975906253,0,-0.499774963,-0.976217359,0,0,176,0,0,176,176,176,0,0,0.55404131,0.000753445,,,,,,,,,,,,
32.69,157,157,157,157,11.79054001,0.964201592,-0.067810059,0.015380859,1,1,1,4,0.035644531,0,0,0,0,,,,,4.605563164,0.500382185,0.975906253,0,-0.499774963,-0.976217359,0,0,154,0,0,154,154,154,0,0,0.451397542,0.000753445,,,,,,,,,,,,
32.7,171,171,171,171,11.73510418,0.964191973,-0.067810059,0.015380859,1,1,1,4,0.035644531,0,0,0,0,,,,,4.597636223,0.503087878,0.990525603,0,-0.502471561,-0.99083839,0.292420617,0,167,0,0,167,167,167,0,0,0.512925125,0.000753445,,,,,,,,,,,,
32.71,156,156,156,156,11.79457674,0.964180708,-0.067810059,0.015380859,1,1,1,4,0.035644531,0,0,0,0,,,,,4.597636223,0.503087878,0.990525603,0,-0.502471561,-0.99083839,0,0,153,0,0,153,153,153,0,0,0.451238191,0.000753445,,,,,,,,,,,,
32.72,175,175,175,175,11.71710228,0.96417121,-0.067810059,0.015380859,1,1,1,4,0.035644531,0,0,0,0,,,,,4.587067127,0.503087878,0.990525603,0,-0.502471561,-0.99083839,0,0,171,0,0,171,171,171,0,0,0.533357973,0.000753445,,,,,,,,,,,,
32.73,181,181,181,181,11.69397361,0.964159413,-0.067810059,0.015380859,1,1,1,4,0.035644531,0,0,0,0,,,,,4.5738554,0.503087878,0.990525603,0,-0.502471561,-0.99083839,0,0,176,0,0,176,176,176,0,0,0.554164136,0.000753445,,,,,,,,,,,,
32.74,166,166,166,166,11.75242765,0.964146931,-0.067810059,0.015380859,1,1,1,4,0.035644531,0,0,0,0,,,,,4.568570614,0.503087878,0.990525603,0,-0.502471561,-0.99083839,0,0,163,0,0,163,163,163,0,0,0.492709839,0.000753445,,,,,,,,,,,,
32.75,176,176,176,176,11.71233355,0.964136187,-0.067810059,0.015380859,1,1,1,4,0.035644531,0,0,0,0,,,,,4.558001518,0.503087878,0.990525603,0,-0.502471561,-0.99083839,0,0,172,0,0,172,172,172,0,0,0.533874286,0.000753445,,,,,,,,,,,,
32.76,161,161,161,161,11.77363975,0.964124254,-0.067810059,0.015380859,1,1,1,4,0.035644531,0,0,0,0,,,,,4.555358887,0.503087878,0.990525603,0,-0.502471561,-0.99083839,0,0,158,0,0,158,158,158,0,0,0.472308657,0.000753445,,,,,,,,,,,,
32.77,176,176,176,176,11.71224502,0.964114143,-0.067810059,0.015380859,1,1,1,4,0.035644531,0,0,0,0,,,,,4.544789791,0.503087878,0.990525603,0,-0.502471561,-0.99083839,0,0,172,0,0,172,172,172,0,0,0.533950205,0.000753445,,,,,,,,,,,,
32.78,181,181,181,181,11.69366863,0.96410221,-0.067810059,0.015441895,1,1,1,4,0.035644531,0,0,0,0,,,,,4.531578064,0.503087878,0.990525603,0,-0.502471561,-0.99083839,0,0,176,0,0,176,176,176,0,0,0.554758527,0.000753445,,,,,,,,,,,,
32.79,157,157,157,157,11.7900312,0.964089729,-0.067810059,0.015441895,1,1,1,4,0.035644531,0,0,0,0,,,,,4.531578064,0.503087878,0.990525603,0,-0.502471561,-0.99083839,0,0,154,0,0,154,154,154,0,0,0.452117757,0.000753445,,,,,,,,,,,,
32.8,157,157,157,157,11.79004307,0.96408011,-0.067810059,0.015441895,1,1,1,4,0.035644531,0,0,0,0,,,,,4.531578064,0.503087878,0.990525603,0,-0.502471561,-0.99083839,0,0,154,0,0,154,154,154,0,0,0.451867247,0.000753445,,,,,,,,,,,,
32.81,185,185,185,185,11.67466889,0.964070491,-0.067810059,0.015441895,1,1,1,4,0.035644531,0,0,0,0,,,,,4.515724182,0.503087878,0.990525603,0,-0.502471561,-0.99083839,0,0,180,0,0,180,180,180,0,0,0.575178295,0.000753445,,,,,,,,,,,,
32.82,157,157,157,157,11.78993001,0.964057448,-0.067810059,0.015441895,1,1,1,4,0.035644531,0,0,0,0,,,,,4.515724182,0.503087878,0.990525603,0,-0.502471561,-0.99083839,0,0,154,0,0,154,154,154,0,0,0.452060932,0.000753445,,,,,,,,,,,,
32.83,181,181,181,181,11.69347686,0.964047829,-0.067810059,0.015441895,1,1,1,4,0.035644531,0,0,0,0,,,,,4.502512455,0.503087878,0.990525603,0,-0.502471561,-0.99083839,0,0,176,0,0,176,176,176,0,0,0.554780254,0.000753445,,,,,,,,,,,,
32.84,176,176,176,176,11.71187021,0.964035347,-0.067825317,0.01550293,1,1,1,4,0.035644531,0,0,0,0,,,,,4.491943359,0.503087878,0.990525603,0,-0.502471561,-0.99083839,0,0,172,0,0,172,172,172,0,0,0.534513541,0.000753615,,,,,,,,,,,,
32.85,157,157,157,157,11.78975904,0.964023414,-0.067825317,0.01550293,1,1,1,4,0.035644531,0,0,0,0,,,,,4.491943359,0.503087878,0.990525603,0,-0.502471561,-0.99083839,0,0,154,0,0,154,154,154,0,0,0.45235437,0.000753615,,,,,,,,,,,,
32.86,171,171,171,171,11.73432355,0.964013795,-0.067825317,0.01550293,1,1,1,4,0.035644531,0,0,0,0,,,,,4.484016418,0.503087878,0.990525603,0,-0.502471561,-0.99083839,0,0,167,0,0,167,167,167,0,0,0.513886156,0.000753615,,,,,,,,,,,,
32.87,176,176,176,176,11.71174801,0.964002531,-0.067825317,0.01550293,1,1,1,4,0.035644531,0,0,0,0,,,,,4.473447323,0.503087878,0.990525603,0,-0.502471561,-0.99083839,0,0,172,0,0,172,172,172,0,0,0.534576973,0.000753615,,,,,,,,,,,,
32.88,157,157,157,157,11.78963688,0.963990598,-0.067825317,0.01550293,1,1,1,4,0.035644531,0,0,0,0,,,,,4.473447323,0.503087878,0.990525603,0,-0.502471561,-0.99083839,0,0,154,0,0,154,154,154,0,0,0.452418239,0.000753615,,,,,,,,,,,,
32.89,181,181,181,181,11.69318385,0.963980979,-0.067825317,0.01550293,1,1,1,4,0.035644531,0,0,0,0,,,,,4.460235596,0.503087878,0.990525603,0,-0.502471561,-0.99083839,0,0,176,0,0,176,176,176,0,0,0.555139095,0.000753615,,,,,,,,,,,,
32.9,157,157,157,157,11.7895466,0.963968497,-0.067825317,0.01550293,1,1,1,4,0.035644531,0,0,0,0,,,,,4.460235596,0.503087878,0.990525603,0,-0.502471561,-0.99083839,0,0,154,0,0,154,154,154,0,0,0.452500367,0.000753615,,,,,,,,,,,,
32.91,181,181,181,181,11.69309361,0.963958878,-0.067810059,0.01550293,1,1,1,4,0.035644531,0,0,0,0,,,,,4.447023869,0.505948365,1.005876541,0,-0.505322497,-1.006191104,0.307054288,0,176,0,0,176,176,176,0,0,0.555221625,0.000753445,,,,,,,,,,,,
32.92,157,157,157,157,11.78945639,0.963946397,-0.067810059,0.01550293,1,1,1,4,0.035644531,0,0,0,0,,,,,4.447023869,0.505948365,1.005876541,0,-0.505322497,-1.006191104,0,0,154,0,0,154,154,154,0,0,0.452583299,0.000753445,,,,,,,,,,,,
32.93,189,189,189,189,11.65473631,0.963936778,-0.067810059,0.01550293,1,1,1,4,0.035644531,0,0,0,0,,,,,4.428527832,0.505948365,1.005876541,0,-0.505322497,-1.006191104,0,0,184,0,0,184,184,184,0,0,0.596489874,0.000753445,,,,,,,,,,,,
32.94,157,157,157,157,11.78932092,0.96392316,-0.067810059,0.01550293,1,1,1,4,0.035644531,0,0,0,0,,,,,4.428527832,0.505948365,1.005876541,0,-0.505322497,-1.006191104,0,0,154,0,0,154,154,154,0,0,0.452899212,0.000753445,,,,,,,,,,,,
32.95,185,185,185,185,11.67394707,0.963913541,-0.067810059,0.01550293,1,1,1,4,0.035644531,0,0,0,0,,,,,4.41267395,0.505948365,1.005876541,0,-0.505322497,-1.006191104,0,0,180,0,0,180,180,180,0,0,0.576214391,0.000753445,,,,,,,,,,,,
32.96,157,157,157,157,11.78920852,0.963900498,-0.067810059,0.01550293,1,1,1,4,0.035644531,0,0,0,0,,,,,4.41267395,0.505948365,1.005876541,0,-0.505322497,-1.006191104,0,0,154,0,0,154,154,154,0,0,0.45310116,0.000753445,,,,,,,,,,,,
32.97,157,157,157,157,11.78922075,0.963890879,-0.067810059,0.01550293,1,1,1,4,0.035644531,0,0,0,0,,,,,4.41267395,0.505948365,1.005876541,0,-0.505322497,-1.006191104,0,0,154,0,0,154,154,154,0,0,0.452854889,0.000753445,,,,,,,,,,,,
32.98,198,198,198,198,11.61453287,0.96388126,-0.067810059,0.01550293,1,1,1,4,0.035644531,0,0,0,0,,,,,4.388893127,0.505948365,1.005876541,0,-0.505322497,-1.006191104,0,0,192,0,0,192,192,192,0,0,0.637951266,0.000753445,,,,,,,,,,,,
32.99,157,157,157,157,11.78903811,0.963866457,-0.067810059,0.01550293,1,1,1,4,0.035644531,0,0,0,0,,,,,4.388893127,0.505948365,1.005876541,0,-0.505322497,-1.006191104,0,0,154,0,0,154,154,154,0,0,0.45340534,0.000753445,,,,,,,,,,,,
33,157,157,157,157,11.78905042,0.963856838,-0.067810059,0.01550293,1,1,1,4,0.035644531,0,0,0,0,,,,,4.388893127,0.505948365,1.005876541,0,-0.505322497,-1.006191104,0,0,154,0,0,154,154,154,0,0,0.453160166,0.000753445,,,,,,,,,,,,
33.01,189,189,189,189,11.65433052,0.963847219,-0.067810059,0.015563965,1,1,1,4,0.035644531,0,0,0,0,,,,,4.370396614,0.505948365,1.005876541,0,-0.505322497,-1.006191104,0,0,184,0,0,184,184,184,0,0,0.597072724,0.000753445,,,,,,,,,,,,
33.02,157,157,157,157,11.78891531,0.963833602,-0.067810059,0.015563965,1,1,1,4,0.035644531,0,0,0,0,,,,,4.370396614,0.505948365,1.005876541,0,-0.505322497,-1.006191104,0,0,154,0,0,154,154,154,0,0,0.453480633,0.000753445,,,,,,,,,,,,
33.03,181,181,181,181,11.69246261,0.963823983,-0.067810059,0.015563965,1,1,1,4,0.035644531,0,0,0,0,,,,,4.357184887,0.505948365,1.005876541,0,-0.505322497,-1.006191104,0,0,176,0,0,176,176,176,0,0,0.55620562,0.000753445,,,,,,,,,,,,
33.04,157,157,157,157,11.78882569,0.963811501,-0.067810059,0.015563965,1,1,1,4,0.035644531,0,0,0,0,,,,,4.357184887,0.505948365,1.005876541,0,-0.505322497,-1.006191104,0,0,154,0,0,154,154,154,0,0,0.453571024,0.000753445,,,,,,,,,,,,
33.05,200,200,200,200,11.60902244,0.963801882,-0.067810059,0.015563965,1,1,1,4,0.035644531,0,0,0,0,,,,,4.333404064,0.505948365,1.005876541,0,-0.505322497,-1.006191104,0,0,193,0,0,193,193,193,0,0,0.638669962,0.000753445,,,,,,,,,,,,
33.06,157,157,157,157,11.78863739,0.963786927,-0.067810059,0.015563965,1,1,1,4,0.035644531,0,0,0,0,,,,,4.333404064,0.505948365,1.005876541,0,-0.505322497,-1.006191104,0,0,154,0,0,154,154,154,0,0,0.454126598,0.000753445,,,,,,,,,,,,
33.07,191,191,191,191,11.64901475,0.963777308,-0.067825317,0.015625,1,1,1,4,0.035644531,0,0,0,0,,,,,4.314908028,0.505948365,1.005876541,0,-0.505322497,-1.006191104,0,0,185,0,0,185,185,185,0,0,0.598038626,0.000753615,,,,,,,,,,,,
33.08,157,157,157,157,11.78849695,0.963763545,-0.067825317,0.015625,1,1,1,4,0.035644531,0,0,0,0,,,,,4.314908028,0.505948365,1.005876541,0,-0.505322497,-1.006191104,0,0,154,0,0,154,154,154,0,0,0.454453417,0.000753615,,,,,,,,,,,,
33.09,157,157,157,157,11.78850954,0.963753926,-0.067825317,0.015625,1,1,1,4,0.035644531,0,0,0,0,,,,,4.314908028,0.505948365,1.005876541,0,-0.505322497,-1.006191104,0,0,154,0,0,154,154,154,0,0,0.454211866,0.000753615,,,,,,,,,,,,
33.1,181,181,181,181,11.69205705,0.963744307,-0.067825317,0.015625,1,1,1,4,0.035644531,0,0,0,0,,,,,4.301696301,0.50869292,1.020505309,0,-0.508057951,-1.020821577,0.292609451,0,176,0,0,176,176,176,0,0,0.556939414,0.000753615,,,,,,,,,,,,
33.11,157,157,157,157,11.78842034,0.963731825,-0.067825317,0.015625,1,1,1,4,0.035644531,0,0,0,0,,,,,4.301696301,0.50869292,1.020505309,0,-0.508057951,-1.020821577,0,0,154,0,0,154,154,154,0,0,0.454307379,0.000753615,,,,,,,,,,,,
33.12,200,200,200,200,11.60861729,0.963722206,-0.067825317,0.015625,1,1,1,4,0.035644531,0,0,0,0,,,,,4.277915478,0.50869292,1.020505309,0,-0.508057951,-1.020821577,0,0,193,0,0,193,193,193,0,0,0.639408878,0.000753615,,,,,,,,,,,,
33.13,157,157,157,157,11.78823245,0.963707251,-0.067825317,0.015625,1,1,1,4,0.035644531,0,0,0,0,,,,,4.277915478,0.50869292,1.020505309,0,-0.508057951,-1.020821577,0,0,154,0,0,154,154,154,0,0,0.454868075,0.000753615,,,,,,,,,,,,
33.14,204,204,204,204,11.5877015,0.963697632,-0.067810059,0.015625,1,1,1,4,0.035644531,0,0,0,0,,,,,4.248849869,0.50869292,1.020505309,0,-0.508057951,-1.020821577,0,0,197,0,0,197,197,197,0,0,0.66,0.000753445,,,,,,,,,,,,
33.15,157,157,157,157,11.78802025,0.963682062,-0.067810059,0.015625,1,1,1,4,0.035644531,0,0,0,0,,,,,4.248849869,0.50869292,1.020505309,0,-0.508057951,-1.020821577,0,0,154,0,0,154,154,154,0,0,0.455664416,0.000753445,,,,,,,,,,,,
33.16,182,182,182,182,11.68687769,0.963672443,-0.067810059,0.015625,1,1,1,4,0.035644531,0,0,0,0,,,,,4.235638618,0.50869292,1.020505309,0,-0.508057951,-1.020821577,0,0,177,0,0,177,177,177,0,0,0.558392755,0.000753445,,,,,,,,,,,,
33.17,158,158,158,158,11.78382036,0.963659822,-0.067810059,0.015625,1,1,1,4,0.035644531,0,0,0,0,,,,,4.235638618,0.50869292,1.020505309,0,-0.508057951,-1.020821577,0,0,155,0,0,155,155,155,0,0,0.455768923,0.000753445,,,,,,,,,,,,
33.18,191,191,191,191,11.64829899,0.963650081,-0.067810059,0.015625,1,1,1,4,0.035644531,0,0,0,0,,,,,4.217142105,0.50869292,1.020505309,0,-0.508057951,-1.020821577,0,0,185,0,0,185,185,185,0,0,0.599690013,0.000753445,,,,,,,,,,,,
33.19,158,158,158,158,11.78367585,0.963636318,-0.067810059,0.015625,1,1,1,4,0.035644531,0,0,0,0,,,,,4.217142105,0.50869292,1.020505309,0,-0.508057951,-1.020821577,0,0,155,0,0,155,155,155,0,0,0.456106454,0.000753445,,,,,,,,,,,,
33.2,158,158,158,158,11.78368397,0.963626577,-0.067810059,0.015625,1,1,1,4,0.035644531,0,0,0,0,,,,,4.217142105,0.50869292,1.020505309,0,-0.508057951,-1.020821577,0,0,155,0,0,155,155,155,0,0,0.455870248,0.000753445,,,,,,,,,,,,
33.21,157,157,157,157,11.78779781,0.963616837,-0.067810059,0.015625,1,1,1,4,0.035644531,0,0,0,0,,,,,4.217142105,0.50869292,1.020505309,0,-0.508057951,-1.020821577,0,0,154,0,0,154,154,154,0,0,0.455633418,0.000753445,,,,,,,,,,,,
33.22,204,204,204,204,11.58726707,0.963607218,-0.067810059,0.015625,1,1,1,4,0.035644531,0,0,0,0,,,,,4.188076496,0.50869292,1.020505309,0,-0.508057951,-1.020821577,0,0,197,0,0,197,197,197,0,0,0.66,0.000753445,,,,,,,,,,,,
33.23,158,158,158,158,11.78348029,0.963591647,-0.067810059,0.015625,1,1,1,4,0.035644531,0,0,0,0,,,,,4.188076496,0.50869292,1.020505309,0,-0.508057951,-1.020821577,0,0,155,0,0,155,155,155,0,0,0.456434953,0.000753445,,,,,,,,,,,,
33.24,204,204,204,204,11.58705058,0.963581907,-0.067810059,0.015686035,1,1,1,4,0.035644531,0,0,0,0,,,,,4.159010887,0.50869292,1.020505309,0,-0.508057951,-1.020821577,0,0,197,0,0,197,197,197,0,0,0.66,0.000753445,,,,,,,,,,,,
33.25,158,158,158,158,11.78326395,0.963566336,-0.067810059,0.015686035,1,1,1,4,0.035644531,0,0,0,0,,,,,4.159010887,0.50869292,1.020505309,0,-0.508057951,-1.020821577,0,0,155,0,0,155,155,155,0,0,0.457241254,0.000753445,,,,,,,,,,,,
33.26,158,158,158,158,11.78327232,0.963556595,-0.067810059,0.015686035,1,1,1,4,0.035644531,0,0,0,0,,,,,4.159010887,0.50869292,1.020505309,0,-0.508057951,-1.020821577,0,0,155,0,0,155,155,155,0,0,0.457008565,0.000753445,,,,,,,,,,,,
33.27,204,204,204,204,11.58684272,0.963546855,-0.067810059,0.015686035,1,1,1,4,0.035644531,0,0,0,0,,,,,4.13258791,0.50869292,1.020505309,0,-0.508057951,-1.020821577,0,0,197,0,0,197,197,197,0,0,0.66,0.000753445,,,,,,,,,,,,
33.28,158,158,158,158,11.78305622,0.963531284,-0.067810059,0.015686035,1,1,1,4,0.035644531,0,0,0,0,,,,,4.13258791,0.50869292,1.020505309,0,-0.508057951,-1.020821577,0,0,155,0,0,155,155,155,0,0,0.457702272,0.000753445,,,,,,,,,,,,
33.29,158,158,158,158,11.7830647,0.963521543,-0.067810059,0.015686035,1,1,1,4,0.035644531,0,0,0,0,,,,,4.13258791,0.50869292,1.020505309,0,-0.508057951,-1.020821577,0,0,155,0,0,155,155,155,0,0,0.457471011,0.000753445,,,,,,,,,,,,
33.3,158,158,158,158,11.78307315,0.963511802,-0.067810059,0.015686035,1,1,1,4,0.035644531,0,0,0,0,,,,,4.13258791,0.50869292,1.020505309,0,-0.508057951,-1.020821577,0,0,155,0,0,155,155,155,0,0,0.457239125,0.000753445,,,,,,,,,,,,
33.31,204,204,204,204,11.58664365,0.963502062,-0.067810059,0.01574707,1,1,1,4,0.035644531,0,0,0,0,,,,,4.092953205,0.511589766,1.035846829,0,-0.510945251,-1.036164896,0.30686639,0,197,0,0,197,197,197,0,0,0.66,0.000753445,,,,,,,,,,,,
33.32,158,158,158,158,11.78285723,0.963486491,-0.067810059,0.01574707,1,1,1,4,0.035644531,0,0,0,0,,,,,4.092953205,0.511589766,1.035846829,0,-0.510945251,-1.036164896,0,0,155,0,0,155,155,155,0,0,0.458514928,0.000753445,,,,,,,,,,,,
33.33,158,158,158,158,11.7828658,0.96347675,-0.067810059,0.01574707,1,1,1,4,0.035644531,0,0,0,0,,,,,4.092953205,0.511589766,1.035846829,0,-0.510945251,-1.036164896,0,0,155,0,0,155,155,155,0,0,0.458286121,0.000753445,,,,,,,,,,,,
33.34,204,204,204,204,11.58643642,0.96346701,-0.067825317,0.01574707,1,1,1,4,0.035644531,0,0,0,0,,,,,4.061245441,0.511589766,1.035846829,0,-0.510945251,-1.036164896,0,0,197,0,0,197,197,197,0,0,0.66,0.000753615,,,,,,,,,,,,
33.35,158,158,158,158,11.78265012,0.963451439,-0.067825317,0.01574707,1,1,1,4,0.035644531,0,0,0,0,,,,,4.061245441,0.511589766,1.035846829,0,-0.510945251,-1.036164896,0,0,155,0,0,155,155,155,0,0,0.459219793,0.000753615,,,,,,,,,,,,
33.36,204,204,204,204,11.58622088,0.963441698,-0.067825317,0.01574707,1,1,1,4,0.035644531,0,0,0,0,,,,,4.032179832,0.511589766,1.035846829,0,-0.510945251,-1.036164896,0,0,197,0,0,197,197,197,0,0,0.66,0.000753615,,,,,,,,,,,,
33.37,158,158,158,158,11.78243473,0.963426128,-0.067825317,0.01574707,1,1,1,4,0.035644531,0,0,0,0,,,,,4.032179832,0.511589766,1.035846829,0,-0.510945251,-1.036164896,0,0,155,0,0,155,155,155,0,0,0.460042802,0.000753615,,,,,,,,,,,,
33.38,158,158,158,158,11.78244358,0.963416387,-0.067825317,0.01574707,1,1,1,4,0.035644531,0,0,0,0,,,,,4.032179832,0.511589766,1.035846829,0,-0.510945251,-1.036164896,0,0,155,0,0,155,155,155,0,0,0.459818467,0.000753615,,,,,,,,,,,,
33.39,201,201,201,201,11.60160035,0.963406646,-0.067825317,0.01574707,1,1,1,4,0.035644531,0,0,0,0,,,,,4.00839901,0.511589766,1.035846829,0,-0.510945251,-1.036164896,0,0,194,0,0,194,194,194,0,0,0.64493678,0.000753615,,,,,,,,,,,,
33.4,159,159,159,159,11.77811458,0.963391539,-0.067825317,0.01574707,1,1,1,4,0.035644531,0,0,0,0,,,,,4.00839901,0.511589766,1.035846829,0,-0.510945251,-1.036164896,0,0,156,0,0,156,156,156,0,0,0.460412792,0.000753615,,,,,,,,,,,,
33.41,159,159,159,159,11.77811863,0.963381675,-0.067825317,0.01574707,1,1,1,4,0.035644531,0,0,0,0,,,,,4.00839901,0.511589766,1.035846829,0,-0.510945251,-1.036164896,0,0,156,0,0,156,156,156,0,0,0.460189554,0.000753615,,,,,,,,,,,,
33.42,204,204,204,204,11.58581704,0.963371812,-0.067810059,0.01574707,1,1,1,4,0.035644531,0,0,0,0,,,,,3.966121674,0.511589766,1.035846829,0,-0.510945251,-1.036164896,0,0,197,0,0,197,197,197,0,0,0.66,0.000753445,,,,,,,,,,,,
33.43,159,159,159,159,11.77789881,0.963356241,-0.067810059,0.01574707,1,1,1,4,0.035644531,0,0,0,0,,,,,3.966121674,0.511589766,1.035846829,0,-0.510945251,-1.036164896,0,0,156,0,0,156,156,156,0,0,0.461598765,0.000753445,,,,,,,,,,,,
33.44,159,159,159,159,11.77790298,0.963346378,-0.067810059,0.01574707,1,1,1,4,0.035644531,0,0,0,0,,,,,3.966121674,0.511589766,1.035846829,0,-0.510945251,-1.036164896,0,0,156,0,0,156,156,156,0,0,0.461378937,0.000753445,,,,,,,,,,,,
33.45,204,204,204,204,11.58560152,0.963336514,-0.067810059,0.01574707,1,1,1,4,0.035644531,0,0,0,0,,,,,3.93441391,0.511589766,1.035846829,0,-0.510945251,-1.036164896,0,0,197,0,0,197,197,197,0,0,0.66,0.000753445,,,,,,,,,,,,
33.46,159,159,159,159,11.77768341,0.963320944,-0.067810059,0.01574707,1,1,1,4,0.035644531,0,0,0,0,,,,,3.93441391,0.511589766,1.035846829,0,-0.510945251,-1.036164896,0,0,156,0,0,156,156,156,0,0,0.462330567,0.000753445,,,,,,,,,,,,
33.47,192,192,192,192,11.64136107,0.963311081,-0.067810059,0.015808105,1,1,1,4,0.035644531,0,0,0,0,,,,,3.915917635,0.514363289,1.050440073,0,-0.513709695,-1.050759863,0.291899324,0,186,0,0,186,186,186,0,0,0.606269326,0.000753445,,,,,,,,,,,,
33.48,159,159,159,159,11.77753048,0.963297171,-0.067810059,0.015808105,1,1,1,4,0.035644531,0,0,0,0,,,,,3.915917635,0.514363289,1.050440073,0,-0.513709695,-1.050759863,0,0,156,0,0,156,156,156,0,0,0.462707143,0.000753445,,,,,,,,,,,,
33.49,159,159,159,159,11.77753487,0.963287308,-0.067810059,0.015808105,1,1,1,4,0.035644531,0,0,0,0,,,,,3.915917635,0.514363289,1.050440073,0,-0.513709695,-1.050759863,0,0,156,0,0,156,156,156,0,0,0.462490466,0.000753445,,,,,,,,,,,,
33.5,204,204,204,204,11.58523364,0.963277445,-0.067810059,0.015808105,1,1,1,4,0.035644531,0,0,0,0,,,,,3.881567478,0.514363289,1.050440073,0,-0.513709695,-1.050759863,0,0,197,0,0,197,197,197,0,0,0.66,0.000753445,,,,,,,,,,,,
33.51,159,159,159,159,11.77731575,0.963261874,-0.067810059,0.015808105,1,1,1,4,0.035644531,0,0,0,0,,,,,3.881567478,0.514363289,1.050440073,0,-0.513709695,-1.050759863,0,0,156,0,0,156,156,156,0,0,0.463564497,0.000753445,,,,,,,,,,,,
33.52,159,159,159,159,11.77732027,0.963252011,-0.067810059,0.015808105,1,1,1,4,0.035644531,0,0,0,0,,,,,3.881567478,0.514363289,1.050440073,0,-0.513709695,-1.050759863,0,0,156,0,0,156,156,156,0,0,0.463350238,0.000753445,,,,,,,,,,,,
33.53,204,204,204,204,11.58501916,0.963242147,-0.067810059,0.015869141,1,1,1,4,0.035644531,0,0,0,0,,,,,3.844575167,0.514363289,1.050440073,0,-0.513709695,-1.050759863,0,0,197,0,0,197,197,197,0,0,0.66,0.000753445,,,,,,,,,,,,
33.54,159,159,159,159,11.77710139,0.963226577,-0.067810059,0.015869141,1,1,1,4,0.035644531,0,0,0,0,,,,,3.844575167,0.514363289,1.050440073,0,-0.513709695,-1.050759863,0,0,156,0,0,156,156,156,0,0,0.464545196,0.000753445,,,,,,,,,,,,
33.55,159,159,159,159,11.77710604,0.963216713,-0.067810059,0.015869141,1,1,1,4,0.035644531,0,0,0,0,,,,,3.844575167,0.514363289,1.050440073,0,-0.513709695,-1.050759863,0,0,156,0,0,156,156,156,0,0,0.464333687,0.000753445,,,,,,,,,,,,
33.56,204,204,204,204,11.58480506,0.96320685,-0.067810059,0.015869141,1,1,1,4,0.035644531,0,0,0,0,,,,,3.812867165,0.514363289,1.050440073,0,-0.513709695,-1.050759863,0,0,197,0,0,197,197,197,0,0,0.66,0.000753445,,,,,,,,,,,,
33.57,160,160,160,160,11.77272852,0.96319128,-0.067810059,0.015869141,1,1,1,4,0.035644531,0,0,0,0,,,,,3.812867165,0.514363289,1.050440073,0,-0.513709695,-1.050759863,0,0,157,0,0,157,157,157,0,0,0.465301963,0.000753445,,,,,,,,,,,,
33.58,160,160,160,160,11.77272837,0.963181293,-0.067810059,0.015869141,1,1,1,4,0.035644531,0,0,0,0,,,,,3.812867165,0.514363289,1.050440073,0,-0.513709695,-1.050759863,0,0,157,0,0,157,157,157,0,0,0.465092542,0.000753445,,,,,,,,,,,,
33.59,160,160,160,160,11.77272819,0.963171306,-0.067810059,0.015869141,1,1,1,4,0.035644531,0,0,0,0,,,,,3.812867165,0.514363289,1.050440073,0,-0.513709695,-1.050759863,0,0,157,0,0,157,157,157,0,0,0.464882496,0.000753445,,,,,,,,,,,,
33.6,160,160,160,160,11.77272799,0.963161319,-0.067810059,0.015869141,1,1,1,4,0.035644531,0,0,0,0,,,,,3.812867165,0.514363289,1.050440073,0,-0.513709695,-1.050759863,0,0,157,0,0,157,157,157,0,0,0.464671825,0.000753445,,,,,,,,,,,,
33.61,204,204,204,204,11.58458105,0.963151332,-0.067825317,0.015869141,1,1,1,4,0.035644531,0,0,0,0,,,,,3.741524696,0.514363289,1.050440073,0,-0.513709695,-1.050759863,0,0,197,0,0,197,197,197,0,0,0.66,0.000753615,,,,,,,,,,,,
33.62,160,160,160,160,11.77250461,0.963135762,-0.067825317,0.015869141,1,1,1,4,0.035644531,0,0,0,0,,,,,3.741524696,0.514363289,1.050440073,0,-0.513709695,-1.050759863,0,0,157,0,0,157,157,157,0,0,0.467383218,0.000753615,,,,,,,,,,,,
33.63,184,184,184,184,11.67428558,0.963125775,-0.067825317,0.015869141,1,1,1,4,0.035644531,0,0,0,0,,,,,3.728312969,0.514363289,1.050440073,0,-0.513709695,-1.050759863,0,0,179,0,0,179,179,179,0,0,0.570149314,0.000753615,,,,,,,,,,,,
33.64,202,202,202,202,11.59465853,0.963112873,-0.067825317,0.015869141,1,1,1,4,0.035644531,0,0,0,0,,,,,3.704532146,0.514363289,1.050440073,0,-0.513709695,-1.050759863,0,0,195,0,0,195,195,195,0,0,0.652899101,0.000753615,,,,,,,,,,,,
33.65,160,160,160,160,11.77217751,0.963097612,-0.067825317,0.015869141,1,1,1,4,0.035644531,0,0,0,0,,,,,3.704532146,0.514363289,1.050440073,0,-0.513709695,-1.050759863,0,0,157,0,0,157,157,157,0,0,0.468397471,0.000753615,,,,,,,,,,,,
33.66,202,202,202,202,11.59444812,0.963087625,-0.067825317,0.015869141,1,1,1,4,0.035644531,0,0,0,0,,,,,3.680751324,0.514363289,1.050440073,0,-0.513709695,-1.050759863,0,0,195,0,0,195,195,195,0,0,0.653539865,0.000753615,,,,,,,,,,,,
33.67,160,160,160,160,11.77196725,0.963072364,-0.067825317,0.015869141,1,1,1,4,0.035644531,0,0,0,0,,,,,3.680751324,0.514363289,1.050440073,0,-0.513709695,-1.050759863,0,0,157,0,0,157,157,157,0,0,0.469039958,0.000753615,,,,,,,,,,,,
33.68,160,160,160,160,11.77196756,0.963062377,-0.067825317,0.015869141,1,1,1,4,0.035644531,0,0,0,0,,,,,3.680751324,0.514363289,1.050440073,0,-0.513709695,-1.050759863,0,0,157,0,0,157,157,157,0,0,0.468840801,0.000753615,,,,,,,,,,,,
33.69,204,204,204,204,11.58382113,0.96305239,-0.067825317,0.015930176,1,1,1,4,0.035644531,0,0,0,0,,,,,3.643758774,0.517291903,1.065748453,0,-0.516628786,-1.066070062,0.306203982,0,197,0,0,197,197,197,0,0,0.66,0.000753615,,,,,,,,,,,,
33.7,161,161,161,161,11.76755973,0.96303682,-0.067825317,0.015930176,1,1,1,4,0.035644531,0,0,0,0,,,,,3.643758774,0.517291903,1.065748453,0,-0.516628786,-1.066070062,0,0,158,0,0,158,158,158,0,0,0.470065973,0.000753615,,,,,,,,,,,,
33.71,204,204,204,204,11.58359397,0.963026709,-0.067825317,0.015930176,1,1,1,4,0.035644531,0,0,0,0,,,,,3.614693165,0.517291903,1.065748453,0,-0.516628786,-1.066070062,0,0,197,0,0,197,197,197,0,0,0.66,0.000753615,,,,,,,,,,,,
33.72,161,161,161,161,11.76733273,0.963011138,-0.067825317,0.015930176,1,1,1,4,0.035644531,0,0,0,0,,,,,3.614693165,0.517291903,1.065748453,0,-0.516628786,-1.066070062,0,0,158,0,0,158,158,158,0,0,0.470949604,0.000753615,,,,,,,,,,,,
33.73,204,204,204,204,11.58336713,0.963001027,-0.067810059,0.015930176,1,1,1,4,0.035644531,0,0,0,0,,,,,3.577700853,0.517291903,1.065748453,0,-0.516628786,-1.066070062,0,0,197,0,0,197,197,197,0,0,0.66,0.000753445,,,,,,,,,,,,
33.74,161,161,161,161,11.76710606,0.962985457,-0.067810059,0.015930176,1,1,1,4,0.035644531,0,0,0,0,,,,,3.577700853,0.517291903,1.065748453,0,-0.516628786,-1.066070062,0,0,158,0,0,158,158,158,0,0,0.47218628,0.000753445,,,,,,,,,,,,
33.75,161,161,161,161,11.76710187,0.962975346,-0.067810059,0.015930176,1,1,1,4,0.035644531,0,0,0,0,,,,,3.577700853,0.517291903,1.065748453,0,-0.516628786,-1.066070062,0,0,158,0,0,158,158,158,0,0,0.47199563,0.000753445,,,,,,,,,,,,
33.76,204,204,204,204,11.58313641,0.962965234,-0.067810059,0.015991211,1,1,1,4,0.035644531,0,0,0,0,,,,,3.540708303,0.517291903,1.065748453,0,-0.516628786,-1.066070062,0,0,197,0,0,197,197,197,0,0,0.66,0.000753445,,,,,,,,,,,,
33.77,161,161,161,161,11.76687548,0.962949664,-0.067810059,0.015991211,1,1,1,4,0.035644531,0,0,0,0,,,,,3.540708303,0.517291903,1.065748453,0,-0.516628786,-1.066070062,0,0,158,0,0,158,158,158,0,0,0.473237815,0.000753445,,,,,,,,,,,,
33.78,203,203,203,203,11.58813205,0.962939553,-0.067810059,0.015991211,1,1,1,4,0.035644531,0,0,0,0,,,,,3.516927481,0.517291903,1.065748453,0,-0.516628786,-1.066070062,0,0,196,0,0,196,196,196,0,0,0.658393188,0.000753445,,,,,,,,,,,,
33.79,162,162,162,162,11.76244356,0.962924137,-0.067810059,0.015991211,1,1,1,4,0.035644531,0,0,0,0,,,,,3.516927481,0.517291903,1.065748453,0,-0.516628786,-1.066070062,0,0,159,0,0,159,159,159,0,0,0.473906258,0.000753445,,,,,,,,,,,,
33.8,162,162,162,162,11.76243468,0.962913901,-0.067810059,0.015991211,1,1,1,4,0.035644531,0,0,0,0,,,,,3.516927481,0.517291903,1.065748453,0,-0.516628786,-1.066070062,0,0,159,0,0,159,159,159,0,0,0.47372008,0.000753445,,,,,,,,,,,,
33.81,204,204,204,204,11.58267657,0.962903665,-0.067810059,0.015991211,1,1,1,4,0.035644531,0,0,0,0,,,,,3.474650383,0.517291903,1.065748453,0,-0.516628786,-1.066070062,0,0,197,0,0,197,197,197,0,0,0.66,0.000753445,,,,,,,,,,,,
33.82,162,162,162,162,11.7622039,0.962888095,-0.067810059,0.015991211,1,1,1,4,0.035644531,0,0,0,0,,,,,3.474650383,0.517291903,1.065748453,0,-0.516628786,-1.066070062,0,0,159,0,0,159,159,159,0,0,0.475203398,0.000753445,,,,,,,,,,,,
33.83,162,162,162,162,11.76219517,0.962877859,-0.067810059,0.015991211,1,1,1,4,0.035644531,0,0,0,0,,,,,3.474650383,0.517291903,1.065748453,0,-0.516628786,-1.066070062,0,0,159,0,0,159,159,159,0,0,0.475020629,0.000753445,,,,,,,,,,,,
33.84,204,204,204,204,11.58243722,0.962867623,-0.067810059,0.015991211,1,1,1,4,0.035644531,0,0,0,0,,,,,3.437657833,0.517291903,1.065748453,0,-0.516628786,-1.066070062,0,0,197,0,0,197,197,197,0,0,0.66,0.000753445,,,,,,,,,,,,
33.85,162,162,162,162,11.7619647,0.962852052,-0.067810059,0.015991211,1,1,1,4,0.035644531,0,0,0,0,,,,,3.437657833,0.517291903,1.065748453,0,-0.516628786,-1.066070062,0,0,159,0,0,159,159,159,0,0,0.476278576,0.000753445,,,,,,,,,,,,
33.86,204,204,204,204,11.58220691,0.962841816,-0.067810059,0.015991211,1,1,1,4,0.035644531,0,0,0,0,,,,,3.395380735,0.520238757,1.08104825,0,-0.519566121,-1.081371689,0.306032548,0,197,0,0,197,197,197,0,0,0.66,0.000753445,,,,,,,,,,,,
33.87,162,162,162,162,11.76173455,0.962826246,-0.067810059,0.015991211,1,1,1,4,0.035644531,0,0,0,0,,,,,3.395380735,0.520238757,1.08104825,0,-0.519566121,-1.081371689,0,0,159,0,0,159,159,159,0,0,0.477775462,0.000753445,,,,,,,,,,,,
33.88,204,204,204,204,11.58197693,0.96281601,-0.067810059,0.015991211,1,1,1,4,0.035644531,0,0,0,0,,,,,3.371599913,0.520238757,1.08104825,0,-0.519566121,-1.081371689,0,0,197,0,0,197,197,197,0,0,0.66,0.000753445,,,,,,,,,,,,
33.89,163,163,163,163,11.75726613,0.962800439,-0.067810059,0.015991211,1,1,1,4,0.035644531,0,0,0,0,,,,,3.371599913,0.520238757,1.08104825,0,-0.519566121,-1.081371689,0,0,160,0,0,160,160,160,0,0,0.478467737,0.000753445,,,,,,,,,,,,
33.9,163,163,163,163,11.75725285,0.962790077,-0.067810059,0.015991211,1,1,1,4,0.035644531,0,0,0,0,,,,,3.371599913,0.520238757,1.08104825,0,-0.519566121,-1.081371689,0,0,160,0,0,160,160,160,0,0,0.478293474,0.000753445,,,,,,,,,,,,
33.91,204,204,204,204,11.58172897,0.962779716,-0.067810059,0.015991211,1,1,1,4,0.035644531,0,0,0,0,,,,,3.329322815,0.520238757,1.08104825,0,-0.519566121,-1.081371689,0,0,197,0,0,197,197,197,0,0,0.66,0.000753445,,,,,,,,,,,,
33.92,163,163,163,163,11.75701833,0.962764145,-0.067810059,0.015991211,1,1,1,4,0.035644531,0,0,0,0,,,,,3.329322815,0.520238757,1.08104825,0,-0.519566121,-1.081371689,0,0,160,0,0,160,160,160,0,0,0.479800624,0.000753445,,,,,,,,,,,,
33.93,163,163,163,163,11.75700521,0.962753783,-0.067810059,0.015991211,1,1,1,4,0.035644531,0,0,0,0,,,,,3.329322815,0.520238757,1.08104825,0,-0.519566121,-1.081371689,0,0,160,0,0,160,160,160,0,0,0.479629771,0.000753445,,,,,,,,,,,,
33.94,204,204,204,204,11.58148149,0.962743421,-0.067825317,0.016052246,1,1,1,4,0.035644531,0,0,0,0,,,,,3.287045717,0.520238757,1.08104825,0,-0.519566121,-1.081371689,0,0,197,0,0,197,197,197,0,0,0.66,0.000753615,,,,,,,,,,,,
33.95,163,163,163,163,11.756771,0.962727851,-0.067825317,0.016052246,1,1,1,4,0.035644531,0,0,0,0,,,,,3.287045717,0.520238757,1.08104825,0,-0.519566121,-1.081371689,0,0,160,0,0,160,160,160,0,0,0.481143741,0.000753615,,,,,,,,,,,,
33.96,204,204,204,204,11.58124745,0.962717489,-0.067825317,0.016052246,1,1,1,4,0.035644531,0,0,0,0,,,,,3.263264656,0.520238757,1.08104825,0,-0.519566121,-1.081371689,0,0,197,0,0,197,197,197,0,0,0.66,0.000753615,,,,,,,,,,,,
33.97,163,163,163,163,11.75653713,0.962701919,-0.067825317,0.016052246,1,1,1,4,0.035644531,0,0,0,0,,,,,3.263264656,0.520238757,1.08104825,0,-0.519566121,-1.081371689,0,0,160,0,0,160,160,160,0,0,0.48185311,0.000753615,,,,,,,,,,,,
33.98,204,204,204,204,11.58101374,0.962691557,-0.067825317,0.016113281,1,1,1,4,0.035644531,0,0,0,0,,,,,3.234199286,0.520238757,1.08104825,0,-0.519566121,-1.081371689,0,0,197,0,0,197,197,197,0,0,0.66,0.000753615,,,,,,,,,,,,
33.99,164,164,164,164,11.7520384,0.962675986,-0.067825317,0.016113281,1,1,1,4,0.035644531,0,0,0,0,,,,,3.234199286,0.520238757,1.08104825,0,-0.519566121,-1.081371689,0,0,161,0,0,161,161,161,0,0,0.482798103,0.000753615,,,,,,,,,,,,
34,187,187,187,187,11.65631304,0.962665498,-0.067825317,0.016113281,1,1,1,4,0.035644531,0,0,0,0,,,,,3.220987558,0.520238757,1.08104825,0,-0.519566121,-1.081371689,0,0,182,0,0,182,182,182,0,0,0.58560449,0.000753615,,,,,,,,,,,,
34.01,204,204,204,204,11.58064425,0.962652169,-0.067810059,0.016113281,1,1,1,4,0.035644531,0,0,0,0,,,,,3.197206736,0.520238757,1.08104825,0,-0.519566121,-1.081371689,0,0,197,0,0,197,197,197,0,0,0.66,0.000753445,,,,,,,,,,,,
34.02,164,164,164,164,11.75166918,0.962636599,-0.067810059,0.016113281,1,1,1,4,0.035644531,0,0,0,0,,,,,3.197206736,0.520238757,1.08104825,0,-0.519566121,-1.081371689,0,0,161,0,0,161,161,161,0,0,0.483933228,0.000753445,,,,,,,,,,,,
34.03,204,204,204,204,11.58040637,0.96262611,-0.067810059,0.016113281,1,1,1,4,0.035644531,0,0,0,0,,,,,3.168141365,0.520238757,1.08104825,0,-0.519566121,-1.081371689,0,0,197,0,0,197,197,197,0,0,0.66,0.000753445,,,,,,,,,,,,
34.04,164,164,164,164,11.75143147,0.96261054,-0.067810059,0.016113281,1,1,1,4,0.035644531,0,0,0,0,,,,,3.168141365,0.520238757,1.08104825,0,-0.519566121,-1.081371689,0,0,161,0,0,161,161,161,0,0,0.484888486,0.000753445,,,,,,,,,,,,
34.05,204,204,204,204,11.58016884,0.962600051,-0.067810059,0.016113281,1,1,1,4,0.035644531,0,0,0,0,,,,,3.144360304,0.520238757,1.08104825,0,-0.519566121,-1.081371689,0,0,197,0,0,197,197,197,0,0,0.66,0.000753445,,,,,,,,,,,,
34.06,164,164,164,164,11.75119411,0.962584481,-0.067810059,0.016113281,1,1,1,4,0.035644531,0,0,0,0,,,,,3.144360304,0.520238757,1.08104825,0,-0.519566121,-1.081371689,0,0,161,0,0,161,161,161,0,0,0.485616331,0.000753445,,,,,,,,,,,,
34.07,204,204,204,204,11.57993165,0.962573993,-0.067810059,0.016113281,1,1,1,4,0.035644531,0,0,0,0,,,,,3.11265254,0.523067594,1.095634103,0,-0.522385883,-1.095959299,0.291752193,0,197,0,0,197,197,197,0,0,0.66,0.000753445,,,,,,,,,,,,
34.08,164,164,164,164,11.7509571,0.962558422,-0.067810059,0.016113281,1,1,1,4,0.035644531,0,0,0,0,,,,,3.11265254,0.523067594,1.095634103,0,-0.522385883,-1.095959299,0,0,161,0,0,161,161,161,0,0,0.4866959,0.000753445,,,,,,,,,,,,
34.09,204,204,204,204,11.57969481,0.962547934,-0.067810059,0.016113281,1,1,1,4,0.035644531,0,0,0,0,,,,,3.088871717,0.523067594,1.095634103,0,-0.522385883,-1.095959299,0,0,197,0,0,197,197,197,0,0,0.66,0.000753445,,,,,,,,,,,,
34.1,165,165,165,165,11.74642866,0.962532363,-0.067810059,0.016113281,1,1,1,4,0.035644531,0,0,0,0,,,,,3.088871717,0.523067594,1.095634103,0,-0.522385883,-1.095959299,0,0,162,0,0,162,162,162,0,0,0.487432607,0.000753445,,,,,,,,,,,,
34.11,197,197,197,197,11.61038582,0.962521747,-0.067810059,0.016113281,1,1,1,4,0.035644531,0,0,0,0,,,,,3.070375443,0.523067594,1.095634103,0,-0.522385883,-1.095959299,0,0,191,0,0,191,191,191,0,0,0.63143706,0.000753445,,,,,,,,,,,,
34.12,165,165,165,165,11.7462239,0.962507095,-0.067810059,0.016113281,1,1,1,4,0.035644531,0,0,0,0,,,,,3.070375443,0.523067594,1.095634103,0,-0.522385883,-1.095959299,0,0,162,0,0,162,162,162,0,0,0.487940569,0.000753445,,,,,,,,,,,,
34.13,204,204,204,204,11.5792486,0.962496479,-0.067810059,0.016113281,1,1,1,4,0.035644531,0,0,0,0,,,,,3.04659462,0.523067594,1.095634103,0,-0.522385883,-1.095959299,0,0,197,0,0,197,197,197,0,0,0.66,0.000753445,,,,,,,,,,,,
34.14,166,166,166,166,11.74598277,0.962480909,-0.067810059,0.016113281,1,1,1,4,0.035644531,0,0,0,0,,,,,3.04659462,0.523067594,1.095634103,0,-0.522385883,-1.095959299,0,0,162,0,0,162,162,162,0,0,0.488682845,0.000753445,,,,,,,,,,,,
34.15,204,204,204,204,11.57900765,0.962470293,-0.067810059,0.016174316,1,1,1,4,0.035644531,0,0,0,0,,,,,3.014886618,0.523067594,1.095634103,0,-0.522385883,-1.095959299,0,0,197,0,0,197,197,197,0,0,0.66,0.000753445,,,,,,,,,,,,
34.16,166,166,166,166,11.74574199,0.962454722,-0.067810059,0.016174316,1,1,1,4,0.035644531,0,0,0,0,,,,,3.014886618,0.523067594,1.095634103,0,-0.522385883,-1.095959299,0,0,162,0,0,162,162,162,0,0,0.489776867,0.000753445,,,,,,,,,,,,
34.17,184,184,184,184,11.6686948,0.962444107,-0.067810059,0.016174316,1,1,1,4,0.035644531,0,0,0,0,,,,,3.004317522,0.523067594,1.095634103,0,-0.522385883,-1.095959299,0,0,179,0,0,179,179,179,0,0,0.572003868,0.000753445,,,,,,,,,,,,
34.18,190,190,190,190,11.64446597,0.962431205,-0.067810059,0.016174316,1,1,1,4,0.035644531,0,0,0,0,,,,,2.991105795,0.523067594,1.095634103,0,-0.522385883,-1.095959299,0,0,184,0,0,184,184,184,0,0,0.592917249,0.000753445,,,,,,,,,,,,
34.19,166,166,166,166,11.74546705,0.962417588,-0.067810059,0.016174316,1,1,1,4,0.035644531,0,0,0,0,,,,,2.991105795,0.523067594,1.095634103,0,-0.522385883,-1.095959299,0,0,162,0,0,162,162,162,0,0,0.490381538,0.000753445,,,,,,,,,,,,
34.2,204,204,204,204,11.57849228,0.962406972,-0.067810059,0.016235352,1,1,1,4,0.035644531,0,0,0,0,,,,,2.956755638,0.523067594,1.095634103,0,-0.522385883,-1.095959299,0,0,197,0,0,197,197,197,0,0,0.66,0.000753445,,,,,,,,,,,,
34.21,166,166,166,166,11.74522699,0.962391401,-0.067810059,0.016235352,1,1,1,4,0.035644531,0,0,0,0,,,,,2.956755638,0.523067594,1.095634103,0,-0.522385883,-1.095959299,0,0,162,0,0,162,162,162,0,0,0.491599272,0.000753445,,,,,,,,,,,,
34.22,199,199,199,199,11.604096,0.962380786,-0.067810059,0.016235352,1,1,1,4,0.035644531,0,0,0,0,,,,,2.938259363,0.523067594,1.095634103,0,-0.522385883,-1.095959299,0,0,192,0,0,192,192,192,0,0,0.635613364,0.000753445,,,,,,,,,,,,
34.23,167,167,167,167,11.74069955,0.962365982,-0.067810059,0.016235352,1,1,1,4,0.035644531,0,0,0,0,,,,,2.938259363,0.523067594,1.095634103,0,-0.522385883,-1.095959299,0,0,163,0,0,163,163,163,0,0,0.492126513,0.000753445,,,,,,,,,,,,
34.24,204,204,204,204,11.57803833,0.962355238,-0.067810059,0.016235352,1,1,1,4,0.035644531,0,0,0,0,,,,,2.91447854,0.523067594,1.095634103,0,-0.522385883,-1.095959299,0,0,197,0,0,197,197,197,0,0,0.66,0.000753445,,,,,,,,,,,,
34.25,167,167,167,167,11.74045502,0.962339668,-0.067810059,0.016235352,1,1,1,4,0.035644531,0,0,0,0,,,,,2.91447854,0.523067594,1.095634103,0,-0.522385883,-1.095959299,0,0,163,0,0,163,163,163,0,0,0.492888068,0.000753445,,,,,,,,,,,,
34.26,203,203,203,203,11.58301585,0.962328924,-0.067825317,0.016235352,1,1,1,4,0.035644531,0,0,0,0,,,,,2.893340111,0.526074409,1.111018538,0,-0.525383127,-1.111345602,0.307726065,0,196,0,0,196,196,196,0,0,0.657497403,0.000753615,,,,,,,,,,,,
34.27,167,167,167,167,11.74021703,0.962313508,-0.067825317,0.016235352,1,1,1,4,0.035644531,0,0,0,0,,,,,2.893340111,0.526074409,1.111018538,0,-0.525383127,-1.111345602,0,0,163,0,0,163,163,163,0,0,0.493536968,0.000753615,,,,,,,,,,,,
34.28,167,167,167,167,11.74019145,0.962302764,-0.067825317,0.016235352,1,1,1,4,0.035644531,0,0,0,0,,,,,2.893340111,0.526074409,1.111018538,0,-0.525383127,-1.111345602,0,0,163,0,0,163,163,163,0,0,0.493398738,0.000753615,,,,,,,,,,,,
34.29,204,204,204,204,11.57753058,0.96229202,-0.067825317,0.016235352,1,1,1,4,0.035644531,0,0,0,0,,,,,2.858989954,0.526074409,1.111018538,0,-0.525383127,-1.111345602,0,0,197,0,0,197,197,197,0,0,0.66,0.000753615,,,,,,,,,,,,
34.3,167,167,167,167,11.73994762,0.96227645,-0.067825317,0.016235352,1,1,1,4,0.035644531,0,0,0,0,,,,,2.858989954,0.526074409,1.111018538,0,-0.525383127,-1.111345602,0,0,163,0,0,163,163,163,0,0,0.494629663,0.000753615,,,,,,,,,,,,
34.31,200,200,200,200,11.59801496,0.962265706,-0.067825317,0.016235352,1,1,1,4,0.035644531,0,0,0,0,,,,,2.840493679,0.526074409,1.111018538,0,-0.525383127,-1.111345602,0,0,193,0,0,193,193,193,0,0,0.638650351,0.000753615,,,,,,,,,,,,
34.32,167,167,167,167,11.7397287,0.962250751,-0.067825317,0.016235352,1,1,1,4,0.035644531,0,0,0,0,,,,,2.840493679,0.526074409,1.111018538,0,-0.525383127,-1.111345602,0,0,163,0,0,163,163,163,0,0,0.495170096,0.000753615,,,,,,,,,,,,
34.33,204,204,204,204,11.57706816,0.962240007,-0.067825317,0.016235352,1,1,1,4,0.035644531,0,0,0,0,,,,,2.816712856,0.526074409,1.111018538,0,-0.525383127,-1.111345602,0,0,197,0,0,197,197,197,0,0,0.66,0.000753615,,,,,,,,,,,,
34.34,167,167,167,167,11.73948553,0.962224436,-0.067825317,0.016235352,1,1,1,4,0.035644531,0,0,0,0,,,,,2.816712856,0.526074409,1.111018538,0,-0.525383127,-1.111345602,0,0,163,0,0,163,163,163,0,0,0.495944842,0.000753615,,,,,,,,,,,,
34.35,200,200,200,200,11.5975532,0.962213692,-0.067825317,0.016235352,1,1,1,4,0.035644531,0,0,0,0,,,,,2.798216581,0.526074409,1.111018538,0,-0.525383127,-1.111345602,0,0,193,0,0,193,193,193,0,0,0.639968314,0.000753615,,,,,,,,,,,,
34.36,168,168,168,168,11.73492236,0.962198737,-0.067825317,0.016235352,1,1,1,4,0.035644531,0,0,0,0,,,,,2.798216581,0.526074409,1.111018538,0,-0.525383127,-1.111345602,0,0,164,0,0,164,164,164,0,0,0.496490844,0.000753615,,,,,,,,,,,,
34.37,200,200,200,200,11.59732995,0.962187864,-0.067810059,0.016296387,1,1,1,4,0.035644531,0,0,0,0,,,,,2.779720306,0.526074409,1.111018538,0,-0.525383127,-1.111345602,0,0,193,0,0,193,193,193,0,0,0.640515378,0.000753445,,,,,,,,,,,,
34.38,168,168,168,168,11.73469927,0.962172909,-0.067810059,0.016296387,1,1,1,4,0.035644531,0,0,0,0,,,,,2.779720306,0.526074409,1.111018538,0,-0.525383127,-1.111345602,0,0,164,0,0,164,164,164,0,0,0.49703897,0.000753445,,,,,,,,,,,,
34.39,204,204,204,204,11.57637899,0.962162036,-0.067810059,0.016296387,1,1,1,4,0.035644531,0,0,0,0,,,,,2.750654697,0.526074409,1.111018538,0,-0.525383127,-1.111345602,0,0,197,0,0,197,197,197,0,0,0.66,0.000753445,,,,,,,,,,,,
34.4,168,168,168,168,11.73445193,0.962146465,-0.067810059,0.016296387,1,1,1,4,0.035644531,0,0,0,0,,,,,2.750654697,0.526074409,1.111018538,0,-0.525383127,-1.111345602,0,0,164,0,0,164,164,164,0,0,0.49805361,0.000753445,,,,,,,,,,,,
34.41,191,191,191,191,11.63704035,0.962135592,-0.067810059,0.016296387,1,1,1,4,0.035644531,0,0,0,0,,,,,2.737443209,0.526074409,1.111018538,0,-0.525383127,-1.111345602,0,0,185,0,0,185,185,185,0,0,0.600892957,0.000753445,,,,,,,,,,,,
34.42,168,168,168,168,11.73427712,0.96212183,-0.067810059,0.016296387,1,1,1,4,0.035644531,0,0,0,0,,,,,2.737443209,0.526074409,1.111018538,0,-0.525383127,-1.111345602,0,0,164,0,0,164,164,164,0,0,0.498376426,0.000753445,,,,,,,,,,,,
34.43,204,204,204,204,11.57595714,0.962110957,-0.067810059,0.016357422,1,1,1,4,0.035644531,0,0,0,0,,,,,2.7083776,0.528968692,1.125717759,0,-0.528268264,-1.12604662,0.294020368,0,197,0,0,197,197,197,0,0,0.66,0.000753445,,,,,,,,,,,,
34.44,168,168,168,168,11.73403038,0.962095386,-0.067810059,0.016357422,1,1,1,4,0.035644531,0,0,0,0,,,,,2.7083776,0.528968692,1.125717759,0,-0.528268264,-1.12604662,0,0,164,0,0,164,164,164,0,0,0.499396636,0.000753445,,,,,,,,,,,,
34.45,191,191,191,191,11.63661909,0.962084513,-0.067810059,0.016357422,1,1,1,4,0.035644531,0,0,0,0,,,,,2.695166111,0.528968692,1.125717759,0,-0.528268264,-1.12604662,0,0,185,0,0,185,185,185,0,0,0.602238767,0.000753445,,,,,,,,,,,,
34.46,168,168,168,168,11.73385616,0.96207075,-0.067810059,0.016357422,1,1,1,4,0.035644531,0,0,0,0,,,,,2.695166111,0.528968692,1.125717759,0,-0.528268264,-1.12604662,0,0,164,0,0,164,164,164,0,0,0.499725021,0.000753445,,,,,,,,,,,,
34.47,201,201,201,201,11.59112235,0.962059878,-0.067810059,0.016357422,1,1,1,4,0.035644531,0,0,0,0,,,,,2.676669836,0.528968692,1.125717759,0,-0.528268264,-1.12604662,0,0,194,0,0,194,194,194,0,0,0.643756187,0.000753445,,,,,,,,,,,,
34.48,168,168,168,168,11.73362846,0.96204477,-0.067810059,0.016357422,1,1,1,4,0.035644531,0,0,0,0,,,,,2.676669836,0.528968692,1.125717759,0,-0.528268264,-1.12604662,0,0,164,0,0,164,164,164,0,0,0.500286409,0.000753445,,,,,,,,,,,,
34.49,196,196,196,196,11.61130395,0.962033897,-0.067810059,0.016357422,1,1,1,4,0.035644531,0,0,0,0,,,,,2.660815954,0.528968692,1.125717759,0,-0.528268264,-1.12604662,0,0,190,0,0,190,190,190,0,0,0.623724321,0.000753445,,,,,,,,,,,,
34.5,168,168,168,168,11.73342527,0.962019395,-0.067810059,0.016357422,1,1,1,4,0.035644531,0,0,0,0,,,,,2.660815954,0.528968692,1.125717759,0,-0.528268264,-1.12604662,0,0,164,0,0,164,164,164,0,0,0.500733822,0.000753445,,,,,,,,,,,,
34.51,201,201,201,201,11.59069177,0.962008522,-0.067810059,0.016357422,1,1,1,4,0.035644531,0,0,0,0,,,,,2.642319679,0.528968692,1.125717759,0,-0.528268264,-1.12604662,0,0,194,0,0,194,194,194,0,0,0.644766781,0.000753445,,,,,,,,,,,,
34.52,169,169,169,169,11.7288267,0.961993414,-0.067810059,0.016357422,1,1,1,4,0.035644531,0,0,0,0,,,,,2.642319679,0.528968692,1.125717759,0,-0.528268264,-1.12604662,0,0,165,0,0,165,165,165,0,0,0.501298798,0.000753445,,,,,,,,,,,,
34.53,201,201,201,201,11.59045966,0.961982411,-0.067810059,0.016357422,1,1,1,4,0.035644531,0,0,0,0,,,,,2.623823404,0.528968692,1.125717759,0,-0.528268264,-1.12604662,0,0,194,0,0,194,194,194,0,0,0.645332819,0.000753445,,,,,,,,,,,,
34.54,169,169,169,169,11.72859476,0.961967303,-0.067810059,0.016357422,1,1,1,4,0.035644531,0,0,0,0,,,,,2.623823404,0.528968692,1.125717759,0,-0.528268264,-1.12604662,0,0,165,0,0,165,165,165,0,0,0.501865898,0.000753445,,,,,,,,,,,,
34.55,192,192,192,192,11.63062097,0.961956301,-0.067810059,0.016357422,1,1,1,4,0.035644531,0,0,0,0,,,,,2.610611916,0.528968692,1.125717759,0,-0.528268264,-1.12604662,0,0,186,0,0,186,186,186,0,0,0.604712349,0.000753445,,,,,,,,,,,,
34.56,169,169,169,169,11.72841101,0.961942391,-0.067810059,0.016357422,1,1,1,4,0.035644531,0,0,0,0,,,,,2.610611916,0.528968692,1.125717759,0,-0.528268264,-1.12604662,0,0,165,0,0,165,165,165,0,0,0.502202922,0.000753445,,,,,,,,,,,,
34.57,201,201,201,201,11.59004426,0.961931389,-0.067810059,0.016357422,1,1,1,4,0.035644531,0,0,0,0,,,,,2.592115641,0.528968692,1.125717759,0,-0.528268264,-1.12604662,0,0,194,0,0,194,194,194,0,0,0.646238407,0.000753445,,,,,,,,,,,,
34.58,169,169,169,169,11.72817964,0.961916281,-0.067810059,0.016357422,1,1,1,4,0.035644531,0,0,0,0,,,,,2.592115641,0.528968692,1.125717759,0,-0.528268264,-1.12604662,0,0,165,0,0,165,165,165,0,0,0.502772949,0.000753445,,,,,,,,,,,,
34.59,196,196,196,196,11.61022219,0.961905278,-0.067810059,0.016418457,1,1,1,4,0.035644531,0,0,0,0,,,,,2.576261759,0.528968692,1.125717759,0,-0.528268264,-1.12604662,0,0,190,0,0,190,190,190,0,0,0.62621518,0.000753445,,,,,,,,,,,,
34.6,169,169,169,169,11.72797279,0.961890776,-0.067810059,0.016418457,1,1,1,4,0.035644531,0,0,0,0,,,,,2.576261759,0.528968692,1.125717759,0,-0.528268264,-1.12604662,0,0,165,0,0,165,165,165,0,0,0.503229,0.000753445,,,,,,,,,,,,
34.61,204,204,204,204,11.57402047,0.961879773,-0.067825317,0.016418457,1,1,1,4,0.035644531,0,0,0,0,,,,,2.555123091,0.528968692,1.125717759,0,-0.528268264,-1.12604662,0,0,197,0,0,197,197,197,0,0,0.66,0.000753615,,,,,,,,,,,,
34.62,169,169,169,169,11.72772358,0.961864203,-0.067825317,0.016418457,1,1,1,4,0.035644531,0,0,0,0,,,,,2.555123091,0.528968692,1.125717759,0,-0.528268264,-1.12604662,0,0,165,0,0,165,165,165,0,0,0.503918715,0.000753615,,,,,,,,,,,,
34.63,196,196,196,196,11.60976646,0.9618532,-0.067825317,0.016418457,1,1,1,4,0.035644531,0,0,0,0,,,,,2.539269209,0.532040596,1.141205907,0,-0.531330532,-1.141536676,0.309801116,0,190,0,0,190,190,190,0,0,0.62736307,0.000753615,,,,,,,,,,,,
34.64,169,169,169,169,11.72751738,0.961838698,-0.067825317,0.016418457,1,1,1,4,0.035644531,0,0,0,0,,,,,2.539269209,0.532040596,1.141205907,0,-0.531330532,-1.141536676,0,0,165,0,0,165,165,165,0,0,0.504379014,0.000753615,,,,,,,,,,,,
34.65,192,192,192,192,11.62954434,0.961827695,-0.067825317,0.016479492,1,1,1,4,0.035644531,0,0,0,0,,,,,2.526057482,0.532040596,1.141205907,0,-0.531330532,-1.141536676,0,0,186,0,0,186,186,186,0,0,0.607231642,0.000753615,,,,,,,,,,,,
34.66,169,169,169,169,11.72733514,0.961813786,-0.067825317,0.016479492,1,1,1,4,0.035644531,0,0,0,0,,,,,2.526057482,0.532040596,1.141205907,0,-0.531330532,-1.141536676,0,0,165,0,0,165,165,165,0,0,0.504724687,0.000753615,,,,,,,,,,,,
34.67,202,202,202,202,11.58380042,0.961802784,-0.067825317,0.016479492,1,1,1,4,0.035644531,0,0,0,0,,,,,2.507561445,0.532040596,1.141205907,0,-0.531330532,-1.141536676,0,0,195,0,0,195,195,195,0,0,0.648762633,0.000753615,,,,,,,,,,,,
34.68,169,169,169,169,11.72709916,0.961787522,-0.067825317,0.016479492,1,1,1,4,0.035644531,0,0,0,0,,,,,2.507561445,0.532040596,1.141205907,0,-0.531330532,-1.141536676,0,0,165,0,0,165,165,165,0,0,0.505303342,0.000753615,,,,,,,,,,,,
34.69,193,193,193,193,11.62417029,0.96177652,-0.067825317,0.016479492,1,1,1,4,0.035644531,0,0,0,0,,,,,2.494349718,0.532040596,1.141205907,0,-0.531330532,-1.141536676,0,0,187,0,0,187,187,187,0,0,0.608157434,0.000753615,,,,,,,,,,,,
34.7,170,170,170,170,11.72251356,0.961762463,-0.067825317,0.016479492,1,1,1,4,0.035644531,0,0,0,0,,,,,2.494349718,0.532040596,1.141205907,0,-0.531330532,-1.141536676,0,0,166,0,0,166,166,166,0,0,0.505651942,0.000753615,,,,,,,,,,,,
34.71,198,198,198,198,11.60388743,0.96175133,-0.067810059,0.016479492,1,1,1,4,0.035644531,0,0,0,0,,,,,2.478495836,0.532040596,1.141205907,0,-0.531330532,-1.141536676,0,0,191,0,0,191,191,191,0,0,0.629098893,0.000753445,,,,,,,,,,,,
34.72,170,170,170,170,11.72229727,0.961736678,-0.067810059,0.016479492,1,1,1,4,0.035644531,0,0,0,0,,,,,2.478495836,0.532040596,1.141205907,0,-0.531330532,-1.141536676,0,0,166,0,0,166,166,166,0,0,0.506117435,0.000753445,,,,,,,,,,,,
34.73,193,193,193,193,11.62376153,0.961725545,-0.067810059,0.016479492,1,1,1,4,0.035644531,0,0,0,0,,,,,2.465284109,0.532040596,1.141205907,0,-0.531330532,-1.141536676,0,0,187,0,0,187,187,187,0,0,0.608972659,0.000753445,,,,,,,,,,,,
34.74,170,170,170,170,11.72210509,0.961711488,-0.067810059,0.016479492,1,1,1,4,0.035644531,0,0,0,0,,,,,2.465284109,0.532040596,1.141205907,0,-0.531330532,-1.141536676,0,0,166,0,0,166,166,166,0,0,0.506468301,0.000753445,,,,,,,,,,,,
34.75,202,202,202,202,11.5829638,0.961700355,-0.067810059,0.016479492,1,1,1,4,0.035644531,0,0,0,0,,,,,2.446788073,0.532040596,1.141205907,0,-0.531330532,-1.141536676,0,0,195,0,0,195,195,195,0,0,0.650508844,0.000753445,,,,,,,,,,,,
34.76,170,170,170,170,11.72186505,0.961685094,-0.067810059,0.016479492,1,1,1,4,0.035644531,0,0,0,0,,,,,2.446788073,0.532040596,1.141205907,0,-0.531330532,-1.141536676,0,0,166,0,0,166,166,166,0,0,0.50705215,0.000753445,,,,,,,,,,,,
34.77,170,170,170,170,11.72182761,0.961673961,-0.067810059,0.016479492,1,1,1,4,0.035644531,0,0,0,0,,,,,2.446788073,0.532040596,1.141205907,0,-0.531330532,-1.141536676,0,0,166,0,0,166,166,166,0,0,0.506939114,0.000753445,,,,,,,,,,,,
34.78,198,198,198,198,11.60320193,0.961662828,-0.067810059,0.016479492,1,1,1,4,0.035644531,0,0,0,0,,,,,2.430933952,0.532040596,1.141205907,0,-0.531330532,-1.141536676,0,0,191,0,0,191,191,191,0,0,0.630389493,0.000753445,,,,,,,,,,,,
34.79,170,170,170,170,11.72161224,0.961648175,-0.067810059,0.016479492,1,1,1,4,0.035644531,0,0,0,0,,,,,2.430933952,0.532040596,1.141205907,0,-0.531330532,-1.141536676,0,0,166,0,0,166,166,166,0,0,0.507407757,0.000753445,,,,,,,,,,,,
34.8,170,170,170,170,11.72157496,0.961637042,-0.067810059,0.016479492,1,1,1,4,0.035644531,0,0,0,0,,,,,2.430933952,0.532040596,1.141205907,0,-0.531330532,-1.141536676,0,0,166,0,0,166,166,166,0,0,0.507294828,0.000753445,,,,,,,,,,,,
34.81,193,193,193,193,11.62303969,0.961625909,-0.067810059,0.016479492,1,1,1,4,0.035644531,0,0,0,0,,,,,2.417722464,0.532040596,1.141205907,0,-0.531330532,-1.141536676,0,0,187,0,0,187,187,187,0,0,0.61014914,0.000753445,,,,,,,,,,,,
34.82,193,193,193,193,11.62288572,0.961611853,-0.067810059,0.016540527,1,1,1,4,0.035644531,0,0,0,0,,,,,2.404510975,0.532040596,1.141205907,0,-0.531330532,-1.141536676,0,0,187,0,0,187,187,187,0,0,0.61061544,0.000753445,,,,,,,,,,,,
34.83,180,180,180,180,11.68045147,0.961597796,-0.067810059,0.016540527,1,1,1,4,0.035644531,0,0,0,0,,,,,2.399226189,0.53499645,1.156000495,0,-0.534277182,-1.1563331,0.295928482,0,175,0,0,175,175,175,0,0,0.549303534,0.000753445,,,,,,,,,,,,
34.84,180,180,180,180,11.68036612,0.961585453,-0.067810059,0.016540527,1,1,1,4,0.035644531,0,0,0,0,,,,,2.393941641,0.53499645,1.156000495,0,-0.534277182,-1.1563331,0,0,175,0,0,175,175,175,0,0,0.54942175,0.000753445,,,,,,,,,,,,
34.85,170,170,170,170,11.72105924,0.96157311,-0.067810059,0.016540527,1,1,1,4,0.035644531,0,0,0,0,,,,,2.393941641,0.53499645,1.156000495,0,-0.534277182,-1.1563331,0,0,166,0,0,166,166,166,0,0,0.508355074,0.000753445,,,,,,,,,,,,
34.86,202,202,202,202,11.58191865,0.961561977,-0.067810059,0.016540527,1,1,1,4,0.035644531,0,0,0,0,,,,,2.375445366,0.53499645,1.156000495,0,-0.534277182,-1.1563331,0,0,195,0,0,195,195,195,0,0,0.652399518,0.000753445,,,,,,,,,,,,
34.87,170,170,170,170,11.72082061,0.961546715,-0.067810059,0.016540527,1,1,1,4,0.035644531,0,0,0,0,,,,,2.375445366,0.53499645,1.156000495,0,-0.534277182,-1.1563331,0,0,166,0,0,166,166,166,0,0,0.508943019,0.000753445,,,,,,,,,,,,
34.88,193,193,193,193,11.62228587,0.961535582,-0.067810059,0.016601563,1,1,1,4,0.035644531,0,0,0,0,,,,,2.362233877,0.53499645,1.156000495,0,-0.534277182,-1.1563331,0,0,187,0,0,187,187,187,0,0,0.611799891,0.000753445,,,,,,,,,,,,
34.89,170,170,170,170,11.72063042,0.961521526,-0.067810059,0.016601563,1,1,1,4,0.035644531,0,0,0,0,,,,,2.362233877,0.53499645,1.156000495,0,-0.534277182,-1.1563331,0,0,166,0,0,166,166,166,0,0,0.509300887,0.000753445,,,,,,,,,,,,
34.9,170,170,170,170,11.7205938,0.961510393,-0.067810059,0.016601563,1,1,1,4,0.035644531,0,0,0,0,,,,,2.362233877,0.53499645,1.156000495,0,-0.534277182,-1.1563331,0,0,166,0,0,166,166,166,0,0,0.509190295,0.000753445,,,,,,,,,,,,
34.91,170,170,170,170,11.72055719,0.96149926,-0.067810059,0.016601563,1,1,1,4,0.035644531,0,0,0,0,,,,,2.362233877,0.53499645,1.156000495,0,-0.534277182,-1.1563331,0,0,166,0,0,166,166,166,0,0,0.509079079,0.000753445,,,,,,,,,,,,
34.92,204,204,204,204,11.57099976,0.961488127,-0.067825317,0.016601563,1,1,1,4,0.035644531,0,0,0,0,,,,,2.338452816,0.53499645,1.156000495,0,-0.534277182,-1.1563331,0,0,197,0,0,197,197,197,0,0,0.66,0.000753615,,,,,,,,,,,,
34.93,170,170,170,170,11.72030685,0.961472556,-0.067825317,0.016601563,1,1,1,4,0.035644531,0,0,0,0,,,,,2.338452816,0.53499645,1.156000495,0,-0.534277182,-1.1563331,0,0,166,0,0,166,166,166,0,0,0.509899651,0.000753615,,,,,,,,,,,,
34.94,189,189,189,189,11.64143748,0.961461423,-0.067825317,0.016601563,1,1,1,4,0.035644531,0,0,0,0,,,,,2.32788372,0.53499645,1.156000495,0,-0.534277182,-1.1563331,0,0,183,0,0,183,183,183,0,0,0.592163081,0.000753615,,,,,,,,,,,,
34.95,170,170,170,170,11.72014062,0.96144795,-0.067825317,0.016601563,1,1,1,4,0.035644531,0,0,0,0,,,,,2.32788372,0.53499645,1.156000495,0,-0.534277182,-1.1563331,0,0,166,0,0,166,166,166,0,0,0.510143167,0.000753615,,,,,,,,,,,,
34.96,203,203,203,203,11.57580534,0.961436817,-0.067825317,0.016601563,1,1,1,4,0.035644531,0,0,0,0,,,,,2.309387445,0.53499645,1.156000495,0,-0.534277182,-1.1563331,0,0,196,0,0,196,196,196,0,0,0.654189618,0.000753615,,,,,,,,,,,,
34.97,171,171,171,171,11.7154724,0.961421402,-0.067825317,0.016601563,1,1,1,4,0.035644531,0,0,0,0,,,,,2.309387445,0.53499645,1.156000495,0,-0.534277182,-1.1563331,0,0,167,0,0,167,167,167,0,0,0.510735126,0.000753615,,,,,,,,,,,,
34.98,184,184,184,184,11.66026257,0.961410137,-0.067810059,0.016601563,1,1,1,4,0.035644531,0,0,0,0,,,,,2.301460505,0.53499645,1.156000495,0,-0.534277182,-1.1563331,0,0,179,0,0,179,179,179,0,0,0.572407231,0.000753445,,,,,,,,,,,,
34.99,171,171,171,171,11.71532429,0.961397235,-0.067810059,0.016601563,1,1,1,4,0.035644531,0,0,0,0,,,,,2.301460505,0.53499645,1.156000495,0,-0.534277182,-1.1563331,0,0,167,0,0,167,167,167,0,0,0.510864819,0.000753445,,,,,,,,,,,,
35,171,171,171,171,11.715283,0.961385971,-0.067810059,0.016601563,1,1,1,4,0.035644531,0,0,0,0,,,,,2.301460505,0.53499645,1.156000495,0,-0.534277182,-1.1563331,0,0,167,0,0,167,167,167,0,0,0.510755574,0.000753445,,,,,,,,,,,,
35.01,203,203,203,203,11.57536739,0.961374707,-0.067810059,0.016601563,1,1,1,4,0.035644531,0,0,0,0,,,,,2.28296423,0.53499645,1.156000495,0,-0.534277182,-1.1563331,0,0,196,0,0,196,196,196,0,0,0.654802203,0.000753445,,,,,,,,,,,,
35.02,171,171,171,171,11.71503473,0.961359291,-0.067810059,0.016601563,1,1,1,4,0.035644531,0,0,0,0,,,,,2.28296423,0.53499645,1.156000495,0,-0.534277182,-1.1563331,0,0,167,0,0,167,167,167,0,0,0.511347889,0.000753445,,,,,,,,,,,,
35.03,190,190,190,190,11.63570893,0.961348027,-0.067810059,0.016662598,1,1,1,4,0.035644531,0,0,0,0,,,,,2.272394896,0.538131356,1.171579242,0,-0.537402396,-1.171913794,0.311613881,0,184,0,0,184,184,184,0,0,0.593614489,0.000753445,,,,,,,,,,,,
35.04,171,171,171,171,11.71485862,0.961334409,-0.067810059,0.016662598,1,1,1,4,0.035644531,0,0,0,0,,,,,2.272394896,0.538131356,1.171579242,0,-0.537402396,-1.171913794,0,0,167,0,0,167,167,167,0,0,0.511594038,0.000753445,,,,,,,,,,,,
35.05,194,194,194,194,11.61576158,0.961323145,-0.067810059,0.016662598,1,1,1,4,0.035644531,0,0,0,0,,,,,2.259183407,0.538131356,1.171579242,0,-0.537402396,-1.171913794,0,0,188,0,0,188,188,188,0,0,0.614453167,0.000753445,,,,,,,,,,,,
35.06,171,171,171,171,11.7146593,0.961308941,-0.067810059,0.016662598,1,1,1,4,0.035644531,0,0,0,0,,,,,2.259183407,0.538131356,1.171579242,0,-0.537402396,-1.171913794,0,0,167,0,0,167,167,167,0,0,0.511956419,0.000753445,,,,,,,,,,,,
35.07,171,171,171,171,11.71461846,0.961297676,-0.067810059,0.016662598,1,1,1,4,0.035644531,0,0,0,0,,,,,2.259183407,0.538131356,1.171579242,0,-0.537402396,-1.171913794,0,0,167,0,0,167,167,167,0,0,0.511848084,0.000753445,,,,,,,,,,,,
35.08,199,199,199,199,11.59532502,0.961286412,-0.067810059,0.016662598,1,1,1,4,0.035644531,0,0,0,0,,,,,2.243329287,0.538131356,1.171579242,0,-0.537402396,-1.171913794,0,0,192,0,0,192,192,192,0,0,0.635303164,0.000753445,,,,,,,,,,,,
35.09,171,171,171,171,11.71439551,0.961271608,-0.067810059,0.016662598,1,1,1,4,0.035644531,0,0,0,0,,,,,2.243329287,0.538131356,1.171579242,0,-0.537402396,-1.171913794,0,0,167,0,0,167,167,167,0,0,0.512326128,0.000753445,,,,,,,,,,,,
35.1,185,185,185,185,11.65441629,0.961260344,-0.067810059,0.016723633,1,1,1,4,0.035644531,0,0,0,0,,,,,2.235402346,0.538131356,1.171579242,0,-0.537402396,-1.171913794,0,0,180,0,0,180,180,180,0,0,0.573998991,0.000753445,,,,,,,,,,,,
35.11,171,171,171,171,11.71424315,0.961247301,-0.067810059,0.016723633,1,1,1,4,0.035644531,0,0,0,0,,,,,2.235402346,0.538131356,1.171579242,0,-0.537402396,-1.171913794,0,0,167,0,0,167,167,167,0,0,0.512457336,0.000753445,,,,,,,,,,,,
35.12,199,199,199,199,11.59494997,0.961236036,-0.067810059,0.016723633,1,1,1,4,0.035644531,0,0,0,0,,,,,2.219548464,0.538131356,1.171579242,0,-0.537402396,-1.171913794,0,0,192,0,0,192,192,192,0,0,0.635911031,0.000753445,,,,,,,,,,,,
35.13,171,171,171,171,11.71402071,0.961221233,-0.067810059,0.016723633,1,1,1,4,0.035644531,0,0,0,0,,,,,2.219548464,0.538131356,1.171579242,0,-0.537402396,-1.171913794,0,0,167,0,0,167,167,167,0,0,0.512936315,0.000753445,,,,,,,,,,,,
35.14,185,185,185,185,11.65404173,0.961209968,-0.067810059,0.016723633,1,1,1,4,0.035644531,0,0,0,0,,,,,2.211621523,0.538131356,1.171579242,0,-0.537402396,-1.171913794,0,0,180,0,0,180,180,180,0,0,0.574609651,0.000753445,,,,,,,,,,,,
35.15,171,171,171,171,11.71386885,0.961196925,-0.067810059,0.016723633,1,1,1,4,0.035644531,0,0,0,0,,,,,2.211621523,0.538131356,1.171579242,0,-0.537402396,-1.171913794,0,0,167,0,0,167,167,167,0,0,0.513068468,0.000753445,,,,,,,,,,,,
35.16,194,194,194,194,11.61477245,0.96118566,-0.067810059,0.016723633,1,1,1,4,0.035644531,0,0,0,0,,,,,2.198410034,0.538131356,1.171579242,0,-0.537402396,-1.171913794,0,0,188,0,0,188,188,188,0,0,0.615928319,0.000753445,,,,,,,,,,,,
35.17,171,171,171,171,11.71367083,0.961171456,-0.067810059,0.016723633,1,1,1,4,0.035644531,0,0,0,0,,,,,2.198410034,0.538131356,1.171579242,0,-0.537402396,-1.171913794,0,0,167,0,0,167,167,167,0,0,0.513432293,0.000753445,,,,,,,,,,,,
35.18,190,190,190,190,11.63434592,0.961160192,-0.067825317,0.016723633,1,1,1,4,0.035644531,0,0,0,0,,,,,2.1878407,0.538131356,1.171579242,0,-0.537402396,-1.171913794,0,0,184,0,0,184,184,184,0,0,0.595700087,0.000753615,,,,,,,,,,,,
35.19,171,171,171,171,11.7134965,0.961146575,-0.067825317,0.016723633,1,1,1,4,0.035644531,0,0,0,0,,,,,2.1878407,0.538131356,1.171579242,0,-0.537402396,-1.171913794,0,0,167,0,0,167,167,167,0,0,0.51368083,0.000753615,,,,,,,,,,,,
35.2,171,171,171,171,11.7134564,0.96113531,-0.067825317,0.016723633,1,1,1,4,0.035644531,0,0,0,0,,,,,2.1878407,0.538131356,1.171579242,0,-0.537402396,-1.171913794,0,0,167,0,0,167,167,167,0,0,0.513573288,0.000753615,,,,,,,,,,,,
35.21,194,194,194,194,11.61436027,0.961124046,-0.067825317,0.016723633,1,1,1,4,0.035644531,0,0,0,0,,,,,2.174628973,0.541144669,1.186448932,0,-0.540406457,-1.186785356,0.297431234,0,188,0,0,188,188,188,0,0,0.616434844,0.000753615,,,,,,,,,,,,
35.22,171,171,171,171,11.7132589,0.961109842,-0.067825317,0.016723633,1,1,1,4,0.035644531,0,0,0,0,,,,,2.174628973,0.541144669,1.186448932,0,-0.540406457,-1.186785356,0,0,167,0,0,167,167,167,0,0,0.513936818,0.000753615,,,,,,,,,,,,
35.23,171,171,171,171,11.71321895,0.961098577,-0.067825317,0.016723633,1,1,1,4,0.035644531,0,0,0,0,,,,,2.174628973,0.541144669,1.186448932,0,-0.540406457,-1.186785356,0,0,167,0,0,167,167,167,0,0,0.513829052,0.000753615,,,,,,,,,,,,
35.24,199,199,199,199,11.59392642,0.961087313,-0.067825317,0.016723633,1,1,1,4,0.035644531,0,0,0,0,,,,,2.158775091,0.541144669,1.186448932,0,-0.540406457,-1.186785356,0,0,192,0,0,192,192,192,0,0,0.637282843,0.000753615,,,,,,,,,,,,
35.25,171,171,171,171,11.71299781,0.961072509,-0.067825317,0.016723633,1,1,1,4,0.035644531,0,0,0,0,,,,,2.158775091,0.541144669,1.186448932,0,-0.540406457,-1.186785356,0,0,167,0,0,167,167,167,0,0,0.514308224,0.000753615,,,,,,,,,,,,
35.26,185,185,185,185,11.65301948,0.961061245,-0.067825317,0.016784668,1,1,1,4,0.035644531,0,0,0,0,,,,,2.15084815,0.541144669,1.186448932,0,-0.540406457,-1.186785356,0,0,180,0,0,180,180,180,0,0,0.575981656,0.000753615,,,,,,,,,,,,
35.27,171,171,171,171,11.71284725,0.961048201,-0.067825317,0.016784668,1,1,1,4,0.035644531,0,0,0,0,,,,,2.15084815,0.541144669,1.186448932,0,-0.540406457,-1.186785356,0,0,167,0,0,167,167,167,0,0,0.514440571,0.000753615,,,,,,,,,,,,
35.28,171,171,171,171,11.71280756,0.961036937,-0.067825317,0.016784668,1,1,1,4,0.035644531,0,0,0,0,,,,,2.15084815,0.541144669,1.186448932,0,-0.540406457,-1.186785356,0,0,167,0,0,167,167,167,0,0,0.514332652,0.000753615,,,,,,,,,,,,
35.29,199,199,199,199,11.59351529,0.961025673,-0.067810059,0.016784668,1,1,1,4,0.035644531,0,0,0,0,,,,,2.134994268,0.541144669,1.186448932,0,-0.540406457,-1.186785356,0,0,192,0,0,192,192,192,0,0,0.637786291,0.000753445,,,,,,,,,,,,
35.3,171,171,171,171,11.71258693,0.961010869,-0.067810059,0.016784668,1,1,1,4,0.035644531,0,0,0,0,,,,,2.134994268,0.541144669,1.186448932,0,-0.540406457,-1.186785356,0,0,167,0,0,167,167,167,0,0,0.51481152,0.000753445,,,,,,,,,,,,
35.31,185,185,185,185,11.65260886,0.960999605,-0.067810059,0.016845703,1,1,1,4,0.035644531,0,0,0,0,,,,,2.127067327,0.541144669,1.186448932,0,-0.540406457,-1.186785356,0,0,180,0,0,180,180,180,0,0,0.576484799,0.000753445,,,,,,,,,,,,
35.32,171,171,171,171,11.71243689,0.960986561,-0.067810059,0.016845703,1,1,1,4,0.035644531,0,0,0,0,,,,,2.127067327,0.541144669,1.186448932,0,-0.540406457,-1.186785356,0,0,167,0,0,167,167,167,0,0,0.514943561,0.000753445,,,,,,,,,,,,
35.33,190,190,190,190,11.63311275,0.960975297,-0.067810059,0.016845703,1,1,1,4,0.035644531,0,0,0,0,,,,,2.116497993,0.541144669,1.186448932,0,-0.540406457,-1.186785356,0,0,184,0,0,184,184,184,0,0,0.597210898,0.000753445,,,,,,,,,,,,
35.34,172,172,172,172,11.70781289,0.96096168,-0.067810059,0.016845703,1,1,1,4,0.035644531,0,0,0,0,,,,,2.116497993,0.541144669,1.186448932,0,-0.540406457,-1.186785356,0,0,168,0,0,168,168,168,0,0,0.515191185,0.000753445,,,,,,,,,,,,
35.35,185,185,185,185,11.65228095,0.960950283,-0.067810059,0.016845703,1,1,1,4,0.035644531,0,0,0,0,,,,,2.108571053,0.541144669,1.186448932,0,-0.540406457,-1.186785356,0,0,180,0,0,180,180,180,0,0,0.576864276,0.000753445,,,,,,,,,,,,
35.36,172,172,172,172,11.70765797,0.96093724,-0.067810059,0.016845703,1,1,1,4,0.035644531,0,0,0,0,,,,,2.108571053,0.541144669,1.186448932,0,-0.540406457,-1.186785356,0,0,168,0,0,168,168,168,0,0,0.51532285,0.000753445,,,,,,,,,,,,
35.37,191,191,191,191,11.627877,0.960925843,-0.067810059,0.016845703,1,1,1,4,0.035644531,0,0,0,0,,,,,2.098001719,0.541144669,1.186448932,0,-0.540406457,-1.186785356,0,0,185,0,0,185,185,185,0,0,0.597589999,0.000753445,,,,,,,,,,,,
35.38,172,172,172,172,11.70747451,0.96091208,-0.067810059,0.016845703,1,1,1,4,0.035644531,0,0,0,0,,,,,2.098001719,0.541144669,1.186448932,0,-0.540406457,-1.186785356,0,0,168,0,0,168,168,168,0,0,0.515570097,0.000753445,,,,,,,,,,,,
35.39,172,172,172,172,11.70743013,0.960900684,-0.067810059,0.016845703,1,1,1,4,0.035644531,0,0,0,0,,,,,2.098001719,0.541144669,1.186448932,0,-0.540406457,-1.186785356,0,0,168,0,0,168,168,168,0,0,0.51546191,0.000753445,,,,,,,,,,,,
35.4,195,195,195,195,11.60777165,0.960889287,-0.067810059,0.016845703,1,1,1,4,0.035644531,0,0,0,0,,,,,2.08479023,0.541144669,1.186448932,0,-0.540406457,-1.186785356,0,0,189,0,0,189,189,189,0,0,0.618320963,0.000753445,,,,,,,,,,,,
35.41,172,172,172,172,11.7072234,0.960874934,-0.067810059,0.016845703,1,1,1,4,0.035644531,0,0,0,0,,,,,2.08479023,0.541144669,1.186448932,0,-0.540406457,-1.186785356,0,0,168,0,0,168,168,168,0,0,0.515824139,0.000753445,,,,,,,,,,,,
35.42,181,181,181,181,11.67061281,0.960863538,-0.067810059,0.016845703,1,1,1,4,0.035644531,0,0,0,0,,,,,2.079505444,0.544337332,1.202094674,0,-0.543589387,-1.202433082,0.312954512,0,176,0,0,176,176,176,0,0,0.556904361,0.000753445,,,,,,,,,,,,
35.43,172,172,172,172,11.70709164,0.960851056,-0.067810059,0.016845703,1,1,1,4,0.035644531,0,0,0,0,,,,,2.079505444,0.544337332,1.202094674,0,-0.543589387,-1.202433082,0,0,168,0,0,168,168,168,0,0,0.515838892,0.000753445,,,,,,,,,,,,
35.44,185,185,185,185,11.65156016,0.96083966,-0.067810059,0.016845703,1,1,1,4,0.035644531,0,0,0,0,,,,,2.071578503,0.544337332,1.202094674,0,-0.543589387,-1.202433082,0,0,180,0,0,180,180,180,0,0,0.577510982,0.000753445,,,,,,,,,,,,
35.45,172,172,172,172,11.70693762,0.960826616,-0.067810059,0.016845703,1,1,1,4,0.035644531,0,0,0,0,,,,,2.071578503,0.544337332,1.202094674,0,-0.543589387,-1.202433082,0,0,168,0,0,168,168,168,0,0,0.515968555,0.000753445,,,,,,,,,,,,
35.46,191,191,191,191,11.62715709,0.96081522,-0.067825317,0.016906738,1,1,1,4,0.035644531,0,0,0,0,,,,,2.061009407,0.544337332,1.202094674,0,-0.543589387,-1.202433082,0,0,185,0,0,185,185,185,0,0,0.598232845,0.000753615,,,,,,,,,,,,
35.47,172,172,172,172,11.70675505,0.960801457,-0.067825317,0.016906738,1,1,1,4,0.035644531,0,0,0,0,,,,,2.061009407,0.544337332,1.202094674,0,-0.543589387,-1.202433082,0,0,168,0,0,168,168,168,0,0,0.51621379,0.000753615,,,,,,,,,,,,
35.48,191,191,191,191,11.62697464,0.96079006,-0.067825317,0.016906738,1,1,1,4,0.035644531,0,0,0,0,,,,,2.050440073,0.544337332,1.202094674,0,-0.543589387,-1.202433082,0,0,185,0,0,185,185,185,0,0,0.598480009,0.000753615,,,,,,,,,,,,
35.49,172,172,172,172,11.70657272,0.960776297,-0.067825317,0.016906738,1,1,1,4,0.035644531,0,0,0,0,,,,,2.050440073,0.544337332,1.202094674,0,-0.543589387,-1.202433082,0,0,168,0,0,168,168,168,0,0,0.516459178,0.000753615,,,,,,,,,,,,
35.5,172,172,172,172,11.7065289,0.960764901,-0.067825317,0.016906738,1,1,1,4,0.035644531,0,0,0,0,,,,,2.050440073,0.544337332,1.202094674,0,-0.543589387,-1.202433082,0,0,168,0,0,168,168,168,0,0,0.516350061,0.000753615,,,,,,,,,,,,
35.51,186,186,186,186,11.64620108,0.960753504,-0.067810059,0.016906738,1,1,1,4,0.035644531,0,0,0,0,,,,,2.042513132,0.544337332,1.202094674,0,-0.543589387,-1.202433082,0,0,181,0,0,181,181,181,0,0,0.578021409,0.000753445,,,,,,,,,,,,
35.52,172,172,172,172,11.70636988,0.960740319,-0.067810059,0.016906738,1,1,1,4,0.035644531,0,0,0,0,,,,,2.042513132,0.544337332,1.202094674,0,-0.543589387,-1.202433082,0,0,168,0,0,168,168,168,0,0,0.516478241,0.000753445,,,,,,,,,,,,
35.53,191,191,191,191,11.6265897,0.960728922,-0.067810059,0.016967773,1,1,1,4,0.035644531,0,0,0,0,,,,,2.031943798,0.544337332,1.202094674,0,-0.543589387,-1.202433082,0,0,185,0,0,185,185,185,0,0,0.598743647,0.000753445,,,,,,,,,,,,
35.54,172,172,172,172,11.70618801,0.960715159,-0.067810059,0.016967773,1,1,1,4,0.035644531,0,0,0,0,,,,,2.031943798,0.544337332,1.202094674,0,-0.543589387,-1.202433082,0,0,168,0,0,168,168,168,0,0,0.516722002,0.000753445,,,,,,,,,,,,
35.55,177,177,177,177,11.68807384,0.960703763,-0.067810059,0.016967773,1,1,1,4,0.035644531,0,0,0,0,,,,,2.029301405,0.544337332,1.202094674,0,-0.543589387,-1.202433082,0,0,172,0,0,172,172,172,0,0,0.537206388,0.000753445,,,,,,,,,,,,
35.56,172,172,172,172,11.70607944,0.96069183,-0.067810059,0.016967773,1,1,1,4,0.035644531,0,0,0,0,,,,,2.029301405,0.544337332,1.202094674,0,-0.543589387,-1.202433082,0,0,168,0,0,168,168,168,0,0,0.516617617,0.000753445,,,,,,,,,,,,
35.57,191,191,191,191,11.62629943,0.960680433,-0.067810059,0.016967773,1,1,1,4,0.035644531,0,0,0,0,,,,,2.018732309,0.544337332,1.202094674,0,-0.543589387,-1.202433082,0,0,185,0,0,185,185,185,0,0,0.598880316,0.000753445,,,,,,,,,,,,
35.58,172,172,172,172,11.70589791,0.960666671,-0.067810059,0.016967773,1,1,1,4,0.035644531,0,0,0,0,,,,,2.018732309,0.544337332,1.202094674,0,-0.543589387,-1.202433082,0,0,168,0,0,168,168,168,0,0,0.516859671,0.000753445,,,,,,,,,,,,
35.59,182,182,182,182,11.66459775,0.960655274,-0.067810059,0.016967773,1,1,1,4,0.035644531,0,0,0,0,,,,,2.013447523,0.544337332,1.202094674,0,-0.543589387,-1.202433082,0,0,177,0,0,177,177,177,0,0,0.557937525,0.000753445,,,,,,,,,,,,
35.6,172,172,172,172,11.70576221,0.960642653,-0.067810059,0.016967773,1,1,1,4,0.035644531,0,0,0,0,,,,,2.013447523,0.544337332,1.202094674,0,-0.543589387,-1.202433082,0,0,168,0,0,168,168,168,0,0,0.516869688,0.000753445,,,,,,,,,,,,
35.61,187,187,187,187,11.64543485,0.960631257,-0.067810059,0.016967773,1,1,1,4,0.035644531,0,0,0,0,,,,,2.005520582,0.547405481,1.217025876,0,-0.546648246,-1.217366189,0.298662156,0,181,0,0,181,181,181,0,0,0.578539411,0.000753445,,,,,,,,,,,,
35.62,172,172,172,172,11.70560412,0.960618071,-0.067810059,0.016967773,1,1,1,4,0.035644531,0,0,0,0,,,,,2.005520582,0.547405481,1.217025876,0,-0.546648246,-1.217366189,0,0,168,0,0,168,168,168,0,0,0.516994616,0.000753445,,,,,,,,,,,,
35.63,182,182,182,182,11.66430412,0.960606674,-0.067810059,0.016967773,1,1,1,4,0.035644531,0,0,0,0,,,,,2.000236034,0.547405481,1.217025876,0,-0.546648246,-1.217366189,0,0,177,0,0,177,177,177,0,0,0.558069763,0.000753445,,,,,,,,,,,,
35.64,172,172,172,172,11.70546876,0.960594054,-0.067810059,0.016967773,1,1,1,4,0.035644531,0,0,0,0,,,,,2.000236034,0.547405481,1.217025876,0,-0.546648246,-1.217366189,0,0,168,0,0,168,168,168,0,0,0.517002926,0.000753445,,,,,,,,,,,,
35.65,191,191,191,191,11.62568912,0.960582657,-0.067810059,0.016967773,1,1,1,4,0.035644531,0,0,0,0,,,,,1.9896667,0.547405481,1.217025876,0,-0.546648246,-1.217366189,0,0,185,0,0,185,185,185,0,0,0.599266117,0.000753445,,,,,,,,,,,,
35.66,172,172,172,172,11.70528796,0.960568894,-0.067810059,0.016967773,1,1,1,4,0.035644531,0,0,0,0,,,,,1.9896667,0.547405481,1.217025876,0,-0.546648246,-1.217366189,0,0,168,0,0,168,168,168,0,0,0.517242257,0.000753445,,,,,,,,,,,,
35.67,177,177,177,177,11.68717432,0.960557498,-0.067810059,0.016967773,1,1,1,4,0.035644531,0,0,0,0,,,,,1.987024426,0.547405481,1.217025876,0,-0.546648246,-1.217366189,0,0,172,0,0,172,172,172,0,0,0.537723499,0.000753445,,,,,,,,,,,,
35.68,172,172,172,172,11.70518046,0.960545565,-0.067810059,0.016967773,1,1,1,4,0.035644531,0,0,0,0,,,,,1.987024426,0.547405481,1.217025876,0,-0.546648246,-1.217366189,0,0,168,0,0,168,168,168,0,0,0.517133435,0.000753445,,,,,,,,,,,,
35.69,191,191,191,191,11.62540098,0.960534168,-0.067825317,0.017028809,1,1,1,4,0.035644531,0,0,0,0,,,,,1.976455092,0.547405481,1.217025876,0,-0.546648246,-1.217366189,0,0,185,0,0,185,185,185,0,0,0.599395777,0.000753615,,,,,,,,,,,,
35.7,172,172,172,172,11.705,0.960520405,-0.067825317,0.017028809,1,1,1,4,0.035644531,0,0,0,0,,,,,1.976455092,0.547405481,1.217025876,0,-0.546648246,-1.217366189,0,0,168,0,0,168,168,168,0,0,0.517371069,0.000753615,,,,,,,,,,,,
35.71,172,172,172,172,11.70495711,0.960509009,-0.067825317,0.017028809,1,1,1,4,0.035644531,0,0,0,0,,,,,1.976455092,0.547405481,1.217025876,0,-0.546648246,-1.217366189,0,0,168,0,0,168,168,168,0,0,0.517258075,0.000753615,,,,,,,,,,,,
35.72,182,182,182,182,11.66365749,0.960497612,-0.067825317,0.017028809,1,1,1,4,0.035644531,0,0,0,0,,,,,1.971170425,0.547405481,1.217025876,0,-0.546648246,-1.217366189,0,0,177,0,0,177,177,177,0,0,0.558332159,0.000753615,,,,,,,,,,,,
35.73,177,177,177,177,11.68675191,0.960484991,-0.067825317,0.017028809,1,1,1,4,0.035644531,0,0,0,0,,,,,1.968528152,0.547405481,1.217025876,0,-0.546648246,-1.217366189,0,0,172,0,0,172,172,172,0,0,0.537855794,0.000753615,,,,,,,,,,,,
35.74,172,172,172,172,11.70475829,0.960473058,-0.067825317,0.017028809,1,1,1,4,0.035644531,0,0,0,0,,,,,1.968528152,0.547405481,1.217025876,0,-0.546648246,-1.217366189,0,0,168,0,0,168,168,168,0,0,0.517264292,0.000753615,,,,,,,,,,,,
35.75,182,182,182,182,11.66345878,0.960461662,-0.067810059,0.017089844,1,1,1,4,0.035644531,0,0,0,0,,,,,1.963243484,0.547405481,1.217025876,0,-0.546648246,-1.217366189,0,0,177,0,0,177,177,177,0,0,0.558337493,0.000753445,,,,,,,,,,,,
35.76,182,182,182,182,11.66336715,0.960449041,-0.067810059,0.017089844,1,1,1,4,0.035644531,0,0,0,0,,,,,1.957958817,0.547405481,1.217025876,0,-0.546648246,-1.217366189,0,0,177,0,0,177,177,177,0,0,0.558454559,0.000753445,,,,,,,,,,,,
35.77,172,172,172,172,11.70453233,0.96043642,-0.067810059,0.017089844,1,1,1,4,0.035644531,0,0,0,0,,,,,1.957958817,0.547405481,1.217025876,0,-0.546648246,-1.217366189,0,0,168,0,0,168,168,168,0,0,0.517383957,0.000753445,,,,,,,,,,,,
35.78,172,172,172,172,11.7044897,0.960425024,-0.067810059,0.017089844,1,1,1,4,0.035644531,0,0,0,0,,,,,1.957958817,0.547405481,1.217025876,0,-0.546648246,-1.217366189,0,0,168,0,0,168,168,168,0,0,0.5172689,0.000753445,,,,,,,,,,,,
35.79,182,182,182,182,11.66319033,0.960413627,-0.067810059,0.017089844,1,1,1,4,0.035644531,0,0,0,0,,,,,1.95267427,0.547405481,1.217025876,0,-0.546648246,-1.217366189,0,0,177,0,0,177,177,177,0,0,0.558339992,0.000753445,,,,,,,,,,,,
35.8,172,172,172,172,11.7043556,0.960401006,-0.067810059,0.017089844,1,1,1,4,0.035644531,0,0,0,0,,,,,1.95267427,0.547405481,1.217025876,0,-0.546648246,-1.217366189,0,0,168,0,0,168,168,168,0,0,0.5172691,0.000753445,,,,,,,,,,,,
35.81,182,182,182,182,11.66305631,0.96038961,-0.067810059,0.017089844,1,1,1,4,0.035644531,0,0,0,0,,,,,1.947389603,0.550656378,1.232736945,0,-0.549889368,-1.233079278,0.31426177,0,177,0,0,177,177,177,0,0,0.558340532,0.000753445,,,,,,,,,,,,
35.82,172,172,172,172,11.70422165,0.960376989,-0.067810059,0.017089844,1,1,1,4,0.035644531,0,0,0,0,,,,,1.947389603,0.550656378,1.232736945,0,-0.549889368,-1.233079278,0,0,168,0,0,168,168,168,0,0,0.517268127,0.000753445,,,,,,,,,,,,
35.83,177,177,177,177,11.6861086,0.960365592,-0.067810059,0.017089844,1,1,1,4,0.035644531,0,0,0,0,,,,,1.94474721,0.550656378,1.232736945,0,-0.549889368,-1.233079278,0,0,172,0,0,172,172,172,0,0,0.537745582,0.000753445,,,,,,,,,,,,
35.84,172,172,172,172,11.70411532,0.960353659,-0.067810059,0.017089844,1,1,1,4,0.035644531,0,0,0,0,,,,,1.94474721,0.550656378,1.232736945,0,-0.549889368,-1.233079278,0,0,168,0,0,168,168,168,0,0,0.517149879,0.000753445,,,,,,,,,,,,
35.85,191,191,191,191,11.62433643,0.960342263,-0.067810059,0.017089844,1,1,1,4,0.035644531,0,0,0,0,,,,,1.934177995,0.550656378,1.232736945,0,-0.549889368,-1.233079278,0,0,185,0,0,185,185,185,0,0,0.599406577,0.000753445,,,,,,,,,,,,
35.86,172,172,172,172,11.70393603,0.9603285,-0.067810059,0.017089844,1,1,1,4,0.035644531,0,0,0,0,,,,,1.934177995,0.550656378,1.232736945,0,-0.549889368,-1.233079278,0,0,168,0,0,168,168,168,0,0,0.517378077,0.000753445,,,,,,,,,,,,
35.87,172,172,172,172,11.70389373,0.960317103,-0.067810059,0.017089844,1,1,1,4,0.035644531,0,0,0,0,,,,,1.934177995,0.550656378,1.232736945,0,-0.549889368,-1.233079278,0,0,168,0,0,168,168,168,0,0,0.517260368,0.000753445,,,,,,,,,,,,
35.88,182,182,182,182,11.66259469,0.960305707,-0.067810059,0.017089844,1,1,1,4,0.035644531,0,0,0,0,,,,,1.928893328,0.550656378,1.232736945,0,-0.549889368,-1.233079278,0,0,177,0,0,177,177,177,0,0,0.558329737,0.000753445,,,,,,,,,,,,
35.89,172,172,172,172,11.70376028,0.960293086,-0.067810059,0.017089844,1,1,1,4,0.035644531,0,0,0,0,,,,,1.928893328,0.550656378,1.232736945,0,-0.549889368,-1.233079278,0,0,168,0,0,168,168,168,0,0,0.517255268,0.000753445,,,,,,,,,,,,
35.9,177,177,177,177,11.68564748,0.960281689,-0.067825317,0.017150879,1,1,1,4,0.035644531,0,0,0,0,,,,,1.926251054,0.550656378,1.232736945,0,-0.549889368,-1.233079278,0,0,172,0,0,172,172,172,0,0,0.537729731,0.000753615,,,,,,,,,,,,
35.91,172,172,172,172,11.70365445,0.960269756,-0.067810059,0.017150879,1,1,1,4,0.035644531,0,0,0,0,,,,,1.926251054,0.550656378,1.232736945,0,-0.549889368,-1.233079278,0,0,168,0,0,168,168,168,0,0,0.51713289,0.000753445,,,,,,,,,,,,
35.92,172,172,172,172,11.70361228,0.96025836,-0.067810059,0.017150879,1,1,1,4,0.035644531,0,0,0,0,,,,,1.926251054,0.550656378,1.232736945,0,-0.549889368,-1.233079278,0,0,168,0,0,168,168,168,0,0,0.517013046,0.000753445,,,,,,,,,,,,
35.93,182,182,182,182,11.66231338,0.960246963,-0.067810059,0.017150879,1,1,1,4,0.035644531,0,0,0,0,,,,,1.920966387,0.550656378,1.232736945,0,-0.549889368,-1.233079278,0,0,177,0,0,177,177,177,0,0,0.558080281,0.000753445,,,,,,,,,,,,
35.94,172,172,172,172,11.70347911,0.960234342,-0.067810059,0.017150879,1,1,1,4,0.035644531,0,0,0,0,,,,,1.920966387,0.550656378,1.232736945,0,-0.549889368,-1.233079278,0,0,168,0,0,168,168,168,0,0,0.517003678,0.000753445,,,,,,,,,,,,
35.95,172,172,172,172,11.70343703,0.960222946,-0.067810059,0.017150879,1,1,1,4,0.035644531,0,0,0,0,,,,,1.920966387,0.550656378,1.232736945,0,-0.549889368,-1.233079278,0,0,168,0,0,168,168,168,0,0,0.51688262,0.000753445,,,,,,,,,,,,
35.96,182,182,182,182,11.66213821,0.960211549,-0.067810059,0.017211914,1,1,1,4,0.035644531,0,0,0,0,,,,,1.91568172,0.550656378,1.232736945,0,-0.549889368,-1.233079278,0,0,177,0,0,177,177,177,0,0,0.557948641,0.000753445,,,,,,,,,,,,
35.97,172,172,172,172,11.70330402,0.960198928,-0.067810059,0.017211914,1,1,1,4,0.035644531,0,0,0,0,,,,,1.91568172,0.550656378,1.232736945,0,-0.549889368,-1.233079278,0,0,168,0,0,168,168,168,0,0,0.516870823,0.000753445,,,,,,,,,,,,
35.98,182,182,182,182,11.66200528,0.960187532,-0.067810059,0.017211914,1,1,1,4,0.035644531,0,0,0,0,,,,,1.910397053,0.553782463,1.247738957,0,-0.55300612,-1.248083232,0.300079083,0,177,0,0,177,177,177,0,0,0.557936255,0.000753445,,,,,,,,,,,,
35.99,172,172,172,172,11.70317117,0.960174911,-0.067810059,0.017211914,1,1,1,4,0.035644531,0,0,0,0,,,,,1.910397053,0.553782463,1.247738957,0,-0.55300612,-1.248083232,0,0,168,0,0,168,168,168,0,0,0.516857848,0.000753445,,,,,,,,,,,,
36,172,172,172,172,11.70312924,0.960163514,-0.067810059,0.017211914,1,1,1,4,0.035644531,0,0,0,0,,,,,1.910397053,0.553782463,1.247738957,0,-0.55300612,-1.248083232,0,0,168,0,0,168,168,168,0,0,0.516734986,0.000753445,,,,,,,,,,,,
36.01,172,172,172,172,11.70308733,0.960152118,-0.067810059,0.017211914,1,1,1,4,0.035644531,0,0,0,0,,,,,1.910397053,0.553782463,1.247738957,0,-0.55300612,-1.248083232,0,0,168,0,0,168,168,168,0,0,0.516611499,0.000753445,,,,,,,,,,,,
36.02,172,172,172,172,11.70304544,0.960140721,-0.067810059,0.017211914,1,1,1,4,0.035644531,0,0,0,0,,,,,1.910397053,0.553782463,1.247738957,0,-0.55300612,-1.248083232,0,0,168,0,0,168,168,168,0,0,0.516487387,0.000753445,,,,,,,,,,,,
36.03,181,181,181,181,11.66643719,0.960129325,-0.067810059,0.017211914,1,1,1,4,0.035644531,0,0,0,0,,,,,1.905112505,0.553782463,1.247738957,0,-0.55300612,-1.248083232,0,0,176,0,0,176,176,176,0,0,0.557549424,0.000753445,,,,,,,,,,,,
36.04,172,172,172,172,11.70291836,0.960116843,-0.067810059,0.017211914,1,1,1,4,0.035644531,0,0,0,0,,,,,1.905112505,0.553782463,1.247738957,0,-0.55300612,-1.248083232,0,0,168,0,0,168,168,168,0,0,0.516469477,0.000753445,,,,,,,,,,,,
36.05,172,172,172,172,11.70287655,0.960105447,-0.067810059,0.017211914,1,1,1,4,0.035644531,0,0,0,0,,,,,1.905112505,0.553782463,1.247738957,0,-0.55300612,-1.248083232,0,0,168,0,0,168,168,168,0,0,0.516344151,0.000753445,,,,,,,,,,,,
36.06,172,172,172,172,11.70283475,0.96009405,-0.067810059,0.017211914,1,1,1,4,0.035644531,0,0,0,0,,,,,1.905112505,0.553782463,1.247738957,0,-0.55300612,-1.248083232,0,0,168,0,0,168,168,168,0,0,0.516218199,0.000753445,,,,,,,,,,,,
36.07,172,172,172,172,11.70279296,0.960082653,-0.067810059,0.017211914,1,1,1,4,0.035644531,0,0,0,0,,,,,1.905112505,0.553782463,1.247738957,0,-0.55300612,-1.248083232,0,0,168,0,0,168,168,168,0,0,0.516091623,0.000753445,,,,,,,,,,,,
36.08,177,177,177,177,11.68468059,0.960071257,-0.067810059,0.017211914,1,1,1,4,0.035644531,0,0,0,0,,,,,1.902470112,0.553782463,1.247738957,0,-0.55300612,-1.248083232,0,0,172,0,0,172,172,172,0,0,0.536558737,0.000753445,,,,,,,,,,,,
36.09,172,172,172,172,11.70268801,0.960059324,-0.067810059,0.017211914,1,1,1,4,0.035644531,0,0,0,0,,,,,1.902470112,0.553782463,1.247738957,0,-0.55300612,-1.248083232,0,0,168,0,0,168,168,168,0,0,0.515952695,0.000753445,,,,,,,,,,,,
36.1,172,172,172,172,11.70264628,0.960047928,-0.067810059,0.017211914,1,1,1,4,0.035644531,0,0,0,0,,,,,1.902470112,0.553782463,1.247738957,0,-0.55300612,-1.248083232,0,0,168,0,0,168,168,168,0,0,0.515824573,0.000753445,,,,,,,,,,,,
36.11,172,172,172,172,11.70260457,0.960036531,-0.067810059,0.017272949,1,1,1,4,0.035644531,0,0,0,0,,,,,1.902470112,0.553782463,1.247738957,0,-0.55300612,-1.248083232,0,0,168,0,0,168,168,168,0,0,0.515695827,0.000753445,,,,,,,,,,,,
36.12,172,172,172,172,11.70256286,0.960025134,-0.067810059,0.017272949,1,1,1,4,0.035644531,0,0,0,0,,,,,1.902470112,0.553782463,1.247738957,0,-0.55300612,-1.248083232,0,0,168,0,0,168,168,168,0,0,0.515566456,0.000753445,,,,,,,,,,,,
36.13,181,181,181,181,11.66595481,0.960013738,-0.067810059,0.017272949,1,1,1,4,0.035644531,0,0,0,0,,,,,1.897185445,0.553782463,1.247738957,0,-0.55300612,-1.248083232,0,0,176,0,0,176,176,176,0,0,0.556624163,0.000753445,,,,,,,,,,,,
36.14,172,172,172,172,11.70243618,0.960001256,-0.067810059,0.017272949,1,1,1,4,0.035644531,0,0,0,0,,,,,1.897185445,0.553782463,1.247738957,0,-0.55300612,-1.248083232,0,0,168,0,0,168,168,168,0,0,0.515538033,0.000753445,,,,,,,,,,,,
36.15,172,172,172,172,11.70239456,0.95998986,-0.067810059,0.017272949,1,1,1,4,0.035644531,0,0,0,0,,,,,1.897185445,0.553782463,1.247738957,0,-0.55300612,-1.248083232,0,0,168,0,0,168,168,168,0,0,0.515407448,0.000753445,,,,,,,,,,,,
36.16,172,172,172,172,11.70235295,0.959978463,-0.067810059,0.017272949,1,1,1,4,0.035644531,0,0,0,0,,,,,1.897185445,0.553782463,1.247738957,0,-0.55300612,-1.248083232,0,0,168,0,0,168,168,168,0,0,0.515276237,0.000753445,,,,,,,,,,,,
36.17,172,172,172,172,11.70231135,0.959967067,-0.067810059,0.017272949,1,1,1,4,0.035644531,0,0,0,0,,,,,1.897185445,0.553782463,1.247738957,0,-0.55300612,-1.248083232,0,0,168,0,0,168,168,168,0,0,0.515144401,0.000753445,,,,,,,,,,,,
36.18,172,172,172,172,11.70226977,0.95995567,-0.067810059,0.017333984,1,1,1,4,0.035644531,0,0,0,0,,,,,1.897185445,0.553782463,1.247738957,0,-0.55300612,-1.248083232,0,0,168,0,0,168,168,168,0,0,0.515011941,0.000753445,,,,,,,,,,,,
36.19,171,171,171,171,11.70667941,0.959944273,-0.067810059,0.017333984,1,1,1,4,0.035644531,0,0,0,0,,,,,1.897185445,0.557095528,1.263528466,0,-0.556309361,-1.263874799,0.315831337,0,167,0,0,167,167,167,0,0,0.514878855,0.000753445,,,,,,,,,,,,
36.2,171,171,171,171,11.70664313,0.959933009,-0.067810059,0.017333984,1,1,1,4,0.035644531,0,0,0,0,,,,,1.897185445,0.557095528,1.263528466,0,-0.556309361,-1.263874799,0,0,167,0,0,167,167,167,0,0,0.514745144,0.000753445,,,,,,,,,,,,
36.21,171,171,171,171,11.70660685,0.959921745,-0.067810059,0.017333984,1,1,1,4,0.035644531,0,0,0,0,,,,,1.897185445,0.557095528,1.263528466,0,-0.556309361,-1.263874799,0,0,167,0,0,167,167,167,0,0,0.514610809,0.000753445,,,,,,,,,,,,
36.22,181,181,181,181,11.66555301,0.95991048,-0.067810059,0.017333984,1,1,1,4,0.035644531,0,0,0,0,,,,,1.891900897,0.557095528,1.263528466,0,-0.556309361,-1.263874799,0,0,176,0,0,176,176,176,0,0,0.555662623,0.000753445,,,,,,,,,,,,
36.23,171,171,171,171,11.70648573,0.959897998,-0.067810059,0.017333984,1,1,1,4,0.035644531,0,0,0,0,,,,,1.891900897,0.557095528,1.263528466,0,-0.556309361,-1.263874799,0,0,167,0,0,167,167,167,0,0,0.514572452,0.000753445,,,,,,,,,,,,
36.24,171,171,171,171,11.70644952,0.959886734,-0.067810059,0.017333984,1,1,1,4,0.035644531,0,0,0,0,,,,,1.891900897,0.557095528,1.263528466,0,-0.556309361,-1.263874799,0,0,167,0,0,167,167,167,0,0,0.514436902,0.000753445,,,,,,,,,,,,
36.25,171,171,171,171,11.70641333,0.95987547,-0.067810059,0.017333984,1,1,1,4,0.035644531,0,0,0,0,,,,,1.891900897,0.557095528,1.263528466,0,-0.556309361,-1.263874799,0,0,167,0,0,167,167,167,0,0,0.514300727,0.000753445,,,,,,,,,,,,
36.26,171,171,171,171,11.70637714,0.959864205,-0.067810059,0.017333984,1,1,1,4,0.035644531,0,0,0,0,,,,,1.891900897,0.557095528,1.263528466,0,-0.556309361,-1.263874799,0,0,167,0,0,167,167,167,0,0,0.514163927,0.000753445,,,,,,,,,,,,
36.27,171,171,171,171,11.70634096,0.959852941,-0.067810059,0.017333984,1,1,1,4,0.035644531,0,0,0,0,,,,,1.891900897,0.557095528,1.263528466,0,-0.556309361,-1.263874799,0,0,167,0,0,167,167,167,0,0,0.514026502,0.000753445,,,,,,,,,,,,
36.28,171,171,171,171,11.70630478,0.959841676,-0.067810059,0.017333984,1,1,1,4,0.035644531,0,0,0,0,,,,,1.891900897,0.557095528,1.263528466,0,-0.556309361,-1.263874799,0,0,167,0,0,167,167,167,0,0,0.513888451,0.000753445,,,,,,,,,,,,
36.29,171,171,171,171,11.70626862,0.959830412,-0.067810059,0.017333984,1,1,1,4,0.035644531,0,0,0,0,,,,,1.891900897,0.557095528,1.263528466,0,-0.556309361,-1.263874799,0,0,167,0,0,167,167,167,0,0,0.513749776,0.000753445,,,,,,,,,,,,
36.3,171,171,171,171,11.70623246,0.959819147,-0.067810059,0.017333984,1,1,1,4,0.035644531,0,0,0,0,,,,,1.891900897,0.557095528,1.263528466,0,-0.556309361,-1.263874799,0,0,167,0,0,167,167,167,0,0,0.513610476,0.000753445,,,,,,,,,,,,
36.31,171,171,171,171,11.70619631,0.959807883,-0.067810059,0.017333984,1,1,1,4,0.035644531,0,0,0,0,,,,,1.891900897,0.557095528,1.263528466,0,-0.556309361,-1.263874799,0,0,167,0,0,167,167,167,0,0,0.513470551,0.000753445,,,,,,,,,,,,
36.32,171,171,171,171,11.70616017,0.959796618,-0.067810059,0.01739502,1,1,1,4,0.035644531,0,0,0,0,,,,,1.891900897,0.557095528,1.263528466,0,-0.556309361,-1.263874799,0,0,167,0,0,167,167,167,0,0,0.513330001,0.000753445,,,,,,,,,,,,
36.33,171,171,171,171,11.70612404,0.959785354,-0.067810059,0.01739502,1,1,1,4,0.035644531,0,0,0,0,,,,,1.891900897,0.557095528,1.263528466,0,-0.556309361,-1.263874799,0,0,167,0,0,167,167,167,0,0,0.513188826,0.000753445,,,,,,,,,,,,
36.34,171,171,171,171,11.70608791,0.95977409,-0.067810059,0.01739502,1,1,1,4,0.035644531,0,0,0,0,,,,,1.891900897,0.557095528,1.263528466,0,-0.556309361,-1.263874799,0,0,167,0,0,167,167,167,0,0,0.513047026,0.000753445,,,,,,,,,,,,
36.35,161,161,161,161,11.74491685,0.959762825,-0.067810059,0.01739502,1,1,1,4,0.035644531,0,0,0,0,,,,,1.897185445,0.557095528,1.263528466,0,-0.556309361,-1.263874799,0,0,158,0,0,158,158,158,0,0,0.471717826,0.000753445,,,,,,,,,,,,
36.36,171,171,171,171,11.70606173,0.959752714,-0.067810059,0.01739502,1,1,1,4,0.035644531,0,0,0,0,,,,,1.897185445,0.557095528,1.263528466,0,-0.556309361,-1.263874799,0,0,167,0,0,167,167,167,0,0,0.512529361,0.000753445,,,,,,,,,,,,
36.37,171,171,171,171,11.70602559,0.95974145,-0.067810059,0.01739502,1,1,1,4,0.035644531,0,0,0,0,,,,,1.897185445,0.557095528,1.263528466,0,-0.556309361,-1.263874799,0,0,167,0,0,167,167,167,0,0,0.512385025,0.000753445,,,,,,,,,,,,
36.38,171,171,171,171,11.70598945,0.959730185,-0.067810059,0.017456055,1,1,1,4,0.035644531,0,0,0,0,,,,,1.897185445,0.56043911,1.279351592,0,-0.559643098,-1.279700002,0.316504057,0,167,0,0,167,167,167,0,0,0.512240064,0.000753445,,,,,,,,,,,,
36.39,171,171,171,171,11.70595332,0.959718921,-0.067810059,0.017456055,1,1,1,4,0.035644531,0,0,0,0,,,,,1.897185445,0.56043911,1.279351592,0,-0.559643098,-1.279700002,0,0,167,0,0,167,167,167,0,0,0.512094479,0.000753445,,,,,,,,,,,,
36.4,171,171,171,171,11.7059172,0.959707656,-0.067810059,0.017456055,1,1,1,4,0.035644531,0,0,0,0,,,,,1.897185445,0.56043911,1.279351592,0,-0.559643098,-1.279700002,0,0,167,0,0,167,167,167,0,0,0.511948268,0.000753445,,,,,,,,,,,,
36.41,171,171,171,171,11.70588109,0.959696392,-0.067810059,0.017456055,1,1,1,4,0.035644531,0,0,0,0,,,,,1.897185445,0.56043911,1.279351592,0,-0.559643098,-1.279700002,0,0,167,0,0,167,167,167,0,0,0.511801432,0.000753445,,,,,,,,,,,,
36.42,171,171,171,171,11.70584499,0.959685127,-0.067810059,0.017456055,1,1,1,4,0.035644531,0,0,0,0,,,,,1.897185445,0.56043911,1.279351592,0,-0.559643098,-1.279700002,0,0,167,0,0,167,167,167,0,0,0.511653972,0.000753445,,,,,,,,,,,,
36.43,171,171,171,171,11.70580889,0.959673863,-0.067810059,0.017456055,1,1,1,4,0.035644531,0,0,0,0,,,,,1.897185445,0.56043911,1.279351592,0,-0.559643098,-1.279700002,0,0,167,0,0,167,167,167,0,0,0.511505886,0.000753445,,,,,,,,,,,,
36.44,171,171,171,171,11.7057728,0.959662599,-0.067810059,0.017456055,1,1,1,4,0.035644531,0,0,0,0,,,,,1.897185445,0.56043911,1.279351592,0,-0.559643098,-1.279700002,0,0,167,0,0,167,167,167,0,0,0.511357175,0.000753445,,,,,,,,,,,,
36.45,171,171,171,171,11.70573672,0.959651334,-0.067810059,0.017456055,1,1,1,4,0.035644531,0,0,0,0,,,,,1.897185445,0.56043911,1.279351592,0,-0.559643098,-1.279700002,0,0,167,0,0,167,167,167,0,0,0.51120784,0.000753445,,,,,,,,,,,,
36.46,171,171,171,171,11.70570065,0.95964007,-0.067810059,0.017456055,1,1,1,4,0.035644531,0,0,0,0,,,,,1.897185445,0.56043911,1.279351592,0,-0.559643098,-1.279700002,0,0,167,0,0,167,167,167,0,0,0.511057879,0.000753445,,,,,,,,,,,,
36.47,161,161,161,161,11.74452963,0.959628805,-0.067810059,0.017456055,1,1,1,4,0.035644531,0,0,0,0,,,,,1.902470112,0.56043911,1.279351592,0,-0.559643098,-1.279700002,0,0,158,0,0,158,158,158,0,0,0.469719589,0.000753445,,,,,,,,,,,,
36.48,171,171,171,171,11.70567457,0.959618694,-0.067810059,0.017456055,1,1,1,4,0.035644531,0,0,0,0,,,,,1.902470112,0.56043911,1.279351592,0,-0.559643098,-1.279700002,0,0,167,0,0,167,167,167,0,0,0.510523887,0.000753445,,,,,,,,,,,,
36.49,171,171,171,171,11.70563848,0.95960743,-0.067810059,0.017456055,1,1,1,4,0.035644531,0,0,0,0,,,,,1.902470112,0.56043911,1.279351592,0,-0.559643098,-1.279700002,0,0,167,0,0,167,167,167,0,0,0.510371391,0.000753445,,,,,,,,,,,,
36.5,170,170,170,170,11.71002703,0.959596165,-0.067810059,0.017456055,1,1,1,4,0.035644531,0,0,0,0,,,,,1.902470112,0.56043911,1.279351592,0,-0.559643098,-1.279700002,0,0,166,0,0,166,166,166,0,0,0.51021827,0.000753445,,,,,,,,,,,,
36.51,170,170,170,170,11.7099962,0.959585032,-0.067810059,0.017456055,1,1,1,4,0.035644531,0,0,0,0,,,,,1.902470112,0.56043911,1.279351592,0,-0.559643098,-1.279700002,0,0,166,0,0,166,166,166,0,0,0.510064524,0.000753445,,,,,,,,,,,,
36.52,170,170,170,170,11.70996536,0.959573899,-0.067810059,0.017456055,1,1,1,4,0.035644531,0,0,0,0,,,,,1.902470112,0.56043911,1.279351592,0,-0.559643098,-1.279700002,0,0,166,0,0,166,166,166,0,0,0.509910152,0.000753445,,,,,,,,,,,,
36.53,170,170,170,170,11.70993454,0.959562766,-0.067810059,0.017456055,1,1,1,4,0.035644531,0,0,0,0,,,,,1.902470112,0.56043911,1.279351592,0,-0.559643098,-1.279700002,0,0,166,0,0,166,166,166,0,0,0.509755156,0.000753445,,,,,,,,,,,,
36.54,170,170,170,170,11.70990371,0.959551633,-0.067810059,0.017456055,1,1,1,4,0.035644531,0,0,0,0,,,,,1.902470112,0.56043911,1.279351592,0,-0.559643098,-1.279700002,0,0,166,0,0,166,166,166,0,0,0.509599535,0.000753445,,,,,,,,,,,,
36.55,170,170,170,170,11.70987289,0.9595405,-0.067810059,0.01751709,1,1,1,4,0.035644531,0,0,0,0,,,,,1.902470112,0.56043911,1.279351592,0,-0.559643098,-1.279700002,0,0,166,0,0,166,166,166,0,0,0.509443289,0.000753445,,,,,,,,,,,,
36.56,170,170,170,170,11.70984207,0.959529367,-0.067810059,0.01751709,1,1,1,4,0.035644531,0,0,0,0,,,,,1.902470112,0.56043911,1.279351592,0,-0.559643098,-1.279700002,0,0,166,0,0,166,166,166,0,0,0.509286417,0.000753445,,,,,,,,,,,,
36.57,166,166,166,166,11.72724405,0.959518233,-0.067810059,0.01751709,1,1,1,4,0.035644531,0,0,0,0,,,,,1.905112505,0.563649714,1.294443607,0,-0.562844313,-1.294794011,0.301880194,0,162,0,0,162,162,162,0,0,0.488534605,0.000753445,,,,,,,,,,,,
36.58,170,170,170,170,11.70980109,0.959507618,-0.067810059,0.01751709,1,1,1,4,0.035644531,0,0,0,0,,,,,1.905112505,0.563649714,1.294443607,0,-0.562844313,-1.294794011,0,0,166,0,0,166,166,166,0,0,0.5088547,0.000753445,,,,,,,,,,,,
36.59,170,170,170,170,11.70977026,0.959496484,-0.067810059,0.017578125,1,1,1,4,0.035644531,0,0,0,0,,,,,1.905112505,0.563649714,1.294443607,0,-0.562844313,-1.294794011,0,0,166,0,0,166,166,166,0,0,0.508695623,0.000753445,,,,,,,,,,,,
36.6,170,170,170,170,11.70973943,0.959485351,-0.067810059,0.017578125,1,1,1,4,0.035644531,0,0,0,0,,,,,1.905112505,0.563649714,1.294443607,0,-0.562844313,-1.294794011,0,0,166,0,0,166,166,166,0,0,0.508535922,0.000753445,,,,,,,,,,,,
36.61,170,170,170,170,11.70970861,0.959474218,-0.067810059,0.017578125,1,1,1,4,0.035644531,0,0,0,0,,,,,1.905112505,0.563649714,1.294443607,0,-0.562844313,-1.294794011,0,0,166,0,0,166,166,166,0,0,0.508375595,0.000753445,,,,,,,,,,,,
36.62,170,170,170,170,11.70967779,0.959463085,-0.067810059,0.017578125,1,1,1,4,0.035644531,0,0,0,0,,,,,1.905112505,0.563649714,1.294443607,0,-0.562844313,-1.294794011,0,0,166,0,0,166,166,166,0,0,0.508214643,0.000753445,,,,,,,,,,,,
36.63,170,170,170,170,11.70964697,0.959451952,-0.067810059,0.017578125,1,1,1,4,0.035644531,0,0,0,0,,,,,1.905112505,0.563649714,1.294443607,0,-0.562844313,-1.294794011,0,0,166,0,0,166,166,166,0,0,0.508053067,0.000753445,,,,,,,,,,,,
36.64,170,170,170,170,11.70961616,0.959440819,-0.067810059,0.017578125,1,1,1,4,0.035644531,0,0,0,0,,,,,1.905112505,0.563649714,1.294443607,0,-0.562844313,-1.294794011,0,0,166,0,0,166,166,166,0,0,0.507890865,0.000753445,,,,,,,,,,,,
36.65,160,160,160,160,11.74821123,0.959429686,-0.067810059,0.017578125,1,1,1,4,0.035644531,0,0,0,0,,,,,1.910397053,0.563649714,1.294443607,0,-0.562844313,-1.294794011,0,0,157,0,0,157,157,157,0,0,0.466541264,0.000753445,,,,,,,,,,,,
36.66,170,170,170,170,11.7096003,0.959419699,-0.067810059,0.017578125,1,1,1,4,0.035644531,0,0,0,0,,,,,1.910397053,0.563649714,1.294443607,0,-0.562844313,-1.294794011,0,0,166,0,0,166,166,166,0,0,0.507332397,0.000753445,,,,,,,,,,,,
36.67,170,170,170,170,11.70956945,0.959408566,-0.067810059,0.017578125,1,1,1,4,0.035644531,0,0,0,0,,,,,1.910397053,0.563649714,1.294443607,0,-0.562844313,-1.294794011,0,0,166,0,0,166,166,166,0,0,0.50716766,0.000753445,,,,,,,,,,,,
36.68,170,170,170,170,11.7095386,0.959397433,-0.067810059,0.017578125,1,1,1,4,0.035644531,0,0,0,0,,,,,1.910397053,0.563649714,1.294443607,0,-0.562844313,-1.294794011,0,0,166,0,0,166,166,166,0,0,0.507002298,0.000753445,,,,,,,,,,,,
36.69,170,170,170,170,11.70950776,0.959386299,-0.067810059,0.017578125,1,1,1,4,0.035644531,0,0,0,0,,,,,1.910397053,0.563649714,1.294443607,0,-0.562844313,-1.294794011,0,0,166,0,0,166,166,166,0,0,0.506836311,0.000753445,,,,,,,,,,,,
36.7,170,170,170,170,11.70947692,0.959375166,-0.067825317,0.017578125,1,1,1,4,0.035644531,0,0,0,0,,,,,1.910397053,0.563649714,1.294443607,0,-0.562844313,-1.294794011,0,0,166,0,0,166,166,166,0,0,0.506669699,0.000753615,,,,,,,,,,,,
36.71,170,170,170,170,11.70944608,0.959364033,-0.067825317,0.017578125,1,1,1,4,0.035644531,0,0,0,0,,,,,1.910397053,0.563649714,1.294443607,0,-0.562844313,-1.294794011,0,0,166,0,0,166,166,166,0,0,0.506502462,0.000753615,,,,,,,,,,,,
36.72,160,160,160,160,11.74804113,0.9593529,-0.067825317,0.017578125,1,1,1,4,0.035644531,0,0,0,0,,,,,1.91568172,0.563649714,1.294443607,0,-0.562844313,-1.294794011,0,0,157,0,0,157,157,157,0,0,0.465146896,0.000753615,,,,,,,,,,,,
36.73,170,170,170,170,11.70943018,0.959342913,-0.067825317,0.017578125,1,1,1,4,0.035644531,0,0,0,0,,,,,1.91568172,0.563649714,1.294443607,0,-0.562844313,-1.294794011,0,0,166,0,0,166,166,166,0,0,0.505933917,0.000753615,,,,,,,,,,,,
36.74,170,170,170,170,11.70939931,0.95933178,-0.067810059,0.017578125,1,1,1,4,0.035644531,0,0,0,0,,,,,1.91568172,0.563649714,1.294443607,0,-0.562844313,-1.294794011,0,0,166,0,0,166,166,166,0,0,0.505764145,0.000753445,,,,,,,,,,,,
36.75,169,169,169,169,11.71376651,0.959320647,-0.067810059,0.017578125,1,1,1,4,0.035644531,0,0,0,0,,,,,1.91568172,0.563649714,1.294443607,0,-0.562844313,-1.294794011,0,0,165,0,0,165,165,165,0,0,0.505593747,0.000753445,,,,,,,,,,,,
36.76,169,169,169,169,11.71374085,0.959309644,-0.067810059,0.017578125,1,1,1,4,0.035644531,0,0,0,0,,,,,1.91568172,0.563649714,1.294443607,0,-0.562844313,-1.294794011,0,0,165,0,0,165,165,165,0,0,0.505422724,0.000753445,,,,,,,,,,,,
36.77,169,169,169,169,11.7137152,0.959298642,-0.067810059,0.01763916,1,1,1,4,0.035644531,0,0,0,0,,,,,1.91568172,0.56704694,1.310307026,0,-0.56623167,-1.31065954,0.317310579,0,165,0,0,165,165,165,0,0,0.505251077,0.000753445,,,,,,,,,,,,
36.78,169,169,169,169,11.71368954,0.959287639,-0.067810059,0.01763916,1,1,1,4,0.035644531,0,0,0,0,,,,,1.91568172,0.56704694,1.310307026,0,-0.56623167,-1.31065954,0,0,165,0,0,165,165,165,0,0,0.505078804,0.000753445,,,,,,,,,,,,
36.79,159,159,159,159,11.75205059,0.959276637,-0.067810059,0.01763916,1,1,1,4,0.035644531,0,0,0,0,,,,,1.920966387,0.56704694,1.310307026,0,-0.56623167,-1.31065954,0,0,156,0,0,156,156,156,0,0,0.463718202,0.000753445,,,,,,,,,,,,
36.8,169,169,169,169,11.7136837,0.959266773,-0.067810059,0.01763916,1,1,1,4,0.035644531,0,0,0,0,,,,,1.920966387,0.56704694,1.310307026,0,-0.56623167,-1.31065954,0,0,165,0,0,165,165,165,0,0,0.504500188,0.000753445,,,,,,,,,,,,
36.81,169,169,169,169,11.71365799,0.959255771,-0.067810059,0.01763916,1,1,1,4,0.035644531,0,0,0,0,,,,,1.920966387,0.56704694,1.310307026,0,-0.56623167,-1.31065954,0,0,165,0,0,165,165,165,0,0,0.50432538,0.000753445,,,,,,,,,,,,
36.82,169,169,169,169,11.71363228,0.959244768,-0.067810059,0.01763916,1,1,1,4,0.035644531,0,0,0,0,,,,,1.920966387,0.56704694,1.310307026,0,-0.56623167,-1.31065954,0,0,165,0,0,165,165,165,0,0,0.504149947,0.000753445,,,,,,,,,,,,
36.83,169,169,169,169,11.71360657,0.959233765,-0.067810059,0.017700195,1,1,1,4,0.035644531,0,0,0,0,,,,,1.920966387,0.56704694,1.310307026,0,-0.56623167,-1.31065954,0,0,165,0,0,165,165,165,0,0,0.503973888,0.000753445,,,,,,,,,,,,
36.84,169,169,169,169,11.71358086,0.959222763,-0.067810059,0.017700195,1,1,1,4,0.035644531,0,0,0,0,,,,,1.920966387,0.56704694,1.310307026,0,-0.56623167,-1.31065954,0,0,165,0,0,165,165,165,0,0,0.503797205,0.000753445,,,,,,,,,,,,
36.85,159,159,159,159,11.75194186,0.95921176,-0.067810059,0.017700195,1,1,1,4,0.035644531,0,0,0,0,,,,,1.926251054,0.56704694,1.310307026,0,-0.56623167,-1.31065954,0,0,156,0,0,156,156,156,0,0,0.462432193,0.000753445,,,,,,,,,,,,
36.86,169,169,169,169,11.71357491,0.959201897,-0.067810059,0.017700195,1,1,1,4,0.035644531,0,0,0,0,,,,,1.926251054,0.56704694,1.310307026,0,-0.56623167,-1.31065954,0,0,165,0,0,165,165,165,0,0,0.503209768,0.000753445,,,,,,,,,,,,
36.87,169,169,169,169,11.71354915,0.959190894,-0.067810059,0.017700195,1,1,1,4,0.035644531,0,0,0,0,,,,,1.926251054,0.56704694,1.310307026,0,-0.56623167,-1.31065954,0,0,165,0,0,165,165,165,0,0,0.50303055,0.000753445,,,,,,,,,,,,
36.88,169,169,169,169,11.71352339,0.959179891,-0.067810059,0.017700195,1,1,1,4,0.035644531,0,0,0,0,,,,,1.926251054,0.56704694,1.310307026,0,-0.56623167,-1.31065954,0,0,165,0,0,165,165,165,0,0,0.502850706,0.000753445,,,,,,,,,,,,
36.89,169,169,169,169,11.71349763,0.959168889,-0.067810059,0.017700195,1,1,1,4,0.035644531,0,0,0,0,,,,,1.926251054,0.56704694,1.310307026,0,-0.56623167,-1.31065954,0,0,165,0,0,165,165,165,0,0,0.502670237,0.000753445,,,,,,,,,,,,
36.9,169,169,169,169,11.71347187,0.959157886,-0.067810059,0.017700195,1,1,1,4,0.035644531,0,0,0,0,,,,,1.926251054,0.56704694,1.310307026,0,-0.56623167,-1.31065954,0,0,165,0,0,165,165,165,0,0,0.502489143,0.000753445,,,,,,,,,,,,
36.91,169,169,169,169,11.7134461,0.959146884,-0.067810059,0.017700195,1,1,1,4,0.035644531,0,0,0,0,,,,,1.926251054,0.56704694,1.310307026,0,-0.56623167,-1.31065954,0,0,165,0,0,165,165,165,0,0,0.502307424,0.000753445,,,,,,,,,,,,
36.92,164,164,164,164,11.73501203,0.959135881,-0.067810059,0.017700195,1,1,1,4,0.035644531,0,0,0,0,,,,,1.928893328,0.56704694,1.310307026,0,-0.56623167,-1.31065954,0,0,160,0,0,160,160,160,0,0,0.481531693,0.000753445,,,,,,,,,,,,
36.93,169,169,169,169,11.71342014,0.959125519,-0.067810059,0.017700195,1,1,1,4,0.035644531,0,0,0,0,,,,,1.928893328,0.56704694,1.310307026,0,-0.56623167,-1.31065954,0,0,165,0,0,165,165,165,0,0,0.501826016,0.000753445,,,,,,,,,,,,
36.94,169,169,169,169,11.71339435,0.959114517,-0.067810059,0.017700195,1,1,1,4,0.035644531,0,0,0,0,,,,,1.928893328,0.56704694,1.310307026,0,-0.56623167,-1.31065954,0,0,165,0,0,165,165,165,0,0,0.501642092,0.000753445,,,,,,,,,,,,
36.95,169,169,169,169,11.71336855,0.959103514,-0.067810059,0.017700195,1,1,1,4,0.035644531,0,0,0,0,,,,,1.928893328,0.56704694,1.310307026,0,-0.56623167,-1.31065954,0,0,165,0,0,165,165,165,0,0,0.501457543,0.000753445,,,,,,,,,,,,
36.96,169,169,169,169,11.71334275,0.959092511,-0.067810059,0.017700195,1,1,1,4,0.035644531,0,0,0,0,,,,,1.928893328,0.56704694,1.310307026,0,-0.56623167,-1.31065954,0,0,165,0,0,165,165,165,0,0,0.501272369,0.000753445,,,,,,,,,,,,
36.97,169,169,169,169,11.71331695,0.959081509,-0.067810059,0.017700195,1,1,1,4,0.035644531,0,0,0,0,,,,,1.928893328,0.570305943,1.325425506,0,-0.569481267,-1.325780045,0.302410086,0,165,0,0,165,165,165,0,0,0.50108657,0.000753445,,,,,,,,,,,,
36.98,168,168,168,168,11.71766264,0.959070506,-0.067810059,0.01776123,1,1,1,4,0.035644531,0,0,0,0,,,,,1.928893328,0.570305943,1.325425506,0,-0.569481267,-1.325780045,0,0,164,0,0,164,164,164,0,0,0.500900146,0.000753445,,,,,,,,,,,,
36.99,158,158,158,158,11.75578955,0.959059633,-0.067810059,0.01776123,1,1,1,4,0.035644531,0,0,0,0,,,,,1.934177995,0.570305943,1.325425506,0,-0.569481267,-1.325780045,0,0,155,0,0,155,155,155,0,0,0.459525393,0.000753445,,,,,,,,,,,,
37,168,168,168,168,11.71766658,0.959049892,-0.067810059,0.01776123,1,1,1,4,0.035644531,0,0,0,0,,,,,1.934177995,0.570305943,1.325425506,0,-0.569481267,-1.325780045,0,0,164,0,0,164,164,164,0,0,0.500293227,0.000753445,,,,,,,,,,,,
37.01,168,168,168,168,11.71764589,0.95903902,-0.067810059,0.01776123,1,1,1,4,0.035644531,0,0,0,0,,,,,1.934177995,0.570305943,1.325425506,0,-0.569481267,-1.325780045,0,0,164,0,0,164,164,164,0,0,0.500104267,0.000753445,,,,,,,,,,,,
37.02,168,168,168,168,11.71762521,0.959028147,-0.067810059,0.01776123,1,1,1,4,0.035644531,0,0,0,0,,,,,1.934177995,0.570305943,1.325425506,0,-0.569481267,-1.325780045,0,0,164,0,0,164,164,164,0,0,0.499914683,0.000753445,,,,,,,,,,,,
37.03,168,168,168,168,11.71760451,0.959017274,-0.067810059,0.01776123,1,1,1,4,0.035644531,0,0,0,0,,,,,1.934177995,0.570305943,1.325425506,0,-0.569481267,-1.325780045,0,0,164,0,0,164,164,164,0,0,0.499724473,0.000753445,,,,,,,,,,,,
37.04,168,168,168,168,11.71758382,0.959006401,-0.067810059,0.01776123,1,1,1,4,0.035644531,0,0,0,0,,,,,1.934177995,0.570305943,1.325425506,0,-0.569481267,-1.325780045,0,0,164,0,0,164,164,164,0,0,0.499533638,0.000753445,,,,,,,,,,,,
37.05,168,168,168,168,11.71756311,0.958995528,-0.067810059,0.017822266,1,1,1,4,0.035644531,0,0,0,0,,,,,1.934177995,0.570305943,1.325425506,0,-0.569481267,-1.325780045,0,0,164,0,0,164,164,164,0,0,0.499342178,0.000753445,,,,,,,,,,,,
37.06,168,168,168,168,11.7175424,0.958984655,-0.067810059,0.017822266,1,1,1,4,0.035644531,0,0,0,0,,,,,1.934177995,0.570305943,1.325425506,0,-0.569481267,-1.325780045,0,0,164,0,0,164,164,164,0,0,0.499150094,0.000753445,,,,,,,,,,,,
37.07,158,158,158,158,11.75566922,0.958973782,-0.067810059,0.017822266,1,1,1,4,0.035644531,0,0,0,0,,,,,1.939462662,0.570305943,1.325425506,0,-0.569481267,-1.325780045,0,0,155,0,0,155,155,155,0,0,0.45776968,0.000753445,,,,,,,,,,,,
37.08,168,168,168,168,11.71754615,0.958964042,-0.067810059,0.017822266,1,1,1,4,0.035644531,0,0,0,0,,,,,1.939462662,0.570305943,1.325425506,0,-0.569481267,-1.325780045,0,0,164,0,0,164,164,164,0,0,0.498531854,0.000753445,,,,,,,,,,,,
37.09,168,168,168,168,11.71752537,0.958953169,-0.067825317,0.017822266,1,1,1,4,0.035644531,0,0,0,0,,,,,1.939462662,0.570305943,1.325425506,0,-0.569481267,-1.325780045,0,0,164,0,0,164,164,164,0,0,0.498337234,0.000753615,,,,,,,,,,,,
37.1,168,168,168,168,11.71750459,0.958942296,-0.067825317,0.017822266,1,1,1,4,0.035644531,0,0,0,0,,,,,1.939462662,0.570305943,1.325425506,0,-0.569481267,-1.325780045,0,0,164,0,0,164,164,164,0,0,0.498141988,0.000753615,,,,,,,,,,,,
37.11,168,168,168,168,11.7174838,0.958931423,-0.067825317,0.017822266,1,1,1,4,0.035644531,0,0,0,0,,,,,1.939462662,0.570305943,1.325425506,0,-0.569481267,-1.325780045,0,0,164,0,0,164,164,164,0,0,0.497946118,0.000753615,,,,,,,,,,,,
37.12,168,168,168,168,11.71746301,0.95892055,-0.067825317,0.017822266,1,1,1,4,0.035644531,0,0,0,0,,,,,1.939462662,0.570305943,1.325425506,0,-0.569481267,-1.325780045,0,0,164,0,0,164,164,164,0,0,0.497749623,0.000753615,,,,,,,,,,,,
37.13,168,168,168,168,11.71744221,0.958909677,-0.067825317,0.017822266,1,1,1,4,0.035644531,0,0,0,0,,,,,1.939462662,0.570305943,1.325425506,0,-0.569481267,-1.325780045,0,0,164,0,0,164,164,164,0,0,0.497552502,0.000753615,,,,,,,,,,,,
37.14,168,168,168,168,11.7174214,0.958898804,-0.067810059,0.017822266,1,1,1,4,0.035644531,0,0,0,0,,,,,1.939462662,0.570305943,1.325425506,0,-0.569481267,-1.325780045,0,0,164,0,0,164,164,164,0,0,0.497354757,0.000753445,,,,,,,,,,,,
37.15,168,168,168,168,11.71740059,0.958887931,-0.067810059,0.017822266,1,1,1,4,0.035644531,0,0,0,0,,,,,1.939462662,0.570305943,1.325425506,0,-0.569481267,-1.325780045,0,0,164,0,0,164,164,164,0,0,0.497156387,0.000753445,,,,,,,,,,,,
37.16,168,168,168,168,11.71737977,0.958877059,-0.067810059,0.017822266,1,1,1,4,0.035644531,0,0,0,0,,,,,1.939462662,0.570305943,1.325425506,0,-0.569481267,-1.325780045,0,0,164,0,0,164,164,164,0,0,0.496957391,0.000753445,,,,,,,,,,,,
37.17,157,157,157,157,11.75961223,0.958866186,-0.067810059,0.017822266,1,1,1,4,0.035644531,0,0,0,0,,,,,1.94474721,0.573752284,1.341310263,0,-0.572917725,-1.341666943,0.31773796,0,154,0,0,154,154,154,0,0,0.455570996,0.000753445,,,,,,,,,,,,
37.18,167,167,167,167,11.72173309,0.958856567,-0.067810059,0.017822266,1,1,1,4,0.035644531,0,0,0,0,,,,,1.94474721,0.573752284,1.341310263,0,-0.572917725,-1.341666943,0,0,163,0,0,163,163,163,0,0,0.496325336,0.000753445,,,,,,,,,,,,
37.19,167,167,167,167,11.72171735,0.958845823,-0.067810059,0.017822266,1,1,1,4,0.035644531,0,0,0,0,,,,,1.94474721,0.573752284,1.341310263,0,-0.572917725,-1.341666943,0,0,163,0,0,163,163,163,0,0,0.496123805,0.000753445,,,,,,,,,,,,
37.2,167,167,167,167,11.7217016,0.958835079,-0.067810059,0.017883301,1,1,1,4,0.035644531,0,0,0,0,,,,,1.94474721,0.573752284,1.341310263,0,-0.572917725,-1.341666943,0,0,163,0,0,163,163,163,0,0,0.495921649,0.000753445,,,,,,,,,,,,
37.21,167,167,167,167,11.72168584,0.958824335,-0.067810059,0.017883301,1,1,1,4,0.035644531,0,0,0,0,,,,,1.94474721,0.573752284,1.341310263,0,-0.572917725,-1.341666943,0,0,163,0,0,163,163,163,0,0,0.495718868,0.000753445,,,,,,,,,,,,
37.22,167,167,167,167,11.72167007,0.958813591,-0.067810059,0.017883301,1,1,1,4,0.035644531,0,0,0,0,,,,,1.94474721,0.573752284,1.341310263,0,-0.572917725,-1.341666943,0,0,163,0,0,163,163,163,0,0,0.495515462,0.000753445,,,,,,,,,,,,
37.23,167,167,167,167,11.72165429,0.958802847,-0.067810059,0.017883301,1,1,1,4,0.035644531,0,0,0,0,,,,,1.94474721,0.573752284,1.341310263,0,-0.572917725,-1.341666943,0,0,163,0,0,163,163,163,0,0,0.495311431,0.000753445,,,,,,,,,,,,
37.24,167,167,167,167,11.7216385,0.958792103,-0.067810059,0.017883301,1,1,1,4,0.035644531,0,0,0,0,,,,,1.94474721,0.573752284,1.341310263,0,-0.572917725,-1.341666943,0,0,163,0,0,163,163,163,0,0,0.495106776,0.000753445,,,,,,,,,,,,
37.25,167,167,167,167,11.72162269,0.958781359,-0.067810059,0.017944336,1,1,1,4,0.035644531,0,0,0,0,,,,,1.94474721,0.573752284,1.341310263,0,-0.572917725,-1.341666943,0,0,163,0,0,163,163,163,0,0,0.494901495,0.000753445,,,,,,,,,,,,
37.26,167,167,167,167,11.72160688,0.958770615,-0.067810059,0.017944336,1,1,1,4,0.035644531,0,0,0,0,,,,,1.94474721,0.573752284,1.341310263,0,-0.572917725,-1.341666943,0,0,163,0,0,163,163,163,0,0,0.494695589,0.000753445,,,,,,,,,,,,
37.27,167,167,167,167,11.72159105,0.958759871,-0.067810059,0.017944336,1,1,1,4,0.035644531,0,0,0,0,,,,,1.94474721,0.573752284,1.341310263,0,-0.572917725,-1.341666943,0,0,163,0,0,163,163,163,0,0,0.494489058,0.000753445,,,,,,,,,,,,
37.28,167,167,167,167,11.72157521,0.958749127,-0.067810059,0.017944336,1,1,1,4,0.035644531,0,0,0,0,,,,,1.94474721,0.573752284,1.341310263,0,-0.572917725,-1.341666943,0,0,163,0,0,163,163,163,0,0,0.494281902,0.000753445,,,,,,,,,,,,
37.29,167,167,167,167,11.72155937,0.958738384,-0.067810059,0.017944336,1,1,1,4,0.035644531,0,0,0,0,,,,,1.94474721,0.573752284,1.341310263,0,-0.572917725,-1.341666943,0,0,163,0,0,163,163,163,0,0,0.494074121,0.000753445,,,,,,,,,,,,
37.3,167,167,167,167,11.72154351,0.95872764,-0.067810059,0.017944336,1,1,1,4,0.035644531,0,0,0,0,,,,,1.94474721,0.573752284,1.341310263,0,-0.572917725,-1.341666943,0,0,163,0,0,163,163,163,0,0,0.493865715,0.000753445,,,,,,,,,,,,
37.31,161,161,161,161,11.74285359,0.958716896,-0.067810059,0.017944336,1,1,1,4,0.035644531,0,0,0,0,,,,,1.947389603,0.573752284,1.341310263,0,-0.572917725,-1.341666943,0,0,158,0,0,158,158,158,0,0,0.473062368,0.000753445,,,,,,,,,,,,
37.32,167,167,167,167,11.72153702,0.958706785,-0.067810059,0.017944336,1,1,1,4,0.035644531,0,0,0,0,,,,,1.947389603,0.573752284,1.341310263,0,-0.572917725,-1.341666943,0,0,163,0,0,163,163,163,0,0,0.493330928,0.000753445,,,,,,,,,,,,
37.33,167,167,167,167,11.72152111,0.958696041,-0.067810059,0.017944336,1,1,1,4,0.035644531,0,0,0,0,,,,,1.947389603,0.573752284,1.341310263,0,-0.572917725,-1.341666943,0,0,163,0,0,163,163,163,0,0,0.493120317,0.000753445,,,,,,,,,,,,
37.34,167,167,167,167,11.72150518,0.958685297,-0.067810059,0.017944336,1,1,1,4,0.035644531,0,0,0,0,,,,,1.947389603,0.573752284,1.341310263,0,-0.572917725,-1.341666943,0,0,163,0,0,163,163,163,0,0,0.492909081,0.000753445,,,,,,,,,,,,
37.35,167,167,167,167,11.72148924,0.958674553,-0.067810059,0.017944336,1,1,1,4,0.035644531,0,0,0,0,,,,,1.947389603,0.577056229,1.356441379,0,-0.576212256,-1.356800111,0.302663368,0,163,0,0,163,163,163,0,0,0.49269722,0.000753445,,,,,,,,,,,,
37.36,167,167,167,167,11.72147329,0.958663809,-0.067810059,0.017944336,1,1,1,4,0.035644531,0,0,0,0,,,,,1.947389603,0.577056229,1.356441379,0,-0.576212256,-1.356800111,0,0,163,0,0,163,163,163,0,0,0.492484733,0.000753445,,,,,,,,,,,,
37.37,167,167,167,167,11.72145733,0.958653065,-0.067810059,0.017944336,1,1,1,4,0.035644531,0,0,0,0,,,,,1.947389603,0.577056229,1.356441379,0,-0.576212256,-1.356800111,0,0,163,0,0,163,163,163,0,0,0.492271622,0.000753445,,,,,,,,,,,,
37.38,167,167,167,167,11.72144136,0.958642321,-0.067810059,0.017944336,1,1,1,4,0.035644531,0,0,0,0,,,,,1.947389603,0.577056229,1.356441379,0,-0.576212256,-1.356800111,0,0,163,0,0,163,163,163,0,0,0.492057886,0.000753445,,,,,,,,,,,,
37.39,167,167,167,167,11.72142538,0.958631577,-0.067810059,0.017944336,1,1,1,4,0.035644531,0,0,0,0,,,,,1.947389603,0.577056229,1.356441379,0,-0.576212256,-1.356800111,0,0,163,0,0,163,163,163,0,0,0.491843525,0.000753445,,,,,,,,,,,,
37.4,166,166,166,166,11.72572773,0.958620833,-0.067810059,0.017944336,1,1,1,4,0.035644531,0,0,0,0,,,,,1.947389603,0.577056229,1.356441379,0,-0.576212256,-1.356800111,0,0,162,0,0,162,162,162,0,0,0.491628539,0.000753445,,,,,,,,,,,,
37.41,166,166,166,166,11.72571684,0.958610217,-0.067810059,0.018005371,1,1,1,4,0.035644531,0,0,0,0,,,,,1.947389603,0.577056229,1.356441379,0,-0.576212256,-1.356800111,0,0,162,0,0,162,162,162,0,0,0.491412927,0.000753445,,,,,,,,,,,,
37.42,166,166,166,166,11.72570594,0.958599602,-0.067810059,0.018005371,1,1,1,4,0.035644531,0,0,0,0,,,,,1.947389603,0.577056229,1.356441379,0,-0.576212256,-1.356800111,0,0,162,0,0,162,162,162,0,0,0.491196691,0.000753445,,,,,,,,,,,,
37.43,166,166,166,166,11.72569502,0.958588986,-0.067810059,0.018005371,1,1,1,4,0.035644531,0,0,0,0,,,,,1.947389603,0.577056229,1.356441379,0,-0.576212256,-1.356800111,0,0,162,0,0,162,162,162,0,0,0.49097983,0.000753445,,,,,,,,,,,,
37.44,166,166,166,166,11.72568409,0.95857837,-0.067810059,0.018005371,1,1,1,4,0.035644531,0,0,0,0,,,,,1.947389603,0.577056229,1.356441379,0,-0.576212256,-1.356800111,0,0,162,0,0,162,162,162,0,0,0.490762344,0.000753445,,,,,,,,,,,,
37.45,166,166,166,166,11.72567314,0.958567754,-0.067810059,0.018005371,1,1,1,4,0.035644531,0,0,0,0,,,,,1.947389603,0.577056229,1.356441379,0,-0.576212256,-1.356800111,0,0,162,0,0,162,162,162,0,0,0.490544233,0.000753445,,,,,,,,,,,,
37.46,166,166,166,166,11.72566217,0.958557139,-0.067810059,0.018005371,1,1,1,4,0.035644531,0,0,0,0,,,,,1.947389603,0.577056229,1.356441379,0,-0.576212256,-1.356800111,0,0,162,0,0,162,162,162,0,0,0.490325496,0.000753445,,,,,,,,,,,,
37.47,166,166,166,166,11.72565119,0.958546523,-0.067810059,0.018066406,1,1,1,4,0.035644531,0,0,0,0,,,,,1.947389603,0.577056229,1.356441379,0,-0.576212256,-1.356800111,0,0,162,0,0,162,162,162,0,0,0.490106135,0.000753445,,,,,,,,,,,,
37.48,166,166,166,166,11.7256402,0.958535907,-0.067810059,0.018066406,1,1,1,4,0.035644531,0,0,0,0,,,,,1.947389603,0.577056229,1.356441379,0,-0.576212256,-1.356800111,0,0,162,0,0,162,162,162,0,0,0.489886149,0.000753445,,,,,,,,,,,,
37.49,166,166,166,166,11.72562919,0.958525291,-0.067810059,0.018066406,1,1,1,4,0.035644531,0,0,0,0,,,,,1.947389603,0.577056229,1.356441379,0,-0.576212256,-1.356800111,0,0,162,0,0,162,162,162,0,0,0.489665538,0.000753445,,,,,,,,,,,,
37.5,170,170,170,170,11.70818536,0.958514675,-0.067810059,0.018066406,1,1,1,4,0.035644531,0,0,0,0,,,,,1.94474721,0.577056229,1.356441379,0,-0.576212256,-1.356800111,0,0,166,0,0,166,166,166,0,0,0.510038618,0.000753445,,,,,,,,,,,,
37.51,166,166,166,166,11.72558646,0.958503542,-0.067810059,0.018066406,1,1,1,4,0.035644531,0,0,0,0,,,,,1.94474721,0.577056229,1.356441379,0,-0.576212256,-1.356800111,0,0,162,0,0,162,162,162,0,0,0.489338541,0.000753445,,,,,,,,,,,,
37.52,166,166,166,166,11.72557543,0.958492926,-0.067810059,0.018066406,1,1,1,4,0.035644531,0,0,0,0,,,,,1.94474721,0.577056229,1.356441379,0,-0.576212256,-1.356800111,0,0,162,0,0,162,162,162,0,0,0.489116385,0.000753445,,,,,,,,,,,,
37.53,166,166,166,166,11.72556437,0.958482311,-0.067810059,0.018066406,1,1,1,4,0.035644531,0,0,0,0,,,,,1.94474721,0.577056229,1.356441379,0,-0.576212256,-1.356800111,0,0,162,0,0,162,162,162,0,0,0.488893604,0.000753445,,,,,,,,,,,,
37.54,166,166,166,166,11.7255533,0.958471695,-0.067810059,0.018066406,1,1,1,4,0.035644531,0,0,0,0,,,,,1.94474721,0.577056229,1.356441379,0,-0.576212256,-1.356800111,0,0,162,0,0,162,162,162,0,0,0.488670198,0.000753445,,,,,,,,,,,,
37.55,166,166,166,166,11.72554222,0.958461079,-0.067810059,0.018066406,1,1,1,4,0.035644531,0,0,0,0,,,,,1.94474721,0.580547929,1.372330427,0,-0.57969407,-1.372691329,0.317824355,0,162,0,0,162,162,162,0,0,0.488446167,0.000753445,,,,,,,,,,,,
37.56,166,166,166,166,11.72553112,0.958450463,-0.067810059,0.018066406,1,1,1,4,0.035644531,0,0,0,0,,,,,1.94474721,0.580547929,1.372330427,0,-0.57969407,-1.372691329,0,0,162,0,0,162,162,162,0,0,0.488221511,0.000753445,,,,,,,,,,,,
37.57,166,166,166,166,11.72552,0.958439848,-0.067810059,0.018066406,1,1,1,4,0.035644531,0,0,0,0,,,,,1.94474721,0.580547929,1.372330427,0,-0.57969407,-1.372691329,0,0,162,0,0,162,162,162,0,0,0.48799623,0.000753445,,,,,,,,,,,,
37.58,166,166,166,166,11.72550887,0.958429232,-0.067810059,0.018066406,1,1,1,4,0.035644531,0,0,0,0,,,,,1.94474721,0.580547929,1.372330427,0,-0.57969407,-1.372691329,0,0,162,0,0,162,162,162,0,0,0.487770324,0.000753445,,,,,,,,,,,,
37.59,166,166,166,166,11.72549772,0.958418616,-0.067810059,0.018066406,1,1,1,4,0.035644531,0,0,0,0,,,,,1.94474721,0.580547929,1.372330427,0,-0.57969407,-1.372691329,0,0,162,0,0,162,162,162,0,0,0.487543793,0.000753445,,,,,,,,,,,,
37.6,166,166,166,166,11.72548656,0.958408,-0.067810059,0.018066406,1,1,1,4,0.035644531,0,0,0,0,,,,,1.94474721,0.580547929,1.372330427,0,-0.57969407,-1.372691329,0,0,162,0,0,162,162,162,0,0,0.487316637,0.000753445,,,,,,,,,,,,
37.61,165,165,165,165,11.72976715,0.958397384,-0.067810059,0.018066406,1,1,1,4,0.035644531,0,0,0,0,,,,,1.94474721,0.580547929,1.372330427,0,-0.57969407,-1.372691329,0,0,161,0,0,161,161,161,0,0,0.487088857,0.000753445,,,,,,,,,,,,
37.62,175,175,175,175,11.69017848,0.958386896,-0.067810059,0.018127441,1,1,1,4,0.035644531,0,0,0,0,,,,,1.939462662,0.580547929,1.372330427,0,-0.57969407,-1.372691329,0,0,170,0,0,170,170,170,0,0,0.528047225,0.000753445,,,,,,,,,,,,
37.63,165,165,165,165,11.72970801,0.958375233,-0.067810059,0.018127441,1,1,1,4,0.035644531,0,0,0,0,,,,,1.939462662,0.580547929,1.372330427,0,-0.57969407,-1.372691329,0,0,161,0,0,161,161,161,0,0,0.48686361,0.000753445,,,,,,,,,,,,
37.64,165,165,165,165,11.72970191,0.958364745,-0.067810059,0.018127441,1,1,1,4,0.035644531,0,0,0,0,,,,,1.939462662,0.580547929,1.372330427,0,-0.57969407,-1.372691329,0,0,161,0,0,161,161,161,0,0,0.486634614,0.000753445,,,,,,,,,,,,
37.65,165,165,165,165,11.72969579,0.958354256,-0.067810059,0.018127441,1,1,1,4,0.035644531,0,0,0,0,,,,,1.939462662,0.580547929,1.372330427,0,-0.57969407,-1.372691329,0,0,161,0,0,161,161,161,0,0,0.486404994,0.000753445,,,,,,,,,,,,
37.66,165,165,165,165,11.72968964,0.958343768,-0.067810059,0.018127441,1,1,1,4,0.035644531,0,0,0,0,,,,,1.939462662,0.580547929,1.372330427,0,-0.57969407,-1.372691329,0,0,161,0,0,161,161,161,0,0,0.486174749,0.000753445,,,,,,,,,,,,
37.67,165,165,165,165,11.72968348,0.958333279,-0.067810059,0.018127441,1,1,1,4,0.035644531,0,0,0,0,,,,,1.939462662,0.580547929,1.372330427,0,-0.57969407,-1.372691329,0,0,161,0,0,161,161,161,0,0,0.485943878,0.000753445,,,,,,,,,,,,
37.68,165,165,165,165,11.72967729,0.958322791,-0.067810059,0.018127441,1,1,1,4,0.035644531,0,0,0,0,,,,,1.939462662,0.580547929,1.372330427,0,-0.57969407,-1.372691329,0,0,161,0,0,161,161,161,0,0,0.485712383,0.000753445,,,,,,,,,,,,
37.69,175,175,175,175,11.69008853,0.958312303,-0.067810059,0.018188477,1,1,1,4,0.035644531,0,0,0,0,,,,,1.934177995,0.580547929,1.372330427,0,-0.57969407,-1.372691329,0,0,170,0,0,170,170,170,0,0,0.526667966,0.000753445,,,,,,,,,,,,
37.7,165,165,165,165,11.72961797,0.958300639,-0.067810059,0.018188477,1,1,1,4,0.035644531,0,0,0,0,,,,,1.934177995,0.580547929,1.372330427,0,-0.57969407,-1.372691329,0,0,161,0,0,161,161,161,0,0,0.485479712,0.000753445,,,,,,,,,,,,
37.71,165,165,165,165,11.72961177,0.958290151,-0.067810059,0.018188477,1,1,1,4,0.035644531,0,0,0,0,,,,,1.934177995,0.580547929,1.372330427,0,-0.57969407,-1.372691329,0,0,161,0,0,161,161,161,0,0,0.485247003,0.000753445,,,,,,,,,,,,
37.72,165,165,165,165,11.72960554,0.958279663,-0.067810059,0.018188477,1,1,1,4,0.035644531,0,0,0,0,,,,,1.934177995,0.580547929,1.372330427,0,-0.57969407,-1.372691329,0,0,161,0,0,161,161,161,0,0,0.485013668,0.000753445,,,,,,,,,,,,
37.73,165,165,165,165,11.7295993,0.958269174,-0.067810059,0.018188477,1,1,1,4,0.035644531,0,0,0,0,,,,,1.934177995,0.580547929,1.372330427,0,-0.57969407,-1.372691329,0,0,161,0,0,161,161,161,0,0,0.484779708,0.000753445,,,,,,,,,,,,
37.74,165,165,165,165,11.72959304,0.958258686,-0.067810059,0.018188477,1,1,1,4,0.035644531,0,0,0,0,,,,,1.934177995,0.580547929,1.372330427,0,-0.57969407,-1.372691329,0,0,161,0,0,161,161,161,0,0,0.484545123,0.000753445,,,,,,,,,,,,
37.75,175,175,175,175,11.6900042,0.958248197,-0.067810059,0.018188477,1,1,1,4,0.035644531,0,0,0,0,,,,,1.928893328,0.583894253,1.38746202,0,-0.58303098,-1.387825,0.302673432,0,170,0,0,170,170,170,0,0,0.525497617,0.000753445,,,,,,,,,,,,
37.76,165,165,165,165,11.72953357,0.958236534,-0.067810059,0.018188477,1,1,1,4,0.035644531,0,0,0,0,,,,,1.928893328,0.583894253,1.38746202,0,-0.58303098,-1.387825,0,0,161,0,0,161,161,161,0,0,0.484306274,0.000753445,,,,,,,,,,,,
37.77,165,165,165,165,11.72952729,0.958226046,-0.067810059,0.018188477,1,1,1,4,0.035644531,0,0,0,0,,,,,1.928893328,0.583894253,1.38746202,0,-0.58303098,-1.387825,0,0,161,0,0,161,161,161,0,0,0.484070475,0.000753445,,,,,,,,,,,,
37.78,165,165,165,165,11.72952099,0.958215557,-0.067810059,0.018188477,1,1,1,4,0.035644531,0,0,0,0,,,,,1.928893328,0.583894253,1.38746202,0,-0.58303098,-1.387825,0,0,161,0,0,161,161,161,0,0,0.483834051,0.000753445,,,,,,,,,,,,
37.79,169,169,169,169,11.71218817,0.958205069,-0.067810059,0.018188477,1,1,1,4,0.035644531,0,0,0,0,,,,,1.926251054,0.583894253,1.38746202,0,-0.58303098,-1.387825,0,0,165,0,0,165,165,165,0,0,0.504190389,0.000753445,,,,,,,,,,,,
37.8,165,165,165,165,11.72948781,0.958194066,-0.067810059,0.018188477,1,1,1,4,0.035644531,0,0,0,0,,,,,1.926251054,0.583894253,1.38746202,0,-0.58303098,-1.387825,0,0,161,0,0,161,161,161,0,0,0.483475422,0.000753445,,,,,,,,,,,,
37.81,165,165,165,165,11.72948147,0.958183578,-0.067810059,0.018188477,1,1,1,4,0.035644531,0,0,0,0,,,,,1.926251054,0.583894253,1.38746202,0,-0.58303098,-1.387825,0,0,161,0,0,161,161,161,0,0,0.483237453,0.000753445,,,,,,,,,,,,
37.82,165,165,165,165,11.72947512,0.95817309,-0.067810059,0.018188477,1,1,1,4,0.035644531,0,0,0,0,,,,,1.926251054,0.583894253,1.38746202,0,-0.58303098,-1.387825,0,0,161,0,0,161,161,161,0,0,0.482998859,0.000753445,,,,,,,,,,,,
37.83,165,165,165,165,11.72946874,0.958162601,-0.067810059,0.018188477,1,1,1,4,0.035644531,0,0,0,0,,,,,1.926251054,0.583894253,1.38746202,0,-0.58303098,-1.387825,0,0,161,0,0,161,161,161,0,0,0.48275964,0.000753445,,,,,,,,,,,,
37.84,173,173,173,173,11.69438414,0.958152113,-0.067810059,0.018249512,1,1,1,4,0.035644531,0,0,0,0,,,,,1.920966387,0.583894253,1.38746202,0,-0.58303098,-1.387825,0,0,169,0,0,169,169,169,0,0,0.5237075,0.000753445,,,,,,,,,,,,
37.85,164,164,164,164,11.73367956,0.958140583,-0.067810059,0.018249512,1,1,1,4,0.035644531,0,0,0,0,,,,,1.920966387,0.583894253,1.38746202,0,-0.58303098,-1.387825,0,0,160,0,0,160,160,160,0,0,0.482511523,0.000753445,,,,,,,,,,,,
37.86,164,164,164,164,11.73367822,0.958130222,-0.067810059,0.018249512,1,1,1,4,0.035644531,0,0,0,0,,,,,1.920966387,0.583894253,1.38746202,0,-0.58303098,-1.387825,0,0,160,0,0,160,160,160,0,0,0.482271089,0.000753445,,,,,,,,,,,,
37.87,164,164,164,164,11.73367685,0.95811986,-0.067810059,0.018249512,1,1,1,4,0.035644531,0,0,0,0,,,,,1.920966387,0.583894253,1.38746202,0,-0.58303098,-1.387825,0,0,160,0,0,160,160,160,0,0,0.482030031,0.000753445,,,,,,,,,,,,
37.88,173,173,173,173,11.69433206,0.958109498,-0.067810059,0.018249512,1,1,1,4,0.035644531,0,0,0,0,,,,,1.91568172,0.583894253,1.38746202,0,-0.58303098,-1.387825,0,0,169,0,0,169,169,169,0,0,0.522976052,0.000753445,,,,,,,,,,,,
37.89,164,164,164,164,11.73362742,0.958097968,-0.067810059,0.018310547,1,1,1,4,0.035644531,0,0,0,0,,,,,1.91568172,0.583894253,1.38746202,0,-0.58303098,-1.387825,0,0,160,0,0,160,160,160,0,0,0.481778235,0.000753445,,,,,,,,,,,,
37.9,164,164,164,164,11.73362602,0.958087607,-0.067825317,0.018310547,1,1,1,4,0.035644531,0,0,0,0,,,,,1.91568172,0.583894253,1.38746202,0,-0.58303098,-1.387825,0,0,160,0,0,160,160,160,0,0,0.481535962,0.000753615,,,,,,,,,,,,
37.91,164,164,164,164,11.7336246,0.958077245,-0.067825317,0.018310547,1,1,1,4,0.035644531,0,0,0,0,,,,,1.91568172,0.583894253,1.38746202,0,-0.58303098,-1.387825,0,0,160,0,0,160,160,160,0,0,0.481293064,0.000753615,,,,,,,,,,,,
37.92,173,173,173,173,11.69427976,0.958066883,-0.067810059,0.018310547,1,1,1,4,0.035644531,0,0,0,0,,,,,1.910397053,0.583894253,1.38746202,0,-0.58303098,-1.387825,0,0,169,0,0,169,169,169,0,0,0.522237245,0.000753445,,,,,,,,,,,,
37.93,164,164,164,164,11.73357507,0.958055354,-0.067810059,0.018310547,1,1,1,4,0.035644531,0,0,0,0,,,,,1.910397053,0.583894253,1.38746202,0,-0.58303098,-1.387825,0,0,160,0,0,160,160,160,0,0,0.481037589,0.000753445,,,,,,,,,,,,
37.94,164,164,164,164,11.73357362,0.958044992,-0.067810059,0.018310547,1,1,1,4,0.035644531,0,0,0,0,,,,,1.910397053,0.587429523,1.40334785,0,-0.586556367,-1.403713027,0.317760524,0,160,0,0,160,160,160,0,0,0.480793477,0.000753445,,,,,,,,,,,,
37.95,164,164,164,164,11.73357214,0.95803463,-0.067810059,0.018310547,1,1,1,4,0.035644531,0,0,0,0,,,,,1.910397053,0.587429523,1.40334785,0,-0.586556367,-1.403713027,0,0,160,0,0,160,160,160,0,0,0.48054874,0.000753445,,,,,,,,,,,,
37.96,164,164,164,164,11.73357064,0.958024268,-0.067810059,0.018310547,1,1,1,4,0.035644531,0,0,0,0,,,,,1.910397053,0.587429523,1.40334785,0,-0.586556367,-1.403713027,0,0,160,0,0,160,160,160,0,0,0.480303377,0.000753445,,,,,,,,,,,,
37.97,173,173,173,173,11.69422572,0.958013906,-0.067810059,0.018310547,1,1,1,4,0.035644531,0,0,0,0,,,,,1.905112505,0.587429523,1.40334785,0,-0.586556367,-1.403713027,0,0,169,0,0,169,169,169,0,0,0.521244165,0.000753445,,,,,,,,,,,,
37.98,164,164,164,164,11.73352095,0.958002377,-0.067810059,0.018310547,1,1,1,4,0.035644531,0,0,0,0,,,,,1.905112505,0.587429523,1.40334785,0,-0.586556367,-1.403713027,0,0,160,0,0,160,160,160,0,0,0.480042968,0.000753445,,,,,,,,,,,,
37.99,168,168,168,168,11.71629921,0.957992015,-0.067810059,0.018310547,1,1,1,4,0.035644531,0,0,0,0,,,,,1.902470112,0.587429523,1.40334785,0,-0.586556367,-1.403713027,0,0,164,0,0,164,164,164,0,0,0.500390708,0.000753445,,,,,,,,,,,,
38,164,164,164,164,11.73349746,0.957981142,-0.067810059,0.018310547,1,1,1,4,0.035644531,0,0,0,0,,,,,1.902470112,0.587429523,1.40334785,0,-0.586556367,-1.403713027,0,0,160,0,0,160,160,160,0,0,0.47966529,0.000753445,,,,,,,,,,,,
38.01,164,164,164,164,11.7334959,0.95797078,-0.067810059,0.018310547,1,1,1,4,0.035644531,0,0,0,0,,,,,1.902470112,0.587429523,1.40334785,0,-0.586556367,-1.403713027,0,0,160,0,0,160,160,160,0,0,0.479417794,0.000753445,,,,,,,,,,,,
38.02,173,173,173,173,11.69415093,0.957960418,-0.067810059,0.018310547,1,1,1,4,0.035644531,0,0,0,0,,,,,1.897185445,0.587429523,1.40334785,0,-0.586556367,-1.403713027,0,0,169,0,0,169,169,169,0,0,0.520357376,0.000753445,,,,,,,,,,,,
38.03,164,164,164,164,11.7334461,0.957948889,-0.067810059,0.018310547,1,1,1,4,0.035644531,0,0,0,0,,,,,1.897185445,0.587429523,1.40334785,0,-0.586556367,-1.403713027,0,0,160,0,0,160,160,160,0,0,0.479153121,0.000753445,,,,,,,,,,,,
38.04,173,173,173,173,11.69410112,0.957938527,-0.067810059,0.018310547,1,1,1,4,0.035644531,0,0,0,0,,,,,1.891900897,0.587429523,1.40334785,0,-0.586556367,-1.403713027,0,0,169,0,0,169,169,169,0,0,0.520091185,0.000753445,,,,,,,,,,,,
38.05,164,164,164,164,11.73339628,0.957926998,-0.067810059,0.018371582,1,1,1,4,0.035644531,0,0,0,0,,,,,1.891900897,0.587429523,1.40334785,0,-0.586556367,-1.403713027,0,0,160,0,0,160,160,160,0,0,0.478887265,0.000753445,,,,,,,,,,,,
38.06,164,164,164,164,11.73339469,0.957916636,-0.067810059,0.018371582,1,1,1,4,0.035644531,0,0,0,0,,,,,1.891900897,0.587429523,1.40334785,0,-0.586556367,-1.403713027,0,0,160,0,0,160,160,160,0,0,0.478637965,0.000753445,,,,,,,,,,,,
38.07,172,172,172,172,11.69852746,0.957906274,-0.067810059,0.018371582,1,1,1,4,0.035644531,0,0,0,0,,,,,1.88661623,0.587429523,1.40334785,0,-0.586556367,-1.403713027,0,0,168,0,0,168,168,168,0,0,0.519575743,0.000753445,,,,,,,,,,,,
38.08,164,164,164,164,11.73335012,0.957894878,-0.067810059,0.018371582,1,1,1,4,0.035644531,0,0,0,0,,,,,1.88661623,0.587429523,1.40334785,0,-0.586556367,-1.403713027,0,0,160,0,0,160,160,160,0,0,0.478369684,0.000753445,,,,,,,,,,,,
38.09,168,168,168,168,11.71612828,0.957884516,-0.067810059,0.018371582,1,1,1,4,0.035644531,0,0,0,0,,,,,1.883973956,0.587429523,1.40334785,0,-0.586556367,-1.403713027,0,0,164,0,0,164,164,164,0,0,0.498712557,0.000753445,,,,,,,,,,,,
38.1,163,163,163,163,11.73756505,0.957873643,-0.067810059,0.018371582,1,1,1,4,0.035644531,0,0,0,0,,,,,1.883973956,0.587429523,1.40334785,0,-0.586556367,-1.403713027,0,0,159,0,0,159,159,159,0,0,0.477984125,0.000753445,,,,,,,,,,,,
38.11,172,172,172,172,11.69846419,0.957863407,-0.067810059,0.018432617,1,1,1,4,0.035644531,0,0,0,0,,,,,1.878689289,0.587429523,1.40334785,0,-0.586556367,-1.403713027,0,0,168,0,0,168,168,168,0,0,0.518920395,0.000753445,,,,,,,,,,,,
38.12,163,163,163,163,11.73752542,0.95785201,-0.067810059,0.018432617,1,1,1,4,0.035644531,0,0,0,0,,,,,1.878689289,0.587429523,1.40334785,0,-0.586556367,-1.403713027,0,0,159,0,0,159,159,159,0,0,0.477712827,0.000753445,,,,,,,,,,,,
38.13,163,163,163,163,11.73752877,0.957841774,-0.067810059,0.018432617,1,1,1,4,0.035644531,0,0,0,0,,,,,1.878689289,0.587429523,1.40334785,0,-0.586556367,-1.403713027,0,0,159,0,0,159,159,159,0,0,0.477460803,0.000753445,,,,,,,,,,,,
38.14,172,172,172,172,11.69842787,0.957831538,-0.067810059,0.018432617,1,1,1,4,0.035644531,0,0,0,0,,,,,1.873404622,0.590817034,1.418474197,0,-0.589934467,-1.418841479,0.302569041,0,168,0,0,168,168,168,0,0,0.518395858,0.000753445,,,,,,,,,,,,
38.15,163,163,163,163,11.73748905,0.957820142,-0.067810059,0.018432617,1,1,1,4,0.035644531,0,0,0,0,,,,,1.873404622,0.590817034,1.418474197,0,-0.589934467,-1.418841479,0,0,159,0,0,159,159,159,0,0,0.477187076,0.000753445,,,,,,,,,,,,
38.16,172,172,172,172,11.69838813,0.957809906,-0.067810059,0.018432617,1,1,1,4,0.035644531,0,0,0,0,,,,,1.868119955,0.590817034,1.418474197,0,-0.589934467,-1.418841479,0,0,168,0,0,168,168,168,0,0,0.518121542,0.000753445,,,,,,,,,,,,
38.17,163,163,163,163,11.7374493,0.957798509,-0.067810059,0.018432617,1,1,1,4,0.035644531,0,0,0,0,,,,,1.868119955,0.590817034,1.418474197,0,-0.589934467,-1.418841479,0,0,159,0,0,159,159,159,0,0,0.47691217,0.000753445,,,,,,,,,,,,
38.18,172,172,172,172,11.69834837,0.957788273,-0.067810059,0.018432617,1,1,1,4,0.035644531,0,0,0,0,,,,,1.862835407,0.590817034,1.418474197,0,-0.589934467,-1.418841479,0,0,168,0,0,168,168,168,0,0,0.517845117,0.000753445,,,,,,,,,,,,
38.19,163,163,163,163,11.73740953,0.957776876,-0.067810059,0.018432617,1,1,1,4,0.035644531,0,0,0,0,,,,,1.862835407,0.590817034,1.418474197,0,-0.589934467,-1.418841479,0,0,159,0,0,159,159,159,0,0,0.47663608,0.000753445,,,,,,,,,,,,
38.2,163,163,163,163,11.73741281,0.95776664,-0.067810059,0.018432617,1,1,1,4,0.035644531,0,0,0,0,,,,,1.862835407,0.590817034,1.418474197,0,-0.589934467,-1.418841479,0,0,159,0,0,159,159,159,0,0,0.476381663,0.000753445,,,,,,,,,,,,
38.21,168,168,168,168,11.71595723,0.957756404,-0.067810059,0.018432617,1,1,1,4,0.035644531,0,0,0,0,,,,,1.860193014,0.590817034,1.418474197,0,-0.589934467,-1.418841479,0,0,164,0,0,164,164,164,0,0,0.496720937,0.000753445,,,,,,,,,,,,
38.22,172,172,172,172,11.69828963,0.957745531,-0.067810059,0.018432617,1,1,1,4,0.035644531,0,0,0,0,,,,,1.854908347,0.590817034,1.418474197,0,-0.589934467,-1.418841479,0,0,168,0,0,168,168,168,0,0,0.517174758,0.000753445,,,,,,,,,,,,
38.23,163,163,163,163,11.73735074,0.957734135,-0.067810059,0.018432617,1,1,1,4,0.035644531,0,0,0,0,,,,,1.854908347,0.590817034,1.418474197,0,-0.589934467,-1.418841479,0,0,159,0,0,159,159,159,0,0,0.475963287,0.000753445,,,,,,,,,,,,
38.24,172,172,172,172,11.69824974,0.957723899,-0.067810059,0.018432617,1,1,1,4,0.035644531,0,0,0,0,,,,,1.849623799,0.590817034,1.418474197,0,-0.589934467,-1.418841479,0,0,168,0,0,168,168,168,0,0,0.516894136,0.000753445,,,,,,,,,,,,
38.25,172,172,172,172,11.69820662,0.957712502,-0.067810059,0.018493652,1,1,1,4,0.035644531,0,0,0,0,,,,,1.844339132,0.590817034,1.418474197,0,-0.589934467,-1.418841479,0,0,168,0,0,168,168,168,0,0,0.516870704,0.000753445,,,,,,,,,,,,
38.26,163,163,163,163,11.73726772,0.957701106,-0.067810059,0.018493652,1,1,1,4,0.035644531,0,0,0,0,,,,,1.844339132,0.590817034,1.418474197,0,-0.589934467,-1.418841479,0,0,159,0,0,159,159,159,0,0,0.47565868,0.000753445,,,,,,,,,,,,
38.27,167,167,167,167,11.72015704,0.95769087,-0.067810059,0.018493652,1,1,1,4,0.035644531,0,0,0,0,,,,,1.841696739,0.590817034,1.418474197,0,-0.589934467,-1.418841479,0,0,163,0,0,163,163,163,0,0,0.495996516,0.000753445,,,,,,,,,,,,
38.28,163,163,163,163,11.73725388,0.957680126,-0.067810059,0.018493652,1,1,1,4,0.035644531,0,0,0,0,,,,,1.841696739,0.590817034,1.418474197,0,-0.589934467,-1.418841479,0,0,159,0,0,159,159,159,0,0,0.475261195,0.000753445,,,,,,,,,,,,
38.29,172,172,172,172,11.69815285,0.95766989,-0.067810059,0.018493652,1,1,1,4,0.035644531,0,0,0,0,,,,,1.836412191,0.590817034,1.418474197,0,-0.589934467,-1.418841479,0,0,168,0,0,168,168,168,0,0,0.51619057,0.000753445,,,,,,,,,,,,
38.3,163,163,163,163,11.7372139,0.957658493,-0.067810059,0.018493652,1,1,1,4,0.035644531,0,0,0,0,,,,,1.836412191,0.590817034,1.418474197,0,-0.589934467,-1.418841479,0,0,159,0,0,159,159,159,0,0,0.474977961,0.000753445,,,,,,,,,,,,
38.31,172,172,172,172,11.69811286,0.957648257,-0.067810059,0.018554688,1,1,1,4,0.035644531,0,0,0,0,,,,,1.831127524,0.590817034,1.418474197,0,-0.589934467,-1.418841479,0,0,168,0,0,168,168,168,0,0,0.515907676,0.000753445,,,,,,,,,,,,
38.32,163,163,163,163,11.7371739,0.957636861,-0.067810059,0.018554688,1,1,1,4,0.035644531,0,0,0,0,,,,,1.831127524,0.590817034,1.418474197,0,-0.589934467,-1.418841479,0,0,159,0,0,159,159,159,0,0,0.474693553,0.000753445,,,,,,,,,,,,
38.33,163,163,163,163,11.73717706,0.957626625,-0.067810059,0.018554688,1,1,1,4,0.035644531,0,0,0,0,,,,,1.831127524,0.590817034,1.418474197,0,-0.589934467,-1.418841479,0,0,159,0,0,159,159,159,0,0,0.474434974,0.000753445,,,,,,,,,,,,
38.34,172,172,172,172,11.69807597,0.957616389,-0.067810059,0.018554688,1,1,1,4,0.035644531,0,0,0,0,,,,,1.825842857,0.594394326,1.434348822,0,-0.593501882,-1.434718325,0.317536933,0,168,0,0,168,168,168,0,0,0.515363475,0.000753445,,,,,,,,,,,,
38.35,163,163,163,163,11.73713697,0.957604992,-0.067810059,0.018554688,1,1,1,4,0.035644531,0,0,0,0,,,,,1.825842857,0.594394326,1.434348822,0,-0.593501882,-1.434718325,0,0,159,0,0,159,159,159,0,0,0.474148138,0.000753445,,,,,,,,,,,,
38.36,177,177,177,177,11.67996528,0.957594756,-0.067810059,0.018554688,1,1,1,4,0.035644531,0,0,0,0,,,,,1.817915916,0.594394326,1.434348822,0,-0.593501882,-1.434718325,0,0,172,0,0,172,172,172,0,0,0.535669436,0.000753445,,,,,,,,,,,,
38.37,163,163,163,163,11.73707545,0.957582823,-0.067810059,0.018554688,1,1,1,4,0.035644531,0,0,0,0,,,,,1.817915916,0.594394326,1.434348822,0,-0.593501882,-1.434718325,0,0,159,0,0,159,159,159,0,0,0.473976217,0.000753445,,,,,,,,,,,,
38.38,171,171,171,171,11.70242556,0.957572587,-0.067810059,0.018554688,1,1,1,4,0.035644531,0,0,0,0,,,,,1.812631249,0.594394326,1.434348822,0,-0.593501882,-1.434718325,0,0,167,0,0,167,167,167,0,0,0.514903869,0.000753445,,,,,,,,,,,,
38.39,163,163,163,163,11.73704061,0.957561323,-0.067810059,0.018554688,1,1,1,4,0.035644531,0,0,0,0,,,,,1.812631249,0.594394326,1.434348822,0,-0.593501882,-1.434718325,0,0,159,0,0,159,159,159,0,0,0.473687683,0.000753445,,,,,,,,,,,,
38.4,171,171,171,171,11.70239071,0.957551087,-0.067810059,0.018554688,1,1,1,4,0.035644531,0,0,0,0,,,,,1.807346582,0.594394326,1.434348822,0,-0.593501882,-1.434718325,0,0,167,0,0,167,167,167,0,0,0.514614745,0.000753445,,,,,,,,,,,,
38.41,161,161,161,161,11.74121779,0.957539822,-0.067810059,0.018554688,1,1,1,4,0.035644531,0,0,0,0,,,,,1.807346582,0.594394326,1.434348822,0,-0.593501882,-1.434718325,0,0,158,0,0,158,158,158,0,0,0.47339797,0.000753445,,,,,,,,,,,,
38.42,171,171,171,171,11.70236081,0.957529711,-0.067810059,0.018554688,1,1,1,4,0.035644531,0,0,0,0,,,,,1.802062035,0.594394326,1.434348822,0,-0.593501882,-1.434718325,0,0,167,0,0,167,167,167,0,0,0.514323514,0.000753445,,,,,,,,,,,,
38.43,161,161,161,161,11.74118786,0.957518447,-0.067810059,0.018554688,1,1,1,4,0.035644531,0,0,0,0,,,,,1.802062035,0.594394326,1.434348822,0,-0.593501882,-1.434718325,0,0,158,0,0,158,158,158,0,0,0.473107073,0.000753445,,,,,,,,,,,,
38.44,177,177,177,177,11.67980907,0.957508336,-0.067810059,0.018554688,1,1,1,4,0.035644531,0,0,0,0,,,,,1.794135094,0.594394326,1.434348822,0,-0.593501882,-1.434718325,0,0,172,0,0,172,172,172,0,0,0.534626344,0.000753445,,,,,,,,,,,,
38.45,161,161,161,161,11.74113121,0.957496403,-0.067810059,0.018554688,1,1,1,4,0.035644531,0,0,0,0,,,,,1.794135094,0.594394326,1.434348822,0,-0.593501882,-1.434718325,0,0,158,0,0,158,158,158,0,0,0.472931098,0.000753445,,,,,,,,,,,,
38.46,171,171,171,171,11.70227422,0.957486292,-0.067810059,0.018615723,1,1,1,4,0.035644531,0,0,0,0,,,,,1.788850427,0.594394326,1.434348822,0,-0.593501882,-1.434718325,0,0,167,0,0,167,167,167,0,0,0.513856722,0.000753445,,,,,,,,,,,,
38.47,161,161,161,161,11.74110125,0.957475027,-0.067810059,0.018615723,1,1,1,4,0.035644531,0,0,0,0,,,,,1.788850427,0.594394326,1.434348822,0,-0.593501882,-1.434718325,0,0,158,0,0,158,158,158,0,0,0.472638509,0.000753445,,,,,,,,,,,,
38.48,181,181,181,181,11.66122665,0.957464916,-0.067810059,0.018615723,1,1,1,4,0.035644531,0,0,0,0,,,,,1.778281093,0.594394326,1.434348822,0,-0.593501882,-1.434718325,0,0,176,0,0,176,176,176,0,0,0.554751248,0.000753445,,,,,,,,,,,,
38.49,161,161,161,161,11.74102264,0.957452435,-0.067810059,0.018615723,1,1,1,4,0.035644531,0,0,0,0,,,,,1.778281093,0.594394326,1.434348822,0,-0.593501882,-1.434718325,0,0,158,0,0,158,158,158,0,0,0.472576937,0.000753445,,,,,,,,,,,,
38.5,161,161,161,161,11.7410307,0.957442324,-0.067810059,0.018615723,1,1,1,4,0.035644531,0,0,0,0,,,,,1.778281093,0.594394326,1.434348822,0,-0.593501882,-1.434718325,0,0,158,0,0,158,158,158,0,0,0.472314339,0.000753445,,,,,,,,,,,,
38.51,167,167,167,167,11.71971277,0.957432213,-0.067810059,0.018615723,1,1,1,4,0.035644531,0,0,0,0,,,,,1.775638819,0.594394326,1.434348822,0,-0.593501882,-1.434718325,0,0,163,0,0,163,163,163,0,0,0.492644504,0.000753445,,,,,,,,,,,,
38.52,161,161,161,161,11.74102144,0.957421469,-0.067810059,0.018615723,1,1,1,4,0.035644531,0,0,0,0,,,,,1.775638819,0.594394326,1.434348822,0,-0.593501882,-1.434718325,0,0,158,0,0,158,158,158,0,0,0.471903364,0.000753445,,,,,,,,,,,,
38.53,181,181,181,181,11.66114679,0.957411358,-0.067810059,0.018676758,1,1,1,4,0.035644531,0,0,0,0,,,,,1.765069485,0.597994506,1.450222015,0,-0.597092187,-1.450593756,0.317508608,0,176,0,0,176,176,176,0,0,0.554014629,0.000753445,,,,,,,,,,,,
38.54,161,161,161,161,11.74094272,0.957398876,-0.067810059,0.018676758,1,1,1,4,0.035644531,0,0,0,0,,,,,1.765069485,0.597994506,1.450222015,0,-0.597092187,-1.450593756,0,0,158,0,0,158,158,158,0,0,0.471838844,0.000753445,,,,,,,,,,,,
38.55,171,171,171,171,11.70208567,0.957388765,-0.067810059,0.018676758,1,1,1,4,0.035644531,0,0,0,0,,,,,1.759784937,0.597994506,1.450222015,0,-0.597092187,-1.450593756,0,0,167,0,0,167,167,167,0,0,0.512761547,0.000753445,,,,,,,,,,,,
38.56,161,161,161,161,11.74091265,0.9573775,-0.067810059,0.018676758,1,1,1,4,0.035644531,0,0,0,0,,,,,1.759784937,0.597994506,1.450222015,0,-0.597092187,-1.450593756,0,0,158,0,0,158,158,158,0,0,0.471542266,0.000753445,,,,,,,,,,,,
38.57,176,176,176,176,11.68409128,0.957367389,-0.067810059,0.018676758,1,1,1,4,0.035644531,0,0,0,0,,,,,1.751857877,0.597994506,1.450222015,0,-0.597092187,-1.450593756,0,0,171,0,0,171,171,171,0,0,0.533059626,0.000753445,,,,,,,,,,,,
38.58,171,171,171,171,11.70199619,0.957355592,-0.067810059,0.018676758,1,1,1,4,0.035644531,0,0,0,0,,,,,1.746573329,0.597994506,1.450222015,0,-0.597092187,-1.450593756,0,0,167,0,0,167,167,167,0,0,0.51254739,0.000753445,,,,,,,,,,,,
38.59,161,161,161,161,11.74082317,0.957344327,-0.067810059,0.018676758,1,1,1,4,0.035644531,0,0,0,0,,,,,1.746573329,0.597994506,1.450222015,0,-0.597092187,-1.450593756,0,0,158,0,0,158,158,158,0,0,0.471327885,0.000753445,,,,,,,,,,,,
38.6,171,171,171,171,11.7019661,0.957334216,-0.067810059,0.018676758,1,1,1,4,0.035644531,0,0,0,0,,,,,1.741288662,0.597994506,1.450222015,0,-0.597092187,-1.450593756,0,0,167,0,0,167,167,167,0,0,0.512250705,0.000753445,,,,,,,,,,,,
38.61,161,161,161,161,11.74079306,0.957322952,-0.067810059,0.018676758,1,1,1,4,0.035644531,0,0,0,0,,,,,1.741288662,0.597994506,1.450222015,0,-0.597092187,-1.450593756,0,0,158,0,0,158,158,158,0,0,0.471029687,0.000753445,,,,,,,,,,,,
38.62,171,171,171,171,11.70193597,0.957312841,-0.067810059,0.018676758,1,1,1,4,0.035644531,0,0,0,0,,,,,1.736003995,0.597994506,1.450222015,0,-0.597092187,-1.450593756,0,0,167,0,0,167,167,167,0,0,0.511951917,0.000753445,,,,,,,,,,,,
38.63,166,166,166,166,11.72375529,0.957301576,-0.067810059,0.018676758,1,1,1,4,0.035644531,0,0,0,0,,,,,1.733361721,0.597994506,1.450222015,0,-0.597092187,-1.450593756,0,0,162,0,0,162,162,162,0,0,0.491323697,0.000753445,,,,,,,,,,,,
38.64,161,161,161,161,11.74075069,0.957290961,-0.067810059,0.018676758,1,1,1,4,0.035644531,0,0,0,0,,,,,1.733361721,0.597994506,1.450222015,0,-0.597092187,-1.450593756,0,0,158,0,0,158,158,158,0,0,0.470580342,0.000753445,,,,,,,,,,,,
38.65,180,180,180,180,11.66553979,0.95728085,-0.067810059,0.018676758,1,1,1,4,0.035644531,0,0,0,0,,,,,1.722792387,0.597994506,1.450222015,0,-0.597092187,-1.450593756,0,0,175,0,0,175,175,175,0,0,0.552689392,0.000753445,,,,,,,,,,,,
38.66,161,161,161,161,11.74067739,0.957268506,-0.067810059,0.018676758,1,1,1,4,0.035644531,0,0,0,0,,,,,1.722792387,0.597994506,1.450222015,0,-0.597092187,-1.450593756,0,0,158,0,0,158,158,158,0,0,0.470511392,0.000753445,,,,,,,,,,,,
38.67,176,176,176,176,11.68385599,0.957258395,-0.067810059,0.018676758,1,1,1,4,0.035644531,0,0,0,0,,,,,1.714865446,0.597994506,1.450222015,0,-0.597092187,-1.450593756,0,0,171,0,0,171,171,171,0,0,0.532026196,0.000753445,,,,,,,,,,,,
38.68,161,161,161,161,11.74062591,0.957246598,-0.067810059,0.018676758,1,1,1,4,0.035644531,0,0,0,0,,,,,1.714865446,0.597994506,1.450222015,0,-0.597092187,-1.450593756,0,0,158,0,0,158,158,158,0,0,0.470326483,0.000753445,,,,,,,,,,,,
38.69,171,171,171,171,11.7017688,0.957236487,-0.067810059,0.018737793,1,1,1,4,0.035644531,0,0,0,0,,,,,1.709580779,0.597994506,1.450222015,0,-0.597092187,-1.450593756,0,0,167,0,0,167,167,167,0,0,0.511247642,0.000753445,,,,,,,,,,,,
38.7,161,161,161,161,11.74059571,0.957225222,-0.067810059,0.018737793,1,1,1,4,0.035644531,0,0,0,0,,,,,1.709580779,0.597994506,1.450222015,0,-0.597092187,-1.450593756,0,0,158,0,0,158,158,158,0,0,0.470024962,0.000753445,,,,,,,,,,,,
38.71,180,180,180,180,11.6653848,0.957215111,-0.067810059,0.018737793,1,1,1,4,0.035644531,0,0,0,0,,,,,1.699011564,0.60144186,1.465327978,0,-0.600530142,-1.46570186,0.30216209,0,175,0,0,175,175,175,0,0,0.552132306,0.000753445,,,,,,,,,,,,
38.72,161,161,161,161,11.74052239,0.957202768,-0.067810059,0.018737793,1,1,1,4,0.035644531,0,0,0,0,,,,,1.699011564,0.60144186,1.465327978,0,-0.600530142,-1.46570186,0,0,158,0,0,158,158,158,0,0,0.469954452,0.000753445,,,,,,,,,,,,
38.73,161,161,161,161,11.74053032,0.957192657,-0.067810059,0.018737793,1,1,1,4,0.035644531,0,0,0,0,,,,,1.699011564,0.60144186,1.465327978,0,-0.600530142,-1.46570186,0,0,158,0,0,158,158,158,0,0,0.469687388,0.000753445,,,,,,,,,,,,
38.74,184,184,184,184,11.64650472,0.957182546,-0.067810059,0.018798828,1,1,1,4,0.035644531,0,0,0,0,,,,,1.685799956,0.60144186,1.465327978,0,-0.600530142,-1.46570186,0,0,179,0,0,179,179,179,0,0,0.572388494,0.000753445,,,,,,,,,,,,
38.75,161,161,161,161,11.74043468,0.957169644,-0.067810059,0.018798828,1,1,1,4,0.035644531,0,0,0,0,,,,,1.685799956,0.60144186,1.465327978,0,-0.600530142,-1.46570186,0,0,158,0,0,158,158,158,0,0,0.46973187,0.000753445,,,,,,,,,,,,
38.76,180,180,180,180,11.66522379,0.957159533,-0.067810059,0.018798828,1,1,1,4,0.035644531,0,0,0,0,,,,,1.675230622,0.60144186,1.465327978,0,-0.600530142,-1.46570186,0,0,175,0,0,175,175,175,0,0,0.55183999,0.000753445,,,,,,,,,,,,
38.77,161,161,161,161,11.7403614,0.95714719,-0.067810059,0.018798828,1,1,1,4,0.035644531,0,0,0,0,,,,,1.675230622,0.60144186,1.465327978,0,-0.600530142,-1.46570186,0,0,158,0,0,158,158,158,0,0,0.46966106,0.000753445,,,,,,,,,,,,
38.78,161,161,161,161,11.74036936,0.957137079,-0.067810059,0.018798828,1,1,1,4,0.035644531,0,0,0,0,,,,,1.675230622,0.60144186,1.465327978,0,-0.600530142,-1.46570186,0,0,158,0,0,158,158,158,0,0,0.469393844,0.000753445,,,,,,,,,,,,
38.79,176,176,176,176,11.68354793,0.957126968,-0.067810059,0.018798828,1,1,1,4,0.035644531,0,0,0,0,,,,,1.667303681,0.60144186,1.465327978,0,-0.600530142,-1.46570186,0,0,171,0,0,171,171,171,0,0,0.530907094,0.000753445,,,,,,,,,,,,
38.8,161,161,161,161,11.74031783,0.95711517,-0.067810059,0.018798828,1,1,1,4,0.035644531,0,0,0,0,,,,,1.667303681,0.60144186,1.465327978,0,-0.600530142,-1.46570186,0,0,158,0,0,158,158,158,0,0,0.469205826,0.000753445,,,,,,,,,,,,
38.81,180,180,180,180,11.66510693,0.957105059,-0.067810059,0.018798828,1,1,1,4,0.035644531,0,0,0,0,,,,,1.656734467,0.60144186,1.465327978,0,-0.600530142,-1.46570186,0,0,175,0,0,175,175,175,0,0,0.551312204,0.000753445,,,,,,,,,,,,
38.82,161,161,161,161,11.74024452,0.957092716,-0.067810059,0.018798828,1,1,1,4,0.035644531,0,0,0,0,,,,,1.656734467,0.60144186,1.465327978,0,-0.600530142,-1.46570186,0,0,158,0,0,158,158,158,0,0,0.469133385,0.000753445,,,,,,,,,,,,
38.83,176,176,176,176,11.68342311,0.957082605,-0.067810059,0.018798828,1,1,1,4,0.035644531,0,0,0,0,,,,,1.648807406,0.60144186,1.465327978,0,-0.600530142,-1.46570186,0,0,171,0,0,171,171,171,0,0,0.530647376,0.000753445,,,,,,,,,,,,
38.84,160,160,160,160,11.74437849,0.957070807,-0.067810059,0.018798828,1,1,1,4,0.035644531,0,0,0,0,,,,,1.648807406,0.60144186,1.465327978,0,-0.600530142,-1.46570186,0,0,157,0,0,157,157,157,0,0,0.468944997,0.000753445,,,,,,,,,,,,
38.85,189,189,189,189,11.62693256,0.95706082,-0.067810059,0.018798828,1,1,1,4,0.035644531,0,0,0,0,,,,,1.632953525,0.60144186,1.465327978,0,-0.600530142,-1.46570186,0,0,183,0,0,183,183,183,0,0,0.592238891,0.000753445,,,,,,,,,,,,
38.86,161,161,161,161,11.74007961,0.957047348,-0.067810059,0.018798828,1,1,1,4,0.035644531,0,0,0,0,,,,,1.632953525,0.60144186,1.465327978,0,-0.600530142,-1.46570186,0,0,158,0,0,158,158,158,0,0,0.469104375,0.000753445,,,,,,,,,,,,
38.87,166,166,166,166,11.72307998,0.957037237,-0.067810059,0.018798828,1,1,1,4,0.035644531,0,0,0,0,,,,,1.630311251,0.60144186,1.465327978,0,-0.600530142,-1.46570186,0,0,162,0,0,162,162,162,0,0,0.489430205,0.000753445,,,,,,,,,,,,
38.88,170,170,170,170,11.70563498,0.957026621,-0.067810059,0.018798828,1,1,1,4,0.035644531,0,0,0,0,,,,,1.625026584,0.60144186,1.465327978,0,-0.600530142,-1.46570186,0,0,166,0,0,166,166,166,0,0,0.509872435,0.000753445,,,,,,,,,,,,
38.89,160,160,160,160,11.744228,0.957015488,-0.067810059,0.018798828,1,1,1,4,0.035644531,0,0,0,0,,,,,1.625026584,0.60144186,1.465327978,0,-0.600530142,-1.46570186,0,0,157,0,0,157,157,157,0,0,0.46864845,0.000753445,,,,,,,,,,,,
38.9,180,180,180,180,11.66483661,0.957005501,-0.067810059,0.018859863,1,1,1,4,0.035644531,0,0,0,0,,,,,1.61445725,0.60144186,1.465327978,0,-0.600530142,-1.46570186,0,0,175,0,0,175,175,175,0,0,0.550755417,0.000753445,,,,,,,,,,,,
38.91,160,160,160,160,11.74415969,0.956993157,-0.067810059,0.018859863,1,1,1,4,0.035644531,0,0,0,0,,,,,1.61445725,0.60144186,1.465327978,0,-0.600530142,-1.46570186,0,0,157,0,0,157,157,157,0,0,0.468575333,0.000753445,,,,,,,,,,,,
38.92,170,170,170,170,11.70554672,0.956983171,-0.067810059,0.018859863,1,1,1,4,0.035644531,0,0,0,0,,,,,1.609172702,0.605081975,1.48118031,0,-0.604160395,-1.481556454,0.317091872,0,166,0,0,166,166,166,0,0,0.509493739,0.000753445,,,,,,,,,,,,
38.93,176,176,176,176,11.68312491,0.956972037,-0.067810059,0.018859863,1,1,1,4,0.035644531,0,0,0,0,,,,,1.601245761,0.605081975,1.48118031,0,-0.604160395,-1.481556454,0,0,171,0,0,171,171,171,0,0,0.53005125,0.000753445,,,,,,,,,,,,
38.94,160,160,160,160,11.74408031,0.95696024,-0.067810059,0.018859863,1,1,1,4,0.035644531,0,0,0,0,,,,,1.601245761,0.605081975,1.48118031,0,-0.604160395,-1.481556454,0,0,157,0,0,157,157,157,0,0,0.46834949,0.000753445,,,,,,,,,,,,
38.95,180,180,180,180,11.66468893,0.956950253,-0.067810059,0.018920898,1,1,1,4,0.035644531,0,0,0,0,,,,,1.590676427,0.605081975,1.48118031,0,-0.604160395,-1.481556454,0,0,175,0,0,175,175,175,0,0,0.550456304,0.000753445,,,,,,,,,,,,
38.96,166,166,166,166,11.72281894,0.95693791,-0.067810059,0.018920898,1,1,1,4,0.035644531,0,0,0,0,,,,,1.588034153,0.605081975,1.48118031,0,-0.604160395,-1.481556454,0,0,162,0,0,162,162,162,0,0,0.488869456,0.000753445,,,,,,,,,,,,
38.97,160,160,160,160,11.74399984,0.956927294,-0.067810059,0.018920898,1,1,1,4,0.035644531,0,0,0,0,,,,,1.588034153,0.605081975,1.48118031,0,-0.604160395,-1.481556454,0,0,157,0,0,157,157,157,0,0,0.468123641,0.000753445,,,,,,,,,,,,
38.98,180,180,180,180,11.66460846,0.956917307,-0.067810059,0.018920898,1,1,1,4,0.035644531,0,0,0,0,,,,,1.577464819,0.605081975,1.48118031,0,-0.604160395,-1.481556454,0,0,175,0,0,175,175,175,0,0,0.550230232,0.000753445,,,,,,,,,,,,
38.99,160,160,160,160,11.74393155,0.956904964,-0.067810059,0.018920898,1,1,1,4,0.035644531,0,0,0,0,,,,,1.577464819,0.605081975,1.48118031,0,-0.604160395,-1.481556454,0,0,157,0,0,157,157,157,0,0,0.468049773,0.000753445,,,,,,,,,,,,
39,193,193,193,193,11.60682059,0.956894977,-0.067810059,0.018920898,1,1,1,4,0.035644531,0,0,0,0,,,,,1.558968544,0.605081975,1.48118031,0,-0.604160395,-1.481556454,0,0,187,0,0,187,187,187,0,0,0.611937526,0.000753445,,,,,,,,,,,,
39.01,160,160,160,160,11.74379489,0.956880921,-0.067810059,0.018920898,1,1,1,4,0.035644531,0,0,0,0,,,,,1.558968544,0.605081975,1.48118031,0,-0.604160395,-1.481556454,0,0,157,0,0,157,157,157,0,0,0.468324337,0.000753445,,,,,,,,,,,,
39.02,180,180,180,180,11.6644036,0.956870934,-0.067810059,0.018920898,1,1,1,4,0.035644531,0,0,0,0,,,,,1.548399329,0.605081975,1.48118031,0,-0.604160395,-1.481556454,0,0,175,0,0,175,175,175,0,0,0.550431132,0.000753445,,,,,,,,,,,,
39.03,160,160,160,160,11.74372678,0.956858591,-0.067810059,0.018920898,1,1,1,4,0.035644531,0,0,0,0,,,,,1.548399329,0.605081975,1.48118031,0,-0.604160395,-1.481556454,0,0,157,0,0,157,157,157,0,0,0.46825273,0.000753445,,,,,,,,,,,,
39.04,176,176,176,176,11.68272498,0.956848604,-0.067810059,0.018920898,1,1,1,4,0.035644531,0,0,0,0,,,,,1.540472388,0.605081975,1.48118031,0,-0.604160395,-1.481556454,0,0,171,0,0,171,171,171,0,0,0.529766208,0.000753445,,,,,,,,,,,,
39.05,160,160,160,160,11.74368048,0.956836806,-0.067810059,0.018920898,1,1,1,4,0.035644531,0,0,0,0,,,,,1.540472388,0.605081975,1.48118031,0,-0.604160395,-1.481556454,0,0,157,0,0,157,157,157,0,0,0.46806517,0.000753445,,,,,,,,,,,,
39.06,189,189,189,189,11.62623465,0.956826819,-0.067810059,0.018920898,1,1,1,4,0.035644531,0,0,0,0,,,,,1.524618387,0.605081975,1.48118031,0,-0.604160395,-1.481556454,0,0,183,0,0,183,183,183,0,0,0.59136041,0.000753445,,,,,,,,,,,,
39.07,166,166,166,166,11.7223742,0.956813347,-0.067810059,0.018920898,1,1,1,4,0.035644531,0,0,0,0,,,,,1.521976113,0.605081975,1.48118031,0,-0.604160395,-1.481556454,0,0,162,0,0,162,162,162,0,0,0.488818774,0.000753445,,,,,,,,,,,,
39.08,160,160,160,160,11.74355523,0.956802731,-0.067810059,0.018920898,1,1,1,4,0.035644531,0,0,0,0,,,,,1.521976113,0.605081975,1.48118031,0,-0.604160395,-1.481556454,0,0,157,0,0,157,157,157,0,0,0.468074342,0.000753445,,,,,,,,,,,,
39.09,180,180,180,180,11.66416398,0.956792744,-0.067810059,0.018920898,1,1,1,4,0.035644531,0,0,0,0,,,,,1.511406779,0.605081975,1.48118031,0,-0.604160395,-1.481556454,0,0,175,0,0,175,175,175,0,0,0.550182315,0.000753445,,,,,,,,,,,,
39.1,160,160,160,160,11.74348721,0.956780401,-0.067810059,0.018920898,1,1,1,4,0.035644531,0,0,0,0,,,,,1.511406779,0.605081975,1.48118031,0,-0.604160395,-1.481556454,0,0,157,0,0,157,157,157,0,0,0.468003238,0.000753445,,,,,,,,,,,,
39.11,193,193,193,193,11.60637638,0.956770414,-0.067810059,0.018981934,1,1,1,4,0.035644531,0,0,0,0,,,,,1.492910624,0.608566284,1.496262312,0,-0.60763532,-1.49664062,0.301683328,0,187,0,0,187,187,187,0,0,0.611891444,0.000753445,,,,,,,,,,,,
39.12,160,160,160,160,11.74335082,0.956756358,-0.067810059,0.018981934,1,1,1,4,0.035644531,0,0,0,0,,,,,1.492910624,0.608566284,1.496262312,0,-0.60763532,-1.49664062,0,0,157,0,0,157,157,157,0,0,0.468280561,0.000753445,,,,,,,,,,,,
39.13,160,160,160,160,11.74336395,0.956746371,-0.067810059,0.018981934,1,1,1,4,0.035644531,0,0,0,0,,,,,1.492910624,0.608566284,1.496262312,0,-0.60763532,-1.49664062,0,0,157,0,0,157,157,157,0,0,0.46801426,0.000753445,,,,,,,,,,,,
39.14,180,180,180,180,11.66397275,0.956736384,-0.067810059,0.018981934,1,1,1,4,0.035644531,0,0,0,0,,,,,1.48234129,0.608566284,1.496262312,0,-0.60763532,-1.49664062,0,0,175,0,0,175,175,175,0,0,0.550122741,0.000753445,,,,,,,,,,,,
39.15,160,160,160,160,11.74329602,0.956724041,-0.067810059,0.018981934,1,1,1,4,0.035644531,0,0,0,0,,,,,1.48234129,0.608566284,1.496262312,0,-0.60763532,-1.49664062,0,0,157,0,0,157,157,157,0,0,0.467944172,0.000753445,,,,,,,,,,,,
39.16,160,160,160,160,11.74330913,0.956714054,-0.067810059,0.018981934,1,1,1,4,0.035644531,0,0,0,0,,,,,1.48234129,0.608566284,1.496262312,0,-0.60763532,-1.49664062,0,0,157,0,0,157,157,157,0,0,0.467677317,0.000753445,,,,,,,,,,,,
39.17,198,198,198,198,11.58610808,0.956704067,-0.067810059,0.019042969,1,1,1,4,0.035644531,0,0,0,0,,,,,1.461202741,0.608566284,1.496262312,0,-0.60763532,-1.49664062,0,0,191,0,0,191,191,191,0,0,0.632159723,0.000753445,,,,,,,,,,,,
39.18,160,160,160,160,11.74314897,0.956689415,-0.067810059,0.019042969,1,1,1,4,0.035644531,0,0,0,0,,,,,1.461202741,0.608566284,1.496262312,0,-0.60763532,-1.49664062,0,0,157,0,0,157,157,157,0,0,0.468070507,0.000753445,,,,,,,,,,,,
39.19,189,189,189,189,11.62570331,0.956679428,-0.067810059,0.019042969,1,1,1,4,0.035644531,0,0,0,0,,,,,1.445348859,0.608566284,1.496262312,0,-0.60763532,-1.49664062,0,0,183,0,0,183,183,183,0,0,0.591366601,0.000753445,,,,,,,,,,,,
39.2,170,170,170,170,11.70441022,0.956665955,-0.067810059,0.019042969,1,1,1,4,0.035644531,0,0,0,0,,,,,1.440064192,0.608566284,1.496262312,0,-0.60763532,-1.49664062,0,0,166,0,0,166,166,166,0,0,0.50942199,0.000753445,,,,,,,,,,,,
39.21,176,176,176,176,11.68198875,0.956654822,-0.067810059,0.019042969,1,1,1,4,0.035644531,0,0,0,0,,,,,1.432137251,0.608566284,1.496262312,0,-0.60763532,-1.49664062,0,0,171,0,0,171,171,171,0,0,0.529982216,0.000753445,,,,,,,,,,,,
39.22,170,170,170,170,11.70431861,0.956643024,-0.067810059,0.019042969,1,1,1,4,0.035644531,0,0,0,0,,,,,1.426852584,0.608566284,1.496262312,0,-0.60763532,-1.49664062,0,0,166,0,0,166,166,166,0,0,0.509471798,0.000753445,,,,,,,,,,,,
39.23,160,160,160,160,11.74291199,0.956631891,-0.067810059,0.019042969,1,1,1,4,0.035644531,0,0,0,0,,,,,1.426852584,0.608566284,1.496262312,0,-0.60763532,-1.49664062,0,0,157,0,0,157,157,157,0,0,0.468251335,0.000753445,,,,,,,,,,,,
39.24,184,184,184,184,11.64470628,0.956621904,-0.067810059,0.019042969,1,1,1,4,0.035644531,0,0,0,0,,,,,1.413640976,0.608566284,1.496262312,0,-0.60763532,-1.49664062,0,0,179,0,0,179,179,179,0,0,0.570955211,0.000753445,,,,,,,,,,,,
39.25,160,160,160,160,11.7428221,0.956609003,-0.067810059,0.019042969,1,1,1,4,0.035644531,0,0,0,0,,,,,1.413640976,0.608566284,1.496262312,0,-0.60763532,-1.49664062,0,0,157,0,0,157,157,157,0,0,0.468301357,0.000753445,,,,,,,,,,,,
39.26,184,184,184,184,11.64461643,0.956599016,-0.067810059,0.019042969,1,1,1,4,0.035644531,0,0,0,0,,,,,1.400429368,0.608566284,1.496262312,0,-0.60763532,-1.49664062,0,0,179,0,0,179,179,179,0,0,0.571005634,0.000753445,,,,,,,,,,,,
39.27,160,160,160,160,11.74273228,0.956586114,-0.067810059,0.019042969,1,1,1,4,0.035644531,0,0,0,0,,,,,1.400429368,0.608566284,1.496262312,0,-0.60763532,-1.49664062,0,0,157,0,0,157,157,157,0,0,0.468352181,0.000753445,,,,,,,,,,,,
39.28,180,180,180,180,11.66334131,0.956576127,-0.067810059,0.019042969,1,1,1,4,0.035644531,0,0,0,0,,,,,1.389860153,0.608566284,1.496262312,0,-0.60763532,-1.49664062,0,0,175,0,0,175,175,175,0,0,0.550462544,0.000753445,,,,,,,,,,,,
39.29,160,160,160,160,11.74266482,0.956563784,-0.067810059,0.019042969,1,1,1,4,0.035644531,0,0,0,0,,,,,1.389860153,0.608566284,1.496262312,0,-0.60763532,-1.49664062,0,0,157,0,0,157,157,157,0,0,0.468287709,0.000753445,,,,,,,,,,,,
39.3,184,184,184,184,11.64445919,0.956553797,-0.067810059,0.019042969,1,1,1,4,0.035644531,0,0,0,0,,,,,1.376648545,0.61224401,1.512084603,0,-0.611303202,-1.512465197,0.316491526,0,179,0,0,179,179,179,0,0,0.570992459,0.000753445,,,,,,,,,,,,
39.31,160,160,160,160,11.74257508,0.956540896,-0.067810059,0.019042969,1,1,1,4,0.035644531,0,0,0,0,,,,,1.376648545,0.61224401,1.512084603,0,-0.611303202,-1.512465197,0,0,157,0,0,157,157,157,0,0,0.468339479,0.000753445,,,,,,,,,,,,
39.32,189,189,189,189,11.62512963,0.956530909,-0.067810059,0.019104004,1,1,1,4,0.035644531,0,0,0,0,,,,,1.360794663,0.61224401,1.512084603,0,-0.611303202,-1.512465197,0,0,183,0,0,183,183,183,0,0,0.591638018,0.000753445,,,,,,,,,,,,
39.33,160,160,160,160,11.74246262,0.956517436,-0.067810059,0.019104004,1,1,1,4,0.035644531,0,0,0,0,,,,,1.360794663,0.61224401,1.512084603,0,-0.611303202,-1.512465197,0,0,157,0,0,157,157,157,0,0,0.468508147,0.000753445,,,,,,,,,,,,
39.34,184,184,184,184,11.64425708,0.956507449,-0.067810059,0.019104004,1,1,1,4,0.035644531,0,0,0,0,,,,,1.347583055,0.61224401,1.512084603,0,-0.611303202,-1.512465197,0,0,179,0,0,179,179,179,0,0,0.57121403,0.000753445,,,,,,,,,,,,
39.35,160,160,160,160,11.74237306,0.956494548,-0.067810059,0.019104004,1,1,1,4,0.035644531,0,0,0,0,,,,,1.347583055,0.61224401,1.512084603,0,-0.611303202,-1.512465197,0,0,157,0,0,157,157,157,0,0,0.468562183,0.000753445,,,,,,,,,,,,
39.36,180,180,180,180,11.66298223,0.956484561,-0.067810059,0.019104004,1,1,1,4,0.035644531,0,0,0,0,,,,,1.337013721,0.61224401,1.512084603,0,-0.611303202,-1.512465197,0,0,175,0,0,175,175,175,0,0,0.55067508,0.000753445,,,,,,,,,,,,
39.37,160,160,160,160,11.74230586,0.956472217,-0.067810059,0.019104004,1,1,1,4,0.035644531,0,0,0,0,,,,,1.337013721,0.61224401,1.512084603,0,-0.611303202,-1.512465197,0,0,157,0,0,157,157,157,0,0,0.468500927,0.000753445,,,,,,,,,,,,
39.38,184,184,184,184,11.64410036,0.956462231,-0.067810059,0.019165039,1,1,1,4,0.035644531,0,0,0,0,,,,,1.323802114,0.61224401,1.512084603,0,-0.611303202,-1.512465197,0,0,179,0,0,179,179,179,0,0,0.571207283,0.000753445,,,,,,,,,,,,
39.39,160,160,160,160,11.74221639,0.956449329,-0.067810059,0.019165039,1,1,1,4,0.035644531,0,0,0,0,,,,,1.323802114,0.61224401,1.512084603,0,-0.611303202,-1.512465197,0,0,157,0,0,157,157,157,0,0,0.468555909,0.000753445,,,,,,,,,,,,
39.4,184,184,184,184,11.64401092,0.956439342,-0.067810059,0.019165039,1,1,1,4,0.035644531,0,0,0,0,,,,,1.310590506,0.61224401,1.512084603,0,-0.611303202,-1.512465197,0,0,179,0,0,179,179,179,0,0,0.571262666,0.000753445,,,,,,,,,,,,
39.41,160,160,160,160,11.74212698,0.95642644,-0.067810059,0.019165039,1,1,1,4,0.035644531,0,0,0,0,,,,,1.310590506,0.61224401,1.512084603,0,-0.611303202,-1.512465197,0,0,157,0,0,157,157,157,0,0,0.468611694,0.000753445,,,,,,,,,,,,
39.42,193,193,193,193,11.60501663,0.956416454,-0.067810059,0.019165039,1,1,1,4,0.035644531,0,0,0,0,,,,,1.29209435,0.61224401,1.512084603,0,-0.611303202,-1.512465197,0,0,187,0,0,187,187,187,0,0,0.612505627,0.000753445,,,,,,,,,,,,
39.43,160,160,160,160,11.74199154,0.956402397,-0.067810059,0.019165039,1,1,1,4,0.035644531,0,0,0,0,,,,,1.29209435,0.61224401,1.512084603,0,-0.611303202,-1.512465197,0,0,157,0,0,157,157,157,0,0,0.468900471,0.000753445,,,,,,,,,,,,
39.44,180,180,180,180,11.66260086,0.956392411,-0.067810059,0.019165039,1,1,1,4,0.035644531,0,0,0,0,,,,,1.281525016,0.61224401,1.512084603,0,-0.611303202,-1.512465197,0,0,175,0,0,175,175,175,0,0,0.551015304,0.000753445,,,,,,,,,,,,
39.45,160,160,160,160,11.74192464,0.956380067,-0.067810059,0.019165039,1,1,1,4,0.035644531,0,0,0,0,,,,,1.281525016,0.61224401,1.512084603,0,-0.611303202,-1.512465197,0,0,157,0,0,157,157,157,0,0,0.468843087,0.000753445,,,,,,,,,,,,
39.46,184,184,184,184,11.64371929,0.95637008,-0.067810059,0.019165039,1,1,1,4,0.035644531,0,0,0,0,,,,,1.268313408,0.61224401,1.512084603,0,-0.611303202,-1.512465197,0,0,179,0,0,179,179,179,0,0,0.571551379,0.000753445,,,,,,,,,,,,
39.47,160,160,160,160,11.74183547,0.956357179,-0.067810059,0.019165039,1,1,1,4,0.035644531,0,0,0,0,,,,,1.268313408,0.61224401,1.512084603,0,-0.611303202,-1.512465197,0,0,157,0,0,157,157,157,0,0,0.468901941,0.000753445,,,,,,,,,,,,
39.48,189,189,189,189,11.62439029,0.956347192,-0.067810059,0.019165039,1,1,1,4,0.035644531,0,0,0,0,,,,,1.252459526,0.615770936,1.527161121,0,-0.614820748,-1.527543906,0.301574186,0,183,0,0,183,183,183,0,0,0.592204022,0.000753445,,,,,,,,,,,,
39.49,160,160,160,160,11.74172357,0.956333719,-0.067810059,0.019165039,1,1,1,4,0.035644531,0,0,0,0,,,,,1.252459526,0.615770936,1.527161121,0,-0.614820748,-1.527543906,0,0,157,0,0,157,157,157,0,0,0.469077693,0.000753445,,,,,,,,,,,,
39.5,184,184,184,184,11.64351831,0.956323732,-0.067810059,0.019165039,1,1,1,4,0.035644531,0,0,0,0,,,,,1.239247918,0.615770936,1.527161121,0,-0.614820748,-1.527543906,0,0,179,0,0,179,179,179,0,0,0.571787118,0.000753445,,,,,,,,,,,,
39.51,162,162,162,162,11.7374491,0.956310831,-0.067810059,0.019165039,1,1,1,4,0.035644531,0,0,0,0,,,,,1.239247918,0.615770936,1.527161121,0,-0.614820748,-1.527543906,0,0,158,0,0,158,158,158,0,0,0.469138813,0.000753445,,,,,,,,,,,,
39.52,184,184,184,184,11.64342438,0.95630072,-0.067810059,0.019165039,1,1,1,4,0.035644531,0,0,0,0,,,,,1.22603631,0.615770936,1.527161121,0,-0.614820748,-1.527543906,0,0,179,0,0,179,179,179,0,0,0.571848639,0.000753445,,,,,,,,,,,,
39.53,162,162,162,162,11.73735521,0.956287818,-0.067810059,0.019165039,1,1,1,4,0.035644531,0,0,0,0,,,,,1.22603631,0.615770936,1.527161121,0,-0.614820748,-1.527543906,0,0,158,0,0,158,158,158,0,0,0.469200736,0.000753445,,,,,,,,,,,,
39.54,190,190,190,190,11.61921426,0.956277707,-0.067810059,0.019226074,1,1,1,4,0.035644531,0,0,0,0,,,,,1.210182428,0.615770936,1.527161121,0,-0.614820748,-1.527543906,0,0,184,0,0,184,184,184,0,0,0.592504351,0.000753445,,,,,,,,,,,,
39.55,166,166,166,166,11.72022521,0.95626409,-0.067810059,0.019226074,1,1,1,4,0.035644531,0,0,0,0,,,,,1.207540035,0.615770936,1.527161121,0,-0.614820748,-1.527543906,0,0,162,0,0,162,162,162,0,0,0.489973873,0.000753445,,,,,,,,,,,,
39.56,162,162,162,162,11.73722154,0.956253474,-0.067810059,0.019226074,1,1,1,4,0.035644531,0,0,0,0,,,,,1.207540035,0.615770936,1.527161121,0,-0.614820748,-1.527543906,0,0,158,0,0,158,158,158,0,0,0.469237822,0.000753445,,,,,,,,,,,,
39.57,180,180,180,180,11.66201158,0.956243363,-0.067810059,0.019226074,1,1,1,4,0.035644531,0,0,0,0,,,,,1.19697082,0.615770936,1.527161121,0,-0.614820748,-1.527543906,0,0,175,0,0,175,175,175,0,0,0.55135417,0.000753445,,,,,,,,,,,,
39.58,184,184,184,184,11.64311662,0.956231019,-0.067810059,0.019226074,1,1,1,4,0.035644531,0,0,0,0,,,,,1.183759212,0.615770936,1.527161121,0,-0.614820748,-1.527543906,0,0,179,0,0,179,179,179,0,0,0.572154116,0.000753445,,,,,,,,,,,,
39.59,162,162,162,162,11.73704758,0.956218118,-0.067810059,0.019226074,1,1,1,4,0.035644531,0,0,0,0,,,,,1.183759212,0.615770936,1.527161121,0,-0.614820748,-1.527543906,0,0,158,0,0,158,158,158,0,0,0.469507748,0.000753445,,,,,,,,,,,,
39.6,190,190,190,190,11.61890676,0.956208007,-0.067810059,0.019287109,1,1,1,4,0.035644531,0,0,0,0,,,,,1.167905331,0.615770936,1.527161121,0,-0.614820748,-1.527543906,0,0,184,0,0,184,184,184,0,0,0.592812898,0.000753445,,,,,,,,,,,,
39.61,162,162,162,162,11.73692545,0.956194389,-0.067810059,0.019287109,1,1,1,4,0.035644531,0,0,0,0,,,,,1.167905331,0.615770936,1.527161121,0,-0.614820748,-1.527543906,0,0,158,0,0,158,158,158,0,0,0.469689638,0.000753445,,,,,,,,,,,,
39.62,199,199,199,199,11.57881681,0.956184278,-0.067810059,0.019287109,1,1,1,4,0.035644531,0,0,0,0,,,,,1.146766782,0.615770936,1.527161121,0,-0.614820748,-1.527543906,0,0,192,0,0,192,192,192,0,0,0.634183223,0.000753445,,,,,,,,,,,,
39.63,162,162,162,162,11.7367561,0.956169475,-0.067810059,0.019287109,1,1,1,4,0.035644531,0,0,0,0,,,,,1.146766782,0.615770936,1.527161121,0,-0.614820748,-1.527543906,0,0,158,0,0,158,158,158,0,0,0.470105186,0.000753445,,,,,,,,,,,,
39.64,190,190,190,190,11.61861546,0.956159364,-0.067810059,0.019287109,1,1,1,4,0.035644531,0,0,0,0,,,,,1.130912781,0.615770936,1.527161121,0,-0.614820748,-1.527543906,0,0,184,0,0,184,184,184,0,0,0.59341339,0.000753445,,,,,,,,,,,,
39.65,162,162,162,162,11.73663432,0.956145746,-0.067810059,0.019287109,1,1,1,4,0.035644531,0,0,0,0,,,,,1.130912781,0.615770936,1.527161121,0,-0.614820748,-1.527543906,0,0,158,0,0,158,158,158,0,0,0.47029133,0.000753445,,,,,,,,,,,,
39.66,162,162,162,162,11.7366435,0.956135635,-0.067810059,0.019287109,1,1,1,4,0.035644531,0,0,0,0,,,,,1.130912781,0.615770936,1.527161121,0,-0.614820748,-1.527543906,0,0,158,0,0,158,158,158,0,0,0.470037153,0.000753445,,,,,,,,,,,,
39.67,203,203,203,203,11.55791326,0.956125524,-0.067810059,0.019287109,1,1,1,4,0.035644531,0,0,0,0,,,,,1.107131958,0.615770936,1.527161121,0,-0.614820748,-1.527543906,0,0,196,0,0,196,196,196,0,0,0.655125625,0.000753445,,,,,,,,,,,,
39.68,162,162,162,162,11.73644998,0.956110109,-0.067810059,0.019287109,1,1,1,4,0.035644531,0,0,0,0,,,,,1.107131958,0.615770936,1.527161121,0,-0.614820748,-1.527543906,0,0,158,0,0,158,158,158,0,0,0.470571795,0.000753445,,,,,,,,,,,,
39.69,195,195,195,195,11.59853815,0.956099998,-0.067810059,0.019287109,1,1,1,4,0.035644531,0,0,0,0,,,,,1.088635683,0.61949116,1.542969465,0,-0.618531137,-1.543354561,0.316213105,0,188,0,0,188,188,188,0,0,0.614475215,0.000753445,,,,,,,,,,,,
39.7,162,162,162,162,11.73630509,0.956085794,-0.067810059,0.019287109,1,1,1,4,0.035644531,0,0,0,0,,,,,1.088635683,0.61949116,1.542969465,0,-0.618531137,-1.543354561,0,0,158,0,0,158,158,158,0,0,0.470877692,0.000753445,,,,,,,,,,,,
39.71,186,186,186,186,11.63751085,0.956075683,-0.067810059,0.019287109,1,1,1,4,0.035644531,0,0,0,0,,,,,1.075424075,0.61949116,1.542969465,0,-0.618531137,-1.543354561,0,0,180,0,0,180,180,180,0,0,0.57359447,0.000753445,,,,,,,,,,,,
39.72,162,162,162,162,11.73620671,0.956062639,-0.067810059,0.019287109,1,1,1,4,0.035644531,0,0,0,0,,,,,1.075424075,0.61949116,1.542969465,0,-0.618531137,-1.543354561,0,0,158,0,0,158,158,158,0,0,0.470953518,0.000753445,,,,,,,,,,,,
39.73,186,186,186,186,11.63741251,0.956052528,-0.067810059,0.019287109,1,1,1,4,0.035644531,0,0,0,0,,,,,1.062212467,0.61949116,1.542969465,0,-0.618531137,-1.543354561,0,0,180,0,0,180,180,180,0,0,0.573670698,0.000753445,,,,,,,,,,,,
39.74,171,171,171,171,11.69724336,0.956039485,-0.067810059,0.019287109,1,1,1,4,0.035644531,0,0,0,0,,,,,1.0569278,0.61949116,1.542969465,0,-0.618531137,-1.543354561,0,0,167,0,0,167,167,167,0,0,0.512217851,0.000753445,,,,,,,,,,,,
39.75,181,181,181,181,11.65618917,0.956028221,-0.067810059,0.019348145,1,1,1,4,0.035644531,0,0,0,0,,,,,1.046358585,0.61949116,1.542969465,0,-0.618531137,-1.543354561,0,0,176,0,0,176,176,176,0,0,0.553385607,0.000753445,,,,,,,,,,,,
39.76,186,186,186,186,11.63718301,0.956015739,-0.067810059,0.019348145,1,1,1,4,0.035644531,0,0,0,0,,,,,1.033146977,0.61949116,1.542969465,0,-0.618531137,-1.543354561,0,0,180,0,0,180,180,180,0,0,0.57419313,0.000753445,,,,,,,,,,,,
39.77,162,162,162,162,11.73587905,0.956002696,-0.067810059,0.019348145,1,1,1,4,0.035644531,0,0,0,0,,,,,1.033146977,0.61949116,1.542969465,0,-0.618531137,-1.543354561,0,0,158,0,0,158,158,158,0,0,0.471554337,0.000753445,,,,,,,,,,,,
39.78,171,171,171,171,11.69702357,0.955992585,-0.067810059,0.019348145,1,1,1,4,0.035644531,0,0,0,0,,,,,1.02786231,0.61949116,1.542969465,0,-0.618531137,-1.543354561,0,0,167,0,0,167,167,167,0,0,0.512492585,0.000753445,,,,,,,,,,,,
39.79,176,176,176,176,11.67902277,0.95598132,-0.067810059,0.019348145,1,1,1,4,0.035644531,0,0,0,0,,,,,1.019935369,0.61949116,1.542969465,0,-0.618531137,-1.543354561,0,0,171,0,0,171,171,171,0,0,0.533068087,0.000753445,,,,,,,,,,,,
39.8,162,162,162,162,11.73579433,0.955969523,-0.067810059,0.019348145,1,1,1,4,0.035644531,0,0,0,0,,,,,1.019935369,0.61949116,1.542969465,0,-0.618531137,-1.543354561,0,0,158,0,0,158,158,158,0,0,0.47138524,0.000753445,,,,,,,,,,,,
39.81,199,199,199,199,11.57768626,0.955959411,-0.067810059,0.01940918,1,1,1,4,0.035644531,0,0,0,0,,,,,0.998796821,0.61949116,1.542969465,0,-0.618531137,-1.543354561,0,0,192,0,0,192,192,192,0,0,0.635885447,0.000753445,,,,,,,,,,,,
39.82,162,162,162,162,11.73562612,0.955944608,-0.067810059,0.01940918,1,1,1,4,0.035644531,0,0,0,0,,,,,0.998796821,0.61949116,1.542969465,0,-0.618531137,-1.543354561,0,0,158,0,0,158,158,158,0,0,0.471814031,0.000753445,,,,,,,,,,,,
39.83,176,176,176,176,11.67880646,0.955934497,-0.067810059,0.01940918,1,1,1,4,0.035644531,0,0,0,0,,,,,0.99086988,0.61949116,1.542969465,0,-0.618531137,-1.543354561,0,0,171,0,0,171,171,171,0,0,0.533346835,0.000753445,,,,,,,,,,,,
39.84,162,162,162,162,11.73557812,0.955922699,-0.067810059,0.01940918,1,1,1,4,0.035644531,0,0,0,0,,,,,0.99086988,0.61949116,1.542969465,0,-0.618531137,-1.543354561,0,0,158,0,0,158,158,158,0,0,0.471665122,0.000753445,,,,,,,,,,,,
39.85,186,186,186,186,11.63678419,0.955912588,-0.067810059,0.01940918,1,1,1,4,0.035644531,0,0,0,0,,,,,0.977658272,0.61949116,1.542969465,0,-0.618531137,-1.543354561,0,0,180,0,0,180,180,180,0,0,0.574385371,0.000753445,,,,,,,,,,,,
39.86,162,162,162,162,11.73548038,0.955899545,-0.067810059,0.01940918,1,1,1,4,0.035644531,0,0,0,0,,,,,0.977658272,0.61949116,1.542969465,0,-0.618531137,-1.543354561,0,0,158,0,0,158,158,158,0,0,0.47174789,0.000753445,,,,,,,,,,,,
39.87,190,190,190,190,11.61734033,0.955889434,-0.067810059,0.01940918,1,1,1,4,0.035644531,0,0,0,0,,,,,0.96180433,0.623061776,1.55804348,0,-0.622092374,-1.558430794,0.301524662,0,184,0,0,184,184,184,0,0,0.595062392,0.000753445,,,,,,,,,,,,
39.88,162,162,162,162,11.73535979,0.955875817,-0.067810059,0.01940918,1,1,1,4,0.035644531,0,0,0,0,,,,,0.96180433,0.623061776,1.55804348,0,-0.622092374,-1.558430794,0,0,158,0,0,158,158,158,0,0,0.471947558,0.000753445,,,,,,,,,,,,
39.89,186,186,186,186,11.63656597,0.955865706,-0.067810059,0.01940918,1,1,1,4,0.035644531,0,0,0,0,,,,,0.948592722,0.623061776,1.55804348,0,-0.622092374,-1.558430794,0,0,180,0,0,180,180,180,0,0,0.57466894,0.000753445,,,,,,,,,,,,
39.9,181,181,181,181,11.65537962,0.955852662,-0.067810059,0.01940918,1,1,1,4,0.035644531,0,0,0,0,,,,,0.938023448,0.623061776,1.55804348,0,-0.622092374,-1.558430794,0,0,176,0,0,176,176,176,0,0,0.554407535,0.000753445,,,,,,,,,,,,
39.91,162,162,162,162,11.73517742,0.955840181,-0.067810059,0.01940918,1,1,1,4,0.035644531,0,0,0,0,,,,,0.938023448,0.623061776,1.55804348,0,-0.622092374,-1.558430794,0,0,158,0,0,158,158,158,0,0,0.472249968,0.000753445,,,,,,,,,,,,
39.92,186,186,186,186,11.6363837,0.95583007,-0.067810059,0.01940918,1,1,1,4,0.035644531,0,0,0,0,,,,,0.9248119,0.623061776,1.55804348,0,-0.622092374,-1.558430794,0,0,180,0,0,180,180,180,0,0,0.574971983,0.000753445,,,,,,,,,,,,
39.93,162,162,162,162,11.73508007,0.955817026,-0.067810059,0.01940918,1,1,1,4,0.035644531,0,0,0,0,,,,,0.9248119,0.623061776,1.55804348,0,-0.622092374,-1.558430794,0,0,158,0,0,158,158,158,0,0,0.472337194,0.000753445,,,,,,,,,,,,
39.94,162,162,162,162,11.73508998,0.955806915,-0.067810059,0.01940918,1,1,1,4,0.035644531,0,0,0,0,,,,,0.9248119,0.623061776,1.55804348,0,-0.622092374,-1.558430794,0,0,158,0,0,158,158,158,0,0,0.47209128,0.000753445,,,,,,,,,,,,
39.95,186,186,186,186,11.63629625,0.955796804,-0.067810059,0.01940918,1,1,1,4,0.035644531,0,0,0,0,,,,,0.911600292,0.623061776,1.55804348,0,-0.622092374,-1.558430794,0,0,180,0,0,180,180,180,0,0,0.574813536,0.000753445,,,,,,,,,,,,
39.96,162,162,162,162,11.73499263,0.955783761,-0.067810059,0.01940918,1,1,1,4,0.035644531,0,0,0,0,,,,,0.911600292,0.623061776,1.55804348,0,-0.622092374,-1.558430794,0,0,158,0,0,158,158,158,0,0,0.472178062,0.000753445,,,,,,,,,,,,
39.97,171,171,171,171,11.69613749,0.95577365,-0.067810059,0.019470215,1,1,1,4,0.035644531,0,0,0,0,,,,,0.906315625,0.623061776,1.55804348,0,-0.622092374,-1.558430794,0,0,167,0,0,167,167,167,0,0,0.513119628,0.000753445,,,,,,,,,,,,
39.98,181,181,181,181,11.65508375,0.955762386,-0.067810059,0.019470215,1,1,1,4,0.035644531,0,0,0,0,,,,,0.89574635,0.623061776,1.55804348,0,-0.622092374,-1.558430794,0,0,176,0,0,176,176,176,0,0,0.5542923,0.000753445,,,,,,,,,,,,
39.99,167,167,167,167,11.71355567,0.955749904,-0.067810059,0.019470215,1,1,1,4,0.035644531,0,0,0,0,,,,,0.893104017,0.623061776,1.55804348,0,-0.622092374,-1.558430794,0,0,163,0,0,163,163,163,0,0,0.49272887,0.000753445,,,,,,,,,,,,
40,181,181,181,181,11.65498367,0.95573916,-0.067810059,0.019470215,1,1,1,4,0.035644531,0,0,0,0,,,,,0.882534742,0.623061776,1.55804348,0,-0.622092374,-1.558430794,0,0,176,0,0,176,176,176,0,0,0.554380028,0.000753445,,,,,,,,,,,,
40.01,162,162,162,162,11.73478158,0.955726678,-0.067810059,0.019470215,1,1,1,4,0.035644531,0,0,0,0,,,,,0.882534742,0.623061776,1.55804348,0,-0.622092374,-1.558430794,0,0,158,0,0,158,158,158,0,0,0.472223146,0.000753445,,,,,,,,,,,,
40.02,186,186,186,186,11.63598796,0.955716567,-0.067810059,0.01953125,1,1,1,4,0.035644531,0,0,0,0,,,,,0.869323134,0.623061776,1.55804348,0,-0.622092374,-1.558430794,0,0,180,0,0,180,180,180,0,0,0.574946312,0.000753445,,,,,,,,,,,,
40.03,181,181,181,181,11.65480182,0.955703524,-0.067810059,0.01953125,1,1,1,4,0.035644531,0,0,0,0,,,,,0.85875386,0.623061776,1.55804348,0,-0.622092374,-1.558430794,0,0,176,0,0,176,176,176,0,0,0.554686691,0.000753445,,,,,,,,,,,,
40.04,162,162,162,162,11.73459983,0.955691042,-0.067810059,0.01953125,1,1,1,4,0.035644531,0,0,0,0,,,,,0.85875386,0.623061776,1.55804348,0,-0.622092374,-1.558430794,0,0,158,0,0,158,158,158,0,0,0.472530907,0.000753445,,,,,,,,,,,,
40.05,177,177,177,177,11.67322305,0.955680931,-0.067810059,0.01953125,1,1,1,4,0.035644531,0,0,0,0,,,,,0.850826919,0.623061776,1.55804348,0,-0.622092374,-1.558430794,0,0,172,0,0,172,172,172,0,0,0.534067467,0.000753445,,,,,,,,,,,,
40.06,162,162,162,162,11.73454721,0.955668998,-0.067810059,0.01953125,1,1,1,4,0.035644531,0,0,0,0,,,,,0.850826919,0.623061776,1.55804348,0,-0.622092374,-1.558430794,0,0,158,0,0,158,158,158,0,0,0.472389509,0.000753445,,,,,,,,,,,,
40.07,181,181,181,181,11.65467466,0.955658887,-0.067810059,0.01953125,1,1,1,4,0.035644531,0,0,0,0,,,,,0.840257645,0.626845062,1.573908806,0,-0.625865789,-1.574298471,0.31735353,0,176,0,0,176,176,176,0,0,0.554519661,0.000753445,,,,,,,,,,,,
40.08,162,162,162,162,11.73447268,0.955646406,-0.067810059,0.01953125,1,1,1,4,0.035644531,0,0,0,0,,,,,0.840257645,0.626845062,1.573908806,0,-0.625865789,-1.574298471,0,0,158,0,0,158,158,158,0,0,0.47236369,0.000753445,,,,,,,,,,,,
40.09,177,177,177,177,11.67309592,0.955636294,-0.067810059,0.01953125,1,1,1,4,0.035644531,0,0,0,0,,,,,0.832330704,0.626845062,1.573908806,0,-0.625865789,-1.574298471,0,0,172,0,0,172,172,172,0,0,0.533900061,0.000753445,,,,,,,,,,,,
40.1,162,162,162,162,11.7344201,0.955624362,-0.067810059,0.01953125,1,1,1,4,0.035644531,0,0,0,0,,,,,0.832330704,0.626845062,1.573908806,0,-0.625865789,-1.574298471,0,0,158,0,0,158,158,158,0,0,0.472221915,0.000753445,,,,,,,,,,,,
40.11,190,190,190,190,11.61628042,0.955614251,-0.067810059,0.01953125,1,1,1,4,0.035644531,0,0,0,0,,,,,0.816476762,0.626845062,1.573908806,0,-0.625865789,-1.574298471,0,0,184,0,0,184,184,184,0,0,0.595539583,0.000753445,,,,,,,,,,,,
40.12,162,162,162,162,11.73430026,0.955600633,-0.067810059,0.01953125,1,1,1,4,0.035644531,0,0,0,0,,,,,0.816476762,0.626845062,1.573908806,0,-0.625865789,-1.574298471,0,0,158,0,0,158,158,158,0,0,0.472427915,0.000753445,,,,,,,,,,,,
40.13,177,177,177,177,11.67292355,0.955590522,-0.067810059,0.01953125,1,1,1,4,0.035644531,0,0,0,0,,,,,0.808549821,0.626845062,1.573908806,0,-0.625865789,-1.574298471,0,0,172,0,0,172,172,172,0,0,0.533964759,0.000753445,,,,,,,,,,,,
40.14,162,162,162,162,11.73424779,0.955578589,-0.067810059,0.01953125,1,1,1,4,0.035644531,0,0,0,0,,,,,0.808549821,0.626845062,1.573908806,0,-0.625865789,-1.574298471,0,0,158,0,0,158,158,158,0,0,0.472287086,0.000753445,,,,,,,,,,,,
40.15,181,181,181,181,11.6543753,0.955568478,-0.067810059,0.01953125,1,1,1,4,0.035644531,0,0,0,0,,,,,0.797980547,0.626845062,1.573908806,0,-0.625865789,-1.574298471,0,0,176,0,0,176,176,176,0,0,0.554417523,0.000753445,,,,,,,,,,,,
40.16,162,162,162,162,11.7341734,0.955555997,-0.067810059,0.01953125,1,1,1,4,0.035644531,0,0,0,0,,,,,0.797980547,0.626845062,1.573908806,0,-0.625865789,-1.574298471,0,0,158,0,0,158,158,158,0,0,0.472261836,0.000753445,,,,,,,,,,,,
40.17,162,162,162,162,11.73418356,0.955545886,-0.067810059,0.01953125,1,1,1,4,0.035644531,0,0,0,0,,,,,0.797980547,0.626845062,1.573908806,0,-0.625865789,-1.574298471,0,0,158,0,0,158,158,158,0,0,0.472017401,0.000753445,,,,,,,,,,,,
40.18,195,195,195,195,11.59627258,0.955535775,-0.067810059,0.019592285,1,1,1,4,0.035644531,0,0,0,0,,,,,0.779484272,0.626845062,1.573908806,0,-0.625865789,-1.574298471,0,0,188,0,0,188,188,188,0,0,0.61592884,0.000753445,,,,,,,,,,,,
40.19,162,162,162,162,11.73404038,0.95552157,-0.067810059,0.019592285,1,1,1,4,0.035644531,0,0,0,0,,,,,0.779484272,0.626845062,1.573908806,0,-0.625865789,-1.574298471,0,0,158,0,0,158,158,158,0,0,0.472339336,0.000753445,,,,,,,,,,,,
40.2,186,186,186,186,11.63524699,0.955511459,-0.067810059,0.019592285,1,1,1,4,0.035644531,0,0,0,0,,,,,0.766272724,0.626845062,1.573908806,0,-0.625865789,-1.574298471,0,0,180,0,0,180,180,180,0,0,0.575063668,0.000753445,,,,,,,,,,,,
40.21,162,162,162,162,11.7339437,0.955498416,-0.067810059,0.019592285,1,1,1,4,0.035644531,0,0,0,0,,,,,0.766272724,0.626845062,1.573908806,0,-0.625865789,-1.574298471,0,0,158,0,0,158,158,158,0,0,0.472431197,0.000753445,,,,,,,,,,,,
40.22,162,162,162,162,11.73395395,0.955488305,-0.067810059,0.019592285,1,1,1,4,0.035644531,0,0,0,0,,,,,0.766272724,0.626845062,1.573908806,0,-0.625865789,-1.574298471,0,0,158,0,0,158,158,158,0,0,0.4721876,0.000753445,,,,,,,,,,,,
40.23,190,190,190,190,11.61581441,0.955478194,-0.067810059,0.01965332,1,1,1,4,0.035644531,0,0,0,0,,,,,0.750418782,0.626845062,1.573908806,0,-0.625865789,-1.574298471,0,0,184,0,0,184,184,184,0,0,0.595506026,0.000753445,,,,,,,,,,,,
40.24,162,162,162,162,11.73383436,0.955464577,-0.067810059,0.01965332,1,1,1,4,0.035644531,0,0,0,0,,,,,0.750418782,0.626845062,1.573908806,0,-0.625865789,-1.574298471,0,0,158,0,0,158,158,158,0,0,0.472395115,0.000753445,,,,,,,,,,,,
40.25,186,186,186,186,11.63504104,0.955454466,-0.067810059,0.01965332,1,1,1,4,0.035644531,0,0,0,0,,,,,0.737207174,0.630473375,1.589028835,0,-0.629484696,-1.589420754,0.302445675,0,180,0,0,180,180,180,0,0,0.57512042,0.000753445,,,,,,,,,,,,
40.26,162,162,162,162,11.73373782,0.955441422,-0.067810059,0.01965332,1,1,1,4,0.035644531,0,0,0,0,,,,,0.737207174,0.630473375,1.589028835,0,-0.629484696,-1.589420754,0,0,158,0,0,158,158,158,0,0,0.472487995,0.000753445,,,,,,,,,,,,
40.27,181,181,181,181,11.6538655,0.955431311,-0.067810059,0.01965332,1,1,1,4,0.035644531,0,0,0,0,,,,,0.7266379,0.630473375,1.589028835,0,-0.629484696,-1.589420754,0,0,176,0,0,176,176,176,0,0,0.55461985,0.000753445,,,,,,,,,,,,
40.28,167,167,167,167,11.71233781,0.95541883,-0.067810059,0.01965332,1,1,1,4,0.035644531,0,0,0,0,,,,,0.723995566,0.630473375,1.589028835,0,-0.629484696,-1.589420754,0,0,163,0,0,163,163,163,0,0,0.493059433,0.000753445,,,,,,,,,,,,
40.29,162,162,162,162,11.73364883,0.955408086,-0.067810059,0.01965332,1,1,1,4,0.035644531,0,0,0,0,,,,,0.723995566,0.630473375,1.589028835,0,-0.629484696,-1.589420754,0,0,158,0,0,158,158,158,0,0,0.472338661,0.000753445,,,,,,,,,,,,
40.3,195,195,195,195,11.59573804,0.955397975,-0.067810059,0.01965332,1,1,1,4,0.035644531,0,0,0,0,,,,,0.705499351,0.630473375,1.589028835,0,-0.629484696,-1.589420754,0,0,188,0,0,188,188,188,0,0,0.616251384,0.000753445,,,,,,,,,,,,
40.31,162,162,162,162,11.73350602,0.95538377,-0.067810059,0.01965332,1,1,1,4,0.035644531,0,0,0,0,,,,,0.705499351,0.630473375,1.589028835,0,-0.629484696,-1.589420754,0,0,158,0,0,158,158,158,0,0,0.47266409,0.000753445,,,,,,,,,,,,
40.32,190,190,190,190,11.61536666,0.955373659,-0.067810059,0.01965332,1,1,1,4,0.035644531,0,0,0,0,,,,,0.68964541,0.630473375,1.589028835,0,-0.629484696,-1.589420754,0,0,184,0,0,184,184,184,0,0,0.595984487,0.000753445,,,,,,,,,,,,
40.33,162,162,162,162,11.73338681,0.955360042,-0.067810059,0.01965332,1,1,1,4,0.035644531,0,0,0,0,,,,,0.68964541,0.630473375,1.589028835,0,-0.629484696,-1.589420754,0,0,158,0,0,158,158,158,0,0,0.472875547,0.000753445,,,,,,,,,,,,
40.34,177,177,177,177,11.67201041,0.955349931,-0.067810059,0.01965332,1,1,1,4,0.035644531,0,0,0,0,,,,,0.681718469,0.630473375,1.589028835,0,-0.629484696,-1.589420754,0,0,172,0,0,172,172,172,0,0,0.53441512,0.000753445,,,,,,,,,,,,
40.35,171,171,171,171,11.69446991,0.955337998,-0.067810059,0.01965332,1,1,1,4,0.035644531,0,0,0,0,,,,,0.676433802,0.630473375,1.589028835,0,-0.629484696,-1.589420754,0,0,167,0,0,167,167,167,0,0,0.51392788,0.000753445,,,,,,,,,,,,
40.36,162,162,162,162,11.73329937,0.955326734,-0.067810059,0.01965332,1,1,1,4,0.035644531,0,0,0,0,,,,,0.676433802,0.630473375,1.589028835,0,-0.629484696,-1.589420754,0,0,158,0,0,158,158,158,0,0,0.472730594,0.000753445,,,,,,,,,,,,
40.37,181,181,181,181,11.6534272,0.955316623,-0.067810059,0.01965332,1,1,1,4,0.035644531,0,0,0,0,,,,,0.665864527,0.630473375,1.589028835,0,-0.629484696,-1.589420754,0,0,176,0,0,176,176,176,0,0,0.554863795,0.000753445,,,,,,,,,,,,
40.38,177,177,177,177,11.67183877,0.955304141,-0.067810059,0.01965332,1,1,1,4,0.035644531,0,0,0,0,,,,,0.657937586,0.630473375,1.589028835,0,-0.629484696,-1.589420754,0,0,172,0,0,172,172,172,0,0,0.534491964,0.000753445,,,,,,,,,,,,
40.39,162,162,162,162,11.73316337,0.955292208,-0.067810059,0.01965332,1,1,1,4,0.035644531,0,0,0,0,,,,,0.657937586,0.630473375,1.589028835,0,-0.629484696,-1.589420754,0,0,158,0,0,158,158,158,0,0,0.472817492,0.000753445,,,,,,,,,,,,
40.4,195,195,195,195,11.59525278,0.955282097,-0.067810059,0.019714355,1,1,1,4,0.035644531,0,0,0,0,,,,,0.639441371,0.630473375,1.589028835,0,-0.629484696,-1.589420754,0,0,188,0,0,188,188,188,0,0,0.616732222,0.000753445,,,,,,,,,,,,
40.41,162,162,162,162,11.73302096,0.955267893,-0.067810059,0.019714355,1,1,1,4,0.035644531,0,0,0,0,,,,,0.639441371,0.630473375,1.589028835,0,-0.629484696,-1.589420754,0,0,158,0,0,158,158,158,0,0,0.473146935,0.000753445,,,,,,,,,,,,
40.42,162,162,162,162,11.73303156,0.955257782,-0.067810059,0.019714355,1,1,1,4,0.035644531,0,0,0,0,,,,,0.639441371,0.630473375,1.589028835,0,-0.629484696,-1.589420754,0,0,158,0,0,158,158,158,0,0,0.472906693,0.000753445,,,,,,,,,,,,
40.43,190,190,190,190,11.61489236,0.955247671,-0.067810059,0.019714355,1,1,1,4,0.035644531,0,0,0,0,,,,,0.62358743,0.630473375,1.589028835,0,-0.629484696,-1.589420754,0,0,184,0,0,184,184,184,0,0,0.596228472,0.000753445,,,,,,,,,,,,
40.44,162,162,162,162,11.73291266,0.955234054,-0.067810059,0.019714355,1,1,1,4,0.035644531,0,0,0,0,,,,,0.62358743,0.630473375,1.589028835,0,-0.629484696,-1.589420754,0,0,158,0,0,158,158,158,0,0,0.473120915,0.000753445,,,,,,,,,,,,
40.45,195,195,195,195,11.59500217,0.955223942,-0.067810059,0.019775391,1,1,1,4,0.035644531,0,0,0,0,,,,,0.605091214,0.634303212,1.604892731,0,-0.633304663,-1.605287029,0.317325499,0,188,0,0,188,188,188,0,0,0.617036813,0.000753445,,,,,,,,,,,,
40.46,162,162,162,162,11.73277046,0.955209738,-0.067810059,0.019775391,1,1,1,4,0.035644531,0,0,0,0,,,,,0.605091214,0.634303212,1.604892731,0,-0.633304663,-1.605287029,0,0,158,0,0,158,158,158,0,0,0.473452695,0.000753445,,,,,,,,,,,,
40.47,186,186,186,186,11.63397756,0.955199627,-0.067810059,0.019775391,1,1,1,4,0.035644531,0,0,0,0,,,,,0.591879606,0.634303212,1.604892731,0,-0.633304663,-1.605287029,0,0,180,0,0,180,180,180,0,0,0.576182417,0.000753445,,,,,,,,,,,,
40.48,162,162,162,162,11.73267476,0.955186584,-0.067810059,0.019775391,1,1,1,4,0.035644531,0,0,0,0,,,,,0.591879606,0.634303212,1.604892731,0,-0.633304663,-1.605287029,0,0,158,0,0,158,158,158,0,0,0.473554408,0.000753445,,,,,,,,,,,,
40.49,186,186,186,186,11.6338819,0.955176473,-0.067810059,0.019775391,1,1,1,4,0.035644531,0,0,0,0,,,,,0.578667998,0.634303212,1.604892731,0,-0.633304663,-1.605287029,0,0,180,0,0,180,180,180,0,0,0.57628453,0.000753445,,,,,,,,,,,,
40.5,163,163,163,163,11.7283671,0.95516343,-0.067810059,0.019775391,1,1,1,4,0.035644531,0,0,0,0,,,,,0.578667998,0.634303212,1.604892731,0,-0.633304663,-1.605287029,0,0,159,0,0,159,159,159,0,0,0.473656923,0.000753445,,,,,,,,,,,,
40.51,190,190,190,190,11.61443517,0.955153194,-0.067810059,0.019775391,1,1,1,4,0.035644531,0,0,0,0,,,,,0.562814057,0.634303212,1.604892731,0,-0.633304663,-1.605287029,0,0,184,0,0,184,184,184,0,0,0.596981299,0.000753445,,,,,,,,,,,,
40.52,163,163,163,163,11.72824365,0.955139576,-0.067810059,0.019775391,1,1,1,4,0.035644531,0,0,0,0,,,,,0.562814057,0.634303212,1.604892731,0,-0.633304663,-1.605287029,0,0,159,0,0,159,159,159,0,0,0.473876338,0.000753445,,,,,,,,,,,,
40.53,196,196,196,196,11.58953116,0.95512934,-0.067810059,0.019775391,1,1,1,4,0.035644531,0,0,0,0,,,,,0.544317842,0.634303212,1.604892731,0,-0.633304663,-1.605287029,0,0,189,0,0,189,189,189,0,0,0.617794833,0.000753445,,,,,,,,,,,,
40.54,163,163,163,163,11.72809097,0.955114988,-0.067810059,0.019775391,1,1,1,4,0.035644531,0,0,0,0,,,,,0.544317842,0.634303212,1.604892731,0,-0.633304663,-1.605287029,0,0,159,0,0,159,159,159,0,0,0.474213312,0.000753445,,,,,,,,,,,,
40.55,186,186,186,186,11.63350535,0.955104751,-0.067810059,0.019775391,1,1,1,4,0.035644531,0,0,0,0,,,,,0.531106234,0.634303212,1.604892731,0,-0.633304663,-1.605287029,0,0,180,0,0,180,180,180,0,0,0.57694563,0.000753445,,,,,,,,,,,,
40.56,163,163,163,163,11.72799075,0.955091708,-0.067810059,0.019775391,1,1,1,4,0.035644531,0,0,0,0,,,,,0.531106234,0.634303212,1.604892731,0,-0.633304663,-1.605287029,0,0,159,0,0,159,159,159,0,0,0.474320218,0.000753445,,,,,,,,,,,,
40.57,163,163,163,163,11.72799673,0.955081472,-0.067810059,0.019775391,1,1,1,4,0.035644531,0,0,0,0,,,,,0.531106234,0.634303212,1.604892731,0,-0.633304663,-1.605287029,0,0,159,0,0,159,159,159,0,0,0.474084142,0.000753445,,,,,,,,,,,,
40.58,181,181,181,181,11.6523321,0.955071236,-0.067810059,0.019775391,1,1,1,4,0.035644531,0,0,0,0,,,,,0.520536959,0.634303212,1.604892731,0,-0.633304663,-1.605287029,0,0,176,0,0,176,176,176,0,0,0.556222384,0.000753445,,,,,,,,,,,,
40.59,186,186,186,186,11.63332739,0.955058754,-0.067810059,0.019775391,1,1,1,4,0.035644531,0,0,0,0,,,,,0.507325351,0.634303212,1.604892731,0,-0.633304663,-1.605287029,0,0,180,0,0,180,180,180,0,0,0.577043298,0.000753445,,,,,,,,,,,,
40.6,163,163,163,163,11.72781286,0.955045711,-0.067810059,0.019775391,1,1,1,4,0.035644531,0,0,0,0,,,,,0.507325351,0.634303212,1.604892731,0,-0.633304663,-1.605287029,0,0,159,0,0,159,159,159,0,0,0.474418358,0.000753445,,,,,,,,,,,,
40.61,205,205,205,205,11.5480697,0.955035475,-0.067810059,0.019836426,1,0,1,4,0.035644531,0,0,0,0,,,,,0.483544499,0.634303212,1.604892731,0,-0.633304663,-1.605287029,0,0,197,0,0,197,197,197,0,0,0.659526261,0.000753445,,,,,,,,,,,,
40.62,163,163,163,163,11.72761196,0.955019905,-0.067810059,0.019836426,1,0,1,4,0.035644531,0,0,0,0,,,,,0.483544499,0.634303212,1.604892731,0,-0.633304663,-1.605287029,0,0,159,0,0,159,159,159,0,0,0.474991398,0.000753445,,,,,,,,,,,,
40.63,187,187,187,187,11.6282299,0.955009669,-0.067810059,0.019836426,1,0,1,4,0.035644531,0,0,0,0,,,,,0.470332891,0.634303212,1.604892731,0,-0.633304663,-1.605287029,0,0,181,0,0,181,181,181,0,0,0.577726313,0.000753445,,,,,,,,,,,,
40.64,163,163,163,163,11.72750654,0.954996483,-0.067810059,0.019836426,1,0,1,4,0.035644531,0,0,0,0,,,,,0.470332891,0.634303212,1.604892731,0,-0.633304663,-1.605287029,0,0,159,0,0,159,159,159,0,0,0.475103497,0.000753445,,,,,,,,,,,,
40.65,191,191,191,191,11.60867207,0.954986247,-0.067810059,0.019836426,1,0,1,4,0.035644531,0,0,0,0,,,,,0.454478979,0.637969375,1.619988322,0,-0.636961433,-1.620384899,0.301957388,0,185,0,0,185,185,185,0,0,0.598432433,0.000753445,,,,,,,,,,,,
40.66,163,163,163,163,11.72737816,0.954972484,-0.067810059,0.019836426,1,0,1,4,0.035644531,0,0,0,0,,,,,0.454478979,0.637969375,1.619988322,0,-0.636961433,-1.620384899,0,0,159,0,0,159,159,159,0,0,0.475332495,0.000753445,,,,,,,,,,,,
40.67,187,187,187,187,11.62799622,0.954962248,-0.067810059,0.019897461,1,0,1,4,0.035644531,0,0,0,0,,,,,0.441267371,0.637969375,1.619988322,0,-0.636961433,-1.620384899,0,0,181,0,0,181,181,181,0,0,0.578068543,0.000753445,,,,,,,,,,,,
40.68,163,163,163,163,11.72727297,0.954949062,-0.067810059,0.019897461,1,0,1,4,0.035644531,0,0,0,0,,,,,0.441267371,0.637969375,1.619988322,0,-0.636961433,-1.620384899,0,0,159,0,0,159,159,159,0,0,0.47544686,0.000753445,,,,,,,,,,,,
40.69,181,181,181,181,11.65160873,0.954938826,-0.067810059,0.019897461,1,0,1,4,0.035644531,0,0,0,0,,,,,0.430698097,0.637969375,1.619988322,0,-0.636961433,-1.620384899,0,0,176,0,0,176,176,176,0,0,0.557589458,0.000753445,,,,,,,,,,,,
40.7,163,163,163,163,11.72719598,0.954926345,-0.067810059,0.019897461,1,0,1,4,0.035644531,0,0,0,0,,,,,0.430698097,0.637969375,1.619988322,0,-0.636961433,-1.620384899,0,0,159,0,0,159,159,159,0,0,0.475445931,0.000753445,,,,,,,,,,,,
40.71,187,187,187,187,11.6278141,0.954916109,-0.067810059,0.019897461,1,0,1,4,0.035644531,0,0,0,0,,,,,0.417486489,0.637969375,1.619988322,0,-0.636961433,-1.620384899,0,0,181,0,0,181,181,181,0,0,0.578182451,0.000753445,,,,,,,,,,,,
40.72,163,163,163,163,11.72709092,0.954902923,-0.067810059,0.019897461,1,0,1,4,0.035644531,0,0,0,0,,,,,0.417486489,0.637969375,1.619988322,0,-0.636961433,-1.620384899,0,0,159,0,0,159,159,159,0,0,0.475561242,0.000753445,,,,,,,,,,,,
40.73,187,187,187,187,11.62770909,0.954892687,-0.067810059,0.019897461,1,0,1,4,0.035644531,0,0,0,0,,,,,0.404274911,0.637969375,1.619988322,0,-0.636961433,-1.620384899,0,0,181,0,0,181,181,181,0,0,0.578297931,0.000753445,,,,,,,,,,,,
40.74,163,163,163,163,11.72698596,0.954879501,-0.067810059,0.019897461,1,0,1,4,0.035644531,0,0,0,0,,,,,0.404274911,0.637969375,1.619988322,0,-0.636961433,-1.620384899,0,0,159,0,0,159,159,159,0,0,0.475677354,0.000753445,,,,,,,,,,,,
40.75,191,191,191,191,11.60815172,0.954869265,-0.067810059,0.019897461,1,0,1,4,0.035644531,0,0,0,0,,,,,0.388420999,0.637969375,1.619988322,0,-0.636961433,-1.620384899,0,0,185,0,0,185,185,185,0,0,0.599008297,0.000753445,,,,,,,,,,,,
40.76,163,163,163,163,11.72685804,0.954855502,-0.067810059,0.019897461,1,0,1,4,0.035644531,0,0,0,0,,,,,0.388420999,0.637969375,1.619988322,0,-0.636961433,-1.620384899,0,0,159,0,0,159,159,159,0,0,0.475910366,0.000753445,,,,,,,,,,,,
40.77,187,187,187,187,11.62747633,0.954845266,-0.067810059,0.019897461,1,0,1,4,0.035644531,0,0,0,0,,,,,0.375209391,0.637969375,1.619988322,0,-0.636961433,-1.620384899,0,0,181,0,0,181,181,181,0,0,0.578648421,0.000753445,,,,,,,,,,,,
40.78,163,163,163,163,11.7267533,0.954832081,-0.067810059,0.019897461,1,0,1,4,0.035644531,0,0,0,0,,,,,0.375209391,0.637969375,1.619988322,0,-0.636961433,-1.620384899,0,0,159,0,0,159,159,159,0,0,0.476028746,0.000753445,,,,,,,,,,,,
40.79,177,177,177,177,11.66958506,0.954821845,-0.067810059,0.019897461,1,0,1,4,0.035644531,0,0,0,0,,,,,0.36728242,0.637969375,1.619988322,0,-0.636961433,-1.620384899,0,0,172,0,0,172,172,172,0,0,0.537579731,0.000753445,,,,,,,,,,,,
40.8,163,163,163,163,11.72669867,0.954809912,-0.067810059,0.019897461,1,0,1,4,0.035644531,0,0,0,0,,,,,0.36728242,0.637969375,1.619988322,0,-0.636961433,-1.620384899,0,0,159,0,0,159,159,159,0,0,0.475915735,0.000753445,,,,,,,,,,,,
40.81,182,182,182,182,11.64634427,0.954799676,-0.067810059,0.019897461,1,0,1,4,0.035644531,0,0,0,0,,,,,0.356713146,0.637969375,1.619988322,0,-0.636961433,-1.620384899,0,0,177,0,0,177,177,177,0,0,0.55806008,0.000753445,,,,,,,,,,,,
40.82,182,182,182,182,11.6462556,0.954787055,-0.067810059,0.019958496,1,0,1,4,0.035644531,0,0,0,0,,,,,0.346143872,0.637969375,1.619988322,0,-0.636961433,-1.620384899,0,0,177,0,0,177,177,177,0,0,0.558293245,0.000753445,,,,,,,,,,,,
40.83,168,168,168,168,11.70506913,0.954774434,-0.067810059,0.019958496,1,0,1,4,0.035644531,0,0,0,0,,,,,0.343501568,0.637969375,1.619988322,0,-0.636961433,-1.620384899,0,0,164,0,0,164,164,164,0,0,0.496745782,0.000753445,,,,,,,,,,,,
40.84,172,172,172,172,11.68740496,0.954763561,-0.067810059,0.019958496,1,0,1,4,0.035644531,0,0,0,0,,,,,0.338216901,0.641851425,1.63586843,0,-0.640833604,-1.636267419,0.317650398,0,168,0,0,168,168,168,0,0,0.517226132,0.000753445,,,,,,,,,,,,
40.85,163,163,163,163,11.7264695,0.954752165,-0.067810059,0.019958496,1,0,1,4,0.035644531,0,0,0,0,,,,,0.338216901,0.641851425,1.63586843,0,-0.640833604,-1.636267419,0,0,159,0,0,159,159,159,0,0,0.476040498,0.000753445,,,,,,,,,,,,
40.86,187,187,187,187,11.62708792,0.954741929,-0.067810059,0.019958496,1,0,1,4,0.035644531,0,0,0,0,,,,,0.325005323,0.641851425,1.63586843,0,-0.640833604,-1.636267419,0,0,181,0,0,181,181,181,0,0,0.578778971,0.000753445,,,,,,,,,,,,
40.87,163,163,163,163,11.72636502,0.954728743,-0.067810059,0.019958496,1,0,1,4,0.035644531,0,0,0,0,,,,,0.325005323,0.641851425,1.63586843,0,-0.640833604,-1.636267419,0,0,159,0,0,159,159,159,0,0,0.476160178,0.000753445,,,,,,,,,,,,
40.88,182,182,182,182,11.64601075,0.954718507,-0.067810059,0.020019531,1,0,1,4,0.035644531,0,0,0,0,,,,,0.314436048,0.641851425,1.63586843,0,-0.640833604,-1.636267419,0,0,177,0,0,177,177,177,0,0,0.558305433,0.000753445,,,,,,,,,,,,
40.89,163,163,163,163,11.72628318,0.954705886,-0.067810059,0.020019531,1,0,1,4,0.035644531,0,0,0,0,,,,,0.314436048,0.641851425,1.63586843,0,-0.640833604,-1.636267419,0,0,159,0,0,159,159,159,0,0,0.476164564,0.000753445,,,,,,,,,,,,
40.9,196,196,196,196,11.58757157,0.95469565,-0.067810059,0.020019531,1,0,1,4,0.035644531,0,0,0,0,,,,,0.295939803,0.641851425,1.63586843,0,-0.640833604,-1.636267419,0,0,189,0,0,189,189,189,0,0,0.620091214,0.000753445,,,,,,,,,,,,
40.91,163,163,163,163,11.72613225,0.954681297,-0.067810059,0.020019531,1,0,1,4,0.035644531,0,0,0,0,,,,,0.295939803,0.641851425,1.63586843,0,-0.640833604,-1.636267419,0,0,159,0,0,159,159,159,0,0,0.476517384,0.000753445,,,,,,,,,,,,
40.92,163,163,163,163,11.72613907,0.954671061,-0.067810059,0.020019531,1,0,1,4,0.035644531,0,0,0,0,,,,,0.295939803,0.641851425,1.63586843,0,-0.640833604,-1.636267419,0,0,159,0,0,159,159,159,0,0,0.476288829,0.000753445,,,,,,,,,,,,
40.93,182,182,182,182,11.64578488,0.954660825,-0.067810059,0.020019531,1,0,1,4,0.035644531,0,0,0,0,,,,,0.285370529,0.641851425,1.63586843,0,-0.640833604,-1.636267419,0,0,177,0,0,177,177,177,0,0,0.558434592,0.000753445,,,,,,,,,,,,
40.94,163,163,163,163,11.72605739,0.954648204,-0.067810059,0.020019531,1,0,1,4,0.035644531,0,0,0,0,,,,,0.285370529,0.641851425,1.63586843,0,-0.640833604,-1.636267419,0,0,159,0,0,159,159,159,0,0,0.476294231,0.000753445,,,,,,,,,,,,
40.95,196,196,196,196,11.58734586,0.954637968,-0.067810059,0.020019531,1,0,1,4,0.035644531,0,0,0,0,,,,,0.266874284,0.641851425,1.63586843,0,-0.640833604,-1.636267419,0,0,189,0,0,189,189,189,0,0,0.620221389,0.000753445,,,,,,,,,,,,
40.96,163,163,163,163,11.72590662,0.954623615,-0.067810059,0.020019531,1,0,1,4,0.035644531,0,0,0,0,,,,,0.266874284,0.641851425,1.63586843,0,-0.640833604,-1.636267419,0,0,159,0,0,159,159,159,0,0,0.476648067,0.000753445,,,,,,,,,,,,
40.97,163,163,163,163,11.72591352,0.954613379,-0.067810059,0.020019531,1,0,1,4,0.035644531,0,0,0,0,,,,,0.266874284,0.641851425,1.63586843,0,-0.640833604,-1.636267419,0,0,159,0,0,159,159,159,0,0,0.476420021,0.000753445,,,,,,,,,,,,
40.98,196,196,196,196,11.58720204,0.954603143,-0.067810059,0.020019531,1,0,1,4,0.035644531,0,0,0,0,,,,,0.248378053,0.641851425,1.63586843,0,-0.640833604,-1.636267419,0,0,189,0,0,189,189,189,0,0,0.620347499,0.000753445,,,,,,,,,,,,
40.99,163,163,163,163,11.72576286,0.95458879,-0.067810059,0.020019531,1,0,1,4,0.035644531,0,0,0,0,,,,,0.248378053,0.641851425,1.63586843,0,-0.640833604,-1.636267419,0,0,159,0,0,159,159,159,0,0,0.47677473,0.000753445,,,,,,,,,,,,
41,177,177,177,177,11.66859501,0.954578554,-0.067810059,0.020019531,1,0,1,4,0.035644531,0,0,0,0,,,,,0.240451083,0.641851425,1.63586843,0,-0.640833604,-1.636267419,0,0,172,0,0,172,172,172,0,0,0.538328444,0.000753445,,,,,,,,,,,,
41.01,163,163,163,163,11.725709,0.954566622,-0.067810059,0.020019531,1,0,1,4,0.035644531,0,0,0,0,,,,,0.240451083,0.641851425,1.63586843,0,-0.640833604,-1.636267419,0,0,159,0,0,159,159,159,0,0,0.476667177,0.000753445,,,,,,,,,,,,
41.02,191,191,191,191,11.60687526,0.954556386,-0.067810059,0.020019531,1,0,1,4,0.035644531,0,0,0,0,,,,,0.224597171,0.641851425,1.63586843,0,-0.640833604,-1.636267419,0,0,185,0,0,185,185,185,0,0,0.600001723,0.000753445,,,,,,,,,,,,
41.03,163,163,163,163,11.72558207,0.954542623,-0.067810059,0.020019531,1,0,1,4,0.035644531,0,0,0,0,,,,,0.224597171,0.641851425,1.63586843,0,-0.640833604,-1.636267419,0,0,159,0,0,159,159,159,0,0,0.476907395,0.000753445,,,,,,,,,,,,
41.04,196,196,196,196,11.58687075,0.954532387,-0.067810059,0.020080566,1,0,1,4,0.035644531,0,0,0,0,,,,,0.206100926,0.645761073,1.651761532,0,-0.644733363,-1.652162949,0.317910617,0,189,0,0,189,189,189,0,0,0.620836525,0.000753445,,,,,,,,,,,,
41.05,163,163,163,163,11.72543172,0.954518034,-0.067810059,0.020080566,1,0,1,4,0.035644531,0,0,0,0,,,,,0.206100926,0.645761073,1.651761532,0,-0.644733363,-1.652162949,0,0,159,0,0,159,159,159,0,0,0.477265175,0.000753445,,,,,,,,,,,,
41.06,178,178,178,178,11.66367994,0.954507798,-0.067810059,0.020080566,1,0,1,4,0.035644531,0,0,0,0,,,,,0.19817397,0.645761073,1.651761532,0,-0.644733363,-1.652162949,0,0,173,0,0,173,173,173,0,0,0.538820307,0.000753445,,,,,,,,,,,,
41.07,163,163,163,163,11.72537273,0.954495729,-0.067810059,0.020080566,1,0,1,4,0.035644531,0,0,0,0,,,,,0.19817397,0.645761073,1.651761532,0,-0.644733363,-1.652162949,0,0,159,0,0,159,159,159,0,0,0.47716069,0.000753445,,,,,,,,,,,,
41.08,191,191,191,191,11.60653915,0.954485493,-0.067810059,0.020080566,1,0,1,4,0.035644531,0,0,0,0,,,,,0.182320058,0.645761073,1.651761532,0,-0.644733363,-1.652162949,0,0,185,0,0,185,185,185,0,0,0.600496771,0.000753445,,,,,,,,,,,,
41.09,163,163,163,163,11.72524612,0.95447173,-0.067810059,0.020080566,1,0,1,4,0.035644531,0,0,0,0,,,,,0.182320058,0.645761073,1.651761532,0,-0.644733363,-1.652162949,0,0,159,0,0,159,159,159,0,0,0.477403978,0.000753445,,,,,,,,,,,,
41.1,187,187,187,187,11.62586506,0.954461494,-0.067810059,0.020141602,1,0,1,4,0.035644531,0,0,0,0,,,,,0.16910845,0.645761073,1.651761532,0,-0.644733363,-1.652162949,0,0,181,0,0,181,181,181,0,0,0.580147171,0.000753445,,,,,,,,,,,,
41.11,163,163,163,163,11.72514269,0.954448308,-0.067810059,0.020141602,1,0,1,4,0.035644531,0,0,0,0,,,,,0.16910845,0.645761073,1.651761532,0,-0.644733363,-1.652162949,0,0,159,0,0,159,159,159,0,0,0.477532633,0.000753445,,,,,,,,,,,,
41.12,187,187,187,187,11.62576168,0.954438072,-0.067810059,0.020141602,1,0,1,4,0.035644531,0,0,0,0,,,,,0.155896857,0.645761073,1.651761532,0,-0.644733363,-1.652162949,0,0,181,0,0,181,181,181,0,0,0.580276111,0.000753445,,,,,,,,,,,,
41.13,163,163,163,163,11.72503935,0.954424887,-0.067810059,0.020141602,1,0,1,4,0.035644531,0,0,0,0,,,,,0.155896857,0.645761073,1.651761532,0,-0.644733363,-1.652162949,0,0,159,0,0,159,159,159,0,0,0.47766209,0.000753445,,,,,,,,,,,,
41.14,182,182,182,182,11.64468565,0.954414651,-0.067810059,0.020141602,1,0,1,4,0.035644531,0,0,0,0,,,,,0.145327583,0.645761073,1.651761532,0,-0.644733363,-1.652162949,0,0,177,0,0,177,177,177,0,0,0.559812234,0.000753445,,,,,,,,,,,,
41.15,163,163,163,163,11.72495864,0.95440203,-0.067810059,0.020141602,1,0,1,4,0.035644531,0,0,0,0,,,,,0.145327583,0.645761073,1.651761532,0,-0.644733363,-1.652162949,0,0,159,0,0,159,159,159,0,0,0.477676254,0.000753445,,,,,,,,,,,,
41.16,187,187,187,187,11.62557769,0.954391794,-0.067810059,0.020141602,1,0,1,4,0.035644531,0,0,0,0,,,,,0.132115975,0.645761073,1.651761532,0,-0.644733363,-1.652162949,0,0,181,0,0,181,181,181,0,0,0.58042032,0.000753445,,,,,,,,,,,,
41.17,182,182,182,182,11.64449447,0.954378608,-0.067810059,0.020141602,1,0,1,4,0.035644531,0,0,0,0,,,,,0.121546701,0.645761073,1.651761532,0,-0.644733363,-1.652162949,0,0,177,0,0,177,177,177,0,0,0.5601816,0.000753445,,,,,,,,,,,,
41.18,187,187,187,187,11.62537933,0.954365987,-0.067810059,0.020141602,1,0,1,4,0.035644531,0,0,0,0,,,,,0.108335108,0.645761073,1.651761532,0,-0.644733363,-1.652162949,0,0,181,0,0,181,181,181,0,0,0.581015396,0.000753445,,,,,,,,,,,,
41.19,164,164,164,164,11.72041859,0.954352802,-0.067810059,0.020141602,1,0,1,4,0.035644531,0,0,0,0,,,,,0.108335108,0.645761073,1.651761532,0,-0.644733363,-1.652162949,0,0,160,0,0,160,160,160,0,0,0.478403571,0.000753445,,,,,,,,,,,,
41.2,173,173,173,173,11.68555542,0.95434244,-0.067810059,0.020141602,1,0,1,4,0.035644531,0,0,0,0,,,,,0.103050463,0.645761073,1.651761532,0,-0.644733363,-1.652162949,0,0,168,0,0,168,168,168,0,0,0.519368496,0.000753445,,,,,,,,,,,,
41.21,173,173,173,173,11.68551654,0.954331043,-0.067810059,0.020141602,1,0,1,4,0.035644531,0,0,0,0,,,,,0.097765826,0.645761073,1.651761532,0,-0.644733363,-1.652162949,0,0,168,0,0,168,168,168,0,0,0.519377403,0.000753445,,,,,,,,,,,,
41.22,164,164,164,164,11.72034326,0.954319647,-0.067810059,0.020141602,1,0,1,4,0.035644531,0,0,0,0,,,,,0.097765826,0.645761073,1.651761532,0,-0.644733363,-1.652162949,0,0,160,0,0,160,160,160,0,0,0.478198931,0.000753445,,,,,,,,,,,,
41.23,187,187,187,187,11.62519608,0.954309285,-0.067810059,0.020141602,1,0,1,4,0.035644531,0,0,0,0,,,,,0.084554225,0.649504244,1.666887045,0,-0.648467124,-1.667290788,0.302556777,0,181,0,0,181,181,181,0,0,0.58094451,0.000753445,,,,,,,,,,,,
41.24,182,182,182,182,11.64411303,0.954296099,-0.067810059,0.020141602,1,0,1,4,0.035644531,0,0,0,0,,,,,0.073984951,0.649504244,1.666887045,0,-0.648467124,-1.667290788,0,0,177,0,0,177,177,177,0,0,0.560707417,0.000753445,,,,,,,,,,,,
41.25,168,168,168,168,11.70292747,0.954283478,-0.067810059,0.020141602,1,0,1,4,0.035644531,0,0,0,0,,,,,0.071342632,0.649504244,1.666887045,0,-0.648467124,-1.667290788,0,0,164,0,0,164,164,164,0,0,0.499167841,0.000753445,,,,,,,,,,,,
41.26,164,164,164,164,11.72012982,0.954272605,-0.067810059,0.020141602,1,0,1,4,0.035644531,0,0,0,0,,,,,0.071342632,0.649504244,1.666887045,0,-0.648467124,-1.667290788,0,0,160,0,0,160,160,160,0,0,0.478468141,0.000753445,,,,,,,,,,,,
41.27,191,191,191,191,11.60553028,0.954262244,-0.067810059,0.020202637,1,0,1,4,0.035644531,0,0,0,0,,,,,0.055488713,0.649504244,1.666887045,0,-0.648467124,-1.667290788,0,0,185,0,0,185,185,185,0,0,0.601808259,0.000753445,,,,,,,,,,,,
41.28,164,164,164,164,11.71999909,0.954248481,-0.067810059,0.020202637,1,0,1,4,0.035644531,0,0,0,0,,,,,0.055488713,0.649504244,1.666887045,0,-0.648467124,-1.667290788,0,0,160,0,0,160,160,160,0,0,0.478719387,0.000753445,,,,,,,,,,,,
41.29,0,0,0,0,12.06015394,0.954238119,-0.067810059,0.020202637,1,0,1,5,0.035644531,0,0,0,0,,,,,0.047561754,0.649504244,1.666887045,0,-0.648467124,-1.667290788,0,0,0,0,0,0,0,0,0,0,0,0.000753445,,,,,,,,,,,,
41.3,0,0,0,0,12.06055951,0.954237852,-0.067810059,0.020202637,1,0,1,5,0.035644531,0,0,0,0,,,,,0.047561754,0.649504244,1.666887045,0,-0.648467124,-1.667290788,0,0,0,0,0,0,0,0,0,0,0,0.000753445,,,,,,,,,,,,
41.31,0,0,0,0,12.06096468,0.954237585,-0.067810059,0.020202637,1,0,1,5,0.035644531,0,0,0,0,,,,,0.031707834,0.649504244,1.666887045,0,-0.648467124,-1.667290788,0,0,0,0,0,0,0,0,0,0,0,0.000753445,,,,,,,,,,,,
41.32,0,0,0,0,12.06136943,0.954237318,-0.067810059,0.020202637,1,0,1,5,0.035644531,0,0,0,0,,,,,0.031707834,0.649504244,1.666887045,0,-0.648467124,-1.667290788,0,0,0,0,0,0,0,0,0,0,0,0.000753445,,,,,,,,,,,,
41.33,0,0,0,0,12.06177379,0.954237051,-0.067810059,0.020263672,1,0,1,5,0.035644531,0,0,0,0,,,,,0.023780877,0.649504244,1.666887045,0,-0.648467124,-1.667290788,0,0,0,0,0,0,0,0,0,0,0,0.000753445,,,,,,,,,,,,
41.34,0,0,0,0,12.06217774,0.954236783,-0.067810059,0.020263672,1,0,1,5,0.035644531,0,0,0,0,,,,,0.013211599,0.649504244,1.666887045,0,-0.648467124,-1.667290788,0,0,0,0,0,0,0,0,0,0,0,0.000753445,,,,,,,,,,,,
41.35,0,0,0,0,12.06258128,0.954236516,-0.067810059,0.020263672,1,0,1,5,0.035644531,0,0,0,0,,,,,0.010569278,0.649504244,1.666887045,0,-0.648467124,-1.667290788,0,0,0,0,0,0,0,0,0,0,0,0.000753445,,,,,,,,,,,,
41.36,0,0,0,0,12.06298442,0.954236249,-0.067810059,0.020263672,1,0,1,5,0.035644531,0,0,0,0,,,,,0.010569278,0.649504244,1.666887045,0,-0.648467124,-1.667290788,0,0,0,0,0,0,0,0,0,0,0,0.000753445,,,,,,,,,,,,
41.37,0,0,0,0,12.06338716,0.954235982,-0.067810059,0.020263672,1,0,1,5,0.035644531,0,0,0,0,,,,,-0.005284639,0.649504244,1.666887045,0,-0.648467124,-1.667290788,0,0,0,0,0,0,0,0,0,0,0,0.000753445,,,,,,,,,,,,
41.38,0,0,0,0,12.06378949,0.954235715,-0.067810059,0.020263672,1,0,1,5,0.035644531,0,0,0,0,,,,,-0.005284639,0.649504244,1.666887045,0,-0.648467124,-1.667290788,0,0,0,0,0,0,0,0,0,0,0,0.000753445,,,,,,,,,,,,
41.39,0,0,0,0,12.06419142,0.954235448,-0.032394409,-0.006256104,1,0,1,5,0.03515625,0,0,0,0,,,,,-0.005284639,0.649504244,1.666887045,0,-0.648481333,-1.667285262,-0.000110527,0,0,0,0,0,0,0,0,0,0,0.000359938,,,,,,,,,,,,
41.4,0,0,0,0,12.06459295,0.954235181,-0.032394409,-0.006256104,1,0,1,5,0.03515625,0,0,0,0,,,,,-0.005284639,0.649504244,1.666887045,0,-0.648481333,-1.667285262,0,0,0,0,0,0,0,0,0,0,0,0.000359938,,,,,,,,,,,,
41.41,0,0,0,0,12.06499408,0.954234914,0.010009766,0.002059937,1,0,1,5,0.034912109,0,0,0,0,,,,,-0.005284639,0.649504244,1.666887045,0,-0.648488437,-1.667282499,-5.52646E-05,0,0,0,0,0,0,0,0,0,0,-0.00011122,,,,,,,,,,,,
41.42,0,0,0,0,12.0653948,0.954234647,0.010009766,0.002059937,1,0,1,5,0.034912109,0,0,0,0,,,,,-0.005284639,0.649504244,1.666887045,0,-0.648488437,-1.667282499,0,0,0,0,0,0,0,0,0,0,0,-0.00011122,,,,,,,,,,,,
41.43,0,0,0,0,12.06579513,0.95423438,0.000930786,0.000961304,1,0,1,5,0.035644531,0,0,0,0,,,,,-0.005284639,0.651952028,1.676733494,0,-0.650908782,-1.677138758,0.197125188,0,0,0,0,0,0,0,0,0,0,-1.03421E-05,,,,,,,,,,,,
41.44,0,0,0,0,12.06619505,0.954234113,-0.000946045,-0.000228882,1,0,1,5,0.035644531,0,0,0,0,,,,,-0.005284639,0.651952028,1.676733494,0,-0.650908782,-1.677138758,0,0,0,0,0,0,0,0,0,0,0,1.05116E-05,,,,,,,,,,,,
41.45,0,0,0,0,12.06659457,0.954233845,-0.000686646,-0.000442505,1,0,1,5,0.035644531,0,0,0,0,,,,,-0.005284639,0.651952028,1.676733494,0,-0.650908782,-1.677138758,0,0,0,0,0,0,0,0,0,0,0,7.62939E-06,,,,,,,,,,,,
41.46,0,0,0,0,12.06699369,0.954233578,-0.00012207,-0.000198364,1,0,1,5,0.035644531,0,0,0,0,,,,,-0.005284639,0.651952028,1.676733494,0,-0.650908782,-1.677138758,0,0,0,0,0,0,0,0,0,0,0,1.35634E-06,,,,,,,,,,,,
41.47,0,0,0,0,12.06739242,0.954233311,9.15527E-05,0,1,0,1,5,0.035644531,0,0,0,0,,,,,-0.005284639,0.651952028,1.676733494,0,-0.650908782,-1.677138758,0,0,0,0,0,0,0,0,0,0,0,-1.01725E-06,,,,,,,,,,,,
41.48,0,0,0,0,12.06779074,0.954233044,9.15527E-05,4.57764E-05,1,0,1,5,0.035644531,0,0,0,0,,,,,-0.005284639,0.651952028,1.676733494,0,-0.650908782,-1.677138758,0,0,0,0,0,0,0,0,0,0,0,-1.01725E-06,,,,,,,,,,,,
41.49,0,0,0,0,12.06818866,0.954232777,4.57764E-05,3.05176E-05,1,0,1,5,0.035644531,0,0,0,0,,,,,-0.005284639,0.651952028,1.676733494,0,-0.650908782,-1.677138758,0,0,0,0,0,0,0,0,0,0,0,-5.08626E-07,,,,,,,,,,,,
41.5,0,0,0,0,12.06858619,0.95423251,4.57764E-05,3.05176E-05,1,0,1,5,0.035644531,0,0,0,0,,,,,-0.005284639,0.651952028,1.676733494,0,-0.650908782,-1.677138758,0,0,0,0,0,0,0,0,0,0,0,-5.08626E-07,,,,,,,,,,,,
41.51,0,0,0,0,12.06898332,0.954232243,3.05176E-05,0,1,0,1,5,0.035644531,0,0,0,0,,,,,-0.005284639,0.651952028,1.676733494,0,-0.650908782,-1.677138758,0,0,0,0,0,0,0,0,0,0,0,-3.39084E-07,,,,,,,,,,,,
41.52,0,0,0,0,12.06938005,0.954231976,3.05176E-05,0,1,0,1,5,0.035644531,0,0,0,0,,,,,-0.005284639,0.651952028,1.676733494,0,-0.650908782,-1.677138758,0,0,0,0,0,0,0,0,0,0,0,-3.39084E-07,,,,,,,,,,,,
41.53,0,0,0,0,12.06977638,0.954231709,4.57764E-05,0,1,0,1,5,0.035644531,0,0,0,0,,,,,-0.005284639,0.651952028,1.676733494,0,-0.650908782,-1.677138758,0,0,0,0,0,0,0,0,0,0,0,-5.08626E-07,,,,,,,,,,,,
41.54,0,0,0,0,12.07017232,0.954231442,4.57764E-05,0,1,0,1,5,0.035644531,0,0,0,0,,,,,-0.005284639,0.651952028,1.676733494,0,-0.650908782,-1.677138758,0,0,0,0,0,0,0,0,0,0,0,-5.08626E-07,,,,,,,,,,,,
41.55,0,0,0,0,12.07056786,0.954231174,4.57764E-05,0,1,0,1,5,0.035644531,0,0,0,0,,,,,-0.005284639,0.651952028,1.676733494,0,-0.650908782,-1.677138758,0,0,0,0,0,0,0,0,0,0,0,-5.08626E-07,,,,,,,,,,,,
41.56,0,0,0,0,12.070963,0.954230907,3.05176E-05,0,1,0,1,5,0.035644531,0,0,0,0,,,,,-0.005284639,0.651952028,1.676733494,0,-0.650908782,-1.677138758,0,0,0,0,0,0,0,0,0,0,0,-3.39084E-07,,,,,,,,,,,,
41.57,0,0,0,0,12.07135775,0.95423064,3.05176E-05,0,1,0,1,5,0.035644531,0,0,0,0,,,,,-0.005284639,0.651952028,1.676733494,0,-0.650908782,-1.677138758,0,0,0,0,0,0,0,0,0,0,0,-3.39084E-07,,,,,,,,,,,,
41.58,0,0,0,0,12.07175211,0.954230373,3.05176E-05,0,1,0,1,5,0.035644531,0,0,0,0,,,,,-0.005284639,0.651952028,1.676733494,0,-0.650908782,-1.677138758,0,0,0,0,0,0,0,0,0,0,0,-3.39084E-07,,,,,,,,,,,,
41.59,0,0,0,0,12.07214607,0.954230106,4.57764E-05,0,1,0,1,5,0.035644531,0,0,0,0,,,,,-0.005284639,0.651952028,1.676733494,0,-0.650908782,-1.677138758,0,0,0,0,0,0,0,0,0,0,0,-5.08626E-07,,,,,,,,,,,,
41.6,0,0,0,0,12.07253963,0.954229839,3.05176E-05,0,1,0,1,5,0.035644531,0,0,0,0,,,,,-0.005284639,0.651952028,1.676733494,0,-0.650908782,-1.677138758,0,0,0,0,0,0,0,0,0,0,0,-3.39084E-07,,,,,,,,,,,,
41.61,0,0,0,0,12.0729328,0.954229572,4.57764E-05,0,1,0,1,5,0.035644531,0,0,0,0,,,,,-0.005284639,0.651953578,1.676733494,0,-0.650910332,-1.677138759,1.92821E-08,0,0,0,0,0,0,0,0,0,0,-5.08626E-07,,,,,,,,,,,,
41.62,0,0,0,0,12.07332558,0.954229305,4.57764E-05,0,1,0,1,5,0.035644531,0,0,0,0,,,,,-0.005284639,0.651953578,1.676733494,0,-0.650910332,-1.677138759,0,0,0,0,0,0,0,0,0,0,0,-5.08626E-07,,,,,,,,,,,,
41.63,0,0,0,0,12.07371796,0.954229038,3.05176E-05,0,1,0,1,5,0.035644531,0,0,0,0,,,,,-0.005284639,0.651953578,1.676733494,0,-0.650910332,-1.677138759,0,0,0,0,0,0,0,0,0,0,0,-3.39084E-07,,,,,,,,,,,,
41.64,0,0,0,0,12.07410995,0.954228771,3.05176E-05,0,1,0,1,5,0.035644531,0,0,0,0,,,,,-0.005284639,0.651953578,1.676733494,0,-0.650910332,-1.677138759,0,0,0,0,0,0,0,0,0,0,0,-3.39084E-07,,,,,,,,,,,,
41.65,0,0,0,0,12.07450155,0.954228504,4.57764E-05,0,1,0,1,5,0.035644531,0,0,0,0,,,,,-0.005284639,0.651953578,1.676733494,0,-0.650910332,-1.677138759,0,0,0,0,0,0,0,0,0,0,0,-5.08626E-07,,,,,,,,,,,,
41.66,0,0,0,0,12.07489275,0.954228236,3.05176E-05,0,1,0,1,5,0.035644531,0,0,0,0,,,,,-0.005284639,0.651953578,1.676733494,0,-0.650910332,-1.677138759,0,0,0,0,0,0,0,0,0,0,0,-3.39084E-07,,,,,,,,,,,,
41.67,0,0,0,0,12.07528357,0.954227969,3.05176E-05,0,1,0,1,5,0.035644531,0,0,0,0,,,,,-0.005284639,0.651953578,1.676733494,0,-0.650910332,-1.677138759,0,0,0,0,0,0,0,0,0,0,0,-3.39084E-07,,,,,,,,,,,,
41.68,0,0,0,0,12.07567399,0.954227702,4.57764E-05,0,1,0,1,5,0.035644531,0,0,0,0,,,,,-0.005284639,0.651953578,1.676733494,0,-0.650910332,-1.677138759,0,0,0,0,0,0,0,0,0,0,0,-5.08626E-07,,,,,,,,,,,,
41.69,0,0,0,0,12.07606402,0.954227435,4.57764E-05,0,1,0,1,5,0.035644531,0,0,0,0,,,,,-0.005284639,0.651953578,1.676733494,0,-0.650910332,-1.677138759,0,0,0,0,0,0,0,0,0,0,0,-5.08626E-07,,,,,,,,,,,,
41.7,0,0,0,0,12.07645367,0.954227168,3.05176E-05,0,1,0,1,5,0.035644531,0,0,0,0,,,,,-0.005284639,0.651953578,1.676733494,0,-0.650910332,-1.677138759,0,0,0,0,0,0,0,0,0,0,0,-3.39084E-07,,,,,,,,,,,,
41.71,0,0,0,0,12.07684292,0.954226901,4.57764E-05,0,1,0,1,5,0.035644531,0,0,0,0,,,,,-0.005284639,0.651953578,1.676733494,0,-0.650910332,-1.677138759,0,0,0,0,0,0,0,0,0,0,0,-5.08626E-07,,,,,,,,,,,,
41.72,0,0,0,0,12.07723178,0.954226634,4.57764E-05,0,1,0,1,5,0.035644531,0,0,0,0,,,,,-0.005284639,0.651953578,1.676733494,0,-0.650910332,-1.677138759,0,0,0,0,0,0,0,0,0,0,0,-5.08626E-07,,,,,,,,,,,,
41.73,0,0,0,0,12.07762025,0.954226367,4.57764E-05,0,1,0,1,5,0.035644531,0,0,0,0,,,,,-0.005284639,0.651953578,1.676733494,0,-0.650910332,-1.677138759,0,0,0,0,0,0,0,0,0,0,0,-5.08626E-07,,,,,,,,,,,,
41.74,0,0,0,0,12.07800834,0.9542261,4.57764E-05,0,1,0,1,5,0.035644531,0,0,0,0,,,,,-0.005284639,0.651953578,1.676733494,0,-0.650910332,-1.677138759,0,0,0,0,0,0,0,0,0,0,0,-5.08626E-07,,,,,,,,,,,,
41.75,0,0,0,0,12.07839603,0.954225833,4.57764E-05,0,1,0,1,5,0.035644531,0,0,0,0,,,,,-0.005284639,0.651953578,1.676733494,0,-0.650910332,-1.677138759,0,0,0,0,0,0,0,0,0,0,0,-5.08626E-07,,,,,,,,,,,,
41.76,0,0,0,0,12.07878334,0.954225566,4.57764E-05,0,1,0,1,5,0.035644531,0,0,0,0,,,,,-0.005284639,0.651953578,1.676733494,0,-0.650910332,-1.677138759,0,0,0,0,0,0,0,0,0,0,0,-5.08626E-07,,,,,,,,,,,,
41.77,0,0,0,0,12.07917026,0.954225298,4.57764E-05,0,1,0,1,5,0.035644531,0,0,0,0,,,,,-0.005284639,0.651953578,1.676733494,0,-0.650910332,-1.677138759,0,0,0,0,0,0,0,0,0,0,0,-5.08626E-07,,,,,,,,,,,,
41.78,0,0,0,0,12.07955679,0.954225031,4.57764E-05,0,1,0,1,5,0.035644531,0,0,0,0,,,,,-0.005284639,0.651953578,1.676733494,0,-0.650910332,-1.677138759,0,0,0,0,0,0,0,0,0,0,0,-5.08626E-07,,,,,,,,,,,,
41.79,0,0,0,0,12.07994293,0.954224764,4.57764E-05,0,1,0,1,5,0.035644531,0,0,0,0,,,,,-0.005284639,0.651953578,1.676733494,0,-0.650910332,-1.677138759,0,0,0,0,0,0,0,0,0,0,0,-5.08626E-07,,,,,,,,,,,,
41.8,0,0,0,0,12.08032869,0.954224497,4.57764E-05,0,1,0,1,5,0.035644531,0,0,0,0,,,,,-0.005284639,0.651953578,1.676733494,0,-0.650910332,-1.677138759,0,0,0,0,0,0,0,0,0,0,0,-5.08626E-07,,,,,,,,,,,,
41.81,0,0,0,0,12.08071406,0.95422423,4.57764E-05,0,1,0,1,5,0.035644531,0,0,0,0,,,,,-0.005284639,0.651953936,1.676733494,0,-0.650910689,-1.677138759,4.44971E-09,0,0,0,0,0,0,0,0,0,0,-5.08626E-07,,,,,,,,,,,,
41.82,0,0,0,0,12.08109905,0.954223963,4.57764E-05,0,1,0,1,5,0.035644531,0,0,0,0,,,,,-0.005284639,0.651953936,1.676733494,0,-0.650910689,-1.677138759,0,0,0,0,0,0,0,0,0,0,0,-5.08626E-07,,,,,,,,,,,,
41.83,0,0,0,0,12.08148365,0.954223696,4.57764E-05,0,1,0,1,5,0.035644531,0,0,0,0,,,,,-0.005284639,0.651953936,1.676733494,0,-0.650910689,-1.677138759,0,0,0,0,0,0,0,0,0,0,0,-5.08626E-07,,,,,,,,,,,,
41.84,0,0,0,0,12.08186786,0.954223429,4.57764E-05,0,1,0,1,5,0.035644531,0,0,0,0,,,,,-0.005284639,0.651953936,1.676733494,0,-0.650910689,-1.677138759,0,0,0,0,0,0,0,0,0,0,0,-5.08626E-07,,,,,,,,,,,,
41.85,0,0,0,0,12.08225169,0.954223162,4.57764E-05,0,1,0,1,5,0.035644531,0,0,0,0,,,,,-0.005284639,0.651953936,1.676733494,0,-0.650910689,-1.677138759,0,0,0,0,0,0,0,0,0,0,0,-5.08626E-07,,,,,,,,,,,,
41.86,0,0,0,0,12.08263514,0.954222895,4.57764E-05,0,1,0,1,5,0.035644531,0,0,0,0,,,,,-0.005284639,0.651953936,1.676733494,0,-0.650910689,-1.677138759,0,0,0,0,0,0,0,0,0,0,0,-5.08626E-07,,,,,,,,,,,,
41.87,0,0,0,0,12.0830182,0.954222627,4.57764E-05,0,1,0,1,5,0.035644531,0,0,0,0,,,,,-0.005284639,0.651953936,1.676733494,0,-0.650910689,-1.677138759,0,0,0,0,0,0,0,0,0,0,0,-5.08626E-07,,,,,,,,,,,,
41.88,0,0,0,0,12.08340088,0.95422236,4.57764E-05,0,1,0,1,5,0.035644531,0,0,0,0,,,,,-0.005284639,0.651953936,1.676733494,0,-0.650910689,-1.677138759,0,0,0,0,0,0,0,0,0,0,0,-5.08626E-07,,,,,,,,,,,,
41.89,0,0,0,0,12.08378318,0.954222093,4.57764E-05,0,1,0,1,5,0.035644531,0,0,0,0,,,,,-0.005284639,0.651953936,1.676733494,0,-0.650910689,-1.677138759,0,0,0,0,0,0,0,0,0,0,0,-5.08626E-07,,,,,,,,,,,,
41.9,0,0,0,0,12.08416509,0.954221826,4.57764E-05,0,1,0,1,5,0.035644531,0,0,0,0,,,,,-0.005284639,0.651953936,1.676733494,0,-0.650910689,-1.677138759,0,0,0,0,0,0,0,0,0,0,0,-5.08626E-07,,,,,,,,,,,,
41.91,0,0,0,0,12.08454662,0.954221559,4.57764E-05,0,1,0,1,5,0.035644531,0,0,0,0,,,,,-0.005284639,0.651953936,1.676733494,0,-0.650910689,-1.677138759,0,0,0,0,0,0,0,0,0,0,0,-5.08626E-07,,,,,,,,,,,,
41.92,0,0,0,0,12.08492777,0.954221292,4.57764E-05,0,1,0,1,5,0.035644531,0,0,0,0,,,,,-0.005284639,0.651953936,1.676733494,0,-0.650910689,-1.677138759,0,0,0,0,0,0,0,0,0,0,0,-5.08626E-07,,,,,,,,,,,,
41.93,0,0,0,0,12.08530854,0.954221025,4.57764E-05,0,1,0,1,5,0.035644531,0,0,0,0,,,,,-0.005284639,0.651953936,1.676733494,0,-0.650910689,-1.677138759,0,0,0,0,0,0,0,0,0,0,0,-5.08626E-07,,,,,,,,,,,,
41.94,0,0,0,0,12.08568892,0.954220758,4.57764E-05,0,1,0,1,5,0.035644531,0,0,0,0,,,,,-0.005284639,0.651953936,1.676733494,0,-0.650910689,-1.677138759,0,0,0,0,0,0,0,0,0,0,0,-5.08626E-07,,,,,,,,,,,,
41.95,0,0,0,0,12.08606893,0.954220491,4.57764E-05,0,1,0,1,5,0.035644531,0,0,0,0,,,,,-0.005284639,0.651953936,1.676733494,0,-0.650910689,-1.677138759,0,0,0,0,0,0,0,0,0,0,0,-5.08626E-07,,,,,,,,,,,,
41.96,0,0,0,0,12.08644855,0.954220224,4.57764E-05,0,1,0,1,5,0.035644531,0,0,0,0,,,,,-0.005284639,0.651953936,1.676733494,0,-0.650910689,-1.677138759,0,0,0,0,0,0,0,0,0,0,0,-5.08626E-07,,,,,,,,,,,,
41.97,0,0,0,0,12.0868278,0.954219957,4.57764E-05,0,1,0,1,5,0.035644531,0,0,0,0,,,,,-0.005284639,0.651953936,1.676733494,0,-0.650910689,-1.677138759,0,0,0,0,0,0,0,0,0,0,0,-5.08626E-07,,,,,,,,,,,,
41.98,0,0,0,0,12.08720666,0.954219689,4.57764E-05,0,1,0,1,5,0.035644531,0,0,0,0,,,,,-0.005284639,0.651953936,1.676733494,0,-0.650910689,-1.677138759,0,0,0,0,0,0,0,0,0,0,0,-5.08626E-07,,,,,,,,,,,,
41.99,0,0,0,0,12.08758515,0.954219422,4.57764E-05,0,1,0,1,5,0.035644531,0,0,0,0,,,,,-0.005284639,0.651953936,1.676733494,0,-0.650910689,-1.677138759,0,0,0,0,0,0,0,0,0,0,0,-5.08626E-07,,,,,,,,,,,,
42,0,0,0,0,12.08796325,0.954219155,4.57764E-05,0,1,0,1,5,0.035644531,0,0,0,0,,,,,-0.005284639,0.651953936,1.676733494,0,-0.650910689,-1.677138759,0,0,0,0,0,0,0,0,0,0,0,-5.08626E-07,,,,,,,,,,,,
42.01,0,0,0,0,12.08834098,0.954218888,4.57764E-05,0,1,0,1,5,0.035644531,0,0,0,0,,,,,-0.005284639,0.651953936,1.676733494,0,-0.650910689,-1.677138759,0,0,0,0,0,0,0,0,0,0,0,-5.08626E-07,,,,,,,,,,,,
42.02,0,0,0,0,12.08871833,0.954218621,4.57764E-05,0,1,0,1,5,0.035644531,0,0,0,0,,,,,-0.005284639,0.651953936,1.676733494,0,-0.650910689,-1.677138759,0,0,0,0,0,0,0,0,0,0,0,-5.08626E-07,,,,,,,,,,,,
42.03,0,0,0,0,12.0890953,0.954218354,4.57764E-05,0,1,0,1,5,0.035644531,0,0,0,0,,,,,-0.005284639,0.651953936,1.676733494,0,-0.650910689,-1.677138759,0,0,0,0,0,0,0,0,0,0,0,-5.08626E-07,,,,,,,,,,,,
42.04,0,0,0,0,12.0894719,0.954218087,4.57764E-05,0,1,0,1,5,0.035644531,0,0,0,0,,,,,-0.005284639,0.651953936,1.676733494,0,-0.650910689,-1.677138759,0,0,0,0,0,0,0,0,0,0,0,-5.08626E-07,,,,,,,,,,,,
42.05,0,0,0,0,12.08984811,0.95421782,4.57764E-05,0,1,0,1,5,0.035644531,0,0,0,0,,,,,-0.005284639,0.651953936,1.676733494,0,-0.650910689,-1.677138759,0,0,0,0,0,0,0,0,0,0,0,-5.08626E-07,,,,,,,,,,,,
42.06,0,0,0,0,12.09022395,0.954217553,4.57764E-05,0,1,0,1,5,0.035644531,0,0,0,0,,,,,-0.005284639,0.651953936,1.676733494,0,-0.650910689,-1.677138759,0,0,0,0,0,0,0,0,0,0,0,-5.08626E-07,,,,,,,,,,,,
42.07,0,0,0,0,12.09059942,0.954217286,4.57764E-05,0,1,0,1,5,0.035644531,0,0,0,0,,,,,-0.005284639,0.651953936,1.676733494,0,-0.650910689,-1.677138759,0,0,0,0,0,0,0,0,0,0,0,-5.08626E-07,,,,,,,,,,,,
42.08,0,0,0,0,12.09097451,0.954217019,4.57764E-05,0,1,0,1,5,0.035644531,0,0,0,0,,,,,-0.005284639,0.651953936,1.676733494,0,-0.650910689,-1.677138759,0,0,0,0,0,0,0,0,0,0,0,-5.08626E-07,,,,,,,,,,,,
42.09,0,0,0,0,12.09134922,0.954216751,4.57764E-05,0,1,0,1,5,0.035644531,0,0,0,0,,,,,-0.005284639,0.651953936,1.676733494,0,-0.650910689,-1.677138759,0,0,0,0,0,0,0,0,0,0,0,-5.08626E-07,,,,,,,,,,,,
42.1,0,0,0,0,12.09172356,0.954216484,4.57764E-05,0,1,0,1,5,0.035644531,0,0,0,0,,,,,-0.005284639,0.651953936,1.676733494,0,-0.650910689,-1.677138759,0,0,0,0,0,0,0,0,0,0,0,-5.08626E-07,,,,,,,,,,,,
42.11,0,0,0,0,12.09209752,0.954216217,4.57764E-05,0,1,0,1,5,0.035644531,0,0,0,0,,,,,-0.005284639,0.651953936,1.676733494,0,-0.650910689,-1.677138759,0,0,0,0,0,0,0,0,0,0,0,-5.08626E-07,,,,,,,,,,,,
42.12,0,0,0,0,12.09247111,0.95421595,4.57764E-05,0,1,0,1,5,0.035644531,0,0,0,0,,,,,-0.005284639,0.651953936,1.676733494,0,-0.650910689,-1.677138759,0,0,0,0,0,0,0,0,0,0,0,-5.08626E-07,,,,,,,,,,,,
42.13,0,0,0,0,12.09284432,0.954215683,4.57764E-05,0,1,0,1,5,0.035644531,0,0,0,0,,,,,-0.005284639,0.651953936,1.676733494,0,-0.650910689,-1.677138759,0,0,0,0,0,0,0,0,0,0,0,-5.08626E-07,,,,,,,,,,,,
42.14,0,0,0,0,12.09321716,0.954215416,4.57764E-05,0,1,0,1,5,0.035644531,0,0,0,0,,,,,-0.005284639,0.651953936,1.676733494,0,-0.650910689,-1.677138759,0,0,0,0,0,0,0,0,0,0,0,-5.08626E-07,,,,,,,,,,,,
42.15,0,0,0,0,12.09358963,0.954215149,4.57764E-05,0,1,0,1,5,0.035644531,0,0,0,0,,,,,-0.005284639,0.651953936,1.676733494,0,-0.650910689,-1.677138759,0,0,0,0,0,0,0,0,0,0,0,-5.08626E-07,,,,,,,,,,,,
42.16,0,0,0,0,12.09396172,0.954214882,4.57764E-05,0,1,0,1,5,0.035644531,0,0,0,0,,,,,-0.005284639,0.651953936,1.676733494,0,-0.650910689,-1.677138759,0,0,0,0,0,0,0,0,0,0,0,-5.08626E-07,,,,,,,,,,,,
42.17,0,0,0,0,12.09433344,0.954214615,4.57764E-05,0,1,0,1,5,0.035644531,0,0,0,0,,,,,-0.005284639,0.651953936,1.676733494,0,-0.650910689,-1.677138759,0,0,0,0,0,0,0,0,0,0,0,-5.08626E-07,,,,,,,,,,,,
42.18,0,0,0,0,12.09470479,0.954214348,4.57764E-05,0,1,0,1,5,0.035644531,0,0,0,0,,,,,-0.005284639,0.651953936,1.676733494,0,-0.650910689,-1.677138759,0,0,0,0,0,0,0,0,0,0,0,-5.08626E-07,,,,,,,,,,,,
42.19,0,0,0,0,12.09507577,0.95421408,4.57764E-05,0,1,0,1,5,0.035644531,0,0,0,0,,,,,-0.005284639,0.651953936,1.676733494,0,-0.650910689,-1.677138759,0,0,0,0,0,0,0,0,0,0,0,-5.08626E-07,,,,,,,,,,,,
42.2,0,0,0,0,12.09544638,0.954213813,4.57764E-05,0,1,0,1,5,0.035644531,0,0,0,0,,,,,-0.005284639,0.651953936,1.676733494,0,-0.650910689,-1.677138759,0,0,0,0,0,0,0,0,0,0,0,-5.08626E-07,,,,,,,,,,,,
